# vtk DataFile Version 3.0
trecate
ASCII
DATASET UNSTRUCTURED_GRID
POINTS 1392 double
      0.00000000	      0.00000000	      0.00000000
      1.50000000	      0.00000000	      0.00000000
      3.00000000	      0.00000000	      0.00000000
      4.50000000	      0.00000000	      0.00000000
      6.00000000	      0.00000000	      0.00000000
      7.50000000	      0.00000000	      0.00000000
      9.00000000	      0.00000000	      0.00000000
     10.50000000	      0.00000000	      0.00000000
     12.00000000	      0.00000000	      0.00000000
     13.50000000	      0.00000000	      0.00000000
     15.00000000	      0.00000000	      0.00000000
     16.50000000	      0.00000000	      0.00000000
     18.00000000	      0.00000000	      0.00000000
     19.50000000	      0.00000000	      0.00000000
     21.00000000	      0.00000000	      0.00000000
     22.50000000	      0.00000000	      0.00000000
     24.00000000	      0.00000000	      0.00000000
     25.50000000	      0.00000000	      0.00000000
     27.00000000	      0.00000000	      0.00000000
     28.50000000	      0.00000000	      0.00000000
     30.00000000	      0.00000000	      0.00000000
     31.50000000	      0.00000000	      0.00000000
     33.00000000	      0.00000000	      0.00000000
     34.50000000	      0.00000000	      0.00000000
     36.00000000	      0.00000000	      0.00000000
     37.50000000	      0.00000000	      0.00000000
     39.00000000	      0.00000000	      0.00000000
     40.50000000	      0.00000000	      0.00000000
     42.00000000	      0.00000000	      0.00000000
     43.50000000	      0.00000000	      0.00000000
     45.00000000	      0.00000000	      0.00000000
     46.50000000	      0.00000000	      0.00000000
     48.00000000	      0.00000000	      0.00000000
     49.50000000	      0.00000000	      0.00000000
     51.00000000	      0.00000000	      0.00000000
     52.50000000	      0.00000000	      0.00000000
     54.00000000	      0.00000000	      0.00000000
     55.50000000	      0.00000000	      0.00000000
     57.00000000	      0.00000000	      0.00000000
     58.50000000	      0.00000000	      0.00000000
     60.00000000	      0.00000000	      0.00000000
     61.50000000	      0.00000000	      0.00000000
     63.00000000	      0.00000000	      0.00000000
     64.50000000	      0.00000000	      0.00000000
     66.00000000	      0.00000000	      0.00000000
     67.50000000	      0.00000000	      0.00000000
     69.00000000	      0.00000000	      0.00000000
     70.50000000	      0.00000000	      0.00000000
     72.00000000	      0.00000000	      0.00000000
     73.50000000	      0.00000000	      0.00000000
     75.00000000	      0.00000000	      0.00000000
     76.50000000	      0.00000000	      0.00000000
     78.00000000	      0.00000000	      0.00000000
     79.50000000	      0.00000000	      0.00000000
     81.00000000	      0.00000000	      0.00000000
     82.50000000	      0.00000000	      0.00000000
     84.00000000	      0.00000000	      0.00000000
     85.50000000	      0.00000000	      0.00000000
     87.00000000	      0.00000000	      0.00000000
     88.50000000	      0.00000000	      0.00000000
     90.00000000	      0.00000000	      0.00000000
     91.50000000	      0.00000000	      0.00000000
     93.00000000	      0.00000000	      0.00000000
     94.50000000	      0.00000000	      0.00000000
     96.00000000	      0.00000000	      0.00000000
     97.50000000	      0.00000000	      0.00000000
     99.00000000	      0.00000000	      0.00000000
    100.50000000	      0.00000000	      0.00000000
    102.00000000	      0.00000000	      0.00000000
    103.50000000	      0.00000000	      0.00000000
    105.00000000	      0.00000000	      0.00000000
    106.50000000	      0.00000000	      0.00000000
    108.00000000	      0.00000000	      0.00000000
    109.50000000	      0.00000000	      0.00000000
    111.00000000	      0.00000000	      0.00000000
    112.50000000	      0.00000000	      0.00000000
    114.00000000	      0.00000000	      0.00000000
    115.50000000	      0.00000000	      0.00000000
    117.00000000	      0.00000000	      0.00000000
    118.50000000	      0.00000000	      0.00000000
    120.00000000	      0.00000000	      0.00000000
    121.50000000	      0.00000000	      0.00000000
    123.00000000	      0.00000000	      0.00000000
    124.50000000	      0.00000000	      0.00000000
    126.00000000	      0.00000000	      0.00000000
    127.50000000	      0.00000000	      0.00000000
    129.00000000	      0.00000000	      0.00000000
    130.50000000	      0.00000000	      0.00000000
    132.00000000	      0.00000000	      0.00000000
    133.50000000	      0.00000000	      0.00000000
    135.00000000	      0.00000000	      0.00000000
    136.50000000	      0.00000000	      0.00000000
    138.00000000	      0.00000000	      0.00000000
    139.50000000	      0.00000000	      0.00000000
    141.00000000	      0.00000000	      0.00000000
    142.50000000	      0.00000000	      0.00000000
     -2.42000000	      0.00000000	    -28.50000000
      2.66000000	      0.00000000	    -28.50000000
      7.74000000	      0.00000000	    -28.50000000
     12.82000000	      0.00000000	    -28.50000000
     17.90000000	      0.00000000	    -28.50000000
     22.98000000	      0.00000000	    -28.50000000
     28.06000000	      0.00000000	    -28.50000000
     33.15000000	      0.00000000	    -28.50000000
     38.23000000	      0.00000000	    -28.50000000
     43.31000000	      0.00000000	    -28.50000000
     48.39000000	      0.00000000	    -28.50000000
     53.47000000	      0.00000000	    -28.50000000
     58.55000000	      0.00000000	    -28.50000000
     63.63000000	      0.00000000	    -28.50000000
     68.71000000	      0.00000000	    -28.50000000
     73.79000000	      0.00000000	    -28.50000000
     78.87000000	      0.00000000	    -28.50000000
     83.95000000	      0.00000000	    -28.50000000
     89.03000000	      0.00000000	    -28.50000000
     94.11000000	      0.00000000	    -28.50000000
     99.19000000	      0.00000000	    -28.50000000
    104.27000000	      0.00000000	    -28.50000000
    109.35000000	      0.00000000	    -28.50000000
    114.44000000	      0.00000000	    -28.50000000
    119.52000000	      0.00000000	    -28.50000000
    124.60000000	      0.00000000	    -28.50000000
    129.68000000	      0.00000000	    -28.50000000
    134.76000000	      0.00000000	    -28.50000000
    139.84000000	      0.00000000	    -28.50000000
    144.92000000	      0.00000000	    -28.50000000
      0.75000000	      0.00000000	      0.00000000
      2.25000000	      0.00000000	      0.00000000
      3.75000000	      0.00000000	      0.00000000
      5.25000000	      0.00000000	      0.00000000
      6.75000000	      0.00000000	      0.00000000
      8.25000000	      0.00000000	      0.00000000
      9.75000000	      0.00000000	      0.00000000
     11.25000000	      0.00000000	      0.00000000
     12.75000000	      0.00000000	      0.00000000
     14.25000000	      0.00000000	      0.00000000
     15.75000000	      0.00000000	      0.00000000
     17.25000000	      0.00000000	      0.00000000
     18.75000000	      0.00000000	      0.00000000
     20.25000000	      0.00000000	      0.00000000
     21.75000000	      0.00000000	      0.00000000
     23.25000000	      0.00000000	      0.00000000
     24.75000000	      0.00000000	      0.00000000
     26.25000000	      0.00000000	      0.00000000
     27.75000000	      0.00000000	      0.00000000
     29.25000000	      0.00000000	      0.00000000
     30.75000000	      0.00000000	      0.00000000
     32.25000000	      0.00000000	      0.00000000
     33.75000000	      0.00000000	      0.00000000
     35.25000000	      0.00000000	      0.00000000
     36.75000000	      0.00000000	      0.00000000
     38.25000000	      0.00000000	      0.00000000
     39.75000000	      0.00000000	      0.00000000
     41.25000000	      0.00000000	      0.00000000
     42.75000000	      0.00000000	      0.00000000
     44.25000000	      0.00000000	      0.00000000
     45.75000000	      0.00000000	      0.00000000
     47.25000000	      0.00000000	      0.00000000
     48.75000000	      0.00000000	      0.00000000
     50.25000000	      0.00000000	      0.00000000
     51.75000000	      0.00000000	      0.00000000
     53.25000000	      0.00000000	      0.00000000
     54.75000000	      0.00000000	      0.00000000
     56.25000000	      0.00000000	      0.00000000
     57.75000000	      0.00000000	      0.00000000
     59.25000000	      0.00000000	      0.00000000
     60.75000000	      0.00000000	      0.00000000
     62.25000000	      0.00000000	      0.00000000
     63.75000000	      0.00000000	      0.00000000
     65.25000000	      0.00000000	      0.00000000
     66.75000000	      0.00000000	      0.00000000
     68.25000000	      0.00000000	      0.00000000
     69.75000000	      0.00000000	      0.00000000
     71.25000000	      0.00000000	      0.00000000
     72.75000000	      0.00000000	      0.00000000
     74.25000000	      0.00000000	      0.00000000
     75.75000000	      0.00000000	      0.00000000
     77.25000000	      0.00000000	      0.00000000
     78.75000000	      0.00000000	      0.00000000
     80.25000000	      0.00000000	      0.00000000
     81.75000000	      0.00000000	      0.00000000
     83.25000000	      0.00000000	      0.00000000
     84.75000000	      0.00000000	      0.00000000
     86.25000000	      0.00000000	      0.00000000
     87.75000000	      0.00000000	      0.00000000
     89.25000000	      0.00000000	      0.00000000
     90.75000000	      0.00000000	      0.00000000
     92.25000000	      0.00000000	      0.00000000
     93.75000000	      0.00000000	      0.00000000
     95.25000000	      0.00000000	      0.00000000
     96.75000000	      0.00000000	      0.00000000
     98.25000000	      0.00000000	      0.00000000
     99.75000000	      0.00000000	      0.00000000
    101.25000000	      0.00000000	      0.00000000
    102.75000000	      0.00000000	      0.00000000
    104.25000000	      0.00000000	      0.00000000
    105.75000000	      0.00000000	      0.00000000
    107.25000000	      0.00000000	      0.00000000
    108.75000000	      0.00000000	      0.00000000
    110.25000000	      0.00000000	      0.00000000
    111.75000000	      0.00000000	      0.00000000
    113.25000000	      0.00000000	      0.00000000
    114.75000000	      0.00000000	      0.00000000
    116.25000000	      0.00000000	      0.00000000
    117.75000000	      0.00000000	      0.00000000
    119.25000000	      0.00000000	      0.00000000
    120.75000000	      0.00000000	      0.00000000
    122.25000000	      0.00000000	      0.00000000
    123.75000000	      0.00000000	      0.00000000
    125.25000000	      0.00000000	      0.00000000
    126.75000000	      0.00000000	      0.00000000
    128.25000000	      0.00000000	      0.00000000
    129.75000000	      0.00000000	      0.00000000
    131.25000000	      0.00000000	      0.00000000
    132.75000000	      0.00000000	      0.00000000
    134.25000000	      0.00000000	      0.00000000
    135.75000000	      0.00000000	      0.00000000
    137.25000000	      0.00000000	      0.00000000
    138.75000000	      0.00000000	      0.00000000
    140.25000000	      0.00000000	      0.00000000
    141.75000000	      0.00000000	      0.00000000
    127.04981000	      0.00000000	     -0.76935000
    123.37500000	      0.00000000	     -0.64952000
    130.85217000	      0.00000000	     -0.71456000
    134.44799000	      0.00000000	     -0.75490000
    119.62500000	      0.00000000	     -0.64952000
    138.37500000	      0.00000000	     -0.68900000
    115.87500000	      0.00000000	     -0.64952000
    112.13496000	      0.00000000	     -0.60635000
    108.52343000	      0.00000000	     -0.57979000
    104.75638000	      0.00000000	     -0.74664000
    100.87500000	      0.00000000	     -0.63743000
     97.12500000	      0.00000000	     -0.64952000
     93.37500000	      0.00000000	     -0.64133000
     89.63826000	      0.00000000	     -0.74154000
     85.86437000	      0.00000000	     -0.53447000
     82.10318000	      0.00000000	     -0.70559000
     78.27899000	      0.00000000	     -0.68202000
     74.62500000	      0.00000000	     -0.63969000
     70.88119000	      0.00000000	     -0.72346000
     67.14876000	      0.00000000	     -0.69157000
     63.38150000	      0.00000000	     -0.72403000
     59.69777000	      0.00000000	     -0.61356000
     55.76339000	      0.00000000	     -0.62546000
     52.10771000	      0.00000000	     -0.51372000
     48.37500000	      0.00000000	     -0.64952000
     44.62500000	      0.00000000	     -0.64952000
     40.91956000	      0.00000000	     -0.65834000
     37.04227000	      0.00000000	     -0.80465000
     33.33602000	      0.00000000	     -0.75096000
     29.63064000	      0.00000000	     -0.53647000
     25.87500000	      0.00000000	     -0.64224000
     22.12500000	      0.00000000	     -0.63624000
     18.37500000	      0.00000000	     -0.64952000
     14.65060000	      0.00000000	     -0.67885000
     10.87615000	      0.00000000	     -0.74576000
      7.10333000	      0.00000000	     -0.85565000
      3.44281000	      0.00000000	     -0.75535000
    141.71776000	      0.00000000	     -0.72925000
      0.27405000	      0.00000000	     -0.65785000
     91.50755000	      0.00000000	    -23.73551000
     75.79782000	      0.00000000	    -24.44053000
     21.13830000	      0.00000000	    -24.00950000
    106.53178000	      0.00000000	    -24.30244000
     60.89273000	      0.00000000	    -24.39496000
     35.51165000	      0.00000000	    -25.03676000
    132.22000000	      0.00000000	    -24.10059000
    116.76668000	      0.00000000	    -23.99659000
     51.35135000	      0.00000000	    -24.17275000
      9.87050000	      0.00000000	    -24.56677000
    125.48725000	      0.00000000	     -0.55642000
     61.80427000	      0.00000000	     -0.79946000
    128.64070000	      0.00000000	     -0.67429000
     31.80958000	      0.00000000	     -0.65647000
     16.12500000	      0.00000000	     -0.64300000
     65.02998000	      0.00000000	     -0.60595000
    132.37500000	      0.00000000	     -0.64952000
    121.73150000	      0.00000000	     -0.74161000
    136.15429000	      0.00000000	     -0.56951000
    117.97589000	      0.00000000	     -0.74965000
    114.21592000	      0.00000000	     -0.75726000
    110.61404000	      0.00000000	     -0.61857000
    106.86984000	      0.00000000	     -0.62115000
      9.33733000	      0.00000000	     -0.57205000
     12.39519000	      0.00000000	     -0.69811000
     19.91397000	      0.00000000	     -0.51929000
     23.62500000	      0.00000000	     -0.66281000
     27.37177000	      0.00000000	     -0.64218000
     34.93616000	      0.00000000	     -0.64753000
     38.63204000	      0.00000000	     -0.72483000
     42.33839000	      0.00000000	     -0.71331000
     46.18057000	      0.00000000	     -0.72006000
     49.89084000	      0.00000000	     -0.54493000
     53.62580000	      0.00000000	     -0.62363000
     57.37500000	      0.00000000	     -0.66459000
     68.62500000	      0.00000000	     -0.64952000
     72.36508000	      0.00000000	     -0.73097000
     76.12284000	      0.00000000	     -0.64782000
     79.87500000	      0.00000000	     -0.64952000
     83.67192000	      0.00000000	     -0.81364000
     87.40981000	      0.00000000	     -0.70437000
     91.12529000	      0.00000000	     -0.73823000
     94.91662000	      0.00000000	     -0.66893000
     98.70223000	      0.00000000	     -0.61495000
    102.36166000	      0.00000000	     -0.62479000
      5.68152000	      0.00000000	     -0.77850000
    143.00931000	      0.00000000	     -0.95188000
    142.17263000	      0.00000000	     -2.12709000
     -1.95619000	      0.00000000	    -10.78382000
    144.10940000	      0.00000000	    -18.48739000
      0.07614000	      0.00000000	    -24.38035000
     -2.35353000	      0.00000000	    -16.72289000
      2.46723000	      0.00000000	    -13.94103000
      3.25045000	      0.00000000	     -9.19441000
      6.17703000	      0.00000000	    -11.93512000
      6.90445000	      0.00000000	     -8.63562000
      9.12621000	      0.00000000	    -10.52345000
      9.57584000	      0.00000000	     -7.68938000
     11.68802000	      0.00000000	     -9.28291000
     11.45749000	      0.00000000	    -12.15624000
     13.88355000	      0.00000000	    -10.93728000
     14.17179000	      0.00000000	     -8.35948000
     16.12754000	      0.00000000	     -9.76452000
     16.29383000	      0.00000000	     -7.29726000
     18.19140000	      0.00000000	     -8.37135000
     18.16555000	      0.00000000	    -10.92014000
     20.18842000	      0.00000000	     -9.70646000
     20.27107000	      0.00000000	     -7.48073000
     22.10409000	      0.00000000	     -8.52630000
     22.21487000	      0.00000000	    -10.86721000
     24.26934000	      0.00000000	     -9.24485000
     24.39473000	      0.00000000	    -11.95773000
     26.36842000	      0.00000000	    -10.55263000
     26.33902000	      0.00000000	     -8.35533000
     28.29446000	      0.00000000	     -9.25911000
     28.77332000	      0.00000000	    -11.61168000
     30.43366000	      0.00000000	    -10.10603000
     29.93058000	      0.00000000	     -8.16156000
     32.04351000	      0.00000000	     -8.83918000
     32.52092000	      0.00000000	    -10.89076000
     34.20849000	      0.00000000	     -9.47785000
     34.68689000	      0.00000000	    -11.72669000
     36.38404000	      0.00000000	    -10.19072000
     36.94923000	      0.00000000	    -12.54601000
     38.86443000	      0.00000000	    -10.58940000
     39.33308000	      0.00000000	    -13.41484000
     41.21989000	      0.00000000	    -11.68613000
     40.93166000	      0.00000000	     -9.30747000
     43.02686000	      0.00000000	    -10.09040000
     42.55439000	      0.00000000	     -7.92153000
     44.57451000	      0.00000000	     -8.59634000
     45.13243000	      0.00000000	    -10.70432000
     46.69234000	      0.00000000	     -9.16313000
     47.28876000	      0.00000000	    -11.33748000
     48.96271000	      0.00000000	     -9.73684000
     40.63625000	      0.00000000	     -6.94670000
     49.53838000	      0.00000000	    -11.99811000
     51.28093000	      0.00000000	    -10.33348000
     52.13406000	      0.00000000	    -12.49795000
     53.62904000	      0.00000000	    -10.85422000
     52.98316000	      0.00000000	     -8.71589000
     55.12134000	      0.00000000	     -9.24393000
     55.87486000	      0.00000000	    -11.35749000
     57.40338000	      0.00000000	     -9.39618000
     58.15552000	      0.00000000	    -11.85445000
     59.54886000	      0.00000000	    -10.14026000
     60.49960000	      0.00000000	    -12.38968000
     61.86400000	      0.00000000	    -10.33314000
     62.92418000	      0.00000000	    -12.92646000
     64.52475000	      0.00000000	    -11.00922000
     63.74970000	      0.00000000	     -8.83118000
     65.98380000	      0.00000000	     -9.26897000
     66.88667000	      0.00000000	    -11.36311000
     68.29821000	      0.00000000	     -9.43415000
     69.19526000	      0.00000000	    -11.71258000
     70.58485000	      0.00000000	     -9.88826000
     41.80546000	      0.00000000	    -14.37906000
     71.54105000	      0.00000000	    -12.09502000
     72.98546000	      0.00000000	     -9.89806000
     73.95065000	      0.00000000	    -12.42481000
     75.47345000	      0.00000000	    -10.49550000
     76.41072000	      0.00000000	    -12.82515000
     78.00575000	      0.00000000	    -10.87158000
     78.86461000	      0.00000000	    -13.33843000
     80.44541000	      0.00000000	    -11.18092000
     79.62400000	      0.00000000	     -8.78377000
     81.90097000	      0.00000000	     -9.28324000
     82.78457000	      0.00000000	    -11.40609000
     84.23686000	      0.00000000	     -9.20567000
     85.13906000	      0.00000000	    -11.51883000
     86.53697000	      0.00000000	     -9.61943000
     87.46038000	      0.00000000	    -11.71172000
     88.72652000	      0.00000000	     -9.83874000
     89.86125000	      0.00000000	    -12.02942000
     91.08475000	      0.00000000	     -9.72417000
     92.26438000	      0.00000000	    -12.13842000
     93.66969000	      0.00000000	     -9.80826000
     94.67546000	      0.00000000	    -12.25550000
     96.05824000	      0.00000000	    -10.29355000
     97.10596000	      0.00000000	    -12.52009000
     98.40140000	      0.00000000	    -10.47919000
     97.49242000	      0.00000000	     -8.21522000
     99.70236000	      0.00000000	     -8.57831000
    100.68433000	      0.00000000	    -10.55947000
    101.79426000	      0.00000000	     -8.67206000
    102.91226000	      0.00000000	    -10.54844000
    103.98330000	      0.00000000	     -8.36500000
    105.12413000	      0.00000000	    -10.56250000
    106.31620000	      0.00000000	     -8.33912000
    107.34401000	      0.00000000	    -10.56679000
    108.47132000	      0.00000000	     -8.70168000
    109.55216000	      0.00000000	    -10.59655000
    110.64732000	      0.00000000	     -8.77356000
    111.76408000	      0.00000000	    -10.66081000
    112.78502000	      0.00000000	     -8.79826000
    113.97359000	      0.00000000	    -10.73780000
    115.02844000	      0.00000000	     -8.49663000
    116.22636000	      0.00000000	    -10.75117000
    117.41591000	      0.00000000	     -8.47555000
    118.47036000	      0.00000000	    -10.75072000
    119.61486000	      0.00000000	     -8.86863000
    120.70730000	      0.00000000	    -10.82244000
    121.82046000	      0.00000000	     -8.94599000
    122.94709000	      0.00000000	    -10.89741000
    124.05717000	      0.00000000	     -8.77707000
    125.20593000	      0.00000000	    -10.90614000
    126.32495000	      0.00000000	     -8.98569000
    127.47415000	      0.00000000	    -11.00848000
    128.66187000	      0.00000000	     -8.99044000
    124.04318000	      0.00000000	    -12.97154000
     74.77629000	      0.00000000	     -8.39419000
     92.48259000	      0.00000000	     -8.05388000
     58.93993000	      0.00000000	     -7.96420000
     69.76243000	      0.00000000	     -7.79272000
     87.84797000	      0.00000000	     -7.91274000
     48.12021000	      0.00000000	     -7.60896000
     70.04039000	      0.00000000	    -14.07343000
     82.96603000	      0.00000000	     -7.51177000
     65.31499000	      0.00000000	     -7.16202000
     54.51310000	      0.00000000	     -7.15102000
     33.65355000	      0.00000000	     -7.16434000
    120.74697000	      0.00000000	     -7.30117000
    125.44486000	      0.00000000	     -7.10167000
    109.59871000	      0.00000000	     -6.89986000
    101.76722000	      0.00000000	    -12.32740000
    116.24788000	      0.00000000	     -6.99208000
     83.82150000	      0.00000000	    -13.64463000
     56.48236000	      0.00000000	    -14.15441000
    105.18153000	      0.00000000	     -6.86476000
     22.20939000	      0.00000000	    -13.42735000
     24.66127000	      0.00000000	    -14.70502000
     32.79818000	      0.00000000	    -13.26931000
    129.92420000	      0.00000000	    -11.10803000
    131.03601000	      0.00000000	     -8.98963000
    100.74802000	      0.00000000	     -6.65716000
     44.09444000	      0.00000000	     -6.51120000
    112.66130000	      0.00000000	    -12.64505000
     21.96198000	      0.00000000	     -6.45480000
    129.85793000	      0.00000000	     -6.98456000
    131.99657000	      0.00000000	     -6.96588000
    117.35606000	      0.00000000	    -12.44558000
    106.28497000	      0.00000000	    -12.66884000
    133.34883000	      0.00000000	     -8.84920000
    134.23519000	      0.00000000	     -6.44544000
     88.52316000	      0.00000000	    -14.34823000
     14.55295000	      0.00000000	     -6.17056000
     13.82756000	      0.00000000	    -13.83224000
     20.42591000	      0.00000000	     -5.54792000
     16.18168000	      0.00000000	     -5.26775000
    128.61568000	      0.00000000	    -13.37938000
    131.43203000	      0.00000000	    -13.49545000
     47.68125000	      0.00000000	    -13.88636000
     22.03729000	      0.00000000	     -4.47273000
    135.76692000	      0.00000000	     -8.74531000
    136.72379000	      0.00000000	     -6.45887000
    130.82106000	      0.00000000	     -5.31560000
     95.67433000	      0.00000000	    -14.71942000
    129.14648000	      0.00000000	     -5.23024000
      7.73358000	      0.00000000	     -6.12058000
      9.64900000	      0.00000000	     -5.35795000
     63.32314000	      0.00000000	     -6.87452000
     64.49595000	      0.00000000	     -5.47869000
     62.90740000	      0.00000000	     -5.14697000
     52.61540000	      0.00000000	     -6.72306000
     53.84119000	      0.00000000	     -5.42100000
     52.31183000	      0.00000000	     -4.98330000
     63.98380000	      0.00000000	     -4.00213000
     65.40998000	      0.00000000	     -4.24638000
     62.55096000	      0.00000000	     -3.72503000
     61.53490000	      0.00000000	     -4.74452000
     14.84704000	      0.00000000	     -4.35392000
    138.37983000	      0.00000000	     -8.66483000
    137.10690000	      0.00000000	    -11.21484000
     74.96722000	      0.00000000	    -14.49735000
     61.20178000	      0.00000000	     -3.39305000
     60.21646000	      0.00000000	     -4.31713000
     53.44542000	      0.00000000	     -3.94865000
     54.82769000	      0.00000000	     -4.25578000
     52.04935000	      0.00000000	     -3.56200000
     50.98504000	      0.00000000	     -4.49858000
     20.55771000	      0.00000000	     -3.85572000
     61.19075000	      0.00000000	    -14.98368000
     63.98831000	      0.00000000	    -15.59193000
    129.94636000	      0.00000000	     -3.90982000
    128.54013000	      0.00000000	     -3.85213000
    131.44332000	      0.00000000	     -3.84887000
     11.14472000	      0.00000000	    -15.11855000
     13.75325000	      0.00000000	    -16.93987000
     16.27693000	      0.00000000	     -3.69087000
     37.33438000	      0.00000000	    -15.19292000
     23.42403000	      0.00000000	     -5.42322000
     23.44093000	      0.00000000	     -3.84529000
     24.69860000	      0.00000000	     -4.55523000
    135.57236000	      0.00000000	     -4.61484000
    137.51380000	      0.00000000	     -4.42481000
     24.56110000	      0.00000000	     -3.14917000
     25.88968000	      0.00000000	     -3.56288000
      8.19346000	      0.00000000	     -4.13026000
      6.49802000	      0.00000000	     -4.38415000
     50.74425000	      0.00000000	     -3.15596000
     49.72639000	      0.00000000	     -3.99714000
      9.89456000	      0.00000000	     -3.60827000
     59.91256000	      0.00000000	     -3.04534000
     58.95512000	      0.00000000	     -3.92306000
     54.45304000	      0.00000000	     -2.97816000
     55.66992000	      0.00000000	     -3.22891000
     56.45254000	      0.00000000	     -4.37089000
     58.75364000	      0.00000000	     -2.67055000
    129.92823000	      0.00000000	    -16.11521000
    133.19159000	      0.00000000	    -16.29114000
     22.21770000	      0.00000000	    -16.29562000
     24.95906000	      0.00000000	    -17.75944000
     11.32506000	      0.00000000	     -4.40181000
     49.56954000	      0.00000000	     -2.56084000
     48.51585000	      0.00000000	     -3.53246000
     11.25345000	      0.00000000	     -2.91654000
     64.92094000	      0.00000000	     -2.89521000
     66.27063000	      0.00000000	     -3.18568000
     66.77422000	      0.00000000	     -4.41635000
     67.59412000	      0.00000000	     -3.36042000
     68.10297000	      0.00000000	     -4.55997000
     68.91338000	      0.00000000	     -3.50543000
     69.45775000	      0.00000000	     -4.70902000
     70.29531000	      0.00000000	     -3.65167000
     70.82871000	      0.00000000	     -4.90986000
     71.68402000	      0.00000000	     -3.80697000
     72.22371000	      0.00000000	     -5.08864000
     73.06949000	      0.00000000	     -3.95158000
     69.64325000	      0.00000000	     -2.37690000
     17.57451000	      0.00000000	     -4.35444000
     17.49975000	      0.00000000	     -2.98038000
     73.63857000	      0.00000000	     -5.26385000
     74.47530000	      0.00000000	     -4.11772000
     75.07705000	      0.00000000	     -5.42621000
     75.95145000	      0.00000000	     -4.05715000
     76.54646000	      0.00000000	     -5.56575000
     77.38924000	      0.00000000	     -4.35704000
     76.94704000	      0.00000000	     -3.09300000
     78.21307000	      0.00000000	     -3.27105000
     78.77800000	      0.00000000	     -4.47072000
     79.53758000	      0.00000000	     -3.36865000
     80.12376000	      0.00000000	     -4.55605000
     80.85530000	      0.00000000	     -3.42117000
     81.47005000	      0.00000000	     -4.63318000
     82.23366000	      0.00000000	     -3.50733000
     73.90834000	      0.00000000	     -2.90142000
     82.83464000	      0.00000000	     -4.70139000
     83.60497000	      0.00000000	     -3.57702000
     84.20692000	      0.00000000	     -4.79236000
     84.99924000	      0.00000000	     -3.46350000
     85.59264000	      0.00000000	     -4.84054000
     86.36002000	      0.00000000	     -3.68251000
     15.07270000	      0.00000000	     -2.86028000
      0.53057000	      0.00000000	     -6.50569000
     86.98236000	      0.00000000	     -4.94008000
     87.74442000	      0.00000000	     -3.75962000
     88.38427000	      0.00000000	     -5.02491000
     89.19644000	      0.00000000	     -3.67222000
     89.80710000	      0.00000000	     -5.08076000
     90.58679000	      0.00000000	     -3.89535000
     88.50671000	      0.00000000	     -2.64166000
     91.23091000	      0.00000000	     -5.18394000
     92.05719000	      0.00000000	     -3.79805000
     92.67602000	      0.00000000	     -5.24251000
     93.46850000	      0.00000000	     -4.04047000
     94.14422000	      0.00000000	     -5.33143000
     94.87034000	      0.00000000	     -4.10260000
     94.20880000	      0.00000000	     -2.94692000
     95.51566000	      0.00000000	     -2.77021000
     96.21188000	      0.00000000	     -4.08790000
     96.81693000	      0.00000000	     -2.95873000
     97.49330000	      0.00000000	     -4.08495000
     98.13134000	      0.00000000	     -2.95684000
     98.78173000	      0.00000000	     -4.07765000
     99.43776000	      0.00000000	     -2.97527000
    100.06897000	      0.00000000	     -4.07153000
    100.67830000	      0.00000000	     -2.97076000
    101.34395000	      0.00000000	     -4.06181000
    101.97714000	      0.00000000	     -2.92650000
    102.62550000	      0.00000000	     -4.04482000
    103.27860000	      0.00000000	     -2.94506000
    103.90748000	      0.00000000	     -4.03743000
    104.51431000	      0.00000000	     -2.94031000
    105.17737000	      0.00000000	     -4.01553000
    105.91045000	      0.00000000	     -2.78783000
    106.47107000	      0.00000000	     -3.98990000
    107.18522000	      0.00000000	     -2.91473000
    107.73267000	      0.00000000	     -3.98686000
    108.34910000	      0.00000000	     -2.90697000
    108.99860000	      0.00000000	     -3.98890000
    109.72276000	      0.00000000	     -2.77535000
    110.27983000	      0.00000000	     -3.95923000
    111.01069000	      0.00000000	     -2.90884000
    111.55748000	      0.00000000	     -3.96842000
    112.18319000	      0.00000000	     -2.86415000
    112.80953000	      0.00000000	     -3.95440000
    113.40754000	      0.00000000	     -2.86645000
    114.06484000	      0.00000000	     -3.94430000
    114.69472000	      0.00000000	     -2.64819000
    115.33005000	      0.00000000	     -3.89843000
    115.95680000	      0.00000000	     -2.81198000
    116.59065000	      0.00000000	     -3.90019000
    117.18936000	      0.00000000	     -2.82857000
    117.84631000	      0.00000000	     -3.90440000
    118.47024000	      0.00000000	     -2.62073000
    119.10713000	      0.00000000	     -3.86231000
    119.72631000	      0.00000000	     -2.78220000
    120.36355000	      0.00000000	     -3.87399000
    120.95899000	      0.00000000	     -2.79894000
    121.61428000	      0.00000000	     -3.87061000
    122.23345000	      0.00000000	     -2.59391000
    122.87005000	      0.00000000	     -3.82794000
    123.48730000	      0.00000000	     -2.75054000
    124.12281000	      0.00000000	     -3.83923000
    124.71791000	      0.00000000	     -2.76617000
    125.37380000	      0.00000000	     -3.84000000
    125.86458000	      0.00000000	     -2.70234000
    118.57009000	      0.00000000	     -5.33940000
    112.07092000	      0.00000000	     -5.43918000
    127.54125000	      0.00000000	     -4.81912000
     91.34278000	      0.00000000	     -2.66174000
    129.17187000	      0.00000000	     -2.51852000
    123.24258000	      0.00000000	     -5.27975000
     98.15118000	      0.00000000	     -5.25463000
     80.72701000	      0.00000000	     -5.86922000
     26.00611000	      0.00000000	     -5.13869000
     27.14328000	      0.00000000	     -4.27697000
     27.14977000	      0.00000000	     -2.99207000
     28.25632000	      0.00000000	     -3.47039000
     28.49991000	      0.00000000	     -4.85470000
     29.49279000	      0.00000000	     -3.93154000
     84.26055000	      0.00000000	     -2.46452000
     29.29174000	      0.00000000	     -2.48971000
     30.46227000	      0.00000000	     -3.05214000
     30.74584000	      0.00000000	     -4.35559000
     31.75275000	      0.00000000	     -3.43778000
     32.04648000	      0.00000000	     -4.72513000
     33.00704000	      0.00000000	     -3.78536000
     32.65990000	      0.00000000	     -2.42401000
     33.91596000	      0.00000000	     -2.86443000
     34.26964000	      0.00000000	     -4.11406000
     35.18858000	      0.00000000	     -3.16282000
     35.55875000	      0.00000000	     -4.39716000
     36.49199000	      0.00000000	     -3.44289000
     36.87278000	      0.00000000	     -4.72769000
     37.83255000	      0.00000000	     -3.73429000
     38.21463000	      0.00000000	     -5.03566000
     39.14632000	      0.00000000	     -3.99891000
     36.92326000	      0.00000000	     -6.44572000
     38.76534000	      0.00000000	     -2.58841000
     39.99903000	      0.00000000	     -3.00528000
     40.45705000	      0.00000000	     -4.21320000
     41.30488000	      0.00000000	     -3.22585000
     41.75869000	      0.00000000	     -4.45031000
     42.55456000	      0.00000000	     -3.41741000
     36.10053000	      0.00000000	     -2.19820000
    107.08729000	      0.00000000	     -5.24012000
     23.57474000	      0.00000000	     -2.39373000
     60.82605000	      0.00000000	     -2.13491000
     98.46983000	      0.00000000	    -15.06862000
     96.66692000	      0.00000000	    -17.68979000
    100.06053000	      0.00000000	    -17.87386000
     93.36461000	      0.00000000	    -16.97279000
     98.12461000	      0.00000000	    -20.49401000
     27.59408000	      0.00000000	    -15.86465000
     27.93135000	      0.00000000	    -19.22608000
    103.28229000	      0.00000000	     -5.26421000
     90.42889000	      0.00000000	     -6.48289000
     65.80598000	      0.00000000	     -2.04806000
     13.80414000	      0.00000000	     -3.34336000
     81.61321000	      0.00000000	     -2.30752000
     48.30682000	      0.00000000	     -2.35121000
     47.35292000	      0.00000000	     -3.10943000
     47.56554000	      0.00000000	     -4.37635000
     46.38802000	      0.00000000	     -3.83599000
     46.61884000	      0.00000000	     -5.11446000
     46.25343000	      0.00000000	     -2.49117000
     45.10233000	      0.00000000	     -3.25333000
      8.60135000	      0.00000000	     -2.54646000
    136.39668000	      0.00000000	     -2.83595000
    134.77528000	      0.00000000	     -3.09110000
     16.80899000	      0.00000000	    -15.38872000
     67.38036000	      0.00000000	     -5.86454000
    114.70904000	      0.00000000	     -5.08293000
     39.82254000	      0.00000000	     -1.93029000
     16.57805000	      0.00000000	    -18.74977000
     49.90483000	      0.00000000	     -5.34427000
     77.68594000	      0.00000000	     -2.09629000
    138.14767000	      0.00000000	     -2.58890000
    139.80000000	      0.00000000	     -0.52479000
    139.41334000	      0.00000000	     -3.97989000
     62.00378000	      0.00000000	    -17.84185000
     65.13007000	      0.00000000	    -18.56455000
     51.79326000	      0.00000000	     -2.21863000
     96.38571000	      0.00000000	     -2.09781000
    133.85242000	      0.00000000	     -4.33179000
     24.65195000	      0.00000000	     -1.97310000
    140.46049000	      0.00000000	    -11.26331000
    141.67508000	      0.00000000	     -7.98379000
     60.49081000	      0.00000000	     -5.68787000
     72.76148000	      0.00000000	     -6.47028000
    128.01346000	      0.00000000	     -2.62763000
     45.29632000	      0.00000000	     -2.22699000
     42.09942000	      0.00000000	     -2.25779000
     43.22174000	      0.00000000	     -2.44629000
     10.10610000	      0.00000000	     -2.24817000
    100.02907000	      0.00000000	     -2.03508000
      7.05591000	      0.00000000	    -15.95541000
     30.71261000	      0.00000000	    -17.29013000
     58.73692000	      0.00000000	    -16.92500000
     12.66242000	      0.00000000	     -7.10508000
     13.98772000	      0.00000000	     -2.02036000
    126.39297000	      0.00000000	    -15.54228000
    128.05748000	      0.00000000	    -18.86709000
    124.53709000	      0.00000000	    -18.67219000
     55.33415000	      0.00000000	     -2.04611000
     56.42456000	      0.00000000	     -2.27066000
     50.67608000	      0.00000000	     -1.88844000
    126.10167000	      0.00000000	    -21.87308000
    103.84819000	      0.00000000	     -1.99274000
    104.99701000	      0.00000000	     -1.79139000
     76.50506000	      0.00000000	     -1.98987000
    101.19409000	      0.00000000	     -1.99956000
    101.68724000	      0.00000000	    -20.82448000
    103.80076000	      0.00000000	    -17.84952000
     97.34625000	      0.00000000	     -1.93318000
    105.97262000	      0.00000000	     -1.75952000
     10.56562000	      0.00000000	    -18.30670000
    107.80746000	      0.00000000	     -2.05583000
    108.91915000	      0.00000000	     -1.98097000
     30.90128000	      0.00000000	    -20.74064000
     33.77603000	      0.00000000	    -18.51336000
     34.84684000	      0.00000000	     -2.09771000
     75.09440000	      0.00000000	     -2.98193000
     98.90136000	      0.00000000	     -2.11164000
    102.72350000	      0.00000000	     -1.93941000
     30.38981000	      0.00000000	     -1.83968000
      7.52337000	      0.00000000	    -20.47534000
    109.99499000	      0.00000000	     -1.77324000
    116.62485000	      0.00000000	     -1.89541000
    115.57178000	      0.00000000	     -1.65820000
    112.84841000	      0.00000000	     -1.92235000
    111.72673000	      0.00000000	     -1.92818000
    120.39174000	      0.00000000	     -1.87286000
      3.36080000	      0.00000000	     -5.88211000
      0.97293000	      0.00000000	     -3.71149000
      1.95000000	      0.00000000	     -0.53986000
      3.63957000	      0.00000000	     -3.51816000
     18.86267000	      0.00000000	     -6.46523000
     43.38521000	      0.00000000	     -4.67573000
    130.55717000	      0.00000000	     -2.47302000
    131.92686000	      0.00000000	     -2.48967000
    129.83139000	      0.00000000	     -1.59184000
     21.71650000	      0.00000000	     -2.98459000
     20.56545000	      0.00000000	     -2.32663000
     19.48973000	      0.00000000	     -3.06671000
    122.57657000	      0.00000000	    -21.72284000
    120.65970000	      0.00000000	    -18.32032000
    122.78726000	      0.00000000	     -7.12597000
     84.81875000	      0.00000000	     -6.08815000
    124.14931000	      0.00000000	     -1.84758000
     24.95769000	      0.00000000	    -21.33811000
    113.91306000	      0.00000000	     -1.81612000
     54.19687000	      0.00000000	     -1.86404000
    119.37970000	      0.00000000	     -1.58721000
     83.01116000	      0.00000000	     -2.37575000
     90.07039000	      0.00000000	     -2.66690000
     93.06813000	      0.00000000	     -2.88789000
     92.19666000	      0.00000000	     -1.78625000
     77.15681000	      0.00000000	     -1.29566000
     21.64695000	      0.00000000	     -1.89190000
     95.40670000	      0.00000000	     -8.23754000
      7.12969000	      0.00000000	     -2.89020000
     57.76541000	      0.00000000	     -3.54041000
     57.93636000	      0.00000000	     -4.87128000
     57.01130000	      0.00000000	     -6.06346000
     25.52587000	      0.00000000	     -2.38282000
     26.31398000	      0.00000000	     -1.75894000
     35.68482000	      0.00000000	     -8.08239000
     37.67896000	      0.00000000	     -8.37053000
     77.03045000	      0.00000000	     -8.48155000
     78.53270000	      0.00000000	     -7.09522000
     16.26626000	      0.00000000	     -2.20540000
     17.46345000	      0.00000000	     -1.71302000
    117.64912000	      0.00000000	     -1.74279000
     63.55286000	      0.00000000	     -2.56314000
     64.38576000	      0.00000000	     -1.81893000
     62.19183000	      0.00000000	     -2.38543000
     37.42616000	      0.00000000	     -2.38296000
    123.13423000	      0.00000000	     -1.57308000
     30.95294000	      0.00000000	     -5.72839000
     96.33005000	      0.00000000	     -6.67927000
     74.54443000	      0.00000000	     -2.06103000
     73.54445000	      0.00000000	     -1.75905000
     50.76077000	      0.00000000	     -8.09833000
    121.41180000	      0.00000000	     -1.72562000
     61.89272000	      0.00000000	     -8.04178000
     93.73995000	      0.00000000	     -1.94357000
     94.69283000	      0.00000000	     -2.07505000
     59.62399000	      0.00000000	     -1.97420000
     58.57967000	      0.00000000	     -1.52294000
    139.65019000	      0.00000000	     -2.38568000
     72.58777000	      0.00000000	     -2.58403000
     71.15788000	      0.00000000	     -2.48921000
     40.89170000	      0.00000000	     -2.18766000
     45.98026000	      0.00000000	     -7.38009000
    125.25217000	      0.00000000	     -1.87093000
    126.35771000	      0.00000000	     -1.64452000
     89.32957000	      0.00000000	     -1.79363000
     19.41827000	      0.00000000	     -1.82727000
     53.11483000	      0.00000000	     -2.50010000
     87.14449000	      0.00000000	     -2.46756000
     85.85122000	      0.00000000	     -2.48612000
     85.12584000	      0.00000000	     -1.57886000
     80.24809000	      0.00000000	     -2.19006000
     80.97688000	      0.00000000	     -1.38711000
     78.92649000	      0.00000000	     -2.31487000
    120.90852000	      0.00000000	     -5.00383000
     68.30217000	      0.00000000	     -2.39162000
     67.06091000	      0.00000000	     -2.30602000
     31.37423000	      0.00000000	     -2.25032000
    118.94157000	      0.00000000	     -7.09904000
     48.88843000	      0.00000000	     -1.50354000
     15.05032000	      0.00000000	     -1.55657000
     20.93676000	      0.00000000	     -1.34104000
     33.73440000	      0.00000000	     -1.65437000
    127.32600000	      0.00000000	     -7.49424000
    142.73887000	      0.00000000	     -3.85034000
    137.17673000	      0.00000000	     -1.64888000
     90.75176000	      0.00000000	     -1.76082000
    135.41640000	      0.00000000	     -1.86246000
    134.20767000	      0.00000000	     -1.81789000
    133.40181000	      0.00000000	     -2.90756000
    139.24217000	      0.00000000	    -15.15543000
     87.84300000	      0.00000000	     -1.70118000
     86.52840000	      0.00000000	     -1.66682000
    111.77230000	      0.00000000	    -24.33132000
    113.79976000	      0.00000000	    -20.36091000
    109.47742000	      0.00000000	    -20.46699000
    111.77245000	      0.00000000	    -17.01809000
    107.66569000	      0.00000000	    -17.16939000
    114.94469000	      0.00000000	    -17.44095000
     56.26065000	      0.00000000	    -24.24530000
     53.54822000	      0.00000000	    -20.44998000
     49.56085000	      0.00000000	    -20.22842000
     51.75685000	      0.00000000	    -16.91678000
     47.02880000	      0.00000000	    -23.17074000
     45.67577000	      0.00000000	    -19.30173000
     41.73237000	      0.00000000	    -23.62363000
     40.52945000	      0.00000000	    -19.60560000
     15.21532000	      0.00000000	    -23.38044000
     34.63591000	      0.00000000	     -5.52926000
     23.59106000	      0.00000000	     -7.17122000
    111.55046000	      0.00000000	     -7.16752000
    113.54820000	      0.00000000	     -6.74997000
     42.22427000	      0.00000000	     -5.98658000
     44.64422000	      0.00000000	     -5.08095000
     71.94049000	      0.00000000	     -1.70230000
     43.83655000	      0.00000000	     -3.37386000
     52.61585000	      0.00000000	     -1.64912000
     11.25358000	      0.00000000	     -1.72265000
     12.19873000	      0.00000000	     -2.24599000
    109.31651000	      0.00000000	     -1.06021000
     13.23246000	      0.00000000	     -4.92325000
     70.50871000	      0.00000000	     -1.65077000
     69.56636000	      0.00000000	     -1.37714000
    113.34491000	      0.00000000	     -1.07646000
     57.62601000	      0.00000000	     -2.21966000
    117.10675000	      0.00000000	     -1.05821000
     19.11725000	      0.00000000	     -4.57198000
     38.29226000	      0.00000000	     -1.70679000
     63.03903000	      0.00000000	     -1.69825000
    107.70875000	      0.00000000	     -6.88977000
    142.12294000	      0.00000000	    -24.15403000
     28.11415000	      0.00000000	     -2.31092000
     28.63485000	      0.00000000	     -1.47803000
    120.86630000	      0.00000000	     -1.04652000
     67.40129000	      0.00000000	    -15.83296000
     68.67661000	      0.00000000	    -19.17055000
     66.56697000	      0.00000000	    -21.42840000
     69.82721000	      0.00000000	    -22.41710000
     72.13946000	      0.00000000	    -19.75340000
     27.90272000	      0.00000000	     -7.46830000
    126.53497000	      0.00000000	     -3.71927000
    125.79528000	      0.00000000	     -5.23386000
     86.77979000	      0.00000000	    -24.13625000
     88.57714000	      0.00000000	    -20.25047000
     84.67590000	      0.00000000	    -20.33709000
     82.37369000	      0.00000000	    -24.00867000
     81.03038000	      0.00000000	    -19.98721000
      2.42660000	      0.00000000	    -19.59497000
     54.97562000	      0.00000000	     -1.14711000
     67.16194000	      0.00000000	     -7.65393000
     18.45134000	      0.00000000	     -2.26366000
    103.41054000	      0.00000000	     -1.25089000
    124.74731000	      0.00000000	     -1.05723000
     83.05951000	      0.00000000	    -16.93270000
     86.60149000	      0.00000000	    -17.11944000
     79.81633000	      0.00000000	    -16.34095000
     77.84223000	      0.00000000	    -18.74736000
    128.50856000	      0.00000000	     -1.75706000
    127.44738000	      0.00000000	     -1.64461000
    110.26967000	      0.00000000	    -14.39970000
     31.08399000	      0.00000000	     -1.26212000
     32.80766000	      0.00000000	     -1.43368000
     67.83489000	      0.00000000	     -1.41345000
    109.79546000	      0.00000000	     -5.20189000
    105.61584000	      0.00000000	     -1.09255000
    102.62718000	      0.00000000	     -6.85827000
    144.32429000	      0.00000000	    -10.99860000
     48.21851000	      0.00000000	     -5.78779000
     55.25341000	      0.00000000	    -17.20959000
     38.75770000	      0.00000000	     -6.68127000
     47.31566000	      0.00000000	     -1.99754000
     56.17424000	      0.00000000	     -7.48791000
     82.36910000	      0.00000000	     -1.65976000
    137.13918000	      0.00000000	    -24.29297000
    134.99485000	      0.00000000	    -20.22454000
     51.32119000	      0.00000000	     -1.33083000
     41.59993000	      0.00000000	     -1.33489000
     98.96782000	      0.00000000	     -6.87786000
     71.69651000	      0.00000000	     -8.15710000
     89.99504000	      0.00000000	    -17.08785000
      7.60263000	      0.00000000	     -1.82652000
      6.38368000	      0.00000000	     -1.63243000
      5.80691000	      0.00000000	     -2.84445000
    131.11304000	      0.00000000	     -1.70505000
      5.59215000	      0.00000000	     -6.39031000
     96.03494000	      0.00000000	    -24.45570000
     60.35883000	      0.00000000	     -1.21556000
     85.87220000	      0.00000000	     -7.66658000
     35.45055000	      0.00000000	     -1.35043000
     36.89358000	      0.00000000	     -1.64379000
     48.30018000	      0.00000000	    -16.76296000
     45.02516000	      0.00000000	    -15.20737000
     99.44996000	      0.00000000	     -1.15895000
      7.91165000	      0.00000000	     -0.82367000
    117.30951000	      0.00000000	    -19.58903000
     61.66929000	      0.00000000	     -1.63082000
     57.09238000	      0.00000000	    -20.25225000
     75.64173000	      0.00000000	     -6.87511000
    132.90702000	      0.00000000	     -1.81507000
    133.56808000	      0.00000000	     -1.09044000
     45.79320000	      0.00000000	     -1.47177000
     42.82543000	      0.00000000	     -1.54064000
     43.84986000	      0.00000000	     -1.39546000
     43.20558000	      0.00000000	     -0.78909000
     83.71582000	      0.00000000	     -1.65877000
     66.55768000	      0.00000000	     -1.43691000
     65.71835000	      0.00000000	     -1.10446000
     69.76635000	      0.00000000	     -5.98645000
     53.83600000	      0.00000000	    -14.70852000
     58.34602000	      0.00000000	     -6.34688000
     94.05956000	      0.00000000	    -21.04556000
    100.71830000	      0.00000000	     -5.02104000
     95.55328000	      0.00000000	     -5.34143000
    139.11665000	      0.00000000	     -6.15397000
     32.26891000	      0.00000000	     -5.97452000
      5.04944000	      0.00000000	    -24.33624000
     19.87627000	      0.00000000	    -14.70057000
    129.37500000	      0.00000000	     -0.64952000
    127.89941000	      0.00000000	     -0.80755000
    126.23435000	      0.00000000	     -0.71445000
     32.58728000	      0.00000000	     -0.67523000
     64.25586000	      0.00000000	     -0.84030000
     15.37500000	      0.00000000	     -0.64952000
    130.13476000	      0.00000000	     -0.70653000
    131.59837000	      0.00000000	     -0.75874000
    132.09120000	      0.00000000	     -1.44248000
    122.62346000	      0.00000000	     -0.72458000
    135.43430000	      0.00000000	     -0.85784000
    118.87176000	      0.00000000	     -0.72848000
    115.11045000	      0.00000000	     -0.74045000
    111.37483000	      0.00000000	     -0.62911000
    107.69504000	      0.00000000	     -0.64362000
     11.62915000	      0.00000000	     -0.76150000
     13.13702000	      0.00000000	     -0.66296000
     13.88127000	      0.00000000	     -0.64517000
     17.65041000	      0.00000000	     -0.69303000
     19.25387000	      0.00000000	     -0.81405000
     21.36446000	      0.00000000	     -0.63680000
     22.87500000	      0.00000000	     -0.66459000
     23.19321000	      0.00000000	     -1.41537000
     24.37500000	      0.00000000	     -0.63999000
     26.62308000	      0.00000000	     -0.62616000
     28.14694000	      0.00000000	     -0.69249000
     28.87500000	      0.00000000	     -0.64952000
     30.37556000	      0.00000000	     -0.72648000
     34.12500000	      0.00000000	     -0.64952000
     36.35844000	      0.00000000	     -0.59692000
     37.87946000	      0.00000000	     -0.69237000
     39.37500000	      0.00000000	     -0.64952000
     45.38676000	      0.00000000	     -0.68558000
     46.92273000	      0.00000000	     -0.66975000
     47.63984000	      0.00000000	     -0.65802000
     48.00000000	      0.00000000	     -1.38454000
     49.12500000	      0.00000000	     -0.64952000
     50.63173000	      0.00000000	     -0.74063000
     52.76970000	      0.00000000	     -0.76841000
     56.59597000	      0.00000000	     -0.68331000
     56.98155000	      0.00000000	     -1.44144000
     58.13828000	      0.00000000	     -0.69018000
     61.05097000	      0.00000000	     -0.64784000
     62.62908000	      0.00000000	     -0.67907000
     66.29997000	      0.00000000	     -0.62084000
     67.87173000	      0.00000000	     -0.55091000
     70.09688000	      0.00000000	     -0.73329000
     71.61446000	      0.00000000	     -0.74872000
     73.13076000	      0.00000000	     -0.75401000
     75.37500000	      0.00000000	     -0.64952000
     75.75000000	      0.00000000	     -1.38450000
     79.04637000	      0.00000000	     -0.71579000
     79.45336000	      0.00000000	     -1.45004000
     80.62500000	      0.00000000	     -0.64952000
     82.87500000	      0.00000000	     -0.64952000
     84.37975000	      0.00000000	     -0.62855000
     86.59428000	      0.00000000	     -0.76074000
     88.16409000	      0.00000000	     -0.74559000
     88.91478000	      0.00000000	     -0.78320000
     90.37755000	      0.00000000	     -0.76619000
     91.86616000	      0.00000000	     -0.75725000
     92.61464000	      0.00000000	     -0.75701000
     94.12996000	      0.00000000	     -0.63115000
     95.60827000	      0.00000000	     -0.55842000
     96.33104000	      0.00000000	     -0.66123000
     97.88787000	      0.00000000	     -0.65149000
    100.07499000	      0.00000000	     -0.60122000
    101.62278000	      0.00000000	     -0.64492000
    101.97409000	      0.00000000	     -1.39827000
     16.91481000	      0.00000000	     -0.73919000
     85.12358000	      0.00000000	     -0.74649000
     81.37500000	      0.00000000	     -0.64952000
     73.87718000	      0.00000000	     -0.67296000
     58.89473000	      0.00000000	     -0.67232000
     40.13243000	      0.00000000	     -0.64749000
     55.42917000	      0.00000000	     -5.72541000
     25.12500000	      0.00000000	     -0.64952000
     25.49883000	      0.00000000	     -1.40143000
     65.46297000	      0.00000000	    -13.31324000
     43.53570000	      0.00000000	    -12.32992000
     39.68810000	      0.00000000	     -5.38163000
     72.71371000	      0.00000000	     -1.50607000
     81.31181000	      0.00000000	     -7.52183000
     94.77370000	      0.00000000	     -6.68469000
    122.89012000	      0.00000000	    -15.54321000
    120.47017000	      0.00000000	    -14.94522000
    131.52763000	      0.00000000	    -19.07683000
     89.58198000	      0.00000000	     -8.09017000
    139.02340000	      0.00000000	    -19.94101000
     30.07918000	      0.00000000	    -14.20356000
     10.12500000	      0.00000000	     -0.64952000
    136.82957000	      0.00000000	     -0.73607000
     16.08124000	      0.00000000	    -12.49210000
     24.79998000	      0.00000000	     -6.01963000
     62.88342000	      0.00000000	    -21.14689000
     93.31480000	      0.00000000	     -6.63964000
    105.47017000	      0.00000000	    -20.56837000
    105.35443000	      0.00000000	    -15.29301000
     26.59738000	      0.00000000	    -13.06391000
    137.62500000	      0.00000000	     -0.64952000
    132.51503000	      0.00000000	     -5.13457000
     78.41525000	      0.00000000	     -1.53693000
     19.44914000	      0.00000000	    -17.59868000
     54.41353000	      0.00000000	     -0.57297000
     51.04898000	      0.00000000	     -6.09342000
     91.10545000	      0.00000000	    -14.56949000
     30.60500000	      0.00000000	    -25.01405000
     12.50973000	      0.00000000	     -3.39830000
    141.20526000	      0.00000000	     -5.20446000
     99.44612000	      0.00000000	    -12.63082000
     27.51025000	      0.00000000	     -5.83576000
     98.25000000	      0.00000000	     -1.39867000
     56.07942000	      0.00000000	     -1.45634000
     61.84946000	      0.00000000	     -6.27485000
     48.78623000	      0.00000000	     -4.60760000
     81.46532000	      0.00000000	    -13.80729000
    101.84125000	      0.00000000	    -14.78514000
     16.50000000	      0.00000000	     -1.38611000
     69.37500000	      0.00000000	     -0.64835000
     59.24619000	      0.00000000	     -5.16634000
     13.40833000	      0.00000000	    -19.73836000
     20.19566000	      0.00000000	    -12.14098000
    118.46934000	      0.00000000	     -1.48577000
     68.67384000	      0.00000000	     -1.49059000
    122.22689000	      0.00000000	     -1.47176000
     33.32549000	      0.00000000	     -5.14279000
     77.95687000	      0.00000000	     -5.68262000
    101.73000000	      0.00000000	    -25.08239000
     29.81155000	      0.00000000	     -5.10418000
     12.06955000	      0.00000000	     -1.38307000
     87.60501000	      0.00000000	     -6.26777000
      8.99227000	      0.00000000	    -13.13775000
     27.75221000	      0.00000000	     -1.38415000
    114.70119000	      0.00000000	     -1.52404000
    116.08649000	      0.00000000	     -5.38616000
    117.32561000	      0.00000000	     -4.97805000
    104.56066000	      0.00000000	     -5.26609000
    105.81482000	      0.00000000	     -5.28233000
    113.44051000	      0.00000000	     -5.03416000
    110.87691000	      0.00000000	     -4.98652000
    108.48691000	      0.00000000	     -5.36790000
    101.89087000	      0.00000000	     -5.31789000
     99.43412000	      0.00000000	     -5.17033000
    119.74327000	      0.00000000	     -4.86578000
    122.06813000	      0.00000000	     -4.82372000
      6.38370000	      0.00000000	     -0.65332000
     18.75000000	      0.00000000	     -1.38450000
    108.57565000	      0.00000000	    -12.50498000
    115.07768000	      0.00000000	    -12.66504000
    121.76810000	      0.00000000	    -12.98731000
     83.53122000	      0.00000000	     -6.02019000
    103.88071000	      0.00000000	    -12.69755000
    139.12500000	      0.00000000	     -0.64952000
    138.77533000	      0.00000000	     -1.50178000
      0.05476000	      0.00000000	     -1.86921000
      1.66096000	      0.00000000	     -2.10086000
     21.93678000	      0.00000000	    -19.69087000
     82.14013000	      0.00000000	     -6.04293000
     86.17419000	      0.00000000	     -5.96062000
     88.94253000	      0.00000000	     -6.47654000
     91.86521000	      0.00000000	     -6.57012000
    103.87725000	      0.00000000	     -0.61925000
    124.60930000	      0.00000000	     -4.88702000
     26.25802000	      0.00000000	     -6.69764000
     91.45653000	      0.00000000	     -1.54086000
      4.82379000	      0.00000000	     -0.76682000
      5.25000000	      0.00000000	     -1.67239000
      4.20393000	      0.00000000	     -1.33610000
      3.07608000	      0.00000000	     -1.81211000
     86.12245000	      0.00000000	    -13.62865000
     96.91120000	      0.00000000	     -5.32217000
      4.14411000	      0.00000000	     -0.57166000
     71.17320000	      0.00000000	     -6.40084000
     68.52236000	      0.00000000	     -6.78751000
     74.17119000	      0.00000000	     -6.71891000
     20.62500000	      0.00000000	     -0.62917000
     72.43821000	      0.00000000	    -14.29911000
     70.89988000	      0.00000000	    -16.82257000
     77.10073000	      0.00000000	    -15.59254000
    106.09662000	      0.00000000	     -0.56056000
     79.35146000	      0.00000000	     -5.78415000
     66.00118000	      0.00000000	     -5.45948000
     77.56009000	      0.00000000	     -0.62898000
    126.34638000	      0.00000000	    -12.76156000
      2.66148000	      0.00000000	     -0.75126000
    110.90799000	      0.00000000	     -1.33836000
     59.01303000	      0.00000000	    -14.06144000
     35.81060000	      0.00000000	     -5.56921000
     50.54112000	      0.00000000	    -14.46178000
      9.32718000	      0.00000000	     -1.45217000
     43.87500000	      0.00000000	     -0.58939000
     67.79732000	      0.00000000	    -13.25906000
     27.92168000	      0.00000000	    -22.29355000
     25.40329000	      0.00000000	    -25.09518000
     40.50000000	      0.00000000	     -1.37154000
     35.08529000	      0.00000000	    -14.25763000
     33.17575000	      0.00000000	    -15.95002000
     90.03350000	      0.00000000	     -1.54581000
     40.95287000	      0.00000000	     -5.39568000
     39.77348000	      0.00000000	    -15.99353000
     37.22733000	      0.00000000	    -18.40588000
     38.22263000	      0.00000000	    -21.87305000
     93.09237000	      0.00000000	     -1.40255000
    134.81960000	      0.00000000	    -13.49646000
     41.62500000	      0.00000000	     -0.61493000
     45.73266000	      0.00000000	    -12.69309000
    126.95956000	      0.00000000	     -2.64739000
     51.40100000	      0.00000000	     -0.61793000
     96.75000000	      0.00000000	     -1.35323000
    132.36707000	      0.00000000	    -11.08028000
     63.75000000	      0.00000000	     -1.34692000
     35.62500000	      0.00000000	     -0.60410000
     49.61066000	      0.00000000	     -6.58655000
     12.93325000	      0.00000000	     -1.54140000
     71.22055000	      0.00000000	     -1.46289000
     44.85790000	      0.00000000	     -1.47065000
     39.07585000	      0.00000000	     -1.43202000
    124.31624000	      0.00000000	     -6.18529000
    119.55073000	      0.00000000	    -12.74406000
     31.95905000	      0.00000000	     -1.47179000
     60.37937000	      0.00000000	     -7.27843000
     18.88080000	      0.00000000	    -20.91018000
     95.53173000	      0.00000000	     -1.45710000
     57.74010000	      0.00000000	     -1.30776000
     44.31378000	      0.00000000	     -2.37066000
     22.42982000	      0.00000000	     -1.31864000
     88.60674000	      0.00000000	     -1.41846000
     30.88056000	      0.00000000	    -12.15225000
     31.10987000	      0.00000000	     -0.54387000
     10.45773000	      0.00000000	     -1.37488000
     77.11859000	      0.00000000	     -6.90349000
    113.69682000	      0.00000000	    -14.91429000
     56.78769000	      0.00000000	     -3.12610000
    129.17105000	      0.00000000	    -21.82528000
     11.17991000	      0.00000000	     -6.15973000
    109.83163000	      0.00000000	     -0.54574000
    120.40599000	      0.00000000	     -0.54681000
    127.72894000	      0.00000000	    -25.02380000
    124.17781000	      0.00000000	     -0.54466000
     34.54322000	      0.00000000	     -1.30316000
    115.00463000	      0.00000000	     -6.49854000
    116.65517000	      0.00000000	     -0.55203000
    106.41865000	      0.00000000	     -6.46446000
     42.60524000	      0.00000000	    -17.43260000
    136.39025000	      0.00000000	    -17.17356000
     22.54610000	      0.00000000	     -2.17397000
    136.25803000	      0.00000000	     -1.50112000
      8.70252000	      0.00000000	     -0.75524000
    100.47885000	      0.00000000	     -1.27584000
     31.35925000	      0.00000000	     -7.15358000
    117.45515000	      0.00000000	    -15.31693000
     60.37373000	      0.00000000	     -0.53169000
     18.42651000	      0.00000000	     -3.44743000
    117.53452000	      0.00000000	     -6.36011000
    121.70519000	      0.00000000	     -6.13649000
    140.54463000	      0.00000000	     -0.71513000
    112.90643000	      0.00000000	     -0.55118000
    124.30112000	      0.00000000	    -24.37481000
    120.49844000	      0.00000000	    -24.75432000
     93.41684000	      0.00000000	    -14.13113000
     76.83997000	      0.00000000	     -0.64184000
      1.20568000	      0.00000000	     -0.93829000
    140.77923000	      0.00000000	     -1.74675000
    141.02094000	      0.00000000	     -3.21077000
      4.90981000	      0.00000000	     -4.24320000
     53.38797000	      0.00000000	     -1.42913000
     72.85018000	      0.00000000	    -22.56616000
     74.32864000	      0.00000000	    -17.17112000
    130.50000000	      0.00000000	     -1.28327000
     24.02023000	      0.00000000	     -1.35992000
    103.92699000	      0.00000000	     -6.52367000
     49.84187000	      0.00000000	     -1.34636000
     91.64653000	      0.00000000	    -19.54820000
     81.75000000	      0.00000000	     -1.27474000
     14.22427000	      0.00000000	     -1.24841000
     74.31821000	      0.00000000	     -1.27741000
     35.13501000	      0.00000000	     -6.69728000
    107.34289000	      0.00000000	     -1.31515000
     37.57036000	      0.00000000	     -1.39540000
     80.23567000	      0.00000000	     -1.26525000
     66.26122000	      0.00000000	    -24.90312000
    110.56457000	      0.00000000	    -12.16142000
     46.65386000	      0.00000000	     -1.38416000
     75.47653000	      0.00000000	     -2.15459000
     91.05803000	      0.00000000	     -7.81786000
     79.93255000	      0.00000000	     -7.01661000
     71.57363000	      0.00000000	    -25.73422000
    134.68186000	      0.00000000	    -10.67722000
     60.11692000	      0.00000000	    -20.10326000
     62.33192000	      0.00000000	     -1.38645000
    104.19929000	      0.00000000	     -1.26232000
     59.31596000	      0.00000000	     -1.23927000
    106.82635000	      0.00000000	     -2.00277000
    133.14451000	      0.00000000	     -0.55031000
    132.66039000	      0.00000000	     -3.78745000
     99.39544000	      0.00000000	     -0.47502000
     39.45962000	      0.00000000	     -8.40006000
     75.01486000	      0.00000000	     -1.36112000
     17.52145000	      0.00000000	     -5.76361000
     83.06987000	      0.00000000	     -1.38493000
      2.38529000	      0.00000000	     -3.11408000
      2.47303000	      0.00000000	     -4.45864000
     76.45658000	      0.00000000	     -1.25601000
     29.42389000	      0.00000000	     -6.32949000
     45.58831000	      0.00000000	     -5.85790000
     84.41926000	      0.00000000	     -1.38175000
     18.07043000	      0.00000000	     -1.29655000
     78.85626000	      0.00000000	    -22.71343000
    129.10550000	      0.00000000	     -1.43825000
     55.08051000	      0.00000000	     -0.46911000
     97.47182000	      0.00000000	     -1.19722000
    107.50414000	      0.00000000	    -14.42052000
      4.52041000	      0.00000000	     -2.50688000
     54.41036000	      0.00000000	    -12.77277000
     85.84795000	      0.00000000	     -1.29558000
     94.47156000	      0.00000000	     -1.30305000
     18.24846000	      0.00000000	    -13.07141000
     87.17460000	      0.00000000	     -1.38429000
     65.65966000	      0.00000000	     -0.46625000
     65.04251000	      0.00000000	     -1.42322000
     84.90229000	      0.00000000	    -15.57435000
     97.64743000	      0.00000000	     -6.47717000
    128.20217000	      0.00000000	     -6.33013000
     29.56729000	      0.00000000	     -1.31426000
    143.22766000	      0.00000000	     -5.95784000
     73.20661000	      0.00000000	     -7.90621000
    133.84115000	      0.00000000	     -0.48989000
    112.45191000	      0.00000000	     -1.21181000
    108.27694000	      0.00000000	     -1.38069000
    126.81547000	      0.00000000	     -6.15394000
     -2.28323000	      0.00000000	    -21.36894000
     11.24938000	      0.00000000	     -7.61387000
     13.08671000	      0.00000000	     -2.50988000
     24.73420000	      0.00000000	     -1.20479000
     25.05149000	      0.00000000	     -7.49773000
     34.24362000	      0.00000000	    -21.61883000
     84.38187000	      0.00000000	     -7.35994000
    116.36671000	      0.00000000	     -1.16267000
    103.09490000	      0.00000000	     -0.62257000
    119.93825000	      0.00000000	     -6.10052000
    101.24452000	      0.00000000	     -1.21455000
     13.63270000	      0.00000000	     -1.22366000
    134.87659000	      0.00000000	     -1.32327000
     68.66106000	      0.00000000	     -5.58643000
     39.40133000	      0.00000000	    -25.50669000
    128.51199000	      0.00000000	     -7.44984000
     22.66311000	      0.00000000	     -3.17406000
    106.45832000	      0.00000000	     -1.21497000
    113.60377000	      0.00000000	     -0.46760000
      2.19929000	      0.00000000	     -1.33765000
    120.13375000	      0.00000000	     -1.14058000
    110.70113000	      0.00000000	     -2.10590000
     76.03986000	      0.00000000	     -2.80035000
    142.57002000	      0.00000000	    -14.31928000
    105.37500000	      0.00000000	     -0.46052000
     47.32161000	      0.00000000	     -1.25279000
     21.71471000	      0.00000000	     -1.17906000
     98.15724000	      0.00000000	     -2.10008000
    109.18431000	      0.00000000	     -0.43715000
     39.75000000	      0.00000000	     -1.20554000
     27.10593000	      0.00000000	     -2.01141000
     66.44904000	      0.00000000	     -6.60505000
    123.88897000	      0.00000000	     -1.13521000
    110.13303000	      0.00000000	     -1.06722000
    139.77906000	      0.00000000	     -1.25394000
    132.81716000	      0.00000000	     -1.10956000
     99.14287000	      0.00000000	    -23.63495000
    117.37500000	      0.00000000	     -0.44664000
     92.21304000	      0.00000000	     -2.61997000
     46.90523000	      0.00000000	     -6.34984000
     20.11888000	      0.00000000	     -1.24291000
    124.08613000	      0.00000000	     -7.38859000
     65.05913000	      0.00000000	     -2.12165000
    138.00000000	      0.00000000	     -1.32491000
    101.95489000	      0.00000000	     -2.09125000
     36.25946000	      0.00000000	     -1.23502000
    103.79860000	      0.00000000	    -22.72385000
     93.75000000	      0.00000000	     -1.19170000
     35.37204000	      0.00000000	    -16.55412000
     57.64469000	      0.00000000	     -7.49714000
     43.66168000	      0.00000000	    -21.43147000
     60.41993000	      0.00000000	     -8.72709000
    111.73433000	      0.00000000	     -1.16412000
     26.90283000	      0.00000000	     -1.26533000
     45.48348000	      0.00000000	     -4.53307000
     58.61392000	      0.00000000	    -22.41126000
     77.81942000	      0.00000000	     -1.24798000
      8.41760000	      0.00000000	     -1.53874000
    121.12500000	      0.00000000	     -0.43365000
    119.41241000	      0.00000000	    -22.00370000
     85.04868000	      0.00000000	     -2.33392000
    127.53929000	      0.00000000	     -3.54594000
     52.02503000	      0.00000000	     -1.26521000
     26.36168000	      0.00000000	     -2.49850000
     93.90264000	      0.00000000	     -7.88038000
     59.48046000	      0.00000000	     -6.48875000
     68.43623000	      0.00000000	     -7.91708000
     61.09128000	      0.00000000	     -1.30982000
     44.53410000	      0.00000000	     -4.10230000
     75.30243000	      0.00000000	    -20.89867000
    110.73036000	      0.00000000	     -6.02266000
    125.65735000	      0.00000000	     -1.21091000
     54.11996000	      0.00000000	     -1.12737000
     92.87800000	      0.00000000	     -2.09542000
     17.68558000	      0.00000000	     -7.00728000
     10.92941000	      0.00000000	    -21.31501000
     15.86332000	      0.00000000	     -1.28812000
     89.27578000	      0.00000000	     -2.69360000
    124.85950000	      0.00000000	     -0.42682000
    102.68563000	      0.00000000	     -1.21377000
     26.24274000	      0.00000000	     -1.13882000
     44.39844000	      0.00000000	    -25.45448000
CELLS 2542 10168
3	430    800    960    
3	668    798    799    
3	638    873    874    
3	760    227    992    
3	506    727    747    
3	456    922    1211    
3	1070    1169    1209    
3	95    258    306    
3	573    313    764    
3	782    280    886    
3	313    314    315    
3	920    272    981    
3	818    588    1202    
3	230    740    927    
3	713    498    830    
3	713    830    879    
3	962    224    1306    
3	1188    1044    1202    
3	925    240    968    
3	1096    1077    1131    
3	1180    751    1315    
3	744    860    1077    
3	828    234    1038    
3	830    783    1245    
3	793    526    794    
3	690    785    935    
3	526    793    1212    
3	769    455    876    
3	822    813    1061    
3	588    714    1202    
3	638    874    1118    
3	463    715    1080    
3	792    698    943    
3	827    221    982    
3	668    1167    1256    
3	782    618    1113    
3	1040    788    1041    
3	548    823    884    
3	851    224    962    
3	435    814    1192    
3	308    312    313    
3	455    769    875    
3	921    920    981    
3	858    857    859    
3	842    245    1015    
3	778    642    1234    
3	565    813    822    
3	376    954    1059    
3	934    795    1055    
3	1059    954    1185    
3	690    564    785    
3	1235    709    1344    
3	892    443    1120    
3	784    225    991    
3	442    904    1197    
3	221    827    921    
3	678    807    958    
3	245    842    1016    
3	860    744    1076    
3	802    550    803    
3	678    494    807    
3	548    885    1103    
3	805    536    806    
3	313    315    947    
3	870    705    1100    
3	517    698    792    
3	262    781    1136    
3	548    543    823    
3	777    1065    1230    
3	618    760    1113    
3	313    312    314    
3	957    777    1230    
3	740    230    1270    
3	430    380    800    
3	725    535    880    
3	649    1090    1283    
3	729    447    931    
3	804    279    888    
3	883    532    1214    
3	705    870    1201    
3	443    926    1120    
3	675    663    808    
3	737    938    1017    
3	447    729    1166    
3	355    349    875    
3	521    535    725    
3	838    548    1103    
3	255    880    995    
3	849    301    1039    
3	1028    813    1052    
3	727    506    1111    
3	1044    1043    1202    
3	955    303    1091    
3	706    930    1192    
3	1069    335    1078    
3	675    808    952    
3	707    558    836    
3	440    871    1105    
3	804    624    1102    
3	910    310    978    
3	308    313    573    
3	895    1005    1112    
3	435    354    814    
3	290    939    964    
3	243    911    1092    
3	834    690    835    
3	493    1156    1247    
3	918    916    1095    
3	285    999    1350    
3	809    222    989    
3	732    429    1064    
3	764    313    947    
3	131    5    956    
3	640    788    1144    
3	112    908    1287    
3	916    446    1095    
3	459    463    1080    
3	1181    1180    1315    
3	688    537    839    
3	439    934    1055    
3	513    514    699    
3	707    836    1081    
3	704    670    824    
3	624    784    1102    
3	641    772    1288    
3	899    1074    1260    
3	999    829    1350    
3	930    706    1094    
3	874    416    1220    
3	757    910    978    
3	815    277    896    
3	429    732    1163    
3	856    267    857    
3	668    799    932    
3	349    455    875    
3	268    862    863    
3	890    669    1196    
3	803    998    1049    
3	856    857    858    
3	756    653    840    
3	815    630    1104    
3	849    640    1144    
3	1115    1114    1233    
3	1032    1031    1081    
3	766    1241    1329    
3	904    442    1309    
3	440    977    1229    
3	1005    895    1006    
3	642    778    1197    
3	770    505    771    
3	920    641    1288    
3	513    699    700    
3	517    479    521    
3	731    572    843    
3	249    845    1008    
3	829    999    1126    
3	1156    1157    1247    
3	805    806    1190    
3	478    317    479    
3	737    1017    1251    
3	870    1100    1385    
3	246    965    1195    
3	698    521    725    
3	418    841    1233    
3	669    704    1196    
3	517    521    698    
3	630    809    1104    
3	922    859    1211    
3	478    479    517    
3	798    668    1256    
3	1031    237    1081    
3	533    737    1251    
3	527    819    820    
3	1074    264    1260    
3	508    550    802    
3	891    805    1190    
3	280    782    1113    
3	965    246    1170    
3	746    604    1272    
3	227    760    1317    
3	486    536    805    
3	532    883    1087    
3	444    1096    1131    
3	445    418    1233    
3	773    472    1326    
3	731    843    1254    
3	688    839    968    
3	831    580    854    
3	315    317    478    
3	756    923    1007    
3	300    854    1037    
3	950    1110    1138    
3	884    239    1026    
3	254    843    985    
3	700    699    850    
3	890    289    1010    
3	223    946    987    
3	414    416    874    
3	877    296    1027    
3	814    483    1084    
3	825    435    1349    
3	874    703    1118    
3	704    824    1174    
3	828    1038    1206    
3	278    990    1226    
3	355    875    1178    
3	756    840    923    
3	765    573    1281    
3	224    851    1322    
3	1195    965    1204    
3	891    241    1023    
3	971    358    1168    
3	454    974    1122    
3	463    513    715    
3	360    483    814    
3	454    928    1121    
3	112    113    908    
3	786    849    1177    
3	842    533    1251    
3	887    736    1212    
3	949    242    1271    
3	845    249    924    
3	352    435    825    
3	575    580    831    
3	562    690    834    
3	771    852    961    
3	444    1089    1096    
3	269    870    1385    
3	503    505    770    
3	1002    677    1249    
3	984    806    1299    
3	433    941    1152    
3	885    884    1026    
3	370    480    816    
3	970    433    1152    
3	490    508    572    
3	905    260    906    
3	816    480    1093    
3	541    548    838    
3	547    565    822    
3	524    783    830    
3	828    786    1177    
3	977    440    1105    
3	680    682    973    
3	465    468    490    
3	940    454    1122    
3	408    892    1222    
3	315    316    317    
3	882    229    1308    
3	490    468    508    
3	275    984    1299    
3	498    496    830    
3	572    508    802    
3	472    511    1326    
3	886    280    1328    
3	1114    445    1233    
3	699    708    848    
3	928    406    1250    
3	877    822    1061    
3	781    262    1173    
3	477    475    503    
3	465    323    468    
3	1089    679    1096    
3	850    990    1322    
3	463    474    513    
3	852    771    1274    
3	270    915    1381    
3	839    925    968    
3	533    519    737    
3	767    764    1244    
3	504    503    641    
3	943    256    944    
3	699    514    708    
3	879    830    1245    
3	500    773    774    
3	518    517    792    
3	225    784    1330    
3	641    770    772    
3	500    472    773    
3	953    471    954    
3	774    773    790    
3	677    716    1249    
3	236    935    1034    
3	458    459    475    
3	467    472    500    
3	714    1188    1202    
3	279    804    1102    
3	1041    788    1182    
3	527    522    819    
3	843    254    1254    
3	730    883    1214    
3	796    797    1057    
3	467    457    472    
3	119    267    856    
3	658    659    845    
3	321    323    465    
3	268    107    862    
3	269    99    870    
3	292    1016    1251    
3	221    921    981    
3	677    515    716    
3	315    314    316    
3	756    1007    1303    
3	889    549    1278    
3	749    610    758    
3	740    604    746    
3	963    291    1012    
3	587    588    818    
3	806    984    1190    
3	803    1049    1097    
3	826    636    827    
3	774    790    844    
3	747    727    757    
3	864    863    865    
3	793    887    1212    
3	573    764    1281    
3	367    816    1361    
3	873    414    874    
3	572    802    843    
3	794    526    795    
3	859    857    861    
3	858    859    860    
3	485    484    496    
3	658    845    924    
3	1128    1211    1230    
3	488    486    805    
3	482    481    486    
3	659    752    845    
3	448    408    1222    
3	458    475    477    
3	483    439    484    
3	480    438    481    
3	338    440    1229    
3	684    1069    1078    
3	1060    355    1178    
3	861    957    1230    
3	760    992    1113    
3	741    707    789    
3	383    918    1095    
3	327    457    467    
3	911    735    1092    
3	604    606    1272    
3	799    344    1276    
3	754    955    1091    
3	460    1128    1230    
3	691    842    1015    
3	676    892    1120    
3	772    770    1248    
3	800    385    801    
3	648    652    894    
3	1147    1148    1292    
3	521    532    535    
3	511    515    677    
3	878    697    1204    
3	791    401    811    
3	787    587    817    
3	261    112    1287    
3	494    488    807    
3	1108    649    1283    
3	974    454    1121    
3	436    897    1157    
3	722    1195    1204    
3	334    337    902    
3	683    680    973    
3	268    863    864    
3	477    503    504    
3	689    572    731    
3	894    652    895    
3	960    800    1210    
3	406    448    1250    
3	263    856    858    
3	854    300    1297    
3	262    1136    1201    
3	114    260    905    
3	565    753    812    
3	557    558    707    
3	742    598    1354    
3	1134    1135    1241    
3	518    792    945    
3	269    757    978    
3	939    247    1174    
3	486    487    536    
3	485    496    498    
3	519    498    713    
3	867    953    954    
3	536    537    688    
3	222    809    1342    
3	483    484    485    
3	519    713    737    
3	513    474    514    
3	865    971    1168    
3	522    494    678    
3	496    497    524    
3	932    355    1060    
3	504    641    721    
3	428    453    458    
3	669    670    704    
3	963    696    1262    
3	950    434    1110    
3	691    533    842    
3	370    371    438    
3	347    349    355    
3	488    805    807    
3	524    525    735    
3	482    486    488    
3	1090    902    1283    
3	416    445    1220    
3	318    321    730    
3	813    1028    1061    
3	480    481    482    
3	234    828    1177    
3	774    844    1350    
3	522    678    819    
3	1241    1135    1329    
3	277    815    1104    
3	428    458    1325    
3	496    524    830    
3	464    917    942    
3	954    471    1185    
3	360    439    483    
3	524    735    783    
3	917    464    1149    
3	342    344    799    
3	503    475    505    
3	491    718    976    
3	472    510    511    
3	321    322    323    
3	360    361    439    
3	641    503    770    
3	788    1040    1144    
3	784    991    1102    
3	786    640    849    
3	508    549    550    
3	832    831    855    
3	652    653    756    
3	696    933    1262    
3	990    850    1226    
3	370    438    480    
3	622    624    804    
3	826    827    1381    
3	616    618    782    
3	858    860    1076    
3	628    630    815    
3	608    610    749    
3	602    604    740    
3	596    598    742    
3	105    868    1324    
3	905    906    907    
3	653    655    840    
3	655    658    840    
3	310    910    1310    
3	630    632    809    
3	840    658    1199    
3	659    661    752    
3	349    350    455    
3	703    874    1220    
3	634    636    826    
3	624    626    784    
3	618    620    760    
3	598    600    755    
3	612    614    762    
3	592    594    754    
3	418    420    841    
3	328    330    872    
3	590    592    745    
3	564    567    785    
3	569    571    832    
3	577    579    786    
3	582    584    787    
3	396    398    791    
3	588    590    714    
3	663    665    808    
3	670    672    824    
3	543    545    823    
3	558    560    836    
3	906    260    1252    
3	380    382    800    
3	537    539    839    
3	939    723    964    
3	324    327    768    
3	626    628    763    
3	620    622    759    
3	614    616    761    
3	606    608    748    
3	600    602    739    
3	594    596    726    
3	347    348    349    
3	632    634    780    
3	402    404    454    
3	658    924    1199    
3	354    357    814    
3	422    424    778    
3	647    648    894    
3	424    426    442    
3	406    408    448    
3	410    412    443    
3	416    418    445    
3	420    422    441    
3	1287    919    1379    
3	557    707    741    
3	565    812    813    
3	661    675    752    
3	764    947    1244    
3	357    360    814    
3	665    669    808    
3	511    512    515    
3	560    562    834    
3	562    564    690    
3	567    569    651    
3	571    575    831    
3	575    577    580    
3	579    582    640    
3	584    586    587    
3	386    388    437    
3	1148    767    1292    
3	907    906    917    
3	412    414    873    
3	700    850    851    
3	652    756    1303    
3	390    392    434    
3	394    396    431    
3	770    946    1248    
3	398    400    401    
3	638    1119    1380    
3	367    370    816    
3	327    328    457    
3	849    1039    1177    
3	919    1158    1247    
3	318    320    321    
3	333    334    902    
3	672    723    824    
3	951    288    1219    
3	793    527    887    
3	895    652    1303    
3	749    758    882    
3	539    541    838    
3	753    554    1332    
3	930    435    1192    
3	541    543    548    
3	545    547    822    
3	547    552    565    
3	554    556    557    
3	301    849    1144    
3	775    774    829    
3	382    385    800    
3	857    267    957    
3	373    375    433    
3	1242    1235    1344    
3	378    380    430    
3	382    384    385    
3	672    674    723    
3	823    822    877    
3	545    822    823    
3	539    838    839    
3	1065    1064    1129    
3	829    774    1350    
3	106    268    866    
3	398    401    791    
3	408    410    892    
3	661    663    675    
3	817    587    818    
3	584    587    787    
3	579    640    786    
3	363    365    432    
3	571    831    832    
3	560    834    836    
3	567    651    785    
3	665    667    669    
3	925    295    1025    
3	745    592    1337    
3	771    505    1274    
3	778    424    1351    
3	1057    797    1390    
3	367    369    370    
3	426    428    846    
3	740    746    927    
3	976    718    1088    
3	229    882    1338    
3	770    771    946    
3	420    441    841    
3	836    834    1032    
3	763    628    815    
3	759    622    804    
3	761    616    782    
3	748    608    749    
3	739    602    740    
3	726    596    742    
3	714    590    745    
3	860    859    922    
3	780    634    826    
3	632    780    809    
3	1052    813    1255    
3	655    657    658    
3	783    735    911    
3	594    726    754    
3	600    739    755    
3	614    761    762    
3	620    759    760    
3	626    763    784    
3	552    554    753    
3	888    279    1347    
3	352    354    435    
3	696    692    933    
3	357    359    360    
3	441    422    778    
3	987    946    988    
3	1107    263    1356    
3	919    918    1158    
3	515    516    796    
3	648    650    652    
3	338    340    440    
3	963    1012    1195    
3	5    256    956    
3	445    1114    1220    
3	1169    283    1227    
3	404    406    928    
3	365    367    1361    
3	872    330    1314    
3	775    829    913    
3	587    586    588    
3	942    682    1085    
3	809    989    1104    
3	344    346    347    
3	1098    295    1103    
3	755    739    914    
3	401    402    940    
3	516    646    647    
3	334    336    337    
3	29    154    966    
3	900    1260    1266    
3	388    390    950    
3	535    532    1087    
3	324    326    327    
3	401    400    402    
3	897    898    1157    
3	880    255    1209    
3	995    880    1109    
3	697    722    1204    
3	823    877    1194    
3	736    887    1020    
3	761    782    886    
3	259    1134    1241    
3	478    517    518    
3	486    481    487    
3	807    805    891    
3	768    889    1278    
3	443    412    873    
3	442    426    846    
3	894    895    1112    
3	1116    448    1117    
3	758    610    1331    
3	808    669    890    
3	819    949    1271    
3	330    332    333    
3	565    552    753    
3	557    556    558    
3	802    803    1097    
3	730    465    883    
3	266    1066    1213    
3	536    487    537    
3	266    937    1066    
3	884    823    1194    
3	490    689    883    
3	496    484    497    
3	928    686    1121    
3	759    804    888    
3	580    828    1206    
3	1036    235    1294    
3	1016    842    1251    
3	385    384    386    
3	1034    935    1279    
3	263    118    856    
3	100    262    870    
3	108    264    862    
3	723    674    724    
3	721    641    920    
3	867    864    953    
3	344    347    1276    
3	873    638    1380    
3	458    453    459    
3	798    342    799    
3	697    696    722    
3	1035    299    1285    
3	803    550    913    
3	716    796    1057    
3	692    691    933    
3	708    821    1133    
3	865    863    931    
3	637    841    1319    
3	1234    837    1319    
3	521    479    532    
3	944    256    1125    
3	524    497    525    
3	735    525    736    
3	1018    244    1372    
3	499    498    519    
3	768    467    889    
3	763    815    896    
3	548    884    885    
3	854    580    1206    
3	481    438    1161    
3	385    386    1062    
3	983    273    1199    
3	296    877    1061    
3	843    802    1386    
3	370    369    371    
3	554    557    1332    
3	883    689    1087    
3	839    838    925    
3	248    1009    1355    
3	669    667    670    
3	698    725    1169    
3	375    378    941    
3	520    519    533    
3	534    533    691    
3	1169    725    1209    
3	1086    1172    1173    
3	820    819    1271    
3	890    1010    1258    
3	490    572    689    
3	317    316    318    
3	855    831    1297    
3	915    826    1381    
3	113    905    908    
3	737    713    938    
3	392    394    1067    
3	451    1069    1176    
3	1064    429    1129    
3	1077    461    1131    
3	272    920    1288    
3	489    488    494    
3	1008    845    1219    
3	1193    731    1321    
3	762    1307    1362    
3	500    775    889    
3	321    320    322    
3	841    637    1233    
3	582    787    1348    
3	802    1097    1386    
3	780    826    915    
3	360    359    361    
3	819    678    949    
3	891    1023    1269    
3	658    657    659    
3	831    854    1297    
3	980    772    986    
3	455    350    825    
3	862    264    1365    
3	824    723    939    
3	495    494    522    
3	523    522    527    
3	472    457    510    
3	349    348    350    
3	749    882    1308    
3	716    515    796    
3	440    340    798    
3	797    796    1373    
3	122    123    266    
3	111    112    261    
3	117    118    263    
3	103    104    265    
3	106    107    268    
3	100    101    262    
3	108    109    264    
3	98    99    269    
3	119    120    267    
3	114    115    260    
3	113    114    905    
3	931    447    971    
3	835    690    1253    
3	863    862    959    
3	1229    810    1283    
3	508    468    549    
3	846    428    1325    
3	410    443    892    
3	260    973    1252    
3	500    774    775    
3	103    265    1086    
3	652    650    653    
3	340    342    798    
3	764    767    1281    
3	250    1006    1303    
3	347    346    348    
3	1086    265    1315    
3	796    516    1373    
3	947    518    1244    
3	98    269    978    
3	694    692    696    
3	592    754    1337    
3	833    832    1294    
3	117    263    1107    
3	752    675    951    
3	1134    765    1135    
3	762    761    1307    
3	396    791    1374    
3	896    277    1368    
3	337    336    338    
3	511    510    512    
3	866    864    867    
3	104    105    1324    
3	371    373    912    
3	909    907    916    
3	321    465    730    
3	256    943    956    
3	647    646    648    
3	527    820    887    
3	754    726    955    
3	1067    394    1264    
3	318    730    1311    
3	388    950    1316    
3	806    536    1352    
3	598    755    1354    
3	327    467    768    
3	569    832    1370    
3	788    640    1348    
3	121    1237    1238    
3	515    512    516    
3	327    326    328    
3	941    378    1305    
3	465    490    883    
3	333    332    334    
3	908    907    909    
3	295    925    1103    
3	323    322    324    
3	769    876    1378    
3	852    851    961    
3	917    906    942    
3	610    612    1331    
3	299    967    1285    
3	1062    437    1137    
3	1085    682    1239    
3	814    1084    1192    
3	715    700    852    
3	350    352    825    
3	475    459    1080    
3	454    404    928    
3	1202    302    1295    
3	833    1285    1370    
3	438    371    912    
3	118    119    856    
3	361    363    934    
3	577    786    1387    
3	467    500    889    
3	879    1018    1372    
3	107    108    862    
3	99    100    870    
3	941    720    1152    
3	933    691    1015    
3	915    270    1388    
3	902    337    1283    
3	330    333    1314    
3	979    701    1082    
3	961    851    962    
3	964    965    966    
3	757    269    1385    
3	309    853    1068    
3	264    109    1260    
3	851    850    1322    
3	871    440    1256    
3	775    913    1232    
3	588    589    590    
3	239    884    1194    
3	402    454    940    
3	1032    834    1259    
3	1158    493    1247    
3	952    248    1355    
3	502    897    1058    
3	948    683    973    
3	484    439    1055    
3	834    835    1259    
3	776    734    777    
3	916    907    917    
3	385    1062    1265    
3	885    1098    1103    
3	335    1069    1207    
3	1037    854    1206    
3	643    940    1122    
3	402    403    404    
3	590    591    592    
3	922    456    1261    
3	154    290    966    
3	626    627    628    
3	624    625    626    
3	622    623    624    
3	620    621    622    
3	618    619    620    
3	616    617    618    
3	614    615    616    
3	612    613    614    
3	610    611    612    
3	608    609    610    
3	606    607    608    
3	604    605    606    
3	602    603    604    
3	600    601    602    
3	592    593    594    
3	598    599    600    
3	596    597    598    
3	594    595    596    
3	630    631    632    
3	628    629    630    
3	855    1036    1294    
3	324    768    1384    
3	289    890    1196    
3	516    647    1373    
3	390    434    950    
3	446    916    1300    
3	632    633    634    
3	911    243    1289    
3	312    311    910    
3	864    865    953    
3	994    1257    1308    
3	266    123    936    
3	404    405    406    
3	333    902    1143    
3	406    407    408    
3	408    409    410    
3	410    411    412    
3	412    413    414    
3	414    415    416    
3	416    417    418    
3	418    419    420    
3	420    421    422    
3	422    423    424    
3	716    1057    1313    
3	832    855    1294    
3	106    866    1391    
3	513    700    715    
3	261    1287    1379    
3	636    903    1186    
3	317    318    1311    
3	785    651    967    
3	479    317    1214    
3	558    559    560    
3	816    1093    1200    
3	424    425    426    
3	634    635    636    
3	240    925    1025    
3	305    944    1125    
3	433    375    941    
3	760    759    1317    
3	966    965    1170    
3	722    696    963    
3	241    891    1190    
3	386    387    388    
3	723    724    964    
3	485    498    499    
3	560    561    562    
3	1169    1227    1367    
3	562    563    564    
3	564    566    567    
3	567    568    569    
3	569    570    571    
3	571    574    575    
3	575    576    577    
3	577    578    579    
3	401    940    1301    
3	579    581    582    
3	582    583    584    
3	1043    302    1202    
3	584    585    586    
3	434    1067    1139    
3	1198    460    1230    
3	640    582    1348    
3	836    1032    1081    
3	924    983    1199    
3	378    430    1305    
3	877    1027    1194    
3	903    639    1371    
3	120    121    1238    
3	924    249    983    
3	824    939    1174    
3	388    389    390    
3	390    391    392    
3	392    393    394    
3	394    395    396    
3	439    361    934    
3	396    397    398    
3	398    399    400    
3	537    538    539    
3	314    312    727    
3	867    954    1223    
3	909    916    918    
3	867    1223    1360    
3	639    903    904    
3	102    1086    1173    
3	870    262    1201    
3	266    936    937    
3	923    273    1208    
3	853    1183    1224    
3	767    1148    1280    
3	482    488    489    
3	734    732    1064    
3	260    115    948    
3	371    372    373    
3	539    540    541    
3	694    696    697    
3	541    542    543    
3	543    544    545    
3	545    546    547    
3	878    769    1378    
3	547    551    552    
3	880    535    881    
3	552    553    554    
3	554    555    556    
3	457    328    872    
3	744    743    1076    
3	306    258    307    
3	708    710    821    
3	426    427    428    
3	744    1077    1096    
3	670    671    672    
3	859    861    1211    
3	1046    955    1228    
3	499    519    520    
3	373    374    375    
3	375    377    378    
3	378    379    380    
3	380    381    382    
3	382    383    384    
3	443    873    1380    
3	534    691    692    
3	612    762    1331    
3	520    533    534    
3	115    116    948    
3	1068    853    1224    
3	681    743    744    
3	672    673    674    
3	230    927    1334    
3	271    1022    1377    
3	1183    529    1224    
3	262    101    1173    
3	721    920    921    
3	273    923    1199    
3	361    362    363    
3	784    763    1330    
3	318    319    320    
3	1017    292    1251    
3	659    660    661    
3	290    964    966    
3	817    818    1295    
3	1019    243    1092    
3	1007    250    1303    
3	268    864    866    
3	489    494    495    
3	363    364    365    
3	853    492    1183    
3	365    366    367    
3	523    527    793    
3	367    368    369    
3	395    393    1085    
3	495    522    523    
3	752    951    1219    
3	314    727    1111    
3	536    688    1352    
3	373    433    1376    
3	790    773    1225    
3	661    662    663    
3	477    504    639    
3	663    664    665    
3	731    1193    1312    
3	665    666    667    
3	431    396    1374    
3	900    899    1260    
3	932    799    1276    
3	468    323    1278    
3	898    900    901    
3	913    550    1232    
3	699    848    1226    
3	917    1149    1300    
3	953    865    1168    
3	350    351    352    
3	1021    820    1053    
3	363    432    1359    
3	1006    895    1303    
3	729    931    959    
3	809    780    1342    
3	739    740    1270    
3	811    401    1301    
3	653    654    655    
3	939    290    1184    
3	948    116    1346    
3	352    353    354    
3	844    790    1336    
3	354    356    357    
3	868    869    1181    
3	247    939    1184    
3	893    309    1068    
3	750    1086    1315    
3	357    358    359    
3	394    431    1264    
3	502    712    897    
3	777    1064    1065    
3	905    907    908    
3	651    569    1370    
3	918    383    1158    
3	898    901    1157    
3	944    305    1146    
3	841    441    1319    
3	700    851    852    
3	655    656    657    
3	958    271    1377    
3	338    339    340    
3	865    931    971    
3	386    437    1062    
3	124    893    936    
3	1050    1035    1285    
3	897    436    1171    
3	679    681    1096    
3	964    724    965    
3	850    699    1226    
3	322    320    1072    
3	848    708    1353    
3	803    913    1286    
3	340    341    342    
3	1223    869    1360    
3	801    385    1265    
3	471    953    1168    
3	648    649    650    
3	342    343    344    
3	777    734    1064    
3	123    124    936    
3	998    803    1286    
3	263    858    1076    
3	344    345    346    
3	315    478    947    
3	748    749    1308    
3	702    912    1153    
3	954    376    1223    
3	459    462    463    
3	644    1062    1137    
3	334    335    336    
3	701    705    1082    
3	787    817    1383    
3	328    329    330    
3	518    945    1244    
3	111    261    1266    
3	869    868    1360    
3	808    890    1258    
3	946    223    1248    
3	1186    903    1371    
3	463    473    474    
3	325    322    1072    
3	861    857    957    
3	1069    728    1176    
3	735    736    1092    
3	934    363    1359    
3	324    325    326    
3	516    645    646    
3	647    894    1340    
3	807    891    1269    
3	1017    938    1187    
3	588    586    589    
3	1285    651    1370    
3	741    789    1282    
3	261    1246    1266    
3	434    392    1067    
3	813    812    1255    
3	728    750    751    
3	402    400    403    
3	684    685    728    
3	639    504    1371    
3	437    388    1316    
3	235    1050    1294    
3	330    331    332    
3	1245    783    1382    
3	726    742    1228    
3	242    949    1231    
3	845    752    1219    
3	580    577    1387    
3	791    811    1063    
3	1114    703    1220    
3	937    529    1066    
3	355    932    1276    
3	442    846    1309    
3	558    556    559    
3	800    801    1210    
3	810    1108    1283    
3	1020    1019    1092    
3	779    950    1138    
3	288    951    1191    
3	464    942    1085    
3	424    442    1351    
3	466    507    701    
3	868    105    1391    
3	386    384    387    
3	714    745    1188    
3	833    1050    1285    
3	450    531    684    
3	485    499    1084    
3	437    1130    1137    
3	771    961    988    
3	590    589    591    
3	912    702    1341    
3	892    676    1222    
3	772    980    1288    
3	626    625    627    
3	624    623    625    
3	622    621    623    
3	620    619    621    
3	618    617    619    
3	616    615    617    
3	592    591    593    
3	614    613    615    
3	612    611    613    
3	610    609    611    
3	608    607    609    
3	606    605    607    
3	604    603    605    
3	602    601    603    
3	600    599    601    
3	598    597    599    
3	596    595    597    
3	594    593    595    
3	628    627    629    
3	96    97    310    
3	630    629    631    
3	724    674    878    
3	684    728    1069    
3	441    778    1234    
3	537    487    538    
3	632    631    633    
3	909    918    919    
3	913    829    1126    
3	792    943    944    
3	393    464    1085    
3	1065    1198    1230    
3	404    403    405    
3	450    684    1078    
3	406    405    407    
3	408    407    409    
3	410    409    411    
3	412    411    413    
3	414    413    415    
3	416    415    417    
3	418    417    419    
3	420    419    421    
3	422    421    423    
3	866    867    1360    
3	528    469    732    
3	424    423    425    
3	1260    110    1266    
3	428    452    453    
3	1227    956    1367    
3	832    833    1370    
3	371    369    372    
3	310    97    978    
3	955    726    1228    
3	912    373    1376    
3	560    559    561    
3	1067    687    1139    
3	634    633    635    
3	562    561    563    
3	441    1234    1319    
3	564    563    566    
3	567    566    568    
3	569    568    570    
3	571    570    574    
3	670    667    671    
3	1157    901    1247    
3	575    574    576    
3	577    576    578    
3	579    578    581    
3	582    581    583    
3	584    583    585    
3	525    497    526    
3	853    309    1333    
3	482    489    1093    
3	636    635    903    
3	1050    833    1294    
3	758    1165    1343    
3	681    744    1096    
3	388    387    389    
3	674    769    878    
3	390    389    391    
3	392    391    393    
3	394    393    395    
3	396    395    397    
3	398    397    399    
3	291    963    1262    
3	124    125    893    
3	968    240    1024    
3	361    359    362    
3	795    526    1055    
3	260    948    973    
3	539    538    540    
3	794    795    972    
3	435    930    1349    
3	541    540    542    
3	1000    844    1336    
3	543    542    544    
3	545    544    546    
3	547    546    551    
3	552    551    553    
3	303    955    1275    
3	1117    448    1222    
3	554    553    555    
3	659    657    660    
3	996    284    1193    
3	967    299    1279    
3	1123    637    1319    
3	97    98    978    
3	373    372    374    
3	466    701    1072    
3	789    707    1366    
3	426    425    427    
3	323    324    1384    
3	375    374    377    
3	378    377    379    
3	880    881    1109    
3	380    379    381    
3	382    381    383    
3	350    348    351    
3	1009    1191    1355    
3	248    952    1258    
3	693    692    694    
3	432    365    1361    
3	229    994    1308    
3	935    236    1253    
3	713    879    1372    
3	672    671    673    
3	1084    706    1192    
3	674    673    769    
3	318    316    319    
3	952    808    1258    
3	1284    695    1364    
3	653    650    654    
3	897    712    898    
3	866    1360    1391    
3	837    1123    1319    
3	363    362    364    
3	338    336    339    
3	276    987    988    
3	688    968    969    
3	365    364    366    
3	367    366    368    
3	690    935    1253    
3	131    956    1227    
3	916    917    1300    
3	499    706    1084    
3	821    1242    1344    
3	440    798    1256    
3	122    266    1217    
3	530    449    979    
3	661    660    662    
3	663    662    664    
3	665    664    666    
3	403    400    1089    
3	1018    879    1245    
3	606    748    1272    
3	957    267    1369    
3	958    807    1269    
3	320    319    466    
3	1093    719    1200    
3	455    825    1284    
3	510    457    872    
3	725    880    1209    
3	686    928    1250    
3	648    646    649    
3	352    351    353    
3	777    957    1369    
3	334    332    335    
3	733    732    734    
3	328    326    329    
3	337    338    1229    
3	354    353    356    
3	448    1116    1250    
3	86    211    272    
3	168    42    241    
3	85    210    221    
3	22    147    983    
3	210    84    982    
3	84    209    270    
3	136    10    985    
3	169    43    275    
3	213    87    223    
3	208    82    222    
3	88    213    987    
3	82    207    989    
3	214    88    276    
3	207    81    277    
3	90    215    224    
3	80    205    225    
3	205    79    991    
3	79    204    279    
3	203    77    227    
3	77    202    992    
3	202    76    280    
3	75    200    228    
3	200    74    993    
3	74    199    281    
3	72    197    994    
3	198    72    229    
3	197    71    282    
3	133    7    255    
3	8    133    995    
3	134    8    284    
3	10    135    254    
3	138    12    253    
3	13    138    999    
3	139    13    285    
3	15    140    252    
3	141    15    1001    
3	16    141    286    
3	143    17    251    
3	18    143    1004    
3	144    18    287    
3	20    145    250    
3	148    22    249    
3	23    148    1008    
3	149    23    288    
3	25    150    248    
3	151    25    1010    
3	26    151    289    
3	153    27    247    
3	154    28    290    
3	30    155    246    
3	156    30    1012    
3	31    156    291    
3	158    32    245    
3	33    158    1016    
3	159    33    292    
3	35    160    244    
3	161    35    1018    
3	36    161    293    
3	163    37    243    
3	38    163    1019    
3	164    38    294    
3	40    165    242    
3	167    41    271    
3	42    167    1023    
3	45    170    240    
3	171    45    1025    
3	46    171    295    
3	173    47    239    
3	48    173    1027    
3	174    48    296    
3	50    175    238    
3	176    50    1029    
3	51    176    297    
3	178    52    237    
3	53    178    1031    
3	179    53    298    
3	55    180    236    
3	181    55    1034    
3	56    181    299    
3	183    57    235    
3	58    183    1036    
3	184    58    300    
3	60    185    234    
3	186    60    1039    
3	61    186    301    
3	188    62    233    
3	63    188    1042    
3	189    63    302    
3	65    190    232    
3	191    65    1045    
3	66    191    303    
3	193    67    231    
3	68    193    1047    
3	194    68    304    
3	70    195    230    
3	43    168    984    
3	11    136    274    
3	147    21    273    
3	211    85    981    
3	67    192    1046    
3	190    64    1044    
3	62    187    1041    
3	64    189    1043    
3	187    61    1040    
3	57    182    1050    
3	185    59    1038    
3	180    54    1051    
3	182    56    1035    
3	59    184    1037    
3	54    179    1033    
3	175    49    1052    
3	49    174    1028    
3	47    172    1026    
3	165    39    1053    
3	170    44    1024    
3	41    166    1022    
3	39    164    1021    
3	483    485    1084    
3	34    159    1017    
3	32    157    1014    
3	157    31    1013    
3	27    152    1054    
3	357    356    358    
3	152    26    1011    
3	150    24    1009    
3	145    19    1006    
3	146    20    1007    
3	708    514    710    
3	458    477    1302    
3	19    144    1005    
3	17    142    1056    
3	172    46    1098    
3	1058    897    1171    
3	87    212    986    
3	889    775    1232    
3	140    14    1000    
3	586    585    975    
3	142    16    1003    
3	137    11    1049    
3	655    654    656    
3	271    958    1269    
3	1071    278    1226    
3	135    9    997    
3	212    86    980    
3	887    820    1203    
3	869    1179    1180    
3	1161    438    1341    
3	931    863    959    
3	340    339    341    
3	1110    434    1139    
3	244    1187    1372    
3	812    753    1263    
3	516    512    645    
3	387    384    1095    
3	12    137    998    
3	324    322    325    
3	1071    848    1079    
3	342    341    343    
3	902    1090    1143    
3	776    777    1369    
3	711    501    729    
3	795    934    1359    
3	9    134    996    
3	344    343    345    
3	732    469    1163    
3	682    476    1239    
3	162    36    1083    
3	885    1026    1098    
3	480    482    1093    
3	346    345    376    
3	556    555    1106    
3	736    1020    1092    
3	529    937    1224    
3	489    719    1093    
3	701    507    705    
3	677    1002    1225    
3	724    878    1204    
3	783    911    1382    
3	738    734    776    
3	697    878    1378    
3	330    329    331    
3	1211    861    1230    
3	757    727    910    
3	491    717    718    
3	876    1284    1364    
3	1146    1145    1147    
3	369    368    1058    
3	728    685    750    
3	827    982    1381    
3	914    739    1270    
3	684    531    685    
3	667    666    1060    
3	550    549    1232    
3	1135    1148    1329    
3	680    476    682    
3	747    757    1385    
3	817    1295    1357    
3	682    942    1252    
3	727    312    910    
3	7    132    1070    
3	505    475    1080    
3	216    90    990    
3	708    1133    1353    
3	346    376    1059    
3	474    491    976    
3	969    968    1024    
3	265    104    1324    
3	337    1229    1283    
3	267    120    1238    
3	936    893    1068    
3	1036    855    1297    
3	921    827    1186    
3	729    501    1166    
3	909    919    1287    
3	102    103    1086    
3	967    651    1285    
3	284    1109    1193    
3	660    657    1105    
3	688    969    1299    
3	14    139    1155    
3	332    331    1078    
3	528    732    733    
3	820    1021    1203    
3	499    520    706    
3	534    692    693    
3	937    936    1068    
3	935    785    1279    
3	368    502    1058    
3	497    484    1055    
3	927    746    1327    
3	399    476    679    
3	646    645    1090    
3	275    969    1298    
3	979    449    1101    
3	489    495    719    
3	523    793    794    
3	1147    257    1148    
3	525    526    1212    
3	679    680    681    
3	681    683    743    
3	666    932    1060    
3	1038    1037    1206    
3	105    106    1391    
3	116    1107    1346    
3	654    650    1108    
3	348    346    1059    
3	116    117    1107    
3	869    1180    1181    
3	459    453    462    
3	689    731    1312    
3	400    399    1089    
3	466    319    506    
3	860    922    1291    
3	898    899    900    
3	913    1126    1286    
3	195    69    1141    
3	721    1186    1371    
3	28    153    1184    
3	329    326    1101    
3	973    682    1252    
3	507    506    747    
3	466    506    507    
3	487    481    1161    
3	52    177    1162    
3	132    6    283    
3	693    694    695    
3	792    944    945    
3	368    501    502    
3	384    383    1095    
3	444    403    1089    
3	91    216    278    
3	121    122    1217    
3	938    713    1372    
3	828    580    1387    
3	502    711    712    
3	666    668    932    
3	430    960    1154    
3	975    585    1063    
3	728    751    1176    
3	876    455    1284    
3	101    102    1173    
3	589    586    975    
3	946    771    988    
3	71    196    1159    
3	265    1181    1315    
3	733    734    738    
3	326    325    1101    
3	428    427    452    
3	160    34    1187    
3	940    643    1301    
3	693    695    930    
3	511    677    1326    
3	559    556    1106    
3	786    828    1387    
3	848    1071    1226    
3	625    623    637    
3	619    617    703    
3	615    613    638    
3	611    609    926    
3	593    591    643    
3	607    605    676    
3	601    599    686    
3	597    595    974    
3	629    627    837    
3	926    443    1380    
3	633    631    642    
3	530    979    1082    
3	1191    951    1355    
3	405    403    444    
3	409    407    461    
3	415    413    456    
3	419    417    460    
3	438    912    1341    
3	656    810    977    
3	331    449    450    
3	785    967    1279    
3	372    369    1058    
3	563    561    644    
3	570    568    779    
3	576    574    1110    
3	581    578    687    
3	585    583    1075    
3	685    531    781    
3	335    332    1078    
3	425    423    429    
3	24    149    1191    
3	320    466    1072    
3	526    497    1055    
3	657    656    1105    
3	389    387    446    
3	911    1083    1382    
3	393    391    464    
3	399    397    476    
3	336    335    1207    
3	671    667    1060    
3	299    1034    1279    
3	450    530    531    
3	446    387    1095    
3	351    348    1059    
3	540    538    702    
3	1165    758    1331    
3	544    542    970    
3	551    546    720    
3	555    553    960    
3	710    1088    1243    
3	217    91    1071    
3	331    329    449    
3	377    374    436    
3	381    379    493    
3	470    528    529    
3	745    1091    1290    
3	722    963    1195    
3	364    362    447    
3	898    712    899    
3	903    635    904    
3	368    366    501    
3	769    673    875    
3	650    649    1108    
3	972    795    1359    
3	345    343    509    
3	341    339    451    
3	356    353    471    
3	923    840    1199    
3	985    843    1386    
3	925    838    1103    
3	450    449    530    
3	666    664    668    
3	844    1000    1155    
3	29    966    1170    
3	662    660    871    
3	755    914    1389    
3	821    710    1243    
3	649    646    1090    
3	794    972    1099    
3	751    1180    1358    
3	1136    1082    1201    
3	1013    291    1262    
3	637    1115    1233    
3	656    654    810    
3	827    636    1186    
3	1007    923    1208    
3	1148    257    1164    
3	470    469    528    
3	478    518    947    
3	882    758    1343    
3	679    476    680    
3	681    680    683    
3	1133    821    1344    
3	712    711    1074    
3	950    779    1316    
3	399    679    1089    
3	502    501    711    
3	510    872    1073    
3	1263    1030    1277    
3	683    948    1346    
3	512    510    1073    
3	300    1036    1297    
3	359    358    1293    
3	155    29    1170    
3	84    270    982    
3	272    211    981    
3	221    210    982    
3	241    42    1023    
3	168    241    984    
3	85    221    981    
3	249    22    983    
3	213    223    987    
3	222    82    989    
3	10    254    985    
3	276    88    987    
3	207    277    989    
3	274    136    985    
3	225    205    991    
3	79    279    991    
3	227    77    992    
3	202    280    992    
3	288    23    1008    
3	291    156    1012    
3	292    33    1016    
3	285    13    999    
3	287    18    1004    
3	284    8    995    
3	228    200    993    
3	35    244    1018    
3	55    236    1034    
3	60    234    1039    
3	163    243    1019    
3	183    235    1036    
3	188    233    1042    
3	294    38    1019    
3	300    58    1036    
3	302    63    1042    
3	293    161    1018    
3	299    181    1034    
3	301    186    1039    
3	15    252    1001    
3	25    248    1010    
3	286    141    1001    
3	289    151    1010    
3	167    271    1023    
3	133    255    995    
3	138    253    999    
3	143    251    1004    
3	229    72    994    
3	74    281    993    
3	296    48    1027    
3	304    68    1047    
3	295    171    1025    
3	30    246    1012    
3	298    53    1031    
3	148    249    1008    
3	297    176    1029    
3	303    191    1045    
3	158    245    1016    
3	197    282    994    
3	45    240    1025    
3	173    239    1027    
3	193    231    1047    
3	50    238    1029    
3	65    232    1045    
3	178    237    1031    
3	147    273    983    
3	275    43    984    
3	231    67    1046    
3	232    190    1044    
3	233    62    1041    
3	189    302    1043    
3	61    301    1040    
3	64    1043    1044    
3	235    57    1050    
3	234    185    1038    
3	187    1040    1041    
3	236    180    1051    
3	56    299    1035    
3	184    300    1037    
3	182    1035    1050    
3	59    1037    1038    
3	179    298    1033    
3	238    175    1052    
3	54    1033    1051    
3	174    296    1028    
3	239    47    1026    
3	49    1028    1052    
3	242    165    1053    
3	240    170    1024    
3	271    41    1022    
3	164    294    1021    
3	39    1021    1053    
3	159    292    1017    
3	245    32    1014    
3	31    291    1013    
3	247    27    1054    
3	157    1013    1014    
3	26    289    1011    
3	433    970    1153    
3	152    1011    1054    
3	248    150    1009    
3	250    145    1006    
3	46    295    1098    
3	1026    172    1098    
3	881    535    1087    
3	20    250    1007    
3	144    287    1005    
3	251    17    1056    
3	223    87    986    
3	19    1005    1006    
3	463    462    473    
3	316    314    1111    
3	252    140    1000    
3	16    286    1003    
3	11    274    1049    
3	1187    938    1372    
3	254    135    997    
3	86    272    980    
3	36    293    1083    
3	142    1003    1056    
3	358    971    1293    
3	779    1130    1316    
3	253    12    998    
3	212    980    986    
3	720    941    1305    
3	305    1145    1146    
3	528    733    1066    
3	1141    914    1270    
3	134    284    996    
3	1106    555    1210    
3	998    137    1049    
3	715    852    1274    
3	303    1045    1091    
3	1063    585    1075    
3	549    889    1232    
3	474    473    491    
3	331    450    1078    
3	529    528    1066    
3	9    996    997    
3	871    660    1105    
3	1360    868    1391    
3	21    146    1208    
3	986    772    1248    
3	219    93    709    
3	1257    748    1308    
3	347    355    1276    
3	92    217    1079    
3	1318    304    1389    
3	759    888    1317    
3	761    886    1307    
3	139    285    1155    
3	763    896    1330    
3	1159    927    1327    
3	1069    451    1207    
3	1000    14    1155    
3	704    1174    1339    
3	818    1202    1295    
3	520    534    1094    
3	230    195    1141    
3	969    275    1299    
3	153    247    1184    
3	290    28    1184    
3	237    52    1162    
3	449    329    1101    
3	1179    869    1223    
3	453    452    1189    
3	276    988    1345    
3	282    71    1159    
3	255    7    1070    
3	810    654    1108    
3	811    975    1063    
3	495    523    1099    
3	244    160    1187    
3	34    1017    1187    
3	90    224    990    
3	949    1022    1231    
3	1020    887    1203    
3	982    270    1381    
3	721    921    1186    
3	149    288    1191    
3	741    1030    1263    
3	319    316    1111    
3	1009    24    1191    
3	645    512    1073    
3	93    218    1132    
3	514    474    976    
3	991    279    1102    
3	304    1047    1048    
3	298    1031    1032    
3	297    1029    1030    
3	1028    296    1061    
3	294    1019    1020    
3	245    1014    1015    
3	780    915    1342    
3	989    277    1104    
3	1002    1205    1225    
3	1244    945    1292    
3	943    698    1367    
3	1086    750    1172    
3	284    995    1109    
3	246    155    1170    
3	1005    287    1112    
3	452    427    469    
3	656    977    1105    
3	621    619    1114    
3	603    601    1116    
3	251    1056    1057    
3	286    1001    1002    
3	617    615    1118    
3	613    611    1119    
3	609    607    1120    
3	599    597    1121    
3	595    593    1122    
3	627    625    1123    
3	623    621    1115    
3	605    603    1117    
3	631    629    1124    
3	736    525    1212    
3	568    566    1130    
3	1010    248    1258    
3	273    21    1208    
3	127    1    766    
3	146    1007    1208    
3	199    73    1215    
3	1130    437    1316    
3	423    421    1129    
3	992    280    1113    
3	411    409    1127    
3	417    415    1128    
3	407    405    1131    
3	5    130    256    
3	470    529    1183    
3	999    253    1126    
3	899    712    1074    
3	506    319    1111    
3	206    80    1216    
3	591    589    1150    
3	218    92    226    
3	166    40    1231    
3	1049    274    1097    
3	281    199    1215    
3	1023    271    1269    
3	705    507    1100    
3	83    208    1218    
3	257    1147    1151    
3	538    487    1161    
3	421    419    1198    
3	130    4    1125    
3	80    225    1216    
3	1072    701    1296    
3	40    242    1231    
3	1022    166    1231    
3	266    1213    1217    
3	566    563    1137    
3	507    747    1100    
3	574    570    1138    
3	578    576    1139    
3	583    581    1140    
3	208    222    1218    
3	203    227    1221    
3	78    203    1221    
3	706    520    1094    
3	945    944    1146    
3	247    1054    1174    
3	51    297    1240    
3	695    694    1364    
3	635    633    1142    
3	1065    1129    1198    
3	109    110    1260    
3	1040    301    1144    
3	1081    237    1366    
3	4    129    305    
3	75    228    1236    
3	2    127    1164    
3	391    389    1149    
3	177    51    1240    
3	110    111    1266    
3	951    675    1355    
3	452    469    470    
3	1107    743    1346    
3	561    559    1160    
3	129    3    1145    
3	264    1074    1268    
3	719    495    1099    
3	1155    285    1350    
3	546    544    1152    
3	553    551    1154    
3	66    303    1275    
3	1046    192    1275    
3	534    693    1094    
3	972    432    1375    
3	993    281    1165    
3	1033    835    1051    
3	675    952    1355    
3	693    930    1094    
3	201    75    1236    
3	812    1263    1277    
3	243    37    1289    
3	3    128    1151    
3	169    275    1298    
3	1024    44    1298    
3	965    724    1204    
3	379    377    1156    
3	383    381    1158    
3	1147    1145    1151    
3	781    531    1136    
3	1278    323    1384    
3	194    304    1318    
3	1091    745    1337    
3	6    131    1227    
3	557    741    1332    
3	959    862    1365    
3	1172    781    1173    
3	280    76    1328    
3	1240    297    1282    
3	270    209    1388    
3	70    230    1334    
3	277    81    1368    
3	198    229    1338    
3	523    794    1099    
3	279    204    1347    
3	431    1075    1140    
3	1062    644    1265    
3	128    2    257    
3	1012    246    1195    
3	729    959    1268    
3	162    1083    1289    
3	339    336    1207    
3	233    1041    1182    
3	1039    234    1177    
3	132    283    1070    
3	532    479    1214    
3	975    811    1150    
3	949    678    1377    
3	374    372    1171    
3	711    729    1268    
3	504    721    1371    
3	278    216    990    
3	366    364    1166    
3	462    453    1189    
3	232    1044    1188    
3	1175    451    1176    
3	1179    509    1180    
3	214    276    1273    
3	937    1068    1224    
3	673    671    1178    
3	901    900    1246    
3	1193    881    1312    
3	1156    436    1157    
3	664    662    1167    
3	961    962    1345    
3	971    447    1293    
3	1162    177    1240    
3	1090    645    1143    
3	224    215    1306    
3	531    530    1136    
3	908    909    1287    
3	358    356    1168    
3	619    703    1114    
3	601    686    1116    
3	615    638    1118    
3	611    926    1119    
3	607    676    1120    
3	597    974    1121    
3	625    637    1123    
3	593    643    1122    
3	642    631    1124    
3	984    241    1190    
3	703    617    1118    
3	638    613    1119    
3	926    609    1120    
3	686    599    1121    
3	974    595    1122    
3	837    627    1123    
3	629    837    1124    
3	637    623    1115    
3	676    605    1117    
3	779    568    1130    
3	427    425    1163    
3	460    417    1128    
3	461    407    1131    
3	409    461    1127    
3	415    456    1128    
3	405    444    1131    
3	643    591    1150    
3	429    423    1129    
3	530    1082    1136    
3	343    341    1175    
3	1053    820    1271    
3	718    717    929    
3	1110    574    1138    
3	687    578    1139    
3	1075    583    1140    
3	419    460    1198    
3	121    1217    1237    
3	633    642    1142    
3	376    345    1179    
3	563    644    1137    
3	570    779    1138    
3	589    975    1150    
3	576    1110    1139    
3	1011    289    1196    
3	581    687    1140    
3	464    391    1149    
3	353    351    1185    
3	701    979    1296    
3	470    1183    1189    
3	733    738    1213    
3	430    1154    1305    
3	644    561    1160    
3	1225    773    1326    
3	767    1244    1292    
3	720    546    1152    
3	960    553    1154    
3	717    492    853    
3	750    685    1172    
3	509    343    1175    
3	1076    743    1356    
3	389    446    1149    
3	933    1015    1335    
3	461    1077    1291    
3	687    1067    1264    
3	192    66    1275    
3	493    379    1156    
3	451    339    1207    
3	702    538    1161    
3	904    635    1142    
3	501    366    1166    
3	491    473    492    
3	743    1107    1356    
3	678    958    1377    
3	1141    69    1318    
3	544    970    1152    
3	551    720    1154    
3	436    374    1171    
3	559    1106    1160    
3	743    683    1346    
3	255    1070    1209    
3	471    353    1185    
3	668    664    1167    
3	377    436    1156    
3	381    493    1158    
3	875    673    1178    
3	1027    239    1194    
3	643    1150    1301    
3	89    214    1273    
3	685    781    1172    
3	1159    196    1334    
3	37    162    1289    
3	491    492    717    
3	364    447    1166    
3	1340    797    1373    
3	1214    317    1311    
3	376    1179    1223    
3	372    1058    1171    
3	710    514    976    
3	356    471    1168    
3	969    1024    1298    
3	738    776    1237    
3	91    278    1071    
3	44    169    1298    
3	341    451    1175    
3	662    871    1167    
3	345    509    1179    
3	671    1060    1178    
3	1272    1257    1327    
3	621    1114    1115    
3	603    1116    1117    
3	1205    790    1225    
3	914    1318    1389    
3	425    429    1163    
3	555    960    1210    
3	645    1073    1143    
3	351    1059    1185    
3	1066    733    1213    
3	456    413    1261    
3	639    904    1309    
3	955    1046    1275    
3	1082    705    1201    
3	1130    566    1137    
3	476    397    1239    
3	1150    811    1301    
3	94    219    1235    
3	1129    421    1198    
3	237    1162    1366    
3	710    976    1088    
3	1106    801    1160    
3	688    1299    1352    
3	469    427    1163    
3	395    1085    1239    
3	1142    642    1197    
3	801    1106    1210    
3	69    194    1318    
3	215    89    1306    
3	264    1268    1365    
3	432    1200    1375    
3	1051    835    1253    
3	1148    1135    1280    
3	431    1140    1264    
3	447    362    1293    
3	288    1008    1219    
3	970    542    1323    
3	1079    848    1353    
3	283    6    1227    
3	76    201    1328    
3	988    961    1345    
3	1160    801    1265    
3	1165    281    1343    
3	762    1165    1331    
3	742    1048    1320    
3	196    70    1334    
3	942    906    1252    
3	922    1127    1291    
3	1    126    1241    
3	413    411    1261    
3	549    468    1278    
3	1154    720    1305    
3	977    810    1229    
3	73    198    1338    
3	647    1340    1373    
3	915    1218    1342    
3	452    470    1189    
3	540    702    1323    
3	702    1153    1323    
3	397    395    1239    
3	1021    294    1203    
3	1215    73    1338    
3	204    78    1347    
3	231    1046    1228    
3	307    258    1242    
3	881    1087    1312    
3	1128    456    1211    
3	896    1216    1330    
3	1022    949    1377    
3	206    1216    1368    
3	217    1071    1079    
3	1001    252    1205    
3	78    1221    1347    
3	325    1072    1296    
3	844    1155    1350    
3	83    1218    1388    
3	81    206    1368    
3	1153    970    1323    
3	411    1127    1261    
3	294    1020    1203    
3	201    1236    1328    
3	1135    765    1280    
3	209    83    1388    
3	707    1081    1366    
3	1213    738    1217    
3	254    997    1254    
3	644    1160    1265    
3	1217    738    1237    
3	1091    1045    1290    
3	751    750    1315    
3	505    1080    1274    
3	1003    286    1249    
3	1175    1176    1358    
3	1002    1001    1205    
3	238    1052    1255    
3	1074    711    1268    
3	286    1002    1249    
3	1119    926    1380    
3	1140    687    1264    
3	1030    1029    1277    
3	298    1032    1259    
3	1242    821    1243    
3	994    282    1257    
3	293    1018    1245    
3	1112    287    1363    
3	790    1205    1336    
3	477    639    1302    
3	789    1240    1282    
3	362    359    1293    
3	1048    1047    1320    
3	236    1051    1253    
3	223    986    1248    
3	458    1302    1325    
3	888    1221    1317    
3	1014    1013    1335    
3	1215    882    1343    
3	709    93    1132    
3	1048    742    1354    
3	1077    860    1291    
3	1109    881    1193    
3	1063    1075    1374    
3	1057    1056    1313    
3	676    1117    1222    
3	89    1273    1306    
3	230    1141    1270    
3	1124    837    1234    
3	1088    847    1243    
3	509    1175    1358    
3	755    1048    1354    
3	1083    911    1289    
3	1228    742    1320    
3	1126    253    1286    
3	1132    226    1133    
3	1340    1112    1363    
3	1030    741    1282    
3	251    1057    1390    
3	242    1053    1271    
3	1174    1054    1339    
3	694    697    1364    
3	1197    778    1351    
3	226    92    1079    
3	542    540    1323    
3	232    1188    1290    
3	1167    871    1256    
3	1029    238    1277    
3	993    1165    1362    
3	789    1162    1240    
3	1246    261    1379    
3	746    1272    1327    
3	847    307    1243    
3	1189    1183    1267    
3	1033    298    1259    
3	1148    1164    1329    
3	1302    639    1309    
3	1097    274    1386    
3	1307    228    1362    
3	297    1030    1282    
3	218    226    1132    
3	233    1182    1357    
3	1180    509    1358    
3	731    1254    1321    
3	741    1263    1332    
3	914    1141    1318    
3	220    94    258    
3	1236    228    1307    
3	1045    232    1290    
3	1237    776    1238    
3	1116    686    1250    
3	1101    325    1296    
3	927    1159    1334    
3	1127    922    1261    
3	432    972    1359    
3	979    1101    1296    
3	492    473    1267    
3	302    1042    1295    
3	126    0    259    
3	256    130    1125    
3	980    272    1288    
3	1011    1196    1339    
3	253    998    1286    
3	127    766    1164    
3	1221    227    1317    
3	996    1193    1321    
3	4    305    1125    
3	1200    719    1375    
3	1087    689    1312    
3	1183    492    1267    
3	1257    282    1327    
3	1056    1003    1313    
3	1015    1014    1335    
3	305    129    1145    
3	1216    225    1330    
3	1047    231    1320    
3	886    1236    1307    
3	263    1076    1356    
3	1013    1262    1335    
3	868    1181    1324    
3	307    1242    1243    
3	304    1048    1389    
3	282    1159    1327    
3	238    1255    1277    
3	1145    3    1151    
3	231    1228    1320    
3	257    2    1164    
3	1182    788    1383    
3	835    1033    1259    
3	1048    755    1389    
3	930    695    1349    
3	791    1063    1374    
3	1146    1147    1292    
3	882    1215    1338    
3	1216    896    1368    
3	1218    222    1342    
3	990    224    1322    
3	281    1215    1343    
3	1218    915    1388    
3	258    1235    1242    
3	1246    900    1266    
3	754    1091    1337    
3	1221    888    1347    
3	128    257    1151    
3	1273    276    1345    
3	252    1000    1336    
3	219    709    1235    
3	1236    886    1328    
3	1054    1011    1339    
3	717    853    1333    
3	1205    252    1336    
3	1003    1249    1313    
3	1080    715    1274    
3	1073    872    1314    
3	473    462    1267    
3	997    996    1321    
3	1149    446    1300    
3	1042    233    1357    
3	462    1189    1267    
3	293    1245    1382    
3	695    1284    1349    
3	1127    461    1291    
3	1099    972    1375    
3	228    993    1362    
3	1254    997    1321    
3	1188    745    1290    
3	929    717    1333    
3	1083    293    1382    
3	766    1    1241    
3	797    1340    1363    
3	287    1004    1363    
3	1004    251    1390    
3	1280    765    1281    
3	1295    1042    1357    
3	1100    747    1385    
3	274    985    1386    
3	333    1143    1314    
3	956    943    1367    
3	846    1302    1309    
3	1075    431    1374    
3	1143    1073    1314    
3	1181    265    1324    
3	1153    912    1376    
3	1165    762    1362    
3	847    1088    1304    
3	702    1161    1341    
3	817    1182    1383    
3	1182    817    1357    
3	1273    962    1306    
3	901    1246    1379    
3	1196    704    1339    
3	433    1153    1376    
3	1247    901    1379    
3	894    1112    1340    
3	719    1099    1375    
3	788    1348    1383    
3	748    1257    1272    
3	1238    776    1369    
3	730    1214    1311    
3	919    1247    1379    
3	1162    789    1366    
3	1263    753    1332    
3	267    1238    1369    
3	767    1280    1281    
3	698    1169    1367    
3	1255    812    1277    
3	1200    432    1361    
3	677    1225    1326    
3	945    1146    1292    
3	1176    751    1358    
3	1133    226    1353    
3	1132    1133    1344    
3	1284    825    1349    
3	816    1200    1361    
3	1249    716    1313    
3	1164    766    1329    
3	1363    1004    1390    
3	1088    718    1304    
3	1268    959    1365    
3	442    1197    1351    
3	226    1079    1353    
3	709    1132    1344    
3	962    1273    1345    
3	1262    933    1335    
3	258    94    1235    
3	1302    846    1325    
3	1299    806    1352    
3	1348    787    1383    
3	126    259    1241    
3	768    1278    1384    
3	1364    697    1378    
3	797    1363    1390    
3	876    1364    1378    
3	95    220    258    
3	1070    283    1169    
3	642    1124    1234    
3	904    1142    1197    
CELL_TYPES 2542
5 5 5 5 5 5 5 5 5 5 5 5 5 5 5 5 5 5 5 5 5 5 5 5 5 5 5 5 5 5 5 5 5 5 5 5 5 5 5 5 5 5 5 5 5 5 5 5 5 5 5 5 5 5 5 5 5 5 5 5 5 5 5 5 5 5 5 5 5 5 5 5 5 5 5 5 5 5 5 5 5 5 5 5 5 5 5 5 5 5 5 5 5 5 5 5 5 5 5 5 5 5 5 5 5 5 5 5 5 5 5 5 5 5 5 5 5 5 5 5 5 5 5 5 5 5 5 5 5 5 5 5 5 5 5 5 5 5 5 5 5 5 5 5 5 5 5 5 5 5 5 5 5 5 5 5 5 5 5 5 5 5 5 5 5 5 5 5 5 5 5 5 5 5 5 5 5 5 5 5 5 5 5 5 5 5 5 5 5 5 5 5 5 5 5 5 5 5 5 5 5 5 5 5 5 5 5 5 5 5 5 5 5 5 5 5 5 5 5 5 5 5 5 5 5 5 5 5 5 5 5 5 5 5 5 5 5 5 5 5 5 5 5 5 5 5 5 5 5 5 5 5 5 5 5 5 5 5 5 5 5 5 5 5 5 5 5 5 5 5 5 5 5 5 5 5 5 5 5 5 5 5 5 5 5 5 5 5 5 5 5 5 5 5 5 5 5 5 5 5 5 5 5 5 5 5 5 5 5 5 5 5 5 5 5 5 5 5 5 5 5 5 5 5 5 5 5 5 5 5 5 5 5 5 5 5 5 5 5 5 5 5 5 5 5 5 5 5 5 5 5 5 5 5 5 5 5 5 5 5 5 5 5 5 5 5 5 5 5 5 5 5 5 5 5 5 5 5 5 5 5 5 5 5 5 5 5 5 5 5 5 5 5 5 5 5 5 5 5 5 5 5 5 5 5 5 5 5 5 5 5 5 5 5 5 5 5 5 5 5 5 5 5 5 5 5 5 5 5 5 5 5 5 5 5 5 5 5 5 5 5 5 5 5 5 5 5 5 5 5 5 5 5 5 5 5 5 5 5 5 5 5 5 5 5 5 5 5 5 5 5 5 5 5 5 5 5 5 5 5 5 5 5 5 5 5 5 5 5 5 5 5 5 5 5 5 5 5 5 5 5 5 5 5 5 5 5 5 5 5 5 5 5 5 5 5 5 5 5 5 5 5 5 5 5 5 5 5 5 5 5 5 5 5 5 5 5 5 5 5 5 5 5 5 5 5 5 5 5 5 5 5 5 5 5 5 5 5 5 5 5 5 5 5 5 5 5 5 5 5 5 5 5 5 5 5 5 5 5 5 5 5 5 5 5 5 5 5 5 5 5 5 5 5 5 5 5 5 5 5 5 5 5 5 5 5 5 5 5 5 5 5 5 5 5 5 5 5 5 5 5 5 5 5 5 5 5 5 5 5 5 5 5 5 5 5 5 5 5 5 5 5 5 5 5 5 5 5 5 5 5 5 5 5 5 5 5 5 5 5 5 5 5 5 5 5 5 5 5 5 5 5 5 5 5 5 5 5 5 5 5 5 5 5 5 5 5 5 5 5 5 5 5 5 5 5 5 5 5 5 5 5 5 5 5 5 5 5 5 5 5 5 5 5 5 5 5 5 5 5 5 5 5 5 5 5 5 5 5 5 5 5 5 5 5 5 5 5 5 5 5 5 5 5 5 5 5 5 5 5 5 5 5 5 5 5 5 5 5 5 5 5 5 5 5 5 5 5 5 5 5 5 5 5 5 5 5 5 5 5 5 5 5 5 5 5 5 5 5 5 5 5 5 5 5 5 5 5 5 5 5 5 5 5 5 5 5 5 5 5 5 5 5 5 5 5 5 5 5 5 5 5 5 5 5 5 5 5 5 5 5 5 5 5 5 5 5 5 5 5 5 5 5 5 5 5 5 5 5 5 5 5 5 5 5 5 5 5 5 5 5 5 5 5 5 5 5 5 5 5 5 5 5 5 5 5 5 5 5 5 5 5 5 5 5 5 5 5 5 5 5 5 5 5 5 5 5 5 5 5 5 5 5 5 5 5 5 5 5 5 5 5 5 5 5 5 5 5 5 5 5 5 5 5 5 5 5 5 5 5 5 5 5 5 5 5 5 5 5 5 5 5 5 5 5 5 5 5 5 5 5 5 5 5 5 5 5 5 5 5 5 5 5 5 5 5 5 5 5 5 5 5 5 5 5 5 5 5 5 5 5 5 5 5 5 5 5 5 5 5 5 5 5 5 5 5 5 5 5 5 5 5 5 5 5 5 5 5 5 5 5 5 5 5 5 5 5 5 5 5 5 5 5 5 5 5 5 5 5 5 5 5 5 5 5 5 5 5 5 5 5 5 5 5 5 5 5 5 5 5 5 5 5 5 5 5 5 5 5 5 5 5 5 5 5 5 5 5 5 5 5 5 5 5 5 5 5 5 5 5 5 5 5 5 5 5 5 5 5 5 5 5 5 5 5 5 5 5 5 5 5 5 5 5 5 5 5 5 5 5 5 5 5 5 5 5 5 5 5 5 5 5 5 5 5 5 5 5 5 5 5 5 5 5 5 5 5 5 5 5 5 5 5 5 5 5 5 5 5 5 5 5 5 5 5 5 5 5 5 5 5 5 5 5 5 5 5 5 5 5 5 5 5 5 5 5 5 5 5 5 5 5 5 5 5 5 5 5 5 5 5 5 5 5 5 5 5 5 5 5 5 5 5 5 5 5 5 5 5 5 5 5 5 5 5 5 5 5 5 5 5 5 5 5 5 5 5 5 5 5 5 5 5 5 5 5 5 5 5 5 5 5 5 5 5 5 5 5 5 5 5 5 5 5 5 5 5 5 5 5 5 5 5 5 5 5 5 5 5 5 5 5 5 5 5 5 5 5 5 5 5 5 5 5 5 5 5 5 5 5 5 5 5 5 5 5 5 5 5 5 5 5 5 5 5 5 5 5 5 5 5 5 5 5 5 5 5 5 5 5 5 5 5 5 5 5 5 5 5 5 5 5 5 5 5 5 5 5 5 5 5 5 5 5 5 5 5 5 5 5 5 5 5 5 5 5 5 5 5 5 5 5 5 5 5 5 5 5 5 5 5 5 5 5 5 5 5 5 5 5 5 5 5 5 5 5 5 5 5 5 5 5 5 5 5 5 5 5 5 5 5 5 5 5 5 5 5 5 5 5 5 5 5 5 5 5 5 5 5 5 5 5 5 5 5 5 5 5 5 5 5 5 5 5 5 5 5 5 5 5 5 5 5 5 5 5 5 5 5 5 5 5 5 5 5 5 5 5 5 5 5 5 5 5 5 5 5 5 5 5 5 5 5 5 5 5 5 5 5 5 5 5 5 5 5 5 5 5 5 5 5 5 5 5 5 5 5 5 5 5 5 5 5 5 5 5 5 5 5 5 5 5 5 5 5 5 5 5 5 5 5 5 5 5 5 5 5 5 5 5 5 5 5 5 5 5 5 5 5 5 5 5 5 5 5 5 5 5 5 5 5 5 5 5 5 5 5 5 5 5 5 5 5 5 5 5 5 5 5 5 5 5 5 5 5 5 5 5 5 5 5 5 5 5 5 5 5 5 5 5 5 5 5 5 5 5 5 5 5 5 5 5 5 5 5 5 5 5 5 5 5 5 5 5 5 5 5 5 5 5 5 5 5 5 5 5 5 5 5 5 5 5 5 5 5 5 5 5 5 5 5 5 5 5 5 5 5 5 5 5 5 5 5 5 5 5 5 5 5 5 5 5 5 5 5 5 5 5 5 5 5 5 5 5 5 5 5 5 5 5 5 5 5 5 5 5 5 5 5 5 5 5 5 5 5 5 5 5 5 5 5 5 5 5 5 5 5 5 5 5 5 5 5 5 5 5 5 5 5 5 5 5 5 5 5 5 5 5 5 5 5 5 5 5 5 5 5 5 5 5 5 5 5 5 5 5 5 5 5 5 5 5 5 5 5 5 5 5 5 5 5 5 5 5 5 5 5 5 5 5 5 5 5 5 5 5 5 5 5 5 5 5 5 5 5 5 5 5 5 5 5 5 5 5 5 5 5 5 5 5 5 5 5 5 5 5 5 5 5 5 5 5 5 5 5 5 5 5 5 5 5 5 5 5 5 5 5 5 5 5 5 5 5 5 5 5 5 5 5 5 5 5 5 5 5 5 5 5 5 5 5 5 5 5 5 5 5 5 5 5 5 5 5 5 5 5 5 5 5 5 5 5 5 5 5 5 5 5 5 5 5 5 5 5 5 5 5 5 5 5 5 5 5 5 5 5 5 5 5 5 5 5 5 5 5 5 5 5 5 5 5 5 5 5 5 5 5 5 5 5 5 5 5 5 5 5 5 5 5 5 5 5 5 5 5 5 5 5 5 5 5 5 5 5 5 5 5 5 5 5 5 5 5 5 5 5 5 5 5 5 5 5 5 5 5 5 5 5 5 5 5 5 5 5 5 5 5 5 5 5 5 5 5 5 5 5 5 5 5 5 5 5 5 5 5 5 5 5 5 5 5 5 5 5 5 5 5 5 5 5 5 5 5 5 5 5 5 5 5 5 5 5 5 5 5 5 5 5 5 5 5 5 5 5 5 5 5 5 5 5 5 5 5 5 5 5 5 5 5 5 5 5 5 5 5 5 5 5 5 5 5 5 5 5 5 5 5 5 5 5 5 5 5 5 5 5 5 5 5 5 5 5 5 5 5 5 5 5 5 5 5 5 5 5 5 5 5 5 5 5 5 5 5 5 5 5 5 5 5 5 5 5 5 5 5 5 5 5 5 5 5 5 5 5 5 5 5 5 5 5 5 5 5 5 5 5 5 5 5 5 5 5 5 5 5 5 5 5 5 5 5 5 5 5 5 5 5 5 5 5 5 5 5 5 5 5 5 5 5 5 5 5 5 5 5 5 5 5 5 5 5 5 5 5 5 5 5 5 5 5 5 5 5 5 5 5 5 5 5 5 5 5 5 5 5 5 5 5 5 5 5 5 5 5 5 5 5 5 5 5 5 5 5 5 5 5 5 5 5 5 5 5 5 5 5 5 5 5 5 5 5 5 5 5 5 5 5 5 5 5 5 5 5 5 5 5 5 5 5 5 5 5 5 5 5 5 5 5 5 5 5 5 5 5 5 5 5 5 5 5 5 5 5 5 5 5 5 5 5 5 5 5 5 5 5 5 5 5 5 5 5 5 5 5 5 5 5 5 5 5 5 5 5 5 5 5 5 5 5 5 5 5 5 5 5 5 5 5 5 5 5 5 5 5 5 5 5 5 5 5 5 5 5 5 5 5 5 5 5 5 5 5 5 5 5 5 5 5 5 5 5 5 5 5 5 5 5 5 5 5 5 5 5 5 5 5 5 5 5 5 5 5 5 5 5 5 5 5 5 5 5 5 5 5 5 5 5 5 5 5 5 5 5 5 5 5 5 5 5 5 5 5 5 5 5 5 5 5 5 5 5 5 5 5 5 5 5 5 5 5 5 5 5 5 5 5 5 5 5 5 5 5 5 5 5 5 5 5 5 5 5 5 5 5 5 5 5 5 5 5 5 5 5 5 5 5 5 5 5 5 5 5 5 5 5 5 5 5 5 5 5 5 5 5 5 5 5 5 5 5 5 5 5 5 5 5 5 5 5 5 5 5 5 5 5 5 5 5 5 5 5 5 5 5 5 5 5 5 5 5 5 5 5 5 5 5 5 5 5 5 5 5 5 5 5 5 5 5 5 5 5 5 
CELL_DATA 2542
SCALARS param double 1
LOOKUP_TABLE default
      1.00000000       2.00000000       3.00000000       4.00000000       5.00000000       6.00000000       7.00000000       8.00000000       9.00000000      10.00000000      11.00000000      12.00000000      13.00000000      14.00000000      15.00000000      16.00000000      17.00000000      18.00000000      19.00000000      20.00000000      21.00000000      22.00000000      23.00000000      24.00000000      25.00000000      26.00000000      27.00000000      28.00000000      29.00000000      30.00000000      31.00000000      32.00000000      33.00000000      34.00000000      35.00000000      36.00000000      37.00000000      38.00000000      39.00000000      40.00000000      41.00000000      42.00000000      43.00000000      44.00000000      45.00000000      46.00000000      47.00000000      48.00000000      49.00000000      50.00000000      51.00000000      52.00000000      53.00000000      54.00000000      55.00000000      56.00000000      57.00000000      58.00000000      59.00000000      60.00000000      61.00000000      62.00000000      63.00000000      64.00000000      65.00000000      66.00000000      67.00000000      68.00000000      69.00000000      70.00000000      71.00000000      72.00000000      73.00000000      74.00000000      75.00000000      76.00000000      77.00000000      78.00000000      79.00000000      80.00000000      81.00000000      82.00000000      83.00000000      84.00000000      85.00000000      86.00000000      87.00000000      88.00000000      89.00000000      90.00000000      91.00000000      92.00000000      93.00000000      94.00000000      95.00000000      96.00000000      97.00000000      98.00000000      99.00000000     100.00000000     101.00000000     102.00000000     103.00000000     104.00000000     105.00000000     106.00000000     107.00000000     108.00000000     109.00000000     110.00000000     111.00000000     112.00000000     113.00000000     114.00000000     115.00000000     116.00000000     117.00000000     118.00000000     119.00000000     120.00000000     121.00000000     122.00000000     123.00000000     124.00000000     125.00000000     126.00000000     127.00000000     128.00000000     129.00000000     130.00000000     131.00000000     132.00000000     133.00000000     134.00000000     135.00000000     136.00000000     137.00000000     138.00000000     139.00000000     140.00000000     141.00000000     142.00000000     143.00000000     144.00000000     145.00000000     146.00000000     147.00000000     148.00000000     149.00000000     150.00000000     151.00000000     152.00000000     153.00000000     154.00000000     155.00000000     156.00000000     157.00000000     158.00000000     159.00000000     160.00000000     161.00000000     162.00000000     163.00000000     164.00000000     165.00000000     166.00000000     167.00000000     168.00000000     169.00000000     170.00000000     171.00000000     172.00000000     173.00000000     174.00000000     175.00000000     176.00000000     177.00000000     178.00000000     179.00000000     180.00000000     181.00000000     182.00000000     183.00000000     184.00000000     185.00000000     186.00000000     187.00000000     188.00000000     189.00000000     190.00000000     191.00000000     192.00000000     193.00000000     194.00000000     195.00000000     196.00000000     197.00000000     198.00000000     199.00000000     200.00000000     201.00000000     202.00000000     203.00000000     204.00000000     205.00000000     206.00000000     207.00000000     208.00000000     209.00000000     210.00000000     211.00000000     212.00000000     213.00000000     214.00000000     215.00000000     216.00000000     217.00000000     218.00000000     219.00000000     220.00000000     221.00000000     222.00000000     223.00000000     224.00000000     225.00000000     226.00000000     227.00000000     228.00000000     229.00000000     230.00000000     231.00000000     232.00000000     233.00000000     234.00000000     235.00000000     236.00000000     237.00000000     238.00000000     239.00000000     240.00000000     241.00000000     242.00000000     243.00000000     244.00000000     245.00000000     246.00000000     247.00000000     248.00000000     249.00000000     250.00000000     251.00000000     252.00000000     253.00000000     254.00000000     255.00000000     256.00000000     257.00000000     258.00000000     259.00000000     260.00000000     261.00000000     262.00000000     263.00000000     264.00000000     265.00000000     266.00000000     267.00000000     268.00000000     269.00000000     270.00000000     271.00000000     272.00000000     273.00000000     274.00000000     275.00000000     276.00000000     277.00000000     278.00000000     279.00000000     280.00000000     281.00000000     282.00000000     283.00000000     284.00000000     285.00000000     286.00000000     287.00000000     288.00000000     289.00000000     290.00000000     291.00000000     292.00000000     293.00000000     294.00000000     295.00000000     296.00000000     297.00000000     298.00000000     299.00000000     300.00000000     301.00000000     302.00000000     303.00000000     304.00000000     305.00000000     306.00000000     307.00000000     308.00000000     309.00000000     310.00000000     311.00000000     312.00000000     313.00000000     314.00000000     315.00000000     316.00000000     317.00000000     318.00000000     319.00000000     320.00000000     321.00000000     322.00000000     323.00000000     324.00000000     325.00000000     326.00000000     327.00000000     328.00000000     329.00000000     330.00000000     331.00000000     332.00000000     333.00000000     334.00000000     335.00000000     336.00000000     337.00000000     338.00000000     339.00000000     340.00000000     341.00000000     342.00000000     343.00000000     344.00000000     345.00000000     346.00000000     347.00000000     348.00000000     349.00000000     350.00000000     351.00000000     352.00000000     353.00000000     354.00000000     355.00000000     356.00000000     357.00000000     358.00000000     359.00000000     360.00000000     361.00000000     362.00000000     363.00000000     364.00000000     365.00000000     366.00000000     367.00000000     368.00000000     369.00000000     370.00000000     371.00000000     372.00000000     373.00000000     374.00000000     375.00000000     376.00000000     377.00000000     378.00000000     379.00000000     380.00000000     381.00000000     382.00000000     383.00000000     384.00000000     385.00000000     386.00000000     387.00000000     388.00000000     389.00000000     390.00000000     391.00000000     392.00000000     393.00000000     394.00000000     395.00000000     396.00000000     397.00000000     398.00000000     399.00000000     400.00000000     401.00000000     402.00000000     403.00000000     404.00000000     405.00000000     406.00000000     407.00000000     408.00000000     409.00000000     410.00000000     411.00000000     412.00000000     413.00000000     414.00000000     415.00000000     416.00000000     417.00000000     418.00000000     419.00000000     420.00000000     421.00000000     422.00000000     423.00000000     424.00000000     425.00000000     426.00000000     427.00000000     428.00000000     429.00000000     430.00000000     431.00000000     432.00000000     433.00000000     434.00000000     435.00000000     436.00000000     437.00000000     438.00000000     439.00000000     440.00000000     441.00000000     442.00000000     443.00000000     444.00000000     445.00000000     446.00000000     447.00000000     448.00000000     449.00000000     450.00000000     451.00000000     452.00000000     453.00000000     454.00000000     455.00000000     456.00000000     457.00000000     458.00000000     459.00000000     460.00000000     461.00000000     462.00000000     463.00000000     464.00000000     465.00000000     466.00000000     467.00000000     468.00000000     469.00000000     470.00000000     471.00000000     472.00000000     473.00000000     474.00000000     475.00000000     476.00000000     477.00000000     478.00000000     479.00000000     480.00000000     481.00000000     482.00000000     483.00000000     484.00000000     485.00000000     486.00000000     487.00000000     488.00000000     489.00000000     490.00000000     491.00000000     492.00000000     493.00000000     494.00000000     495.00000000     496.00000000     497.00000000     498.00000000     499.00000000     500.00000000     501.00000000     502.00000000     503.00000000     504.00000000     505.00000000     506.00000000     507.00000000     508.00000000     509.00000000     510.00000000     511.00000000     512.00000000     513.00000000     514.00000000     515.00000000     516.00000000     517.00000000     518.00000000     519.00000000     520.00000000     521.00000000     522.00000000     523.00000000     524.00000000     525.00000000     526.00000000     527.00000000     528.00000000     529.00000000     530.00000000     531.00000000     532.00000000     533.00000000     534.00000000     535.00000000     536.00000000     537.00000000     538.00000000     539.00000000     540.00000000     541.00000000     542.00000000     543.00000000     544.00000000     545.00000000     546.00000000     547.00000000     548.00000000     549.00000000     550.00000000     551.00000000     552.00000000     553.00000000     554.00000000     555.00000000     556.00000000     557.00000000     558.00000000     559.00000000     560.00000000     561.00000000     562.00000000     563.00000000     564.00000000     565.00000000     566.00000000     567.00000000     568.00000000     569.00000000     570.00000000     571.00000000     572.00000000     573.00000000     574.00000000     575.00000000     576.00000000     577.00000000     578.00000000     579.00000000     580.00000000     581.00000000     582.00000000     583.00000000     584.00000000     585.00000000     586.00000000     587.00000000     588.00000000     589.00000000     590.00000000     591.00000000     592.00000000     593.00000000     594.00000000     595.00000000     596.00000000     597.00000000     598.00000000     599.00000000     600.00000000     601.00000000     602.00000000     603.00000000     604.00000000     605.00000000     606.00000000     607.00000000     608.00000000     609.00000000     610.00000000     611.00000000     612.00000000     613.00000000     614.00000000     615.00000000     616.00000000     617.00000000     618.00000000     619.00000000     620.00000000     621.00000000     622.00000000     623.00000000     624.00000000     625.00000000     626.00000000     627.00000000     628.00000000     629.00000000     630.00000000     631.00000000     632.00000000     633.00000000     634.00000000     635.00000000     636.00000000     637.00000000     638.00000000     639.00000000     640.00000000     641.00000000     642.00000000     643.00000000     644.00000000     645.00000000     646.00000000     647.00000000     648.00000000     649.00000000     650.00000000     651.00000000     652.00000000     653.00000000     654.00000000     655.00000000     656.00000000     657.00000000     658.00000000     659.00000000     660.00000000     661.00000000     662.00000000     663.00000000     664.00000000     665.00000000     666.00000000     667.00000000     668.00000000     669.00000000     670.00000000     671.00000000     672.00000000     673.00000000     674.00000000     675.00000000     676.00000000     677.00000000     678.00000000     679.00000000     680.00000000     681.00000000     682.00000000     683.00000000     684.00000000     685.00000000     686.00000000     687.00000000     688.00000000     689.00000000     690.00000000     691.00000000     692.00000000     693.00000000     694.00000000     695.00000000     696.00000000     697.00000000     698.00000000     699.00000000     700.00000000     701.00000000     702.00000000     703.00000000     704.00000000     705.00000000     706.00000000     707.00000000     708.00000000     709.00000000     710.00000000     711.00000000     712.00000000     713.00000000     714.00000000     715.00000000     716.00000000     717.00000000     718.00000000     719.00000000     720.00000000     721.00000000     722.00000000     723.00000000     724.00000000     725.00000000     726.00000000     727.00000000     728.00000000     729.00000000     730.00000000     731.00000000     732.00000000     733.00000000     734.00000000     735.00000000     736.00000000     737.00000000     738.00000000     739.00000000     740.00000000     741.00000000     742.00000000     743.00000000     744.00000000     745.00000000     746.00000000     747.00000000     748.00000000     749.00000000     750.00000000     751.00000000     752.00000000     753.00000000     754.00000000     755.00000000     756.00000000     757.00000000     758.00000000     759.00000000     760.00000000     761.00000000     762.00000000     763.00000000     764.00000000     765.00000000     766.00000000     767.00000000     768.00000000     769.00000000     770.00000000     771.00000000     772.00000000     773.00000000     774.00000000     775.00000000     776.00000000     777.00000000     778.00000000     779.00000000     780.00000000     781.00000000     782.00000000     783.00000000     784.00000000     785.00000000     786.00000000     787.00000000     788.00000000     789.00000000     790.00000000     791.00000000     792.00000000     793.00000000     794.00000000     795.00000000     796.00000000     797.00000000     798.00000000     799.00000000     800.00000000     801.00000000     802.00000000     803.00000000     804.00000000     805.00000000     806.00000000     807.00000000     808.00000000     809.00000000     810.00000000     811.00000000     812.00000000     813.00000000     814.00000000     815.00000000     816.00000000     817.00000000     818.00000000     819.00000000     820.00000000     821.00000000     822.00000000     823.00000000     824.00000000     825.00000000     826.00000000     827.00000000     828.00000000     829.00000000     830.00000000     831.00000000     832.00000000     833.00000000     834.00000000     835.00000000     836.00000000     837.00000000     838.00000000     839.00000000     840.00000000     841.00000000     842.00000000     843.00000000     844.00000000     845.00000000     846.00000000     847.00000000     848.00000000     849.00000000     850.00000000     851.00000000     852.00000000     853.00000000     854.00000000     855.00000000     856.00000000     857.00000000     858.00000000     859.00000000     860.00000000     861.00000000     862.00000000     863.00000000     864.00000000     865.00000000     866.00000000     867.00000000     868.00000000     869.00000000     870.00000000     871.00000000     872.00000000     873.00000000     874.00000000     875.00000000     876.00000000     877.00000000     878.00000000     879.00000000     880.00000000     881.00000000     882.00000000     883.00000000     884.00000000     885.00000000     886.00000000     887.00000000     888.00000000     889.00000000     890.00000000     891.00000000     892.00000000     893.00000000     894.00000000     895.00000000     896.00000000     897.00000000     898.00000000     899.00000000     900.00000000     901.00000000     902.00000000     903.00000000     904.00000000     905.00000000     906.00000000     907.00000000     908.00000000     909.00000000     910.00000000     911.00000000     912.00000000     913.00000000     914.00000000     915.00000000     916.00000000     917.00000000     918.00000000     919.00000000     920.00000000     921.00000000     922.00000000     923.00000000     924.00000000     925.00000000     926.00000000     927.00000000     928.00000000     929.00000000     930.00000000     931.00000000     932.00000000     933.00000000     934.00000000     935.00000000     936.00000000     937.00000000     938.00000000     939.00000000     940.00000000     941.00000000     942.00000000     943.00000000     944.00000000     945.00000000     946.00000000     947.00000000     948.00000000     949.00000000     950.00000000     951.00000000     952.00000000     953.00000000     954.00000000     955.00000000     956.00000000     957.00000000     958.00000000     959.00000000     960.00000000     961.00000000     962.00000000     963.00000000     964.00000000     965.00000000     966.00000000     967.00000000     968.00000000     969.00000000     970.00000000     971.00000000     972.00000000     973.00000000     974.00000000     975.00000000     976.00000000     977.00000000     978.00000000     979.00000000     980.00000000     981.00000000     982.00000000     983.00000000     984.00000000     985.00000000     986.00000000     987.00000000     988.00000000     989.00000000     990.00000000     991.00000000     992.00000000     993.00000000     994.00000000     995.00000000     996.00000000     997.00000000     998.00000000     999.00000000    1000.00000000    1001.00000000    1002.00000000    1003.00000000    1004.00000000    1005.00000000    1006.00000000    1007.00000000    1008.00000000    1009.00000000    1010.00000000    1011.00000000    1012.00000000    1013.00000000    1014.00000000    1015.00000000    1016.00000000    1017.00000000    1018.00000000    1019.00000000    1020.00000000    1021.00000000    1022.00000000    1023.00000000    1024.00000000    1025.00000000    1026.00000000    1027.00000000    1028.00000000    1029.00000000    1030.00000000    1031.00000000    1032.00000000    1033.00000000    1034.00000000    1035.00000000    1036.00000000    1037.00000000    1038.00000000    1039.00000000    1040.00000000    1041.00000000    1042.00000000    1043.00000000    1044.00000000    1045.00000000    1046.00000000    1047.00000000    1048.00000000    1049.00000000    1050.00000000    1051.00000000    1052.00000000    1053.00000000    1054.00000000    1055.00000000    1056.00000000    1057.00000000    1058.00000000    1059.00000000    1060.00000000    1061.00000000    1062.00000000    1063.00000000    1064.00000000    1065.00000000    1066.00000000    1067.00000000    1068.00000000    1069.00000000    1070.00000000    1071.00000000    1072.00000000    1073.00000000    1074.00000000    1075.00000000    1076.00000000    1077.00000000    1078.00000000    1079.00000000    1080.00000000    1081.00000000    1082.00000000    1083.00000000    1084.00000000    1085.00000000    1086.00000000    1087.00000000    1088.00000000    1089.00000000    1090.00000000    1091.00000000    1092.00000000    1093.00000000    1094.00000000    1095.00000000    1096.00000000    1097.00000000    1098.00000000    1099.00000000    1100.00000000    1101.00000000    1102.00000000    1103.00000000    1104.00000000    1105.00000000    1106.00000000    1107.00000000    1108.00000000    1109.00000000    1110.00000000    1111.00000000    1112.00000000    1113.00000000    1114.00000000    1115.00000000    1116.00000000    1117.00000000    1118.00000000    1119.00000000    1120.00000000    1121.00000000    1122.00000000    1123.00000000    1124.00000000    1125.00000000    1126.00000000    1127.00000000    1128.00000000    1129.00000000    1130.00000000    1131.00000000    1132.00000000    1133.00000000    1134.00000000    1135.00000000    1136.00000000    1137.00000000    1138.00000000    1139.00000000    1140.00000000    1141.00000000    1142.00000000    1143.00000000    1144.00000000    1145.00000000    1146.00000000    1147.00000000    1148.00000000    1149.00000000    1150.00000000    1151.00000000    1152.00000000    1153.00000000    1154.00000000    1155.00000000    1156.00000000    1157.00000000    1158.00000000    1159.00000000    1160.00000000    1161.00000000    1162.00000000    1163.00000000    1164.00000000    1165.00000000    1166.00000000    1167.00000000    1168.00000000    1169.00000000    1170.00000000    1171.00000000    1172.00000000    1173.00000000    1174.00000000    1175.00000000    1176.00000000    1177.00000000    1178.00000000    1179.00000000    1180.00000000    1181.00000000    1182.00000000    1183.00000000    1184.00000000    1185.00000000    1186.00000000    1187.00000000    1188.00000000    1189.00000000    1190.00000000    1191.00000000    1192.00000000    1193.00000000    1194.00000000    1195.00000000    1196.00000000    1197.00000000    1198.00000000    1199.00000000    1200.00000000    1201.00000000    1202.00000000    1203.00000000    1204.00000000    1205.00000000    1206.00000000    1207.00000000    1208.00000000    1209.00000000    1210.00000000    1211.00000000    1212.00000000    1213.00000000    1214.00000000    1215.00000000    1216.00000000    1217.00000000    1218.00000000    1219.00000000    1220.00000000    1221.00000000    1222.00000000    1223.00000000    1224.00000000    1225.00000000    1226.00000000    1227.00000000    1228.00000000    1229.00000000    1230.00000000    1231.00000000    1232.00000000    1233.00000000    1234.00000000    1235.00000000    1236.00000000    1237.00000000    1238.00000000    1239.00000000    1240.00000000    1241.00000000    1242.00000000    1243.00000000    1244.00000000    1245.00000000    1246.00000000    1247.00000000    1248.00000000    1249.00000000    1250.00000000    1251.00000000    1252.00000000    1253.00000000    1254.00000000    1255.00000000    1256.00000000    1257.00000000    1258.00000000    1259.00000000    1260.00000000    1261.00000000    1262.00000000    1263.00000000    1264.00000000    1265.00000000    1266.00000000    1267.00000000    1268.00000000    1269.00000000    1270.00000000    1271.00000000    1272.00000000    1273.00000000    1274.00000000    1275.00000000    1276.00000000    1277.00000000    1278.00000000    1279.00000000    1280.00000000    1281.00000000    1282.00000000    1283.00000000    1284.00000000    1285.00000000    1286.00000000    1287.00000000    1288.00000000    1289.00000000    1290.00000000    1291.00000000    1292.00000000    1293.00000000    1294.00000000    1295.00000000    1296.00000000    1297.00000000    1298.00000000    1299.00000000    1300.00000000    1301.00000000    1302.00000000    1303.00000000    1304.00000000    1305.00000000    1306.00000000    1307.00000000    1308.00000000    1309.00000000    1310.00000000    1311.00000000    1312.00000000    1313.00000000    1314.00000000    1315.00000000    1316.00000000    1317.00000000    1318.00000000    1319.00000000    1320.00000000    1321.00000000    1322.00000000    1323.00000000    1324.00000000    1325.00000000    1326.00000000    1327.00000000    1328.00000000    1329.00000000    1330.00000000    1331.00000000    1332.00000000    1333.00000000    1334.00000000    1335.00000000    1336.00000000    1337.00000000    1338.00000000    1339.00000000    1340.00000000    1341.00000000    1342.00000000    1343.00000000    1344.00000000    1345.00000000    1346.00000000    1347.00000000    1348.00000000    1349.00000000    1350.00000000    1351.00000000    1352.00000000    1353.00000000    1354.00000000    1355.00000000    1356.00000000    1357.00000000    1358.00000000    1359.00000000    1360.00000000    1361.00000000    1362.00000000    1363.00000000    1364.00000000    1365.00000000    1366.00000000    1367.00000000    1368.00000000    1369.00000000    1370.00000000    1371.00000000    1372.00000000    1373.00000000    1374.00000000    1375.00000000    1376.00000000    1377.00000000    1378.00000000    1379.00000000    1380.00000000    1381.00000000    1382.00000000    1383.00000000    1384.00000000    1385.00000000    1386.00000000    1387.00000000    1388.00000000    1389.00000000    1390.00000000    1391.00000000    1392.00000000    1393.00000000    1394.00000000    1395.00000000    1396.00000000    1397.00000000    1398.00000000    1399.00000000    1400.00000000    1401.00000000    1402.00000000    1403.00000000    1404.00000000    1405.00000000    1406.00000000    1407.00000000    1408.00000000    1409.00000000    1410.00000000    1411.00000000    1412.00000000    1413.00000000    1414.00000000    1415.00000000    1416.00000000    1417.00000000    1418.00000000    1419.00000000    1420.00000000    1421.00000000    1422.00000000    1423.00000000    1424.00000000    1425.00000000    1426.00000000    1427.00000000    1428.00000000    1429.00000000    1430.00000000    1431.00000000    1432.00000000    1433.00000000    1434.00000000    1435.00000000    1436.00000000    1437.00000000    1438.00000000    1439.00000000    1440.00000000    1441.00000000    1442.00000000    1443.00000000    1444.00000000    1445.00000000    1446.00000000    1447.00000000    1448.00000000    1449.00000000    1450.00000000    1451.00000000    1452.00000000    1453.00000000    1454.00000000    1455.00000000    1456.00000000    1457.00000000    1458.00000000    1459.00000000    1460.00000000    1461.00000000    1462.00000000    1463.00000000    1464.00000000    1465.00000000    1466.00000000    1467.00000000    1468.00000000    1469.00000000    1470.00000000    1471.00000000    1472.00000000    1473.00000000    1474.00000000    1475.00000000    1476.00000000    1477.00000000    1478.00000000    1479.00000000    1480.00000000    1481.00000000    1482.00000000    1483.00000000    1484.00000000    1485.00000000    1486.00000000    1487.00000000    1488.00000000    1489.00000000    1490.00000000    1491.00000000    1492.00000000    1493.00000000    1494.00000000    1495.00000000    1496.00000000    1497.00000000    1498.00000000    1499.00000000    1500.00000000    1501.00000000    1502.00000000    1503.00000000    1504.00000000    1505.00000000    1506.00000000    1507.00000000    1508.00000000    1509.00000000    1510.00000000    1511.00000000    1512.00000000    1513.00000000    1514.00000000    1515.00000000    1516.00000000    1517.00000000    1518.00000000    1519.00000000    1520.00000000    1521.00000000    1522.00000000    1523.00000000    1524.00000000    1525.00000000    1526.00000000    1527.00000000    1528.00000000    1529.00000000    1530.00000000    1531.00000000    1532.00000000    1533.00000000    1534.00000000    1535.00000000    1536.00000000    1537.00000000    1538.00000000    1539.00000000    1540.00000000    1541.00000000    1542.00000000    1543.00000000    1544.00000000    1545.00000000    1546.00000000    1547.00000000    1548.00000000    1549.00000000    1550.00000000    1551.00000000    1552.00000000    1553.00000000    1554.00000000    1555.00000000    1556.00000000    1557.00000000    1558.00000000    1559.00000000    1560.00000000    1561.00000000    1562.00000000    1563.00000000    1564.00000000    1565.00000000    1566.00000000    1567.00000000    1568.00000000    1569.00000000    1570.00000000    1571.00000000    1572.00000000    1573.00000000    1574.00000000    1575.00000000    1576.00000000    1577.00000000    1578.00000000    1579.00000000    1580.00000000    1581.00000000    1582.00000000    1583.00000000    1584.00000000    1585.00000000    1586.00000000    1587.00000000    1588.00000000    1589.00000000    1590.00000000    1591.00000000    1592.00000000    1593.00000000    1594.00000000    1595.00000000    1596.00000000    1597.00000000    1598.00000000    1599.00000000    1600.00000000    1601.00000000    1602.00000000    1603.00000000    1604.00000000    1605.00000000    1606.00000000    1607.00000000    1608.00000000    1609.00000000    1610.00000000    1611.00000000    1612.00000000    1613.00000000    1614.00000000    1615.00000000    1616.00000000    1617.00000000    1618.00000000    1619.00000000    1620.00000000    1621.00000000    1622.00000000    1623.00000000    1624.00000000    1625.00000000    1626.00000000    1627.00000000    1628.00000000    1629.00000000    1630.00000000    1631.00000000    1632.00000000    1633.00000000    1634.00000000    1635.00000000    1636.00000000    1637.00000000    1638.00000000    1639.00000000    1640.00000000    1641.00000000    1642.00000000    1643.00000000    1644.00000000    1645.00000000    1646.00000000    1647.00000000    1648.00000000    1649.00000000    1650.00000000    1651.00000000    1652.00000000    1653.00000000    1654.00000000    1655.00000000    1656.00000000    1657.00000000    1658.00000000    1659.00000000    1660.00000000    1661.00000000    1662.00000000    1663.00000000    1664.00000000    1665.00000000    1666.00000000    1667.00000000    1668.00000000    1669.00000000    1670.00000000    1671.00000000    1672.00000000    1673.00000000    1674.00000000    1675.00000000    1676.00000000    1677.00000000    1678.00000000    1679.00000000    1680.00000000    1681.00000000    1682.00000000    1683.00000000    1684.00000000    1685.00000000    1686.00000000    1687.00000000    1688.00000000    1689.00000000    1690.00000000    1691.00000000    1692.00000000    1693.00000000    1694.00000000    1695.00000000    1696.00000000    1697.00000000    1698.00000000    1699.00000000    1700.00000000    1701.00000000    1702.00000000    1703.00000000    1704.00000000    1705.00000000    1706.00000000    1707.00000000    1708.00000000    1709.00000000    1710.00000000    1711.00000000    1712.00000000    1713.00000000    1714.00000000    1715.00000000    1716.00000000    1717.00000000    1718.00000000    1719.00000000    1720.00000000    1721.00000000    1722.00000000    1723.00000000    1724.00000000    1725.00000000    1726.00000000    1727.00000000    1728.00000000    1729.00000000    1730.00000000    1731.00000000    1732.00000000    1733.00000000    1734.00000000    1735.00000000    1736.00000000    1737.00000000    1738.00000000    1739.00000000    1740.00000000    1741.00000000    1742.00000000    1743.00000000    1744.00000000    1745.00000000    1746.00000000    1747.00000000    1748.00000000    1749.00000000    1750.00000000    1751.00000000    1752.00000000    1753.00000000    1754.00000000    1755.00000000    1756.00000000    1757.00000000    1758.00000000    1759.00000000    1760.00000000    1761.00000000    1762.00000000    1763.00000000    1764.00000000    1765.00000000    1766.00000000    1767.00000000    1768.00000000    1769.00000000    1770.00000000    1771.00000000    1772.00000000    1773.00000000    1774.00000000    1775.00000000    1776.00000000    1777.00000000    1778.00000000    1779.00000000    1780.00000000    1781.00000000    1782.00000000    1783.00000000    1784.00000000    1785.00000000    1786.00000000    1787.00000000    1788.00000000    1789.00000000    1790.00000000    1791.00000000    1792.00000000    1793.00000000    1794.00000000    1795.00000000    1796.00000000    1797.00000000    1798.00000000    1799.00000000    1800.00000000    1801.00000000    1802.00000000    1803.00000000    1804.00000000    1805.00000000    1806.00000000    1807.00000000    1808.00000000    1809.00000000    1810.00000000    1811.00000000    1812.00000000    1813.00000000    1814.00000000    1815.00000000    1816.00000000    1817.00000000    1818.00000000    1819.00000000    1820.00000000    1821.00000000    1822.00000000    1823.00000000    1824.00000000    1825.00000000    1826.00000000    1827.00000000    1828.00000000    1829.00000000    1830.00000000    1831.00000000    1832.00000000    1833.00000000    1834.00000000    1835.00000000    1836.00000000    1837.00000000    1838.00000000    1839.00000000    1840.00000000    1841.00000000    1842.00000000    1843.00000000    1844.00000000    1845.00000000    1846.00000000    1847.00000000    1848.00000000    1849.00000000    1850.00000000    1851.00000000    1852.00000000    1853.00000000    1854.00000000    1855.00000000    1856.00000000    1857.00000000    1858.00000000    1859.00000000    1860.00000000    1861.00000000    1862.00000000    1863.00000000    1864.00000000    1865.00000000    1866.00000000    1867.00000000    1868.00000000    1869.00000000    1870.00000000    1871.00000000    1872.00000000    1873.00000000    1874.00000000    1875.00000000    1876.00000000    1877.00000000    1878.00000000    1879.00000000    1880.00000000    1881.00000000    1882.00000000    1883.00000000    1884.00000000    1885.00000000    1886.00000000    1887.00000000    1888.00000000    1889.00000000    1890.00000000    1891.00000000    1892.00000000    1893.00000000    1894.00000000    1895.00000000    1896.00000000    1897.00000000    1898.00000000    1899.00000000    1900.00000000    1901.00000000    1902.00000000    1903.00000000    1904.00000000    1905.00000000    1906.00000000    1907.00000000    1908.00000000    1909.00000000    1910.00000000    1911.00000000    1912.00000000    1913.00000000    1914.00000000    1915.00000000    1916.00000000    1917.00000000    1918.00000000    1919.00000000    1920.00000000    1921.00000000    1922.00000000    1923.00000000    1924.00000000    1925.00000000    1926.00000000    1927.00000000    1928.00000000    1929.00000000    1930.00000000    1931.00000000    1932.00000000    1933.00000000    1934.00000000    1935.00000000    1936.00000000    1937.00000000    1938.00000000    1939.00000000    1940.00000000    1941.00000000    1942.00000000    1943.00000000    1944.00000000    1945.00000000    1946.00000000    1947.00000000    1948.00000000    1949.00000000    1950.00000000    1951.00000000    1952.00000000    1953.00000000    1954.00000000    1955.00000000    1956.00000000    1957.00000000    1958.00000000    1959.00000000    1960.00000000    1961.00000000    1962.00000000    1963.00000000    1964.00000000    1965.00000000    1966.00000000    1967.00000000    1968.00000000    1969.00000000    1970.00000000    1971.00000000    1972.00000000    1973.00000000    1974.00000000    1975.00000000    1976.00000000    1977.00000000    1978.00000000    1979.00000000    1980.00000000    1981.00000000    1982.00000000    1983.00000000    1984.00000000    1985.00000000    1986.00000000    1987.00000000    1988.00000000    1989.00000000    1990.00000000    1991.00000000    1992.00000000    1993.00000000    1994.00000000    1995.00000000    1996.00000000    1997.00000000    1998.00000000    1999.00000000    2000.00000000    2001.00000000    2002.00000000    2003.00000000    2004.00000000    2005.00000000    2006.00000000    2007.00000000    2008.00000000    2009.00000000    2010.00000000    2011.00000000    2012.00000000    2013.00000000    2014.00000000    2015.00000000    2016.00000000    2017.00000000    2018.00000000    2019.00000000    2020.00000000    2021.00000000    2022.00000000    2023.00000000    2024.00000000    2025.00000000    2026.00000000    2027.00000000    2028.00000000    2029.00000000    2030.00000000    2031.00000000    2032.00000000    2033.00000000    2034.00000000    2035.00000000    2036.00000000    2037.00000000    2038.00000000    2039.00000000    2040.00000000    2041.00000000    2042.00000000    2043.00000000    2044.00000000    2045.00000000    2046.00000000    2047.00000000    2048.00000000    2049.00000000    2050.00000000    2051.00000000    2052.00000000    2053.00000000    2054.00000000    2055.00000000    2056.00000000    2057.00000000    2058.00000000    2059.00000000    2060.00000000    2061.00000000    2062.00000000    2063.00000000    2064.00000000    2065.00000000    2066.00000000    2067.00000000    2068.00000000    2069.00000000    2070.00000000    2071.00000000    2072.00000000    2073.00000000    2074.00000000    2075.00000000    2076.00000000    2077.00000000    2078.00000000    2079.00000000    2080.00000000    2081.00000000    2082.00000000    2083.00000000    2084.00000000    2085.00000000    2086.00000000    2087.00000000    2088.00000000    2089.00000000    2090.00000000    2091.00000000    2092.00000000    2093.00000000    2094.00000000    2095.00000000    2096.00000000    2097.00000000    2098.00000000    2099.00000000    2100.00000000    2101.00000000    2102.00000000    2103.00000000    2104.00000000    2105.00000000    2106.00000000    2107.00000000    2108.00000000    2109.00000000    2110.00000000    2111.00000000    2112.00000000    2113.00000000    2114.00000000    2115.00000000    2116.00000000    2117.00000000    2118.00000000    2119.00000000    2120.00000000    2121.00000000    2122.00000000    2123.00000000    2124.00000000    2125.00000000    2126.00000000    2127.00000000    2128.00000000    2129.00000000    2130.00000000    2131.00000000    2132.00000000    2133.00000000    2134.00000000    2135.00000000    2136.00000000    2137.00000000    2138.00000000    2139.00000000    2140.00000000    2141.00000000    2142.00000000    2143.00000000    2144.00000000    2145.00000000    2146.00000000    2147.00000000    2148.00000000    2149.00000000    2150.00000000    2151.00000000    2152.00000000    2153.00000000    2154.00000000    2155.00000000    2156.00000000    2157.00000000    2158.00000000    2159.00000000    2160.00000000    2161.00000000    2162.00000000    2163.00000000    2164.00000000    2165.00000000    2166.00000000    2167.00000000    2168.00000000    2169.00000000    2170.00000000    2171.00000000    2172.00000000    2173.00000000    2174.00000000    2175.00000000    2176.00000000    2177.00000000    2178.00000000    2179.00000000    2180.00000000    2181.00000000    2182.00000000    2183.00000000    2184.00000000    2185.00000000    2186.00000000    2187.00000000    2188.00000000    2189.00000000    2190.00000000    2191.00000000    2192.00000000    2193.00000000    2194.00000000    2195.00000000    2196.00000000    2197.00000000    2198.00000000    2199.00000000    2200.00000000    2201.00000000    2202.00000000    2203.00000000    2204.00000000    2205.00000000    2206.00000000    2207.00000000    2208.00000000    2209.00000000    2210.00000000    2211.00000000    2212.00000000    2213.00000000    2214.00000000    2215.00000000    2216.00000000    2217.00000000    2218.00000000    2219.00000000    2220.00000000    2221.00000000    2222.00000000    2223.00000000    2224.00000000    2225.00000000    2226.00000000    2227.00000000    2228.00000000    2229.00000000    2230.00000000    2231.00000000    2232.00000000    2233.00000000    2234.00000000    2235.00000000    2236.00000000    2237.00000000    2238.00000000    2239.00000000    2240.00000000    2241.00000000    2242.00000000    2243.00000000    2244.00000000    2245.00000000    2246.00000000    2247.00000000    2248.00000000    2249.00000000    2250.00000000    2251.00000000    2252.00000000    2253.00000000    2254.00000000    2255.00000000    2256.00000000    2257.00000000    2258.00000000    2259.00000000    2260.00000000    2261.00000000    2262.00000000    2263.00000000    2264.00000000    2265.00000000    2266.00000000    2267.00000000    2268.00000000    2269.00000000    2270.00000000    2271.00000000    2272.00000000    2273.00000000    2274.00000000    2275.00000000    2276.00000000    2277.00000000    2278.00000000    2279.00000000    2280.00000000    2281.00000000    2282.00000000    2283.00000000    2284.00000000    2285.00000000    2286.00000000    2287.00000000    2288.00000000    2289.00000000    2290.00000000    2291.00000000    2292.00000000    2293.00000000    2294.00000000    2295.00000000    2296.00000000    2297.00000000    2298.00000000    2299.00000000    2300.00000000    2301.00000000    2302.00000000    2303.00000000    2304.00000000    2305.00000000    2306.00000000    2307.00000000    2308.00000000    2309.00000000    2310.00000000    2311.00000000    2312.00000000    2313.00000000    2314.00000000    2315.00000000    2316.00000000    2317.00000000    2318.00000000    2319.00000000    2320.00000000    2321.00000000    2322.00000000    2323.00000000    2324.00000000    2325.00000000    2326.00000000    2327.00000000    2328.00000000    2329.00000000    2330.00000000    2331.00000000    2332.00000000    2333.00000000    2334.00000000    2335.00000000    2336.00000000    2337.00000000    2338.00000000    2339.00000000    2340.00000000    2341.00000000    2342.00000000    2343.00000000    2344.00000000    2345.00000000    2346.00000000    2347.00000000    2348.00000000    2349.00000000    2350.00000000    2351.00000000    2352.00000000    2353.00000000    2354.00000000    2355.00000000    2356.00000000    2357.00000000    2358.00000000    2359.00000000    2360.00000000    2361.00000000    2362.00000000    2363.00000000    2364.00000000    2365.00000000    2366.00000000    2367.00000000    2368.00000000    2369.00000000    2370.00000000    2371.00000000    2372.00000000    2373.00000000    2374.00000000    2375.00000000    2376.00000000    2377.00000000    2378.00000000    2379.00000000    2380.00000000    2381.00000000    2382.00000000    2383.00000000    2384.00000000    2385.00000000    2386.00000000    2387.00000000    2388.00000000    2389.00000000    2390.00000000    2391.00000000    2392.00000000    2393.00000000    2394.00000000    2395.00000000    2396.00000000    2397.00000000    2398.00000000    2399.00000000    2400.00000000    2401.00000000    2402.00000000    2403.00000000    2404.00000000    2405.00000000    2406.00000000    2407.00000000    2408.00000000    2409.00000000    2410.00000000    2411.00000000    2412.00000000    2413.00000000    2414.00000000    2415.00000000    2416.00000000    2417.00000000    2418.00000000    2419.00000000    2420.00000000    2421.00000000    2422.00000000    2423.00000000    2424.00000000    2425.00000000    2426.00000000    2427.00000000    2428.00000000    2429.00000000    2430.00000000    2431.00000000    2432.00000000    2433.00000000    2434.00000000    2435.00000000    2436.00000000    2437.00000000    2438.00000000    2439.00000000    2440.00000000    2441.00000000    2442.00000000    2443.00000000    2444.00000000    2445.00000000    2446.00000000    2447.00000000    2448.00000000    2449.00000000    2450.00000000    2451.00000000    2452.00000000    2453.00000000    2454.00000000    2455.00000000    2456.00000000    2457.00000000    2458.00000000    2459.00000000    2460.00000000    2461.00000000    2462.00000000    2463.00000000    2464.00000000    2465.00000000    2466.00000000    2467.00000000    2468.00000000    2469.00000000    2470.00000000    2471.00000000    2472.00000000    2473.00000000    2474.00000000    2475.00000000    2476.00000000    2477.00000000    2478.00000000    2479.00000000    2480.00000000    2481.00000000    2482.00000000    2483.00000000    2484.00000000    2485.00000000    2486.00000000    2487.00000000    2488.00000000    2489.00000000    2490.00000000    2491.00000000    2492.00000000    2493.00000000    2494.00000000    2495.00000000    2496.00000000    2497.00000000    2498.00000000    2499.00000000    2500.00000000    2501.00000000    2502.00000000    2503.00000000    2504.00000000    2505.00000000    2506.00000000    2507.00000000    2508.00000000    2509.00000000    2510.00000000    2511.00000000    2512.00000000    2513.00000000    2514.00000000    2515.00000000    2516.00000000    2517.00000000    2518.00000000    2519.00000000    2520.00000000    2521.00000000    2522.00000000    2523.00000000    2524.00000000    2525.00000000    2526.00000000    2527.00000000    2528.00000000    2529.00000000    2530.00000000    2531.00000000    2532.00000000    2533.00000000    2534.00000000    2535.00000000    2536.00000000    2537.00000000    2538.00000000    2539.00000000    2540.00000000    2541.00000000    2542.00000000 
SCALARS region double 1
LOOKUP_TABLE default
      1.00000000       1.00000000       1.00000000       1.00000000       1.00000000       1.00000000       1.00000000       1.00000000       1.00000000       1.00000000       1.00000000       1.00000000       1.00000000       1.00000000       1.00000000       1.00000000       1.00000000       1.00000000       1.00000000       1.00000000       1.00000000       1.00000000       1.00000000       1.00000000       1.00000000       1.00000000       1.00000000       1.00000000       1.00000000       1.00000000       1.00000000       1.00000000       1.00000000       1.00000000       1.00000000       1.00000000       1.00000000       1.00000000       1.00000000       1.00000000       1.00000000       1.00000000       1.00000000       1.00000000       1.00000000       1.00000000       1.00000000       1.00000000       1.00000000       1.00000000       1.00000000       1.00000000       1.00000000       1.00000000       1.00000000       1.00000000       1.00000000       1.00000000       1.00000000       1.00000000       1.00000000       1.00000000       1.00000000       1.00000000       1.00000000       1.00000000       1.00000000       1.00000000       1.00000000       1.00000000       1.00000000       1.00000000       1.00000000       1.00000000       1.00000000       1.00000000       1.00000000       1.00000000       1.00000000       1.00000000       1.00000000       1.00000000       1.00000000       1.00000000       1.00000000       1.00000000       1.00000000       1.00000000       1.00000000       1.00000000       1.00000000       1.00000000       1.00000000       1.00000000       1.00000000       1.00000000       1.00000000       1.00000000       1.00000000       1.00000000       1.00000000       1.00000000       1.00000000       1.00000000       1.00000000       1.00000000       1.00000000       1.00000000       1.00000000       1.00000000       1.00000000       1.00000000       1.00000000       1.00000000       1.00000000       1.00000000       1.00000000       1.00000000       1.00000000       1.00000000       1.00000000       1.00000000       1.00000000       1.00000000       1.00000000       1.00000000       1.00000000       1.00000000       1.00000000       1.00000000       1.00000000       1.00000000       1.00000000       1.00000000       1.00000000       1.00000000       1.00000000       1.00000000       1.00000000       1.00000000       1.00000000       1.00000000       1.00000000       1.00000000       1.00000000       1.00000000       1.00000000       1.00000000       1.00000000       1.00000000       1.00000000       1.00000000       1.00000000       1.00000000       1.00000000       1.00000000       1.00000000       1.00000000       1.00000000       1.00000000       1.00000000       1.00000000       1.00000000       1.00000000       1.00000000       1.00000000       1.00000000       1.00000000       1.00000000       1.00000000       1.00000000       1.00000000       1.00000000       1.00000000       1.00000000       1.00000000       1.00000000       1.00000000       1.00000000       1.00000000       1.00000000       1.00000000       1.00000000       1.00000000       1.00000000       1.00000000       1.00000000       1.00000000       1.00000000       1.00000000       1.00000000       1.00000000       1.00000000       1.00000000       1.00000000       1.00000000       1.00000000       1.00000000       1.00000000       1.00000000       1.00000000       1.00000000       1.00000000       1.00000000       1.00000000       1.00000000       1.00000000       1.00000000       1.00000000       1.00000000       1.00000000       1.00000000       1.00000000       1.00000000       1.00000000       1.00000000       1.00000000       1.00000000       1.00000000       1.00000000       1.00000000       1.00000000       1.00000000       1.00000000       1.00000000       1.00000000       1.00000000       1.00000000       1.00000000       1.00000000       1.00000000       1.00000000       1.00000000       1.00000000       1.00000000       1.00000000       1.00000000       1.00000000       1.00000000       1.00000000       1.00000000       1.00000000       1.00000000       1.00000000       1.00000000       1.00000000       1.00000000       1.00000000       1.00000000       1.00000000       1.00000000       1.00000000       1.00000000       1.00000000       1.00000000       1.00000000       1.00000000       1.00000000       1.00000000       1.00000000       1.00000000       1.00000000       1.00000000       1.00000000       1.00000000       1.00000000       1.00000000       1.00000000       1.00000000       1.00000000       1.00000000       1.00000000       1.00000000       1.00000000       1.00000000       1.00000000       1.00000000       1.00000000       1.00000000       1.00000000       1.00000000       1.00000000       1.00000000       1.00000000       1.00000000       1.00000000       1.00000000       1.00000000       1.00000000       1.00000000       1.00000000       1.00000000       1.00000000       1.00000000       1.00000000       1.00000000       1.00000000       1.00000000       1.00000000       1.00000000       1.00000000       1.00000000       1.00000000       1.00000000       1.00000000       1.00000000       1.00000000       1.00000000       1.00000000       1.00000000       1.00000000       1.00000000       1.00000000       1.00000000       1.00000000       1.00000000       1.00000000       1.00000000       1.00000000       1.00000000       1.00000000       1.00000000       1.00000000       1.00000000       1.00000000       1.00000000       1.00000000       1.00000000       1.00000000       1.00000000       1.00000000       1.00000000       1.00000000       1.00000000       1.00000000       1.00000000       1.00000000       1.00000000       1.00000000       1.00000000       1.00000000       1.00000000       1.00000000       1.00000000       1.00000000       1.00000000       1.00000000       1.00000000       1.00000000       1.00000000       1.00000000       1.00000000       1.00000000       1.00000000       1.00000000       1.00000000       1.00000000       1.00000000       1.00000000       1.00000000       1.00000000       1.00000000       1.00000000       1.00000000       1.00000000       1.00000000       1.00000000       1.00000000       1.00000000       1.00000000       1.00000000       1.00000000       1.00000000       1.00000000       1.00000000       1.00000000       1.00000000       1.00000000       1.00000000       1.00000000       1.00000000       1.00000000       1.00000000       1.00000000       1.00000000       1.00000000       1.00000000       1.00000000       1.00000000       1.00000000       1.00000000       1.00000000       1.00000000       1.00000000       1.00000000       1.00000000       1.00000000       1.00000000       1.00000000       1.00000000       1.00000000       1.00000000       1.00000000       1.00000000       1.00000000       1.00000000       1.00000000       1.00000000       1.00000000       1.00000000       1.00000000       1.00000000       1.00000000       1.00000000       1.00000000       1.00000000       1.00000000       1.00000000       1.00000000       1.00000000       1.00000000       1.00000000       1.00000000       1.00000000       1.00000000       1.00000000       1.00000000       1.00000000       1.00000000       1.00000000       1.00000000       1.00000000       1.00000000       1.00000000       1.00000000       1.00000000       1.00000000       1.00000000       1.00000000       1.00000000       1.00000000       1.00000000       1.00000000       1.00000000       1.00000000       1.00000000       1.00000000       1.00000000       1.00000000       1.00000000       1.00000000       1.00000000       1.00000000       1.00000000       1.00000000       1.00000000       1.00000000       1.00000000       1.00000000       1.00000000       1.00000000       1.00000000       1.00000000       1.00000000       1.00000000       1.00000000       1.00000000       1.00000000       1.00000000       1.00000000       1.00000000       1.00000000       1.00000000       1.00000000       1.00000000       1.00000000       1.00000000       1.00000000       1.00000000       1.00000000       1.00000000       1.00000000       1.00000000       1.00000000       1.00000000       1.00000000       1.00000000       1.00000000       1.00000000       1.00000000       1.00000000       1.00000000       1.00000000       1.00000000       1.00000000       1.00000000       1.00000000       1.00000000       1.00000000       1.00000000       1.00000000       1.00000000       1.00000000       1.00000000       1.00000000       1.00000000       1.00000000       1.00000000       1.00000000       1.00000000       1.00000000       1.00000000       1.00000000       1.00000000       1.00000000       1.00000000       1.00000000       1.00000000       1.00000000       1.00000000       1.00000000       1.00000000       1.00000000       1.00000000       1.00000000       1.00000000       1.00000000       1.00000000       1.00000000       1.00000000       1.00000000       1.00000000       1.00000000       1.00000000       1.00000000       1.00000000       1.00000000       1.00000000       1.00000000       1.00000000       1.00000000       1.00000000       1.00000000       1.00000000       1.00000000       1.00000000       1.00000000       1.00000000       1.00000000       1.00000000       1.00000000       1.00000000       1.00000000       1.00000000       1.00000000       1.00000000       1.00000000       1.00000000       1.00000000       1.00000000       1.00000000       1.00000000       1.00000000       1.00000000       1.00000000       1.00000000       1.00000000       1.00000000       1.00000000       1.00000000       1.00000000       1.00000000       1.00000000       1.00000000       1.00000000       1.00000000       1.00000000       1.00000000       1.00000000       1.00000000       1.00000000       1.00000000       1.00000000       1.00000000       1.00000000       1.00000000       1.00000000       1.00000000       1.00000000       1.00000000       1.00000000       1.00000000       1.00000000       1.00000000       1.00000000       1.00000000       1.00000000       1.00000000       1.00000000       1.00000000       1.00000000       1.00000000       1.00000000       1.00000000       1.00000000       1.00000000       1.00000000       1.00000000       1.00000000       1.00000000       1.00000000       1.00000000       1.00000000       1.00000000       1.00000000       1.00000000       1.00000000       1.00000000       1.00000000       1.00000000       1.00000000       1.00000000       1.00000000       1.00000000       1.00000000       1.00000000       1.00000000       1.00000000       1.00000000       1.00000000       1.00000000       1.00000000       1.00000000       1.00000000       1.00000000       1.00000000       1.00000000       1.00000000       1.00000000       1.00000000       1.00000000       1.00000000       1.00000000       1.00000000       1.00000000       1.00000000       1.00000000       1.00000000       1.00000000       1.00000000       1.00000000       1.00000000       1.00000000       1.00000000       1.00000000       1.00000000       1.00000000       1.00000000       1.00000000       1.00000000       1.00000000       1.00000000       1.00000000       1.00000000       1.00000000       1.00000000       1.00000000       1.00000000       1.00000000       1.00000000       1.00000000       1.00000000       1.00000000       1.00000000       1.00000000       1.00000000       1.00000000       1.00000000       1.00000000       1.00000000       1.00000000       1.00000000       1.00000000       1.00000000       1.00000000       1.00000000       1.00000000       1.00000000       1.00000000       1.00000000       1.00000000       1.00000000       1.00000000       1.00000000       1.00000000       1.00000000       1.00000000       1.00000000       1.00000000       1.00000000       1.00000000       1.00000000       1.00000000       1.00000000       1.00000000       1.00000000       1.00000000       1.00000000       1.00000000       1.00000000       1.00000000       1.00000000       1.00000000       1.00000000       1.00000000       1.00000000       1.00000000       1.00000000       1.00000000       1.00000000       1.00000000       1.00000000       1.00000000       1.00000000       1.00000000       1.00000000       1.00000000       1.00000000       1.00000000       1.00000000       1.00000000       1.00000000       1.00000000       1.00000000       1.00000000       1.00000000       1.00000000       1.00000000       1.00000000       1.00000000       1.00000000       1.00000000       1.00000000       1.00000000       1.00000000       1.00000000       1.00000000       1.00000000       1.00000000       1.00000000       1.00000000       1.00000000       1.00000000       1.00000000       1.00000000       1.00000000       1.00000000       1.00000000       1.00000000       1.00000000       1.00000000       1.00000000       1.00000000       1.00000000       1.00000000       1.00000000       1.00000000       1.00000000       1.00000000       1.00000000       1.00000000       1.00000000       1.00000000       1.00000000       1.00000000       1.00000000       1.00000000       1.00000000       1.00000000       1.00000000       1.00000000       1.00000000       1.00000000       1.00000000       1.00000000       1.00000000       1.00000000       1.00000000       1.00000000       1.00000000       1.00000000       1.00000000       1.00000000       1.00000000       1.00000000       1.00000000       1.00000000       1.00000000       1.00000000       1.00000000       1.00000000       1.00000000       1.00000000       1.00000000       1.00000000       1.00000000       1.00000000       1.00000000       1.00000000       1.00000000       1.00000000       1.00000000       1.00000000       1.00000000       1.00000000       1.00000000       1.00000000       1.00000000       1.00000000       1.00000000       1.00000000       1.00000000       1.00000000       1.00000000       1.00000000       1.00000000       1.00000000       1.00000000       1.00000000       1.00000000       1.00000000       1.00000000       1.00000000       1.00000000       1.00000000       1.00000000       1.00000000       1.00000000       1.00000000       1.00000000       1.00000000       1.00000000       1.00000000       1.00000000       1.00000000       1.00000000       1.00000000       1.00000000       1.00000000       1.00000000       1.00000000       1.00000000       1.00000000       1.00000000       1.00000000       1.00000000       1.00000000       1.00000000       1.00000000       1.00000000       1.00000000       1.00000000       1.00000000       1.00000000       1.00000000       1.00000000       1.00000000       1.00000000       1.00000000       1.00000000       1.00000000       1.00000000       1.00000000       1.00000000       1.00000000       1.00000000       1.00000000       1.00000000       1.00000000       1.00000000       1.00000000       1.00000000       1.00000000       1.00000000       1.00000000       1.00000000       1.00000000       1.00000000       1.00000000       1.00000000       1.00000000       1.00000000       1.00000000       1.00000000       1.00000000       1.00000000       1.00000000       1.00000000       1.00000000       1.00000000       1.00000000       1.00000000       1.00000000       1.00000000       1.00000000       1.00000000       1.00000000       1.00000000       1.00000000       1.00000000       1.00000000       1.00000000       1.00000000       1.00000000       1.00000000       1.00000000       1.00000000       1.00000000       1.00000000       1.00000000       1.00000000       1.00000000       1.00000000       1.00000000       1.00000000       1.00000000       1.00000000       1.00000000       1.00000000       1.00000000       1.00000000       1.00000000       1.00000000       1.00000000       1.00000000       1.00000000       1.00000000       1.00000000       1.00000000       1.00000000       1.00000000       1.00000000       1.00000000       1.00000000       1.00000000       1.00000000       1.00000000       1.00000000       1.00000000       1.00000000       1.00000000       1.00000000       1.00000000       1.00000000       1.00000000       1.00000000       1.00000000       1.00000000       1.00000000       1.00000000       1.00000000       1.00000000       1.00000000       1.00000000       1.00000000       1.00000000       1.00000000       1.00000000       1.00000000       1.00000000       1.00000000       1.00000000       1.00000000       1.00000000       1.00000000       1.00000000       1.00000000       1.00000000       1.00000000       1.00000000       1.00000000       1.00000000       1.00000000       1.00000000       1.00000000       1.00000000       1.00000000       1.00000000       1.00000000       1.00000000       1.00000000       1.00000000       1.00000000       1.00000000       1.00000000       1.00000000       1.00000000       1.00000000       1.00000000       1.00000000       1.00000000       1.00000000       1.00000000       1.00000000       1.00000000       1.00000000       1.00000000       1.00000000       1.00000000       1.00000000       1.00000000       1.00000000       1.00000000       1.00000000       1.00000000       1.00000000       1.00000000       1.00000000       1.00000000       1.00000000       1.00000000       1.00000000       1.00000000       1.00000000       1.00000000       1.00000000       1.00000000       1.00000000       1.00000000       1.00000000       1.00000000       1.00000000       1.00000000       1.00000000       1.00000000       1.00000000       1.00000000       1.00000000       1.00000000       1.00000000       1.00000000       1.00000000       1.00000000       1.00000000       1.00000000       1.00000000       1.00000000       1.00000000       1.00000000       1.00000000       1.00000000       1.00000000       1.00000000       1.00000000       1.00000000       1.00000000       1.00000000       1.00000000       1.00000000       1.00000000       1.00000000       1.00000000       1.00000000       1.00000000       1.00000000       1.00000000       1.00000000       1.00000000       1.00000000       1.00000000       1.00000000       1.00000000       1.00000000       1.00000000       1.00000000       1.00000000       1.00000000       1.00000000       1.00000000       1.00000000       1.00000000       1.00000000       1.00000000       1.00000000       1.00000000       1.00000000       1.00000000       1.00000000       1.00000000       1.00000000       1.00000000       1.00000000       1.00000000       1.00000000       1.00000000       1.00000000       1.00000000       1.00000000       1.00000000       1.00000000       1.00000000       1.00000000       1.00000000       1.00000000       1.00000000       1.00000000       1.00000000       1.00000000       1.00000000       1.00000000       1.00000000       1.00000000       1.00000000       1.00000000       1.00000000       1.00000000       1.00000000       1.00000000       1.00000000       1.00000000       1.00000000       1.00000000       1.00000000       1.00000000       1.00000000       1.00000000       1.00000000       1.00000000       1.00000000       1.00000000       1.00000000       1.00000000       1.00000000       1.00000000       1.00000000       1.00000000       1.00000000       1.00000000       1.00000000       1.00000000       1.00000000       1.00000000       1.00000000       1.00000000       1.00000000       1.00000000       1.00000000       1.00000000       1.00000000       1.00000000       1.00000000       1.00000000       1.00000000       1.00000000       1.00000000       1.00000000       1.00000000       1.00000000       1.00000000       1.00000000       1.00000000       1.00000000       1.00000000       1.00000000       1.00000000       1.00000000       1.00000000       1.00000000       1.00000000       1.00000000       1.00000000       1.00000000       1.00000000       1.00000000       1.00000000       1.00000000       1.00000000       1.00000000       1.00000000       1.00000000       1.00000000       1.00000000       1.00000000       1.00000000       1.00000000       1.00000000       1.00000000       1.00000000       1.00000000       1.00000000       1.00000000       1.00000000       1.00000000       1.00000000       1.00000000       1.00000000       1.00000000       1.00000000       1.00000000       1.00000000       1.00000000       1.00000000       1.00000000       1.00000000       1.00000000       1.00000000       1.00000000       1.00000000       1.00000000       1.00000000       1.00000000       1.00000000       1.00000000       1.00000000       1.00000000       1.00000000       1.00000000       1.00000000       1.00000000       1.00000000       1.00000000       1.00000000       1.00000000       1.00000000       1.00000000       1.00000000       1.00000000       1.00000000       1.00000000       1.00000000       1.00000000       1.00000000       1.00000000       1.00000000       1.00000000       1.00000000       1.00000000       1.00000000       1.00000000       1.00000000       1.00000000       1.00000000       1.00000000       1.00000000       1.00000000       1.00000000       1.00000000       1.00000000       1.00000000       1.00000000       1.00000000       1.00000000       1.00000000       1.00000000       1.00000000       1.00000000       1.00000000       1.00000000       1.00000000       1.00000000       1.00000000       1.00000000       1.00000000       1.00000000       1.00000000       1.00000000       1.00000000       1.00000000       1.00000000       1.00000000       1.00000000       1.00000000       1.00000000       1.00000000       1.00000000       1.00000000       1.00000000       1.00000000       1.00000000       1.00000000       1.00000000       1.00000000       1.00000000       1.00000000       1.00000000       1.00000000       1.00000000       1.00000000       1.00000000       1.00000000       1.00000000       1.00000000       1.00000000       1.00000000       1.00000000       1.00000000       1.00000000       1.00000000       1.00000000       1.00000000       1.00000000       1.00000000       1.00000000       1.00000000       1.00000000       1.00000000       1.00000000       1.00000000       1.00000000       1.00000000       1.00000000       1.00000000       1.00000000       1.00000000       1.00000000       1.00000000       1.00000000       1.00000000       1.00000000       1.00000000       1.00000000       1.00000000       1.00000000       1.00000000       1.00000000       1.00000000       1.00000000       1.00000000       1.00000000       1.00000000       1.00000000       1.00000000       1.00000000       1.00000000       1.00000000       1.00000000       1.00000000       1.00000000       1.00000000       1.00000000       1.00000000       1.00000000       1.00000000       1.00000000       1.00000000       1.00000000       1.00000000       1.00000000       1.00000000       1.00000000       1.00000000       1.00000000       1.00000000       1.00000000       1.00000000       1.00000000       1.00000000       1.00000000       1.00000000       1.00000000       1.00000000       1.00000000       1.00000000       1.00000000       1.00000000       1.00000000       1.00000000       1.00000000       1.00000000       1.00000000       1.00000000       1.00000000       1.00000000       1.00000000       1.00000000       1.00000000       1.00000000       1.00000000       1.00000000       1.00000000       1.00000000       1.00000000       1.00000000       1.00000000       1.00000000       1.00000000       1.00000000       1.00000000       1.00000000       1.00000000       1.00000000       1.00000000       1.00000000       1.00000000       1.00000000       1.00000000       1.00000000       1.00000000       1.00000000       1.00000000       1.00000000       1.00000000       1.00000000       1.00000000       1.00000000       1.00000000       1.00000000       1.00000000       1.00000000       1.00000000       1.00000000       1.00000000       1.00000000       1.00000000       1.00000000       1.00000000       1.00000000       1.00000000       1.00000000       1.00000000       1.00000000       1.00000000       1.00000000       1.00000000       1.00000000       1.00000000       1.00000000       1.00000000       1.00000000       1.00000000       1.00000000       1.00000000       1.00000000       1.00000000       1.00000000       1.00000000       1.00000000       1.00000000       1.00000000       1.00000000       1.00000000       1.00000000       1.00000000       1.00000000       1.00000000       1.00000000       1.00000000       1.00000000       1.00000000       1.00000000       1.00000000       1.00000000       1.00000000       1.00000000       1.00000000       1.00000000       1.00000000       1.00000000       1.00000000       1.00000000       1.00000000       1.00000000       1.00000000       1.00000000       1.00000000       1.00000000       1.00000000       1.00000000       1.00000000       1.00000000       1.00000000       1.00000000       1.00000000       1.00000000       1.00000000       1.00000000       1.00000000       1.00000000       1.00000000       1.00000000       1.00000000       1.00000000       1.00000000       1.00000000       1.00000000       1.00000000       1.00000000       1.00000000       1.00000000       1.00000000       1.00000000       1.00000000       1.00000000       1.00000000       1.00000000       1.00000000       1.00000000       1.00000000       1.00000000       1.00000000       1.00000000       1.00000000       1.00000000       1.00000000       1.00000000       1.00000000       1.00000000       1.00000000       1.00000000       1.00000000       1.00000000       1.00000000       1.00000000       1.00000000       1.00000000       1.00000000       1.00000000       1.00000000       1.00000000       1.00000000       1.00000000       1.00000000       1.00000000       1.00000000       1.00000000       1.00000000       1.00000000       1.00000000       1.00000000       1.00000000       1.00000000       1.00000000       1.00000000       1.00000000       1.00000000       1.00000000       1.00000000       1.00000000       1.00000000       1.00000000       1.00000000       1.00000000       1.00000000       1.00000000       1.00000000       1.00000000       1.00000000       1.00000000       1.00000000       1.00000000       1.00000000       1.00000000       1.00000000       1.00000000       1.00000000       1.00000000       1.00000000       1.00000000       1.00000000       1.00000000       1.00000000       1.00000000       1.00000000       1.00000000       1.00000000       1.00000000       1.00000000       1.00000000       1.00000000       1.00000000       1.00000000       1.00000000       1.00000000       1.00000000       1.00000000       1.00000000       1.00000000       1.00000000       1.00000000       1.00000000       1.00000000       1.00000000       1.00000000       1.00000000       1.00000000       1.00000000       1.00000000       1.00000000       1.00000000       1.00000000       1.00000000       1.00000000       1.00000000       1.00000000       1.00000000       1.00000000       1.00000000       1.00000000       1.00000000       1.00000000       1.00000000       1.00000000       1.00000000       1.00000000       1.00000000       1.00000000       1.00000000       1.00000000       1.00000000       1.00000000       1.00000000       1.00000000       1.00000000       1.00000000       1.00000000       1.00000000       1.00000000       1.00000000       1.00000000       1.00000000       1.00000000       1.00000000       1.00000000       1.00000000       1.00000000       1.00000000       1.00000000       1.00000000       1.00000000       1.00000000       1.00000000       1.00000000       1.00000000       1.00000000       1.00000000       1.00000000       1.00000000       1.00000000       1.00000000       1.00000000       1.00000000       1.00000000       1.00000000       1.00000000       1.00000000       1.00000000       1.00000000       1.00000000       1.00000000       1.00000000       1.00000000       1.00000000       1.00000000       1.00000000       1.00000000       1.00000000       1.00000000       1.00000000       1.00000000       1.00000000       1.00000000       1.00000000       1.00000000       1.00000000       1.00000000       1.00000000       1.00000000       1.00000000       1.00000000       1.00000000       1.00000000       1.00000000       1.00000000       1.00000000       1.00000000       1.00000000       1.00000000       1.00000000       1.00000000       1.00000000       1.00000000       1.00000000       1.00000000       1.00000000       1.00000000       1.00000000       1.00000000       1.00000000       1.00000000       1.00000000       1.00000000       1.00000000       1.00000000       1.00000000       1.00000000       1.00000000       1.00000000       1.00000000       1.00000000       1.00000000       1.00000000       1.00000000       1.00000000       1.00000000       1.00000000       1.00000000       1.00000000       1.00000000       1.00000000       1.00000000       1.00000000       1.00000000       1.00000000       1.00000000       1.00000000       1.00000000       1.00000000       1.00000000       1.00000000       1.00000000       1.00000000       1.00000000       1.00000000       1.00000000       1.00000000       1.00000000       1.00000000       1.00000000       1.00000000       1.00000000       1.00000000       1.00000000       1.00000000       1.00000000       1.00000000       1.00000000       1.00000000       1.00000000       1.00000000       1.00000000       1.00000000       1.00000000       1.00000000       1.00000000       1.00000000       1.00000000       1.00000000       1.00000000       1.00000000       1.00000000       1.00000000       1.00000000       1.00000000       1.00000000       1.00000000       1.00000000       1.00000000       1.00000000       1.00000000       1.00000000       1.00000000       1.00000000       1.00000000       1.00000000       1.00000000       1.00000000       1.00000000       1.00000000       1.00000000       1.00000000       1.00000000       1.00000000       1.00000000       1.00000000       1.00000000       1.00000000       1.00000000       1.00000000       1.00000000       1.00000000       1.00000000       1.00000000       1.00000000       1.00000000       1.00000000       1.00000000       1.00000000       1.00000000       1.00000000       1.00000000       1.00000000       1.00000000       1.00000000       1.00000000       1.00000000       1.00000000       1.00000000       1.00000000       1.00000000       1.00000000       1.00000000       1.00000000       1.00000000       1.00000000       1.00000000       1.00000000       1.00000000       1.00000000       1.00000000       1.00000000       1.00000000       1.00000000       1.00000000       1.00000000       1.00000000       1.00000000       1.00000000       1.00000000       1.00000000       1.00000000       1.00000000       1.00000000       1.00000000       1.00000000       1.00000000       1.00000000       1.00000000       1.00000000       1.00000000       1.00000000       1.00000000       1.00000000       1.00000000       1.00000000       1.00000000       1.00000000       1.00000000       1.00000000       1.00000000       1.00000000       1.00000000       1.00000000       1.00000000       1.00000000       1.00000000       1.00000000       1.00000000       1.00000000       1.00000000       1.00000000       1.00000000       1.00000000       1.00000000       1.00000000       1.00000000       1.00000000       1.00000000       1.00000000       1.00000000       1.00000000       1.00000000       1.00000000       1.00000000       1.00000000       1.00000000       1.00000000       1.00000000       1.00000000       1.00000000       1.00000000       1.00000000       1.00000000       1.00000000       1.00000000       1.00000000       1.00000000       1.00000000       1.00000000       1.00000000       1.00000000       1.00000000       1.00000000       1.00000000       1.00000000       1.00000000       1.00000000       1.00000000       1.00000000       1.00000000       1.00000000       1.00000000       1.00000000       1.00000000       1.00000000       1.00000000       1.00000000       1.00000000       1.00000000       1.00000000       1.00000000       1.00000000       1.00000000       1.00000000       1.00000000       1.00000000       1.00000000       1.00000000       1.00000000       1.00000000       1.00000000       1.00000000       1.00000000       1.00000000       1.00000000       1.00000000       1.00000000       1.00000000       1.00000000       1.00000000       1.00000000       1.00000000       1.00000000       1.00000000       1.00000000       1.00000000       1.00000000       1.00000000       1.00000000       1.00000000       1.00000000       1.00000000       1.00000000       1.00000000       1.00000000       1.00000000       1.00000000       1.00000000       1.00000000       1.00000000       1.00000000       1.00000000       1.00000000       1.00000000       1.00000000       1.00000000       1.00000000       1.00000000       1.00000000       1.00000000       1.00000000       1.00000000       1.00000000       1.00000000       1.00000000       1.00000000       1.00000000       1.00000000       1.00000000       1.00000000       1.00000000       1.00000000       1.00000000       1.00000000       1.00000000       1.00000000       1.00000000       1.00000000       1.00000000       1.00000000       1.00000000       1.00000000       1.00000000       1.00000000       1.00000000       1.00000000       1.00000000       1.00000000       1.00000000       1.00000000       1.00000000       1.00000000       1.00000000       1.00000000       1.00000000       1.00000000       1.00000000       1.00000000       1.00000000       1.00000000       1.00000000       1.00000000       1.00000000       1.00000000       1.00000000       1.00000000       1.00000000       1.00000000       1.00000000       1.00000000       1.00000000       1.00000000       1.00000000       1.00000000       1.00000000       1.00000000       1.00000000       1.00000000       1.00000000       1.00000000       1.00000000       1.00000000       1.00000000       1.00000000       1.00000000       1.00000000       1.00000000       1.00000000       1.00000000       1.00000000       1.00000000       1.00000000       1.00000000       1.00000000       1.00000000       1.00000000       1.00000000       1.00000000       1.00000000       1.00000000       1.00000000       1.00000000       1.00000000       1.00000000       1.00000000       1.00000000       1.00000000       1.00000000       1.00000000       1.00000000       1.00000000       1.00000000       1.00000000       1.00000000       1.00000000       1.00000000       1.00000000       1.00000000       1.00000000       1.00000000       1.00000000       1.00000000       1.00000000       1.00000000       1.00000000       1.00000000       1.00000000       1.00000000       1.00000000       1.00000000       1.00000000       1.00000000       1.00000000       1.00000000       1.00000000       1.00000000       1.00000000       1.00000000       1.00000000       1.00000000       1.00000000       1.00000000       1.00000000       1.00000000       1.00000000       1.00000000       1.00000000       1.00000000       1.00000000       1.00000000       1.00000000       1.00000000       1.00000000       1.00000000       1.00000000       1.00000000       1.00000000       1.00000000       1.00000000       1.00000000       1.00000000       1.00000000       1.00000000       1.00000000       1.00000000       1.00000000       1.00000000       1.00000000       1.00000000       1.00000000       1.00000000       1.00000000       1.00000000       1.00000000       1.00000000       1.00000000       1.00000000       1.00000000       1.00000000       1.00000000       1.00000000       1.00000000       1.00000000       1.00000000       1.00000000       1.00000000       1.00000000       1.00000000       1.00000000       1.00000000       1.00000000       1.00000000       1.00000000       1.00000000       1.00000000       1.00000000       1.00000000       1.00000000       1.00000000       1.00000000       1.00000000       1.00000000       1.00000000       1.00000000       1.00000000       1.00000000       1.00000000       1.00000000       1.00000000       1.00000000       1.00000000       1.00000000       1.00000000       1.00000000       1.00000000       1.00000000       1.00000000       1.00000000       1.00000000       1.00000000       1.00000000       1.00000000       1.00000000       1.00000000       1.00000000       1.00000000       1.00000000       1.00000000       1.00000000       1.00000000       1.00000000       1.00000000       1.00000000       1.00000000       1.00000000       1.00000000       1.00000000       1.00000000       1.00000000       1.00000000       1.00000000       1.00000000       1.00000000       1.00000000       1.00000000       1.00000000       1.00000000       1.00000000       1.00000000       1.00000000       1.00000000       1.00000000       1.00000000       1.00000000       1.00000000       1.00000000       1.00000000       1.00000000       1.00000000       1.00000000       1.00000000       1.00000000       1.00000000       1.00000000       1.00000000       1.00000000       1.00000000       1.00000000       1.00000000       1.00000000       1.00000000       1.00000000       1.00000000       1.00000000       1.00000000       1.00000000       1.00000000       1.00000000       1.00000000       1.00000000       1.00000000       1.00000000       1.00000000       1.00000000       1.00000000       1.00000000       1.00000000       1.00000000       1.00000000       1.00000000       1.00000000       1.00000000       1.00000000       1.00000000       1.00000000       1.00000000       1.00000000       1.00000000       1.00000000       1.00000000       1.00000000       1.00000000       1.00000000       1.00000000       1.00000000       1.00000000       1.00000000       1.00000000       1.00000000       1.00000000       1.00000000       1.00000000       1.00000000       1.00000000       1.00000000       1.00000000       1.00000000       1.00000000       1.00000000       1.00000000       1.00000000       1.00000000       1.00000000       1.00000000       1.00000000       1.00000000       1.00000000       1.00000000       1.00000000       1.00000000       1.00000000       1.00000000       1.00000000       1.00000000       1.00000000       1.00000000       1.00000000       1.00000000       1.00000000       1.00000000       1.00000000       1.00000000       1.00000000       1.00000000       1.00000000       1.00000000       1.00000000       1.00000000       1.00000000       1.00000000       1.00000000       1.00000000       1.00000000       1.00000000       1.00000000       1.00000000       1.00000000       1.00000000       1.00000000       1.00000000       1.00000000       1.00000000       1.00000000       1.00000000       1.00000000       1.00000000       1.00000000       1.00000000       1.00000000       1.00000000       1.00000000       1.00000000       1.00000000       1.00000000       1.00000000       1.00000000       1.00000000       1.00000000       1.00000000       1.00000000       1.00000000       1.00000000       1.00000000       1.00000000       1.00000000       1.00000000       1.00000000       1.00000000       1.00000000       1.00000000       1.00000000       1.00000000       1.00000000       1.00000000       1.00000000       1.00000000       1.00000000       1.00000000       1.00000000       1.00000000       1.00000000       1.00000000       1.00000000       1.00000000       1.00000000       1.00000000       1.00000000       1.00000000       1.00000000       1.00000000       1.00000000       1.00000000       1.00000000       1.00000000       1.00000000       1.00000000       1.00000000       1.00000000       1.00000000       1.00000000       1.00000000       1.00000000       1.00000000       1.00000000       1.00000000       1.00000000       1.00000000       1.00000000       1.00000000       1.00000000       1.00000000       1.00000000       1.00000000       1.00000000       1.00000000       1.00000000       1.00000000       1.00000000       1.00000000       1.00000000       1.00000000       1.00000000       1.00000000       1.00000000       1.00000000       1.00000000       1.00000000       1.00000000       1.00000000       1.00000000       1.00000000       1.00000000       1.00000000       1.00000000       1.00000000       1.00000000       1.00000000       1.00000000       1.00000000       1.00000000       1.00000000       1.00000000       1.00000000       1.00000000       1.00000000       1.00000000       1.00000000       1.00000000       1.00000000       1.00000000       1.00000000       1.00000000       1.00000000       1.00000000       1.00000000       1.00000000       1.00000000       1.00000000       1.00000000       1.00000000       1.00000000       1.00000000       1.00000000       1.00000000       1.00000000       1.00000000       1.00000000       1.00000000       1.00000000       1.00000000       1.00000000       1.00000000       1.00000000       1.00000000       1.00000000       1.00000000       1.00000000       1.00000000       1.00000000       1.00000000       1.00000000       1.00000000       1.00000000       1.00000000       1.00000000       1.00000000       1.00000000       1.00000000       1.00000000       1.00000000       1.00000000       1.00000000       1.00000000       1.00000000       1.00000000       1.00000000       1.00000000       1.00000000       1.00000000       1.00000000       1.00000000       1.00000000       1.00000000       1.00000000       1.00000000       1.00000000       1.00000000       1.00000000       1.00000000       1.00000000       1.00000000       1.00000000       1.00000000       1.00000000       1.00000000       1.00000000       1.00000000       1.00000000       1.00000000       1.00000000       1.00000000       1.00000000       1.00000000       1.00000000       1.00000000       1.00000000       1.00000000       1.00000000       1.00000000       1.00000000       1.00000000       1.00000000       1.00000000       1.00000000       1.00000000       1.00000000       1.00000000       1.00000000       1.00000000       1.00000000       1.00000000       1.00000000       1.00000000       1.00000000       1.00000000       1.00000000       1.00000000       1.00000000       1.00000000       1.00000000       1.00000000       1.00000000       1.00000000       1.00000000       1.00000000       1.00000000       1.00000000       1.00000000       1.00000000       1.00000000       1.00000000       1.00000000       1.00000000       1.00000000       1.00000000       1.00000000       1.00000000       1.00000000       1.00000000       1.00000000       1.00000000       1.00000000       1.00000000       1.00000000       1.00000000       1.00000000       1.00000000       1.00000000       1.00000000       1.00000000       1.00000000       1.00000000       1.00000000       1.00000000       1.00000000       1.00000000       1.00000000       1.00000000       1.00000000       1.00000000       1.00000000       1.00000000       1.00000000 
SCALARS Resistivity(ohm.m) double 1
LOOKUP_TABLE default
   1617.26828000    2502.14453000    1814.40840000     886.90357000     816.35356000     863.29661000     711.60850000    1234.42658000     861.17812000     952.40319000     947.14035000    1265.25547000     681.64172000     820.80993000    1199.36953000     954.00205000    1239.00428000     477.27451000     425.53801000     808.27433000     453.52228000     650.22539000     378.26742000     917.20925000    1508.79295000     518.27685000    1327.64880000    2564.02577000     519.21267000     704.60928000    1944.48871000    1900.81976000     829.55269000    1151.04483000    2800.89495000    1185.86879000     389.89105000     592.64777000    1315.76538000    2107.21773000     867.99981000    2721.27042000    1361.20566000     554.66283000     686.40470000    2461.00857000     652.22145000     890.85001000    1882.77493000    1001.19564000     678.88225000    1246.49553000    1510.89489000     902.47968000    2626.11984000    1316.92204000     677.66894000     634.03387000     559.73111000    1578.22449000     887.05635000     496.86704000     760.54925000     946.72335000     664.99381000     922.80910000     510.49343000     810.46878000     913.95782000    1178.61096000     896.78260000     751.54337000     803.74402000    1589.74956000     946.11739000    2080.12592000     596.82682000     980.28157000    1400.79769000     616.88642000    1618.65318000    1916.36805000     712.43547000     740.48181000    2731.65424000    1026.55394000     598.65562000     716.43998000     391.71055000     375.77466000     886.02443000     418.44416000     497.62962000    2116.31605000     879.66016000    1460.80003000     670.03405000    2596.44513000    1203.73787000     712.38937000     861.06522000    1478.59252000    1925.82746000     844.53185000     661.93489000     513.73753000     897.97322000     876.35027000    1054.11638000    1003.31918000    1164.20004000     896.30250000     734.80742000     516.22993000     358.44271000     985.99418000    1977.07237000     388.18589000     773.85439000    1902.11157000    1501.72941000     523.25879000    1549.84803000    1194.77505000    1533.55660000     348.32374000    1220.30160000    1992.99525000    1883.63198000     716.15893000    1006.02661000    1313.69751000     498.27891000    2718.65424000    2689.54046000     279.00320000    1256.07767000    1059.94371000     494.68417000    1720.46448000    1287.59415000     505.37029000    2135.07164000     396.36642000     727.82352000    2650.45341000    2217.62952000    1406.88995000    2535.72768000    1892.93762000    1547.22800000    1595.32168000    1103.74255000    1298.02394000    1094.27544000    1223.72501000     788.97736000     624.44974000    1141.83782000     706.94737000     667.96329000     787.04320000     958.16546000    2063.59139000    1318.77342000     998.79270000    1313.41059000     734.16188000    1086.47911000    2612.65017000     365.16838000     839.20717000     789.09724000     298.18746000    1771.64080000     602.18230000    1002.04707000     721.35359000    1069.24010000     936.78308000    1015.12353000    1391.02626000     912.13325000    2015.41946000    2048.08181000    1049.25700000     592.73404000     546.29520000    1071.78994000    1334.43176000     369.56920000    1478.98315000     400.07258000     918.70589000    1552.81151000     941.50722000    1229.89185000    1680.04171000     400.79123000    2041.34890000    2302.95813000    2004.00558000    1214.92177000     405.73591000    1447.19224000    2886.37783000    1463.07967000     810.66313000    1380.96031000     985.75581000     466.13978000     829.62363000    1447.67021000    1740.07850000    1922.46474000    1406.10194000     319.64535000     498.22025000     797.39353000    1025.39765000     529.80267000    1165.51806000    2139.38430000     730.75301000     674.71970000    1582.83988000     944.91417000     636.04169000    2103.84168000    1487.38218000     518.25582000    1783.23925000     422.92950000    1873.47199000    1756.43060000    1764.58264000     449.13334000    1868.07092000     804.87310000     861.61454000    1088.39226000     500.29696000    2433.01986000     640.33615000    1812.43201000    1496.31721000    1362.45696000    1070.20282000     832.59308000    1889.35010000     448.91087000    1402.80642000    1679.59079000    2087.36736000     827.96295000    2082.11421000    1407.77543000    1341.53411000     511.80317000     449.34655000    2423.47268000    1782.76099000     877.53419000    1436.85687000    1585.70799000    1796.66174000    1100.57020000     535.38740000    1056.65610000     835.61998000    2231.25680000     735.58713000    1415.75527000     881.39679000    1958.16076000     932.41256000     939.28118000    1690.26871000    2089.46557000     701.57406000    1718.02229000    1587.74442000     364.29140000    2251.55718000    2120.75700000     597.79853000    1022.13581000     420.27869000     915.50356000     928.93738000    1465.98679000    1640.65024000    2029.11242000     453.65461000    1658.85426000    1590.73371000     231.49827000     575.01646000     599.96436000    1225.20593000    1836.80467000     993.65654000    1399.66589000    2056.94207000    1157.53157000    1024.03761000     697.18230000     801.86681000     535.43932000    1123.61871000    1677.31154000    1444.98410000     763.16493000     391.87292000    1137.87211000     829.94131000    1743.27760000    1677.22250000    1404.12289000    1722.23385000     619.42521000     574.85411000    1797.54271000    1368.80542000     917.53553000    1109.91721000    1551.74131000    1628.42780000    1342.47059000    2436.93973000    1964.55376000    1853.56857000    1951.53636000     741.47499000    2947.31959000     706.59060000     975.68751000     500.36900000     978.22697000    1862.40444000     782.27176000    1186.93987000    2186.93343000     616.50980000    1081.11862000     825.59482000    1490.07026000    1498.24160000    1543.24003000    1991.41903000     756.17612000    1168.37751000    2022.46846000    1549.73037000    1632.38258000     786.42224000     336.08795000    1033.90622000    2175.58552000    1419.31652000     834.24776000    1060.65559000    1539.86181000     561.70530000     314.89697000    2437.44017000    1420.58356000    1759.85710000    1566.65143000    1329.65752000     450.61071000     395.14303000     553.73314000     365.95450000     705.24941000     740.93709000     900.21301000     754.69424000     870.78375000     672.14629000     872.26333000    1192.92300000    1651.72000000    1244.48142000     537.76362000     849.57653000    1087.18284000    1951.06719000    1031.95219000    1487.63067000     649.35698000     975.95293000    1489.41093000    2933.10530000    2100.46474000    2077.29147000    1656.56653000     885.12475000    1563.60467000     925.55829000    1866.88079000    2455.53906000     935.04049000    1151.49503000    1381.11350000    1892.65141000    1938.41690000    1373.67891000     420.45713000    1760.01518000     413.54366000    1328.03809000     844.79013000     739.89691000    1076.62533000    2292.61235000    1334.13947000     851.51441000     912.27209000    1922.49833000    1027.53500000     971.81924000    1896.14521000    2273.17795000    1244.13906000    2104.04766000    1452.80849000    1793.67126000    2035.81877000     425.27107000     991.63597000     588.99163000    1952.84301000     532.22303000    1796.03512000     933.35717000    1463.19691000    1900.98604000    1412.69411000    1364.39674000    1391.10099000     527.09614000    1493.30792000    1278.29022000    1087.99202000     977.44410000     270.29926000     486.68149000    1896.49605000    1812.07452000     744.78698000    1603.93043000    1490.55069000    1895.58431000    2437.56948000    1999.67612000    1841.15242000    1417.72782000    1395.99849000    1024.99743000    1411.65327000     916.27758000    1961.88189000    1478.32580000     881.82523000     770.55712000     768.43431000     881.44447000    1034.44371000    1541.35258000     846.23807000    2202.59550000    1797.96256000     937.67442000     759.99465000     523.78880000    1501.87730000     900.82785000    1084.74337000    1702.78155000    1495.05909000    1453.88093000    1431.79621000    1259.00638000    1061.93228000     956.76747000    2102.28018000    1776.25397000    1391.71583000    1330.06649000    1693.29514000    2154.51972000    2041.43417000    2247.26662000    1278.36091000    1390.63794000    1860.83499000    2031.17150000     476.89466000     643.32135000     606.82834000    1802.30473000     877.73364000    1727.02266000    2003.43646000    2115.62996000     763.66720000     764.19335000     756.65560000     819.29319000     838.26157000     925.31165000    1126.22706000    1498.62875000     780.08367000     604.47574000    1513.30103000    1547.41865000    1599.58759000    1574.15534000    1632.35463000    1466.85315000    1416.46501000    1792.96724000    1766.13931000    1656.72192000     418.03961000     707.69720000    1260.34155000    1469.52520000    1610.61593000    1123.74881000    1057.42044000    1605.63241000     996.15518000     917.61138000     840.32443000    2202.21644000     924.69330000     962.17140000     986.64284000     988.01064000     422.92425000    1696.38753000    1511.67583000     568.48573000    1769.50760000    1243.33722000    1589.31658000    1426.15068000    1805.17417000     603.74726000     826.42273000     803.32792000    1112.78274000    1413.62175000     253.32863000    1546.51171000    1315.66092000    2073.84293000     715.30762000     982.20949000     794.01455000    1626.45950000     702.17608000     679.46390000     687.12217000    2321.16398000     371.62455000     776.82088000    1929.93170000    2342.16950000    1458.52689000    1618.38460000    2220.68607000     913.88563000    1228.83448000     754.91188000    1591.42968000    2082.75800000     528.70051000    1366.28424000    1318.45582000    1298.19014000    1200.68167000    1006.58462000     886.03085000     784.53182000     669.07505000    1669.41653000    1552.08961000     402.01972000    2039.83397000     850.49089000     854.66433000     983.40817000    1303.94076000    1307.35499000    1328.65998000     976.40951000     868.24437000    1903.45346000    1151.57232000    1526.19964000    2188.28089000    1258.42852000     417.56352000     743.46394000    2008.10833000    2103.95954000    1844.24730000     765.63192000     687.63276000    2041.42247000     687.10238000    1313.03777000    1598.61983000    1545.44722000    1672.68677000    1033.50347000     845.51406000    1084.67702000    1669.05571000     384.12278000     858.15278000    1499.94461000    2143.32024000    1408.88990000     654.87547000     309.97083000    1537.20070000    1245.58567000    1479.62594000    1413.31482000     641.63065000     733.38333000     774.42788000    1288.59542000     512.39116000     825.09067000    1068.49494000     756.36133000     999.38494000    1459.62922000     692.46241000    2013.46775000    1525.73207000    2354.74634000    1658.84427000    1377.11135000    1189.30411000    1479.03308000     605.77659000    1257.37765000     888.00368000     918.56412000    1292.41045000    1575.58973000     797.68312000    1096.80295000     838.67740000     509.74571000    1619.73210000    1720.03253000    1387.15250000    1092.61594000     486.51954000     351.56237000     661.55145000    1452.09784000     394.60644000     408.29715000     496.55775000     229.46260000    1573.81637000    1764.39351000     436.89335000    2090.26893000    1770.85389000    2074.89812000    2097.52806000    1273.15208000     366.35951000    1601.75531000    1646.57677000    1104.95636000    1286.17282000     438.08904000    2234.69374000    2349.88000000    1198.64019000     710.23441000    1382.94674000    1045.02545000     663.11753000    1508.43413000    2029.02099000    1120.75603000     498.37402000     473.03933000    1790.81950000    1499.91820000    1110.80879000     427.47929000    1205.39442000    1705.87594000     843.96239000    1464.05004000     613.29820000     974.65910000    2143.31402000     833.51559000    1696.38921000    1336.84996000    1198.81356000     784.89671000     397.18550000     640.34849000    1039.81810000    1628.21934000    1136.45188000     463.83819000    1275.46677000     353.60564000     822.51100000    1611.14548000     791.46654000    1223.72264000     846.49150000    1355.15202000    1291.03003000    1151.78910000     965.67633000     939.16033000    2081.55366000    1284.23183000    2173.78941000     845.65145000    1189.45717000    1384.69996000    1581.69083000     667.09147000     501.60573000    1996.36406000     464.03454000    1296.26746000    2386.76801000     277.58105000    1243.73738000    1212.90664000    1137.48919000    2021.12004000    2129.01306000     953.66018000    1848.04591000    2061.97705000    1804.23048000     679.08927000     280.24281000     377.35643000     274.30459000     221.35038000     438.12669000     215.58996000     583.36744000     466.67196000     341.67878000     328.66360000     656.12817000     445.55041000     318.51863000    2109.16013000    1981.89102000    2333.65418000    1407.69478000     521.59537000    1949.47064000     306.06055000    2040.09936000    1882.00940000     819.37247000    1348.54376000    1714.36884000     339.27527000    1966.23511000     904.35556000     629.96831000    1451.31768000     790.59825000     455.71441000     382.83738000    1432.89500000     772.22994000    1067.29025000    1653.93676000     869.03831000    1518.97475000    2108.84031000     352.05636000     255.14654000    1835.42684000     607.70112000    1523.80861000     714.32118000    2153.19037000     837.44610000     700.56651000    1675.04276000    1336.55326000    1521.24372000     684.40551000     917.99643000    1875.49614000     638.97539000     637.80907000     594.67215000    2120.60345000    1459.17405000    1719.56911000    1695.54026000    1277.34936000     485.15452000     418.55168000    1475.35990000    2341.04008000    1520.45365000     683.04001000    1344.67931000     420.17092000    1452.78553000     951.45158000    2103.99696000    1727.32390000    2137.97961000    2162.71441000    1380.16545000     440.93930000     485.30304000    1891.23948000     412.15298000    1714.46936000     732.28789000    2116.87349000     743.98960000     211.60857000     515.30260000    1728.42161000     894.49136000    1004.41802000    1766.90186000    1460.26079000     765.57630000    1358.69041000     829.36183000     672.71147000     963.64379000     241.41273000    1454.34019000    2627.89429000    1881.81290000    1070.95482000     435.94055000    1476.16896000     453.14816000     860.74820000    1099.67961000     866.78041000     477.70380000    1923.02073000     449.83699000     769.34337000     674.41292000    1500.03256000     416.33592000     963.12620000     397.99980000    1507.51839000    1295.79285000    1092.76266000     934.56366000     685.74864000    1786.22920000    1732.25905000    1720.18567000    1727.37211000    1696.69417000    1679.90646000    1669.10142000    1619.81451000    1542.44323000    1458.99238000    1387.23659000    1307.72612000    1227.81395000    1191.72836000    1111.31634000    1168.24727000    1142.83690000    1129.67591000    1941.48756000    1830.74128000     398.65549000    1753.71173000    1008.89919000    2034.68894000    1579.03990000     944.44092000    2084.42859000     614.45359000     816.03193000     461.98191000     917.02812000     739.02440000    1212.20024000    1626.82414000    1170.28835000    1185.97105000    1246.00512000    1342.30823000    1472.17657000    1613.45471000    1716.43056000    1798.40791000    1896.82989000    1439.22197000     458.07126000     259.15219000    1698.21482000     389.33356000    2148.99188000    1257.38432000     543.51998000    1249.72773000     939.92982000    1860.40721000    1964.76218000    2156.44832000     374.03306000     715.83613000    1774.80477000    1073.86000000     724.70579000    1019.37595000     509.54509000    1436.85049000    1219.53003000    1704.45118000     944.41915000     718.35153000     947.35664000     953.19786000     956.01187000     977.99737000    1027.30577000    1072.60550000    1126.71561000    1572.18304000    1187.38853000    1276.54128000     408.97855000    1345.89511000    1625.00152000    1139.93533000     799.85126000     477.99481000    1159.86876000    1680.13779000     437.32990000    2468.05434000     535.37629000    1091.72441000    1094.45390000    1451.96681000    1464.64898000    1478.92832000    1469.84830000    1824.89286000    1383.01199000    1264.57477000    1143.14638000     874.34370000     522.65264000     696.21160000     417.04062000    2613.87991000     357.61498000     552.07031000     808.57773000    1124.75778000    1053.88943000     778.62458000    1459.68236000     985.58552000     377.18487000    1667.77684000    1158.97461000    1538.55454000    1167.89879000    1182.21282000    1198.14376000    2134.06575000    1207.61669000     993.62016000    1199.80949000    1197.98681000    1659.10134000     523.03674000    1228.84042000    1287.58359000    1942.47795000     697.06919000    2234.72504000     699.03833000     557.86115000    1554.03881000    1607.36663000    1532.14538000    1439.93097000    1350.17631000    1274.55675000    1667.06418000    1289.18351000    1284.62489000    1405.21383000     357.17166000     978.61213000     563.73956000    2222.43649000     776.36144000     491.13422000    1049.09866000     416.09898000    1641.04654000    1179.79701000    1482.67491000    1086.00011000    1120.53248000     615.72453000    2235.91156000     772.19995000     573.32028000     629.81055000    1308.44420000     298.46821000    1370.47885000    1399.00836000    1150.70817000    1357.61124000    1212.10070000    1349.30223000    1202.65251000    1289.96352000    1292.41739000     908.42468000     704.57137000    1844.74751000    1706.94964000    2443.70540000    2540.80802000    2602.93295000    1107.89839000    2715.78905000    1680.38666000     351.56403000    2552.56652000    1881.87479000     448.98677000    1846.00524000    1445.89059000     939.75240000     594.50994000    1843.33693000     538.59567000    1765.43063000    1444.39765000     453.29728000    1277.89962000     870.91043000    1616.17900000    2121.57706000     753.07547000     391.32292000    1612.41843000    1287.39975000    1416.30499000     340.52122000     772.86636000     897.49226000     392.15676000    1274.31089000    1686.84563000     660.72527000     966.53549000     432.96126000     640.84999000     913.23372000     557.18109000     739.31716000    2228.07401000    1606.09471000    2255.35761000     531.02796000    1529.31664000     565.65334000    1497.84830000     793.25663000     366.34812000    1005.93999000     736.25477000    1051.90336000    1493.41722000    1156.17496000    1360.26634000    1340.86060000    1512.95960000     409.99012000    1511.68085000     722.00151000    2195.43198000    1449.37257000     898.11398000     740.62265000    1143.23646000     469.48650000    1275.61285000     997.99086000    1051.12503000    1841.84201000     662.40786000    1818.03038000    1406.73568000    1206.63458000     718.23866000     676.60141000    1263.27075000     864.36290000     281.25390000     343.67774000    1250.20649000    1311.99296000    2265.35686000    1524.34978000    1159.64178000     625.13747000     665.70098000     859.11774000    1798.01333000    1299.65753000    2154.64564000    1913.50999000     587.99928000     643.37737000    1169.92900000     536.66852000     441.82727000     328.08856000    1621.91578000     481.26814000     503.90407000    1290.51409000     567.50266000    2445.83223000    1506.14546000     350.36835000    1086.78906000     798.78756000     729.50074000     492.47644000    1341.88075000     721.01169000    1673.79334000    2051.31347000     923.62367000    2677.46978000    2549.45457000    1024.90764000    1541.45910000    2192.36557000     656.73780000    1442.71300000    1054.92451000     930.31026000    2375.50546000     846.29565000     267.60940000    1383.78609000     636.61773000     410.63500000     648.73412000    1907.93093000    1411.79788000    1428.14258000    1187.98795000    1850.46156000    1425.71286000    1359.96482000    1890.44114000    1862.96881000    1848.18082000    1837.32685000    1812.40379000    1782.65126000    1198.64557000    1740.08206000    1660.92100000    1574.32580000    1478.95308000    1391.76078000    1312.72871000    1257.74519000    1234.73823000    1220.60383000    1209.63672000    1205.23431000    1942.80620000     680.05937000    2029.51550000    1710.69130000     648.13462000    2342.02589000    1250.39495000    2158.15295000     639.08903000    1391.24572000     792.86168000    1113.10262000    1065.45801000    1193.94496000     731.49610000    1128.98153000    1110.54692000    1145.97878000    1216.72129000    1312.85996000    1436.77309000    1555.95964000    1643.28961000    1727.53215000     347.46542000    1166.08194000    1810.29726000     257.40096000    1828.86445000     716.11592000     521.64643000    1577.94103000     676.54161000     655.98858000    1866.31084000    1033.29062000    1626.75057000    2266.13640000    1035.91238000    2322.94575000    1040.86333000    1046.62395000    1064.06762000    1100.06972000    2412.63183000     609.97347000    1154.12874000    1214.57534000    1272.71486000    1348.37480000    1417.68599000    1486.97391000    1024.75584000    1672.66005000    2306.17276000     399.34840000     915.18630000     655.95532000    1385.23302000    2092.15992000    1390.90329000    1393.89682000    1391.47796000    1344.32530000    1240.32332000     736.11200000     797.62898000     403.18187000    1408.11963000    1805.10602000     451.21015000    1275.94464000    1787.44793000    2287.99684000    1281.35578000    1130.64955000    1294.39512000    1309.43051000    1314.63524000    1307.71477000     470.87348000    1380.70403000    1298.19604000    2254.57003000     791.84918000     418.25376000    2246.16370000     637.74591000    1539.56646000     938.02440000     440.59379000    1834.42814000    1682.47561000    1470.20690000    1392.18349000     891.19027000    1307.44748000    1223.12592000    1808.15384000     975.04862000    1101.32968000    1665.21886000    1684.18633000     836.89551000     388.35012000     814.64658000    2432.16957000    2076.73926000    2372.38689000    1084.94399000    1264.57084000    2280.20315000    2152.16888000     575.75046000     296.44728000    2281.88999000    1315.40521000    1397.70572000    1163.39963000     503.26468000    1251.29101000    1222.94402000     446.75767000     706.98600000     842.73914000    1947.08485000    1247.17654000    2443.46963000     673.42224000     782.00734000    2487.14261000    2674.15940000    2812.74538000    1159.03083000     777.68741000    1172.84594000     602.92230000     592.22108000    1030.19695000    1821.62086000    2469.88478000    1855.22215000     814.05688000    1369.71423000    2188.12852000    1573.40269000     673.78186000    1139.24776000     927.49846000    1269.05080000    1778.45093000    1367.84798000    1360.92094000    1116.32698000     423.63618000     999.91647000    1007.98411000     974.69860000     947.18286000     857.21913000     395.40316000    1170.06603000     897.92616000    1098.93883000     840.93373000    1096.72022000     787.21704000    1319.54306000     805.82308000     789.76067000     812.81823000     809.99923000     773.11419000     751.52102000     720.85150000     702.00529000     727.59759000     912.85403000     715.05460000     911.54597000     638.54492000     685.82423000     687.57395000     805.14007000     900.64471000     914.61770000     950.55642000     967.56220000    1048.22641000    1068.16182000    1132.69039000    1142.56116000    1291.45768000    1262.63433000     998.04414000     992.10913000     986.64709000     854.43990000     826.07825000     788.90093000     733.71948000     680.11694000     657.88489000     626.65023000     603.98417000     580.13909000     565.25635000     565.51705000     609.93422000     673.46253000     677.50992000     588.73015000     569.64071000     526.44093000     476.20449000     420.90704000     415.95421000     363.77739000     338.01244000     341.49343000     370.52688000     374.87354000     337.49725000     325.92406000     341.43290000     342.18658000     325.18913000     323.63687000     344.71416000     329.54716000     335.08322000     329.49515000     320.08668000     319.42412000     325.41034000     329.30269000     341.28897000     345.46499000     331.07807000     338.50757000     368.25071000     408.05155000     390.70196000     402.23437000     527.74760000     559.76522000     669.17244000     711.95413000     416.95501000     943.17353000    1044.86447000    1091.06248000     496.56750000     403.90481000     334.55722000     384.92005000     339.03326000     327.38718000     324.86236000     336.33807000     334.37296000     325.84212000     343.87567000     323.58865000     332.50480000     352.52936000     491.11187000     370.68444000     469.83067000     498.32622000    1997.09266000     567.24606000     599.53353000     611.83373000     740.82853000    1207.02657000     782.28404000     892.54250000    1348.32226000    1185.57896000    1336.25216000    2527.48665000    1285.50561000    1051.21208000     342.67287000    1023.60289000    1170.48533000    2042.53541000     944.81905000    1457.35663000    1064.44800000     899.27746000    2251.27944000     526.07072000    1437.71423000     727.30099000    1207.31202000     702.18391000     489.43534000    1833.90321000     392.48525000    1377.93283000    1563.07463000     639.78488000     637.76755000    2131.52453000    1235.81367000     936.91588000    1307.04540000    1391.09671000    1320.28718000    1821.63916000     685.36202000     607.69627000    1859.68725000     763.39843000    1197.62674000    1312.42179000     919.54022000     603.53848000     392.29061000    1792.60623000    1027.68781000    1288.22104000     774.02934000     963.70313000    1712.70264000     757.31776000    1595.89309000    1465.01544000     769.25211000     752.16331000    1907.21706000    1088.37328000     763.01307000     765.45710000    1195.92495000    2370.74721000     736.53995000    1209.34360000     502.82612000    1182.70636000     824.12903000     572.56880000    2884.84417000    1981.46142000     743.08693000     776.06009000     713.06627000     476.75637000     683.53898000     818.27136000     693.33477000    2188.03582000    1372.84635000    1315.13923000    1087.85412000    1327.98038000     427.62433000     273.35268000    1885.92587000     522.96559000     847.73691000     404.98178000    1641.71927000     737.61566000     509.93270000     316.68646000     495.79166000     809.15357000    2455.52137000     511.21815000     960.16587000     953.36642000    1000.13085000     592.94865000    1793.20685000    1571.82892000     858.84724000     456.93273000     967.09863000    1814.62502000     917.99928000     944.25528000    2098.96447000     411.39920000     887.77569000    1585.04476000    1438.87720000     736.26772000    1321.20127000     700.35674000     531.76250000    2990.41816000     370.86377000     242.84680000     390.27968000    2226.77083000    1403.04216000     365.06623000     398.33931000    1854.52570000    1292.24987000    1130.50299000     939.82450000     730.73095000     414.03170000    1287.83131000     689.73067000    2114.74840000     694.07283000    1119.20366000     608.99947000     803.42849000     861.04326000    1598.92143000     333.21419000     686.40164000    1950.13370000     813.13612000     859.43616000    1162.13948000    1057.64386000    1437.83068000     621.85591000     763.90052000     599.45728000     584.75350000    2962.05386000    1627.20029000    1600.00423000     585.62647000    2503.41689000     371.61564000    1375.79787000    1422.32846000     821.79908000     336.99041000     817.08899000    1140.94105000    1770.16351000     590.06948000    1555.58150000    2084.36880000    2011.38790000    1205.79461000     606.15813000    1427.19964000    2072.44276000    1976.10613000    1861.73282000    1662.64683000    1365.53094000    1451.73987000    1321.95710000    1329.14905000    2158.06612000    1686.14908000    2378.90359000     725.02290000    1076.16108000    1081.41888000     997.92242000    1147.23356000    1349.34042000    1876.63245000    2333.84472000     838.21687000     469.29016000    1334.62183000    1206.15303000    1239.40472000    1338.33493000    1471.47212000    1581.87229000     522.47147000     979.45897000    1565.81381000     955.51016000    1035.55023000    1725.60464000    2403.92719000    1234.57827000     679.67583000    1216.52465000    1074.71572000    1106.30721000    2768.61149000     379.02170000     664.58989000    1151.43548000    1471.33815000    1507.54008000    1062.46451000    1510.12501000    1509.75354000    1458.26324000    1237.42614000    1403.73792000     958.15551000    1252.06756000    1121.47285000    1107.58275000     555.51059000     936.33366000    1080.33585000     459.63720000    2533.07949000     983.66251000    2697.75369000    2216.45214000    1843.14899000     933.09314000    1133.14827000    1110.81607000    1366.53878000    1030.11553000     533.87997000     754.06514000    2964.04706000    1061.85403000     667.09415000    2674.61562000     782.23413000    1251.65371000    2141.54758000    1736.88028000     554.45426000     610.67934000     670.06635000    2160.50265000    2303.45388000    1830.29587000    1185.99534000     727.12115000    1213.85075000     968.34905000     894.40524000     799.92811000     591.27994000    1262.67424000     460.25662000    1474.65887000     979.53893000     670.81939000    1869.86810000     473.03523000     438.58155000    2019.07277000     368.21195000    1112.37954000     674.44713000     972.80160000    1137.66706000    1018.93863000     420.71053000     432.52560000    1066.41161000    1003.85379000    1152.52487000     889.99819000     840.03866000    1092.57775000     844.20872000     923.36319000     819.46052000     813.81189000     800.04684000     787.89808000     991.01028000     630.08138000     563.33207000     953.38023000    1223.89098000     685.02584000     725.94809000     635.40173000     333.24774000     338.59223000     590.37121000     326.16152000     343.21696000     550.17043000     326.12007000     355.62360000     689.29490000     341.74855000     352.94362000    1023.69945000     852.49993000    1087.91169000     835.30997000     428.28267000     669.13965000     940.80289000    1160.12458000     800.60353000     720.04389000     359.68270000     610.30683000     345.72479000     646.93770000     335.98775000    1013.83064000     349.52729000     404.84171000     585.22884000     923.53997000     349.54461000     381.83220000     551.50874000     337.03188000     402.36432000     331.97525000    1040.89178000     407.11493000     512.82239000     416.48279000     335.44295000     383.76473000     346.21302000     394.09986000     323.72892000     337.01401000     346.99839000     339.91969000     333.98226000     334.44396000     338.24099000     328.57489000     352.04880000     333.94257000     341.26139000     345.43053000     363.29937000     333.11367000     490.40965000     374.09053000     448.53640000     523.54396000     495.82010000     576.28010000     591.43177000     609.73228000     741.45371000     617.73788000     794.55324000    1799.84936000     781.46553000     893.97993000    1315.95989000     345.97949000     356.26186000    1147.73988000    1229.33561000    1313.52030000    1105.98582000    1177.17238000    1327.90557000    1605.48687000     965.74020000     978.45009000    1086.27912000     937.17468000     673.09882000     779.03292000    1174.78715000     638.45906000    1083.89519000     920.90582000    1421.09496000     938.73124000    1213.69938000    1725.99856000     727.27303000     934.35140000     754.09589000     739.68769000    1430.86097000     949.83380000    1832.87055000     447.80097000    1646.64022000    2064.73284000    1381.65772000     831.57063000     982.45440000     748.92265000    2612.12008000     298.19300000    1094.30336000    1345.28465000    1249.34046000    1008.36168000    2428.08736000    1357.67029000     705.90241000    1016.17366000     986.50228000     975.26480000    1029.19574000     858.10426000     931.79009000     968.20060000    1054.27235000     555.07074000    1666.69949000     706.73008000     450.18366000     725.34697000     687.39800000     331.78806000     979.29264000     499.57158000    1639.30010000    1190.41953000     858.95128000     658.84278000    2256.33505000    1640.01000000    1507.61355000     608.68938000     584.04059000    1349.69233000     494.00685000     706.70158000    1069.55597000    1804.57709000     991.72738000     512.03759000     994.60393000     919.96522000    2037.91068000    1255.08654000    1372.93038000     924.08349000     639.45693000     368.73863000     376.97961000     390.30241000     597.52825000     643.38000000    1234.19191000     980.34403000    1435.49970000     819.01719000     776.60727000     410.84284000     746.21176000     678.90726000    1395.35284000    1540.24714000    2412.81459000    2023.04471000    1333.90685000    1205.35520000    1190.22737000    1926.97160000    1758.36240000    1552.02914000    1325.09118000    1347.38181000    2100.08009000    2038.71387000    1378.03730000    2244.12830000    1130.39474000    1219.68775000     977.59556000    1064.83002000     718.06920000    1145.51593000     709.19154000    1458.58625000    1493.45274000     903.47667000    1027.31865000    1243.99057000    1021.24048000     648.71293000    1146.26783000    1081.08690000     415.28003000     939.79065000     784.43432000    1376.69333000    1289.32747000     481.94041000    1031.37251000     730.35251000     476.25620000     718.70140000     922.78867000     728.73437000    1496.40309000    1424.36237000     696.63288000     800.30468000     944.46284000     475.74286000     480.98438000     730.10563000    1212.28658000     741.08912000    1275.53822000    1410.22474000    1533.37735000     934.43008000     831.88600000     821.66255000    1832.60936000     777.34069000     819.58014000     342.96522000    2056.47405000    2476.06693000    1169.28914000     229.02907000     390.71901000     386.42108000     697.85263000     736.54020000     711.89849000    1231.35286000     339.36051000     248.54252000    1248.58503000    1391.08417000     424.03441000    1205.62160000     715.18444000     333.63278000    1633.96148000    1042.86710000    1524.08534000    1485.92671000     440.78653000     489.67476000    1743.92195000    1836.06295000     774.73591000     368.80744000    1261.76346000    1960.50116000     742.87756000     518.22980000     586.38714000     720.59343000     397.27262000     380.21440000    1153.12955000    1183.79786000    1042.08992000     727.83393000     542.97780000    1818.53321000     691.82591000     666.78639000     692.21324000     705.21049000     307.60601000     434.73096000     767.27913000     370.38263000     957.67123000     738.24656000     804.45844000     721.92572000    1573.38989000     821.63498000    1696.06567000    1447.73536000     724.66517000     717.05936000     409.24758000     601.15063000    1181.46028000     377.34195000     382.54909000     690.00962000    1294.40108000    1583.67651000     587.87619000    1313.91318000     463.89279000    2242.31755000    1423.42141000    1018.50615000    1660.73309000     451.54410000     820.37526000     612.74244000    1110.97308000     930.50416000    2743.99922000     400.58725000    1069.85908000     900.00949000    2837.16948000    1271.00425000     849.24710000     343.39306000    1953.55936000    1255.68751000     611.58941000     442.71175000     970.52588000    2048.22253000    1347.75031000    1937.66623000    1736.78334000    1508.30370000    1366.55423000    2161.71360000    1419.58800000    2377.37236000     485.32318000    1993.28962000    1825.32194000    1624.30357000    1354.13185000    1385.35148000    2199.56842000    2276.48402000    2115.00787000    1422.07601000    1302.20699000    1593.98693000    1218.25472000     947.75292000     952.22519000    1105.09383000    1000.27474000    1443.32621000    1421.19064000     643.80573000    1051.14453000     558.74533000    1149.65110000    1376.78504000    1521.61004000    1624.06934000    1298.64458000     628.34327000    2511.55631000     790.21221000    1284.47893000    1329.12712000    1462.03751000    1451.85218000     891.60055000    1576.12995000    1138.55792000    1289.24347000     872.22900000    1306.01368000     791.10818000    1677.48893000    1280.33368000    1885.96510000     810.15173000    1606.64903000    1539.54424000    1144.02355000     456.26888000     891.89052000     464.05683000    1159.66424000     786.13113000     801.02927000    1674.17730000     471.71808000    1064.09694000    1071.99365000    1611.99090000    2577.10763000     903.04922000    1309.71600000     432.47102000     593.66198000     688.22238000    1614.91818000    1572.25517000    1188.24494000    1284.87256000     459.87050000     692.46925000    1092.09594000    2916.32051000    1105.31244000    1004.45360000    2822.07216000     414.68194000    1544.96929000    1109.73062000     467.02026000     795.96928000     585.87657000    1210.40492000     931.93201000    1784.96880000    1295.00376000     634.38657000    1220.65693000    1317.72765000     915.88749000     399.83832000     683.89288000    1429.64428000     388.92353000     987.64519000    2795.31633000     762.88029000    2865.50400000     993.96202000    2092.03311000    1369.17691000    1482.35230000     729.50673000    1487.67963000    1499.35044000    1917.10929000    1238.75325000     836.19113000    1048.25788000    2674.86974000     502.03695000     644.96118000    1290.81148000    1049.72378000    1597.00637000    1242.07702000    1355.50840000     362.77951000    1256.19746000    1414.74965000     598.23112000    1478.40584000    1103.84807000    2581.98642000    1474.51292000     699.16806000    1216.36364000     312.29799000    1832.13791000     388.96038000     763.45195000    1700.07983000    1023.92240000    1072.22718000    1587.41556000    1359.15481000     675.57656000     764.82276000    1287.33561000    1453.66108000     813.12412000    1091.73351000     697.66191000     763.45986000     623.29882000     824.96695000     734.17884000    1082.92208000    2000.34174000    1673.11938000    2231.83733000     712.26094000    1923.55477000    1066.28217000    1438.95716000    1593.03185000    1733.72591000    1164.03511000     569.42969000     712.56722000     804.84662000     546.47561000    1231.11215000    1184.39657000     952.90233000     905.22547000     517.85647000     807.83225000    1384.80657000    1125.36582000     810.86653000    1039.31493000    1132.09829000     937.11410000     801.30792000    1720.33360000    1002.54788000     615.96940000     768.90247000     775.32038000     938.20168000     445.76418000     729.62962000     845.84766000    1402.21244000     677.79211000     474.51163000     443.57067000    2036.87117000    1193.48543000     713.09665000    1239.07351000     370.76726000     410.87613000    1279.36871000    1748.21100000    1666.59734000     401.03400000     394.55844000    1239.67851000     928.85581000     727.31934000    1419.36402000    1302.78231000    2612.14811000     389.31693000    1172.75370000     634.50797000     368.08527000    1267.23273000    2441.36234000     903.83179000     662.29847000     794.21197000    1251.34423000     804.85065000     721.44205000     917.55711000    1697.24332000    1266.67696000    1415.14927000    1153.22890000     745.75111000    2369.90880000    1216.28279000     733.49693000     828.42429000     624.27585000     668.56682000    1134.10620000    1276.84837000    1584.10774000     445.56575000    1294.37561000     520.15326000     895.68611000    1885.95598000    2475.97233000    1323.70711000    1494.98016000     475.19053000    2767.80071000     370.82800000     824.24826000     368.96246000     376.78407000     991.66780000    1217.28830000    1355.39429000     376.90124000     729.55878000    2654.60220000    1067.79238000     829.11046000     393.37928000    1271.58117000     402.00588000     625.33372000     956.19130000     635.12664000     716.15909000    1249.85691000     792.04185000     443.24676000     632.95249000    1366.02759000    1028.30494000     804.58388000     914.66152000    1829.99622000     924.13667000    1352.17322000     393.64330000     756.46821000     683.53837000    1279.75814000     931.58662000    1057.28231000     716.19689000     882.84084000     846.45181000     703.18764000    1822.58760000    1322.17106000    1280.28153000     927.53668000    1188.67292000     688.12374000     712.00091000     868.60756000     586.28941000     849.41193000     447.54680000     701.35067000     299.51967000    1227.78441000     698.05704000     875.76945000     395.05458000     720.46827000     593.41241000     720.13974000     522.45874000     393.71225000     766.38671000    2264.98356000    1690.92193000     757.63938000     742.91098000     851.50637000    1018.21759000    1386.84093000     772.74763000     988.19586000    1240.39469000     341.89298000     687.67274000     847.15331000     724.06787000    1153.39402000    1075.05813000    1245.57198000     808.70153000     857.54325000    1087.65120000    1157.96129000    1258.66422000    1939.76801000    1718.39611000    1480.73511000     810.26692000    1011.38707000     378.39179000    1494.54290000     725.55577000    2340.08093000     854.06939000    1795.21238000     783.57852000     864.00197000     550.15071000    1105.32027000     673.44150000     725.09824000    1609.75787000    1311.51072000    1250.36916000     792.99943000     409.46735000     706.05797000     999.46442000    1605.58638000     731.75909000    2574.62561000    1706.79878000    1746.19410000     298.75220000    1868.56762000     943.90765000    1203.08426000    1779.60473000     549.25619000     469.83517000    1179.15042000     426.51080000    1086.76866000    1852.02541000     522.42868000    1724.17270000    1766.17810000     619.84492000    1057.36276000     629.49351000    1368.10068000     557.51654000     386.43708000     701.64589000     581.35097000     796.29380000     774.99261000     460.37296000    1791.21963000    1845.37196000     783.66179000     611.82586000    1305.51650000    1262.22674000    2398.32603000    1813.63901000    1423.72828000     722.89677000    1332.18887000    1201.37510000     337.85810000    2507.57830000    1328.16015000    1251.94672000    1189.95650000     798.47991000    1244.68229000    2461.06571000     595.62505000     710.91181000     747.70089000    1866.84949000    2032.18708000    1462.45003000    2262.30200000    1245.57154000     693.07676000    2426.77289000    2623.60112000 
SCALARS Resistivity(log10) double 1
LOOKUP_TABLE default
      3.20878000       3.39831000       3.25874000       2.94788000       2.91188000       2.93616000       2.85224000       3.09147000       2.93509000       2.97882000       2.97641000       3.10218000       2.83356000       2.91424000       3.07895000       2.97955000       3.09307000       2.67877000       2.62894000       2.90756000       2.65660000       2.81306000       2.57780000       2.96247000       3.17863000       2.71456000       3.12308000       3.40892000       2.71535000       2.84795000       3.28881000       3.27894000       2.91884000       3.06109000       3.44730000       3.07404000       2.59094000       2.77280000       3.11918000       3.32371000       2.93852000       3.43477000       3.13392000       2.74403000       2.83658000       3.39111000       2.81440000       2.94980000       3.27480000       3.00052000       2.83179000       3.09569000       3.17923000       2.95544000       3.41931000       3.11956000       2.83102000       2.80211000       2.74798000       3.19817000       2.94795000       2.69624000       2.88113000       2.97622000       2.82282000       2.96511000       2.70799000       2.90874000       2.96093000       3.07137000       2.95269000       2.87595000       2.90512000       3.20133000       2.97595000       3.31809000       2.77585000       2.99135000       3.14638000       2.79021000       3.20915000       3.28248000       2.85275000       2.86951000       3.43643000       3.01138000       2.77718000       2.85518000       2.59297000       2.57493000       2.94745000       2.62164000       2.69691000       3.32558000       2.94431000       3.16459000       2.82610000       3.41438000       3.08053000       2.85272000       2.93504000       3.16985000       3.28462000       2.92662000       2.82082000       2.71074000       2.95326000       2.94268000       3.02289000       3.00144000       3.06603000       2.95245000       2.86617000       2.71284000       2.55442000       2.99387000       3.29602000       2.58904000       2.88866000       3.27924000       3.17659000       2.71872000       3.19029000       3.07729000       3.18570000       2.54198000       3.08647000       3.29951000       3.27500000       2.85501000       3.00261000       3.11850000       2.69747000       3.43435000       3.42968000       2.44561000       3.09902000       3.02528000       2.69433000       3.23565000       3.10978000       2.70361000       3.32941000       2.59810000       2.86203000       3.42332000       3.34589000       3.14826000       3.40410000       3.27714000       3.18955000       3.20285000       3.04287000       3.11328000       3.03913000       3.08768000       2.89706000       2.79550000       3.05760000       2.84939000       2.82475000       2.89600000       2.98144000       3.31462000       3.12017000       2.99948000       3.11840000       2.86579000       3.03602000       3.41708000       2.56249000       2.92387000       2.89713000       2.47449000       3.24838000       2.77973000       3.00089000       2.85815000       3.02908000       2.97164000       3.00652000       3.14334000       2.96006000       3.30437000       3.31135000       3.02088000       2.77286000       2.73743000       3.03011000       3.12530000       2.56770000       3.16996000       2.60214000       2.96318000       3.19112000       2.97382000       3.08987000       3.22532000       2.60292000       3.30992000       3.36229000       3.30190000       3.08455000       2.60824000       3.16053000       3.46035000       3.16527000       2.90884000       3.14018000       2.99377000       2.66852000       2.91888000       3.16067000       3.24057000       3.28386000       3.14802000       2.50467000       2.69742000       2.90167000       3.01089000       2.72411000       3.06652000       3.33029000       2.86377000       2.82912000       3.19944000       2.97539000       2.80349000       3.32301000       3.17242000       2.71454000       3.25121000       2.62627000       3.27265000       3.24463000       3.24664000       2.65238000       3.27139000       2.90573000       2.93531000       3.03679000       2.69923000       3.38615000       2.80641000       3.25826000       3.17502000       3.13432000       3.02947000       2.92043000       3.27631000       2.65216000       3.14700000       3.22520000       3.31960000       2.91801000       3.31850000       3.14853000       3.12760000       2.70910000       2.65258000       3.38444000       3.25109000       2.94326000       3.15741000       3.20022000       3.25447000       3.04162000       2.72867000       3.02393000       2.92201000       3.34855000       2.86663000       3.15099000       2.94517000       3.29185000       2.96961000       2.97280000       3.22796000       3.32004000       2.84607000       3.23503000       3.20078000       2.56145000       3.35248000       3.32649000       2.77655000       3.00951000       2.62354000       2.96166000       2.96799000       3.16613000       3.21502000       3.30731000       2.65673000       3.21981000       3.20160000       2.36455000       2.75968000       2.77813000       3.08821000       3.26406000       2.99724000       3.14602000       3.31322000       3.06353000       3.01032000       2.84335000       2.90410000       2.72871000       3.05062000       3.22461000       3.15986000       2.88262000       2.59315000       3.05609000       2.91905000       3.24137000       3.22459000       3.14741000       3.23609000       2.79199000       2.75956000       3.25468000       3.13634000       2.96262000       3.04529000       3.19082000       3.21177000       3.12790000       3.38684000       3.29326000       3.26801000       3.29038000       2.87010000       3.46943000       2.84917000       2.98931000       2.69929000       2.99044000       3.27007000       2.89336000       3.07443000       3.33984000       2.78994000       3.03387000       2.91677000       3.17321000       3.17558000       3.18843000       3.29916000       2.87862000       3.06758000       3.30588000       3.19026000       3.21282000       2.89566000       2.52645000       3.01448000       3.33758000       3.15208000       2.92130000       3.02557000       3.18748000       2.74951000       2.49817000       3.38693000       3.15247000       3.24548000       3.19497000       3.12374000       2.65380000       2.59675000       2.74330000       2.56343000       2.84834000       2.86978000       2.95435000       2.87777000       2.93991000       2.82746000       2.94065000       3.07661000       3.21794000       3.09499000       2.73059000       2.92920000       3.03630000       3.29027000       3.01366000       3.17250000       2.81248000       2.98943000       3.17301000       3.46733000       3.32232000       3.31750000       3.21921000       2.94700000       3.19413000       2.96640000       3.27112000       3.39015000       2.97083000       3.06126000       3.14023000       3.27707000       3.28745000       3.13789000       2.62372000       3.24552000       2.61652000       3.12321000       2.92675000       2.86917000       3.03206000       3.36033000       3.12520000       2.93019000       2.96012000       3.28387000       3.01180000       2.98759000       3.27787000       3.35663000       3.09487000       3.32306000       3.16221000       3.25374000       3.30874000       2.62867000       2.99635000       2.77011000       3.29067000       2.72609000       3.25431000       2.97005000       3.16530000       3.27898000       3.15005000       3.13494000       3.14336000       2.72189000       3.17415000       3.10663000       3.03663000       2.99009000       2.43184000       2.68724000       3.27795000       3.25818000       2.87203000       3.20519000       3.17335000       3.27774000       3.38696000       3.30096000       3.26509000       3.15159000       3.14488000       3.01072000       3.14973000       2.96203000       3.29267000       3.16977000       2.94538000       2.88680000       2.88561000       2.94519000       3.01471000       3.18790000       2.92749000       3.34293000       3.25478000       2.97205000       2.88081000       2.71916000       3.17663000       2.95464000       3.03533000       3.23116000       3.17466000       3.16253000       3.15588000       3.10003000       3.02610000       2.98081000       3.32269000       3.24951000       3.14355000       3.12387000       3.22873000       3.33335000       3.30994000       3.35165000       3.10665000       3.14321000       3.26971000       3.30775000       2.67842000       2.80843000       2.78307000       3.25583000       2.94336000       3.23730000       3.30178000       3.32544000       2.88290000       2.88320000       2.87890000       2.91344000       2.92338000       2.96629000       3.05163000       3.17569000       2.89214000       2.78138000       3.17993000       3.18961000       3.20401000       3.19705000       3.21281000       3.16639000       3.15121000       3.25357000       3.24702000       3.21925000       2.62122000       2.84985000       3.10049000       3.16718000       3.20699000       3.05067000       3.02425000       3.20565000       2.99833000       2.96266000       2.92445000       3.34286000       2.96600000       2.98325000       2.99416000       2.99476000       2.62626000       3.22953000       3.17946000       2.75472000       3.24785000       3.09459000       3.20121000       3.15417000       3.25652000       2.78086000       2.91720000       2.90489000       3.04641000       3.15033000       2.40368000       3.18935000       3.11914000       3.31678000       2.85449000       2.99220000       2.89983000       3.21124000       2.84645000       2.83217000       2.83703000       3.36571000       2.57010000       2.89032000       3.28554000       3.36962000       3.16391000       3.20908000       3.34649000       2.96089000       3.08949000       2.87790000       3.20179000       3.31864000       2.72321000       3.13554000       3.12007000       3.11334000       3.07943000       3.00285000       2.94745000       2.89461000       2.82547000       3.22256000       3.19092000       2.60425000       3.30959000       2.92967000       2.93180000       2.99273000       3.11526000       3.11639000       3.12341000       2.98963000       2.93864000       3.27954000       3.06129000       3.18361000       3.34010000       3.09983000       2.62072000       2.87126000       3.30279000       3.32304000       3.26582000       2.88402000       2.83736000       3.30993000       2.83702000       3.11828000       3.20375000       3.18905000       3.22341000       3.01431000       2.92712000       3.03530000       3.22247000       2.58447000       2.93356000       3.17608000       3.33109000       3.14888000       2.81616000       2.49132000       3.18673000       3.09537000       3.17015000       3.15024000       2.80729000       2.86533000       2.88898000       3.11012000       2.70960000       2.91650000       3.02877000       2.87873000       2.99973000       3.16424000       2.84040000       3.30394000       3.18348000       3.37194000       3.21981000       3.13897000       3.07529000       3.16998000       2.78231000       3.09947000       2.94841000       2.96311000       3.11140000       3.19744000       2.90183000       3.04013000       2.92359000       2.70735000       3.20944000       3.23554000       3.14212000       3.03847000       2.68710000       2.54600000       2.82056000       3.16200000       2.59616000       2.61098000       2.69597000       2.36071000       3.19695000       3.24660000       2.64038000       3.32020000       3.24818000       3.31700000       3.32171000       3.10488000       2.56391000       3.20460000       3.21658000       3.04335000       3.10930000       2.64156000       3.34922000       3.37105000       3.07869000       2.85140000       3.14081000       3.01913000       2.82159000       3.17853000       3.30729000       3.04951000       2.69756000       2.67490000       3.25305000       3.17607000       3.04564000       2.63092000       3.08113000       3.23195000       2.92632000       3.16556000       2.78767000       2.98885000       3.33109000       2.92091000       3.22953000       3.12608000       3.07875000       2.89481000       2.59899000       2.80642000       3.01696000       3.21171000       3.05555000       2.66637000       3.10567000       2.54852000       2.91514000       3.20713000       2.89843000       3.08768000       2.92762000       3.13199000       3.11094000       3.06137000       2.98483000       2.97274000       3.31839000       3.10864000       3.33722000       2.92719000       3.07535000       3.14136000       3.19912000       2.82419000       2.70036000       3.30024000       2.66655000       3.11269000       3.37781000       2.44339000       3.09473000       3.08383000       3.05595000       3.30559000       3.32818000       2.97939000       3.26671000       3.31428000       3.25629000       2.83193000       2.44753000       2.57675000       2.43823000       2.34508000       2.64160000       2.33363000       2.76594000       2.66901000       2.53362000       2.51675000       2.81699000       2.64890000       2.50313000       3.32411000       3.29708000       3.36804000       3.14851000       2.71733000       3.28992000       2.48581000       3.30965000       3.27462000       2.91348000       3.12987000       3.23410000       2.53055000       3.29364000       2.95634000       2.79932000       3.16176000       2.89796000       2.65869000       2.58301000       3.15621000       2.88775000       3.02828000       3.21852000       2.93904000       3.18155000       3.32404000       2.54661000       2.40679000       3.26374000       2.78369000       3.18293000       2.85389000       3.33308000       2.92296000       2.84545000       3.22403000       3.12599000       3.18220000       2.83531000       2.96284000       3.27312000       2.80548000       2.80469000       2.77428000       3.32646000       3.16411000       3.23542000       3.22931000       3.10631000       2.68588000       2.62175000       3.16890000       3.36941000       3.18197000       2.83445000       3.12862000       2.62343000       3.16220000       2.97839000       3.32305000       3.23737000       3.33000000       3.33500000       3.13993000       2.64438000       2.68601000       3.27675000       2.61506000       3.23413000       2.86468000       3.32569000       2.87157000       2.32553000       2.71206000       3.23765000       2.95158000       3.00191000       3.24721000       3.16443000       2.88399000       3.13312000       2.91874000       2.82783000       2.98392000       2.38276000       3.16267000       3.41961000       3.27458000       3.02977000       2.63943000       3.16914000       2.65624000       2.93488000       3.04127000       2.93791000       2.67916000       3.28398000       2.65306000       2.88612000       2.82893000       3.17610000       2.61944000       2.98368000       2.59988000       3.17826000       3.11254000       3.03853000       2.97061000       2.83616000       3.25194000       3.23861000       3.23558000       3.23739000       3.22960000       3.22529000       3.22248000       3.20947000       3.18821000       3.16405000       3.14215000       3.11652000       3.08913000       3.07618000       3.04584000       3.06753000       3.05798000       3.05295000       3.28813000       3.26263000       2.60060000       3.24396000       3.00385000       3.30850000       3.19839000       2.97517000       3.31899000       2.78849000       2.91171000       2.66462000       2.96238000       2.86866000       3.08357000       3.21134000       3.06829000       3.07407000       3.09552000       3.12785000       3.16796000       3.20776000       3.23463000       3.25489000       3.27803000       3.15813000       2.66093000       2.41355000       3.22999000       2.59032000       3.33223000       3.09947000       2.73522000       3.09682000       2.97310000       3.26961000       3.29331000       3.33374000       2.57291000       2.85481000       3.24915000       3.03095000       2.86016000       3.00833000       2.70718000       3.15741000       3.08619000       3.23158000       2.97516000       2.85634000       2.97651000       2.97918000       2.98046000       2.99034000       3.01170000       3.03044000       3.05181000       3.19650000       3.07459000       3.10603000       2.61170000       3.12901000       3.21085000       3.05688000       2.90301000       2.67942000       3.06441000       3.22534000       2.64081000       3.39235000       2.72866000       3.03811000       3.03920000       3.16196000       3.16573000       3.16995000       3.16727000       3.26124000       3.14083000       3.10194000       3.05810000       2.94168000       2.71821000       2.84274000       2.62018000       3.41729000       2.55342000       2.74199000       2.90772000       3.05106000       3.02280000       2.89133000       3.16426000       2.99369000       2.57655000       3.22214000       3.06407000       3.18711000       3.06741000       3.07270000       3.07851000       3.32921000       3.08193000       2.99722000       3.07911000       3.07845000       3.21987000       2.71853000       3.08950000       3.10978000       3.28836000       2.84328000       3.34922000       2.84450000       2.74653000       3.19146000       3.20611000       3.18530000       3.15834000       3.13039000       3.10536000       3.22195000       3.11031000       3.10878000       3.14774000       2.55288000       2.99061000       2.75108000       3.34683000       2.89006000       2.69120000       3.02082000       2.61920000       3.21512000       3.07181000       3.17105000       3.03583000       3.04942000       2.78939000       3.34945000       2.88773000       2.75840000       2.79921000       3.11676000       2.47490000       3.13687000       3.14582000       3.06097000       3.13278000       3.08354000       3.13011000       3.08014000       3.11058000       3.11140000       2.95829000       2.84792000       3.26594000       3.23222000       3.38805000       3.40497000       3.41546000       3.04450000       3.43390000       3.22541000       2.54600000       3.40698000       3.27459000       2.65223000       3.26623000       3.16014000       2.97301000       2.77416000       3.26560000       2.73126000       3.24685000       3.15969000       2.65638000       3.10650000       2.93997000       3.20849000       3.32666000       2.87684000       2.59254000       3.20748000       3.10971000       3.15116000       2.53214000       2.88810000       2.95303000       2.59346000       3.10528000       3.22708000       2.82002000       2.98522000       2.63645000       2.80676000       2.96058000       2.74600000       2.86883000       3.34793000       3.20577000       3.35322000       2.72512000       3.18450000       2.75255000       3.17547000       2.89941000       2.56389000       3.00257000       2.86703000       3.02198000       3.17418000       3.06302000       3.13362000       3.12738000       3.17983000       2.61277000       3.17946000       2.85854000       3.34152000       3.16118000       2.95333000       2.86960000       3.05814000       2.67162000       3.10572000       2.99913000       3.02165000       3.26525000       2.82113000       3.25960000       3.14821000       3.08158000       2.85627000       2.83033000       3.10150000       2.93670000       2.44910000       2.53615000       3.09698000       3.11793000       3.35514000       3.18308000       3.06432000       2.79598000       2.82328000       2.93405000       3.25479000       3.11383000       3.33338000       3.28183000       2.76938000       2.80847000       3.06816000       2.72971000       2.64525000       2.51599000       3.21003000       2.68239000       2.70235000       3.11076000       2.75397000       3.38843000       3.17787000       2.54452000       3.03615000       2.90243000       2.86303000       2.69239000       3.12771000       2.85794000       3.22370000       3.31203000       2.96550000       3.42772000       3.40645000       3.01068000       3.18793000       3.34091000       2.81739000       3.15918000       3.02322000       2.96863000       3.37576000       2.92752000       2.42750000       3.14107000       2.80388000       2.61346000       2.81207000       3.28056000       3.14977000       3.15477000       3.07481000       3.26728000       3.15403000       3.13353000       3.27656000       3.27021000       3.26674000       3.26419000       3.25825000       3.25107000       3.07869000       3.24057000       3.22035000       3.19709000       3.16995000       3.14356000       3.11817000       3.09959000       3.09157000       3.08657000       3.08265000       3.08107000       3.28843000       2.83255000       3.30739000       3.23317000       2.81167000       3.36959000       3.09705000       3.33408000       2.80556000       3.14340000       2.89920000       3.04654000       3.02754000       3.07698000       2.86421000       3.05269000       3.04554000       3.05918000       3.08519000       3.11822000       3.15739000       3.19200000       3.21571000       3.23743000       2.54091000       3.06673000       3.25775000       2.41061000       3.26218000       2.85498000       2.71738000       3.19809000       2.83029000       2.81690000       3.27098000       3.01422000       3.21132000       3.35529000       3.01532000       3.36604000       3.01739000       3.01979000       3.02697000       3.04142000       3.38249000       2.78531000       3.06225000       3.08442000       3.10473000       3.12981000       3.15158000       3.17230000       3.01062000       3.22341000       3.36289000       2.60135000       2.96151000       2.81687000       3.14152000       3.32059000       3.14330000       3.14423000       3.14348000       3.12850000       3.09353000       2.86694000       2.90180000       2.60550000       3.14864000       3.25650000       2.65438000       3.10583000       3.25223000       3.35946000       3.10767000       3.05333000       3.11207000       3.11708000       3.11881000       3.11651000       2.67290000       3.14010000       3.11334000       3.35306000       2.89864000       2.62144000       3.35144000       2.80465000       3.18740000       2.97221000       2.64404000       3.26350000       3.22595000       3.16738000       3.14370000       2.94997000       3.11642000       3.08747000       3.25724000       2.98903000       3.04192000       3.22147000       3.22639000       2.92267000       2.58922000       2.91097000       3.38599000       3.31738000       3.37519000       3.03541000       3.10194000       3.35797000       3.33288000       2.76023000       2.47195000       3.35829000       3.11906000       3.14542000       3.06573000       2.70180000       3.09736000       3.08741000       2.65007000       2.84941000       2.92569000       3.28938000       3.09593000       3.38801000       2.82829000       2.89321000       3.39570000       3.42719000       3.44913000       3.06409000       2.89081000       3.06924000       2.78026000       2.77248000       3.01292000       3.26046000       3.39268000       3.26840000       2.91065000       3.13663000       3.34007000       3.19684000       2.82852000       3.05662000       2.96731000       3.10348000       3.25004000       3.13604000       3.13383000       3.04779000       2.62699000       2.99996000       3.00345000       2.98887000       2.97643000       2.93309000       2.59704000       3.06821000       2.95324000       3.04097000       2.92476000       3.04010000       2.89609000       3.12042000       2.90624000       2.89750000       2.90999000       2.90848000       2.88824000       2.87594000       2.85785000       2.84634000       2.86189000       2.96040000       2.85434000       2.95978000       2.80519000       2.83621000       2.83732000       2.90587000       2.95455000       2.96124000       2.97798000       2.98568000       3.02046000       3.02864000       3.05411000       3.05788000       3.11108000       3.10128000       2.99915000       2.99656000       2.99416000       2.93168000       2.91702000       2.89702000       2.86553000       2.83258000       2.81815000       2.79703000       2.78103000       2.76353000       2.75225000       2.75245000       2.78528000       2.82831000       2.83092000       2.76992000       2.75560000       2.72135000       2.67779000       2.62419000       2.61905000       2.56084000       2.52893000       2.53338000       2.56882000       2.57388000       2.52827000       2.51312000       2.53331000       2.53426000       2.51214000       2.51006000       2.53746000       2.51792000       2.52515000       2.51785000       2.50527000       2.50437000       2.51243000       2.51760000       2.53312000       2.53840000       2.51993000       2.52957000       2.56614000       2.61072000       2.59185000       2.60448000       2.72243000       2.74801000       2.82554000       2.85245000       2.62009000       2.97459000       3.01906000       3.03785000       2.69598000       2.60628000       2.52447000       2.58537000       2.53024000       2.51506000       2.51170000       2.52678000       2.52423000       2.51301000       2.53640000       2.50999000       2.52180000       2.54720000       2.69118000       2.56900000       2.67194000       2.69751000       3.30040000       2.75377000       2.77781000       2.78663000       2.86972000       3.08172000       2.89336000       2.95063000       3.12979000       3.07393000       3.12589000       3.40269000       3.10907000       3.02169000       2.53488000       3.01013000       3.06837000       3.31017000       2.97535000       3.16357000       3.02712000       2.95389000       3.35243000       2.72104000       3.15767000       2.86171000       3.08182000       2.84645000       2.68970000       3.26338000       2.59382000       3.13923000       3.19398000       2.80603000       2.80466000       3.32869000       3.09195000       2.97170000       3.11629000       3.14336000       3.12067000       3.26046000       2.83592000       2.78369000       3.26944000       2.88275000       3.07832000       3.11807000       2.96357000       2.78070000       2.59361000       3.25348000       3.01186000       3.10999000       2.88876000       2.98394000       3.23368000       2.87928000       3.20300000       3.16584000       2.88607000       2.87631000       3.28040000       3.03678000       2.88253000       2.88392000       3.07770000       3.37489000       2.86720000       3.08255000       2.70142000       3.07288000       2.91600000       2.75783000       3.46012000       3.29699000       2.87104000       2.88990000       2.85313000       2.67830000       2.83476000       2.91290000       2.84094000       3.34005000       3.13762000       3.11897000       3.03657000       3.12319000       2.63106000       2.43672000       3.27552000       2.71847000       2.92826000       2.60744000       3.21530000       2.86783000       2.70751000       2.50063000       2.69530000       2.90803000       3.39014000       2.70861000       2.98235000       2.97926000       3.00006000       2.77302000       3.25363000       3.19641000       2.93392000       2.65985000       2.98547000       3.25879000       2.96284000       2.97509000       3.32201000       2.61426000       2.94830000       3.20004000       3.15802000       2.86704000       3.12097000       2.84532000       2.72572000       3.47573000       2.56921000       2.38533000       2.59138000       3.34768000       3.14707000       2.56237000       2.60025000       3.26823000       3.11135000       3.05327000       2.97305000       2.86376000       2.61703000       3.10986000       2.83868000       3.32526000       2.84141000       3.04891000       2.78462000       2.90495000       2.93502000       3.20383000       2.52272000       2.83658000       3.29006000       2.91016000       2.93421000       3.06526000       3.02434000       3.15771000       2.79369000       2.88304000       2.77776000       2.76697000       3.47159000       3.21144000       3.20412000       2.76762000       3.39853000       2.57009000       3.13855000       3.15300000       2.91477000       2.52762000       2.91227000       3.05726000       3.24801000       2.77090000       3.19189000       3.31897000       3.30350000       3.08127000       2.78259000       3.15448000       3.31648000       3.29581000       3.26992000       3.22080000       3.13530000       3.16189000       3.12122000       3.12357000       3.33406000       3.22690000       3.37638000       2.86035000       3.03188000       3.03399000       2.99910000       3.05965000       3.13012000       3.27338000       3.36807000       2.92336000       2.67144000       3.12536000       3.08140000       3.09321000       3.12656000       3.16775000       3.19917000       2.71806000       2.99099000       3.19474000       2.98024000       3.01517000       3.23694000       3.38092000       3.09152000       2.83230000       3.08512000       3.03129000       3.04388000       3.44226000       2.57866000       2.82255000       3.06124000       3.16771000       3.17827000       3.02631000       3.17901000       3.17891000       3.16384000       3.09252000       3.14729000       2.98144000       3.09763000       3.04979000       3.04438000       2.74469000       2.97143000       3.03356000       2.66242000       3.40365000       2.99285000       3.43100000       3.34566000       3.26556000       2.96992000       3.05429000       3.04564000       3.13562000       3.01289000       2.72744000       2.87741000       3.47189000       3.02606000       2.82419000       3.42726000       2.89334000       3.09748000       3.33073000       3.23977000       2.74387000       2.78581000       2.82612000       3.33455000       3.36238000       3.26252000       3.07408000       2.86161000       3.08417000       2.98603000       2.95153000       2.90305000       2.77179000       3.10129000       2.66300000       3.16869000       2.99102000       2.82661000       3.27181000       2.67489000       2.64205000       3.30515000       2.56610000       3.04625000       2.82895000       2.98802000       3.05602000       3.00815000       2.62398000       2.63601000       3.02792000       3.00167000       3.06165000       2.94939000       2.92430000       3.03845000       2.92645000       2.96537000       2.91353000       2.91052000       2.90312000       2.89647000       2.99608000       2.79940000       2.75076000       2.97927000       3.08774000       2.83571000       2.86091000       2.80305000       2.52277000       2.52968000       2.77113000       2.51343000       2.53557000       2.74050000       2.51338000       2.55099000       2.83841000       2.53371000       2.54771000       3.01017000       2.93069000       3.03659000       2.92185000       2.63173000       2.82552000       2.97350000       3.06450000       2.90342000       2.85736000       2.55592000       2.78555000       2.53873000       2.81086000       2.52632000       3.00597000       2.54348000       2.60729000       2.76733000       2.96546000       2.54350000       2.58187000       2.74155000       2.52767000       2.60462000       2.52111000       3.01741000       2.60972000       2.70997000       2.61960000       2.52562000       2.58407000       2.53934000       2.59561000       2.51018000       2.52765000       2.54033000       2.53138000       2.52372000       2.52432000       2.52923000       2.51663000       2.54660000       2.52367000       2.53309000       2.53836000       2.56026000       2.52259000       2.69056000       2.57298000       2.65180000       2.71895000       2.69532000       2.76063000       2.77190000       2.78514000       2.87008000       2.79080000       2.90012000       3.25524000       2.89291000       2.95133000       3.11924000       2.53905000       2.55177000       3.05984000       3.08967000       3.11844000       3.04375000       3.07084000       3.12317000       3.20561000       2.98486000       2.99054000       3.03594000       2.97182000       2.82808000       2.89156000       3.06996000       2.80513000       3.03499000       2.96422000       3.15262000       2.97254000       3.08411000       3.23704000       2.86170000       2.97051000       2.87743000       2.86905000       3.15560000       2.97765000       3.26313000       2.65109000       3.21660000       3.31486000       3.14040000       2.91990000       2.99231000       2.87444000       3.41699000       2.47450000       3.03914000       3.12881000       3.09668000       3.00362000       3.38526000       3.13279000       2.84874000       3.00697000       2.99410000       2.98912000       3.01250000       2.93354000       2.96932000       2.98597000       3.02295000       2.74435000       3.22186000       2.84925000       2.65339000       2.86055000       2.83721000       2.52086000       2.99091000       2.69860000       3.21466000       3.07570000       2.93397000       2.81878000       3.35340000       3.21485000       3.17829000       2.78440000       2.76644000       3.13023000       2.69373000       2.84924000       3.02920000       3.25638000       2.99639000       2.70930000       2.99765000       2.96377000       3.30919000       3.09867000       3.13765000       2.96571000       2.80581000       2.56672000       2.57632000       2.59140000       2.77636000       2.80847000       3.09138000       2.99138000       3.15700000       2.91329000       2.89020000       2.61368000       2.87286000       2.83181000       3.14468000       3.18759000       3.38252000       3.30601000       3.12513000       3.08112000       3.07563000       3.28488000       3.24511000       3.19090000       3.12225000       3.12949000       3.32224000       3.30936000       3.13926000       3.35105000       3.05323000       3.08625000       2.99016000       3.02728000       2.85617000       3.05900000       2.85076000       3.16393000       3.17419000       2.95592000       3.01171000       3.09482000       3.00913000       2.81205000       3.05929000       3.03386000       2.61834000       2.97303000       2.89456000       3.13884000       3.11036000       2.68299000       3.01342000       2.86353000       2.67784000       2.85655000       2.96510000       2.86257000       3.17505000       3.15362000       2.84300000       2.90326000       2.97518000       2.67737000       2.68213000       2.86339000       3.08361000       2.86987000       3.10569000       3.14929000       3.18565000       2.97055000       2.92006000       2.91469000       3.26307000       2.89061000       2.91359000       2.53525000       3.31312000       3.39376000       3.06792000       2.35989000       2.59186000       2.58706000       2.84376000       2.86720000       2.85242000       3.09038000       2.53066000       2.39540000       3.09642000       3.14335000       2.62740000       3.08121000       2.85442000       2.52327000       3.21324000       3.01823000       3.18301000       3.17200000       2.64423000       2.68991000       3.24153000       3.26389000       2.88915000       2.56680000       3.10098000       3.29237000       2.87092000       2.71452000       2.76818000       2.85769000       2.59909000       2.58003000       3.06188000       3.07328000       3.01791000       2.86203000       2.73478000       3.25972000       2.84000000       2.82399000       2.84024000       2.84832000       2.48799000       2.63822000       2.88495000       2.56865000       2.98122000       2.86820000       2.90550000       2.85849000       3.19684000       2.91468000       3.22944000       3.16069000       2.86014000       2.85556000       2.61199000       2.77898000       3.07242000       2.57674000       2.58269000       2.83886000       3.11207000       3.19967000       2.76929000       3.11857000       2.66642000       3.35070000       3.15333000       3.00796000       3.22030000       2.65470000       2.91401000       2.78728000       3.04570000       2.96872000       3.43838000       2.60270000       3.02933000       2.95425000       3.45289000       3.10415000       2.92903000       2.53579000       3.29083000       3.09888000       2.78646000       2.64612000       2.98701000       3.31138000       3.12961000       3.28728000       3.23975000       3.17849000       3.13563000       3.33480000       3.15216000       3.37610000       2.68603000       3.29957000       3.26134000       3.21067000       3.13166000       3.14156000       3.34234000       3.35726000       3.32531000       3.15292000       3.11468000       3.20248000       3.08574000       2.97670000       2.97874000       3.04340000       3.00012000       3.15936000       3.15265000       2.80875000       3.02166000       2.74721000       3.06057000       3.13887000       3.18230000       3.21060000       3.11349000       2.79820000       3.39994000       2.89774000       3.10873000       3.12357000       3.16496000       3.16192000       2.95017000       3.19759000       3.05636000       3.11033000       2.94063000       3.11595000       2.89824000       3.22466000       3.10732000       3.27553000       2.90857000       3.20592000       3.18739000       3.05843000       2.65922000       2.95031000       2.66657000       3.06433000       2.89549000       2.90365000       3.22380000       2.67368000       3.02698000       3.03019000       3.20736000       3.41113000       2.95571000       3.11718000       2.63596000       2.77354000       2.83773000       3.20815000       3.19652000       3.07491000       3.10886000       2.66264000       2.84040000       3.03826000       3.46484000       3.04349000       3.00193000       3.45057000       2.61772000       3.18892000       3.04522000       2.66934000       2.90090000       2.76781000       3.08293000       2.96938000       3.25163000       3.11227000       2.80235000       3.08659000       3.11983000       2.96184000       2.60188000       2.83499000       3.15523000       2.58986000       2.99460000       3.44643000       2.88246000       3.45720000       2.99737000       3.32057000       3.13646000       3.17095000       2.86303000       3.17251000       3.17590000       3.28265000       3.09298000       2.92231000       3.02047000       3.42730000       2.70074000       2.80953000       3.11086000       3.02108000       3.20331000       3.09415000       3.13210000       2.55964000       3.09906000       3.15068000       2.77687000       3.16979000       3.04291000       3.41195000       3.16865000       2.84458000       3.08506000       2.49457000       3.26296000       2.58991000       2.88278000       3.23047000       3.01027000       3.03029000       3.20069000       3.13327000       2.82967000       2.88356000       3.10969000       3.16246000       2.91016000       3.03812000       2.84365000       2.88279000       2.79470000       2.91644000       2.86580000       3.03460000       3.30110000       3.22353000       3.34866000       2.85264000       3.28410000       3.02787000       3.15805000       3.20222000       3.23898000       3.06597000       2.75544000       2.85283000       2.90571000       2.73757000       3.09030000       3.07350000       2.97905000       2.95676000       2.71421000       2.90732000       3.14139000       3.05129000       2.90895000       3.01675000       3.05388000       2.97179000       2.90380000       3.23561000       3.00111000       2.78956000       2.88587000       2.88948000       2.97230000       2.64911000       2.86310000       2.92729000       3.14681000       2.83110000       2.67625000       2.64696000       3.30896000       3.07682000       2.85315000       3.09310000       2.56910000       2.61371000       3.10700000       3.24259000       3.22183000       2.60318000       2.59611000       3.09331000       2.96795000       2.86173000       3.15209000       3.11487000       3.41700000       2.59030000       3.06921000       2.80244000       2.56595000       3.10286000       3.38763000       2.95609000       2.82105000       2.89994000       3.09738000       2.90572000       2.85820000       2.96263000       3.22974000       3.10267000       3.15080000       3.06192000       2.87259000       3.37473000       3.08503000       2.86540000       2.91825000       2.79538000       2.82514000       3.05465000       3.10614000       3.19978000       2.64891000       3.11206000       2.71613000       2.95216000       3.27553000       3.39375000       3.12179000       3.17464000       2.67687000       3.44213000       2.56917000       2.91606000       2.56698000       2.57609000       2.99637000       3.08539000       3.13207000       2.57623000       2.86306000       3.42400000       3.02849000       2.91861000       2.59481000       3.10434000       2.60423000       2.79611000       2.98054000       2.80286000       2.85501000       3.09686000       2.89875000       2.64665000       2.80137000       3.13546000       3.01212000       2.90557000       2.96126000       3.26245000       2.96574000       3.13103000       2.59510000       2.87879000       2.83476000       3.10713000       2.96922000       3.02419000       2.85503000       2.94588000       2.92760000       2.84707000       3.26069000       3.12129000       3.10731000       2.96733000       3.07506000       2.83767000       2.85248000       2.93882000       2.76811000       2.92912000       2.65084000       2.84594000       2.47643000       3.08912000       2.84389000       2.94239000       2.59666000       2.85761000       2.77336000       2.85742000       2.71805000       2.59518000       2.88445000       3.35507000       3.22812000       2.87946000       2.87094000       2.93019000       3.00784000       3.14203000       2.88804000       2.99484000       3.09356000       2.53389000       2.83738000       2.92796000       2.85978000       3.06198000       3.03143000       3.09537000       2.90779000       2.93326000       3.03649000       3.06369000       3.09991000       3.28775000       3.23512000       3.17048000       2.90863000       3.00492000       2.57794000       3.17451000       2.86067000       3.36923000       2.93149000       3.25412000       2.89408000       2.93651000       2.74048000       3.04349000       2.82830000       2.86040000       3.20676000       3.11777000       3.09704000       2.89927000       2.61222000       2.84884000       2.99977000       3.20563000       2.86437000       3.41071000       3.23218000       3.24209000       2.47531000       3.27151000       2.97493000       3.08030000       3.25032000       2.73977000       2.67195000       3.07157000       2.62993000       3.03614000       3.26765000       2.71803000       3.23658000       3.24703000       2.79228000       3.02422000       2.79899000       3.13612000       2.74626000       2.58708000       2.84612000       2.76444000       2.90107000       2.88930000       2.66311000       3.25315000       3.26608000       2.89413000       2.78663000       3.11578000       3.10114000       3.37991000       3.25855000       3.15343000       2.85908000       3.12457000       3.07968000       2.52873000       3.39925000       3.12325000       3.09759000       3.07553000       2.90226000       3.09506000       3.39112000       2.77497000       2.85182000       2.87373000       3.27111000       3.30796000       3.16508000       3.35455000       3.09537000       2.84078000       3.38503000       3.41890000 
SCALARS Sensitivity(log10) double 1
LOOKUP_TABLE default
      0.76182000       1.05200000       1.06661000       1.47285000      -0.08483000       0.80304000       1.27924000       0.20914000       0.45719000       1.47580000       0.71055000       1.46830000       1.28495000       1.56123000       1.49921000       1.24019000       0.98018000       1.58939000       1.61369000       1.00603000       0.08051000       0.74721000       1.61740000       1.37949000       0.98021000       1.17107000       0.90412000       0.75958000       1.28010000       1.32635000       0.80363000       0.85071000       1.11217000       1.49800000       0.59554000       1.08568000       1.65982000       1.32558000       1.26994000       1.03067000       0.25519000       1.05707000       1.25175000       0.82069000       1.35427000       0.52591000       1.33176000       0.92437000       0.81586000       0.50781000       1.41861000       0.24842000       1.04516000       1.47649000       0.47704000       1.30236000       1.16624000       1.63631000       0.53756000       1.33563000       1.44540000       1.37509000       1.29231000       0.52016000      -0.32457000       1.40881000      -0.03631000       1.46710000       0.38262000       1.21665000      -0.13755000       0.75808000       1.37147000       0.86224000       1.23898000       1.02895000       0.91133000       1.39276000       1.01420000      -0.33639000       0.81211000       1.36453000       1.42747000       0.59452000       1.01626000       1.10269000       1.35327000       1.42748000       1.64960000       1.61404000      -0.28938000       1.56613000       1.57366000       0.68965000       0.97838000       1.11254000       1.30269000       0.90571000       1.09954000      -1.32873000       0.05155000       1.23570000       1.21801000       1.59356000       1.60678000       1.42966000       0.47645000       0.85308000       1.20954000       1.35323000       0.52195000       0.71380000       1.92951000       1.17507000       0.10541000       0.63075000       0.99164000       0.31960000       1.29471000       0.82190000       1.09829000       1.11926000       1.16613000       1.23574000       0.98774000       0.03302000       1.31255000       0.68787000       0.69940000      -0.99511000       1.28300000       0.08287000       0.57028000       0.90407000       1.01889000       0.47987000       1.20676000       1.57321000       0.41545000       1.22039000       1.03324000       1.12923000       0.46842000       1.44856000       0.07004000       0.52285000       0.98045000       1.42301000       0.60847000       1.18689000       0.75496000       1.39731000       1.28984000       1.31574000       1.72702000       1.03433000       0.78444000       1.26293000       1.11338000       1.59124000      -0.61513000       1.51846000       1.43726000       0.78019000       1.28045000       1.24833000       1.20066000       0.61698000       0.94667000       0.72059000       1.59671000       1.47607000       1.39158000       0.39819000       1.12554000       1.23281000       1.21322000       1.64408000       1.18587000       1.26305000       1.33673000       1.10403000       0.60316000       0.55914000       0.79404000       0.99060000       1.26075000       1.25723000       0.70359000       1.44368000       1.65575000       0.67264000       1.55928000       1.37394000       1.25321000       1.71129000       1.41179000       1.11794000       1.54381000       1.02204000       0.75734000       0.75825000       1.09930000       1.08824000       1.16806000       0.70570000       1.21387000       0.16192000       0.85262000       1.44510000       1.57668000       0.88582000       0.81147000       1.22871000       1.12303000       0.97248000       0.18249000       1.15337000       1.54915000       1.13941000       1.38196000       1.32992000       0.95331000       1.32368000       1.47201000       1.08361000       0.64569000      -1.00095000       1.06956000       1.22400000       1.31936000       0.73245000       1.38732000       0.78150000       0.65236000       0.94514000       0.51389000       0.67552000       1.31045000       1.24171000       1.41021000       1.14396000       0.94656000       0.57711000       0.78206000       0.98683000       0.76634000       0.84592000       1.50276000       0.96636000       1.45689000       1.27792000       1.21904000       0.73364000       1.12883000       0.64103000       1.03376000       0.71011000       1.21798000      -0.03688000       0.76238000       0.99821000       0.92778000       0.67480000       0.89724000       1.06447000       1.16403000       1.56837000       1.36704000       0.67410000       0.95366000       1.26556000       1.38627000       1.29962000       1.10152000       1.02236000       1.11322000       1.08468000       1.08547000       0.74988000       1.07877000       1.07714000       1.60844000       0.81798000       1.03111000       1.36729000       1.14864000       1.36692000       1.12274000       1.10245000       1.08166000       1.04877000       1.19473000       0.09489000       1.39252000       0.77493000       0.02494000      -0.66947000       1.47977000       1.33548000       1.13329000       0.22923000       1.53469000       0.76456000       1.19090000       1.30845000       1.56655000       0.97685000       1.16588000       1.22792000       1.06919000       1.04272000      -0.71400000       0.72717000       1.03665000      -0.18244000       0.68633000       0.92417000       1.35464000       0.95089000       0.34540000       0.71641000       0.93031000       1.33689000       0.92997000       1.18496000       0.85358000       1.40588000       0.67055000       0.78637000       0.96560000       0.87069000       0.99604000       0.67395000       0.63355000       0.42016000       1.17781000       1.25274000       0.65282000       0.88201000       1.48064000       1.09947000       0.76482000       1.53455000       0.50274000       1.32126000       0.85798000       0.98634000       0.86762000       1.18589000       0.79940000       1.15791000       1.01292000       0.94187000       0.79115000       1.00720000       0.06137000       1.18372000       0.71097000       0.74680000       0.76645000       1.03964000       0.81488000       0.57317000       0.23289000       0.75998000       1.07429000       1.19819000       0.48589000       0.68977000       0.67011000       1.04898000      -0.19739000       0.10915000       0.96729000       1.14254000       0.80130000       0.16824000       1.19743000      -1.20795000       1.49389000       1.01750000       1.07377000       1.27935000       0.61412000       1.19754000       1.14686000       0.95057000       1.43905000       1.07272000       0.56433000       1.21928000       1.03782000       0.89568000       0.95120000       0.71486000       1.17109000       1.39563000       0.77038000       1.33407000       0.95459000       1.05156000       1.40552000       1.22729000       0.98121000       0.95863000       0.60475000       0.58664000       1.30698000       0.86118000       1.19631000       1.22713000       1.36294000       0.26666000       1.10963000       0.12617000       1.39111000       0.77493000       0.59686000       0.98910000       1.43368000       0.65899000       1.08767000       0.86759000       0.12924000       1.05001000       0.93051000       1.04925000       1.23624000       1.20699000       1.14877000       1.17307000       0.94923000       1.20112000       1.32714000       1.27943000       1.11659000       0.90188000       1.07182000       0.85610000       1.07595000       0.77048000       1.01366000       1.10074000       1.40271000       1.13824000      -0.28596000       0.28916000       1.12584000       1.28825000      -1.56828000       1.13101000       1.26190000       1.10447000       1.09039000       0.68385000       0.75764000       1.15201000       1.17592000       1.20466000       0.95286000       0.99263000       0.79037000       1.07061000       1.16750000       1.14213000       1.07405000       1.00131000       0.88393000       0.88019000       0.97378000       1.12880000       1.01484000       1.11536000       1.04021000       0.25821000       0.98773000       1.01771000       1.46920000       0.76213000       0.85330000       0.92522000       0.97234000       0.94920000       1.11790000       1.05322000       0.99956000       0.86675000       1.08676000       1.29832000       1.13912000       0.78952000       0.98924000       0.70176000       1.03365000       1.09705000       0.89656000       0.73469000       0.42408000       1.34197000       1.22661000       1.32126000       0.61183000       1.04777000       1.31194000       0.98176000       1.19034000       1.16612000       1.07096000       1.13694000       1.01118000       1.03887000       0.86691000       0.81574000       0.94331000       0.64977000       0.91910000       1.35556000       1.40147000       0.77018000       0.85684000       0.87692000       1.00669000       0.42265000       0.88508000       1.02737000       1.14881000       0.68609000       0.82279000       0.89143000       1.18885000       1.30530000       1.27402000       1.50784000       1.28198000       1.00274000       0.89798000       0.86801000       1.12456000       1.11110000       0.94189000       0.93783000       1.15762000       1.15906000       1.04179000       0.25408000       0.85543000       0.26148000       0.86369000       0.94814000       1.01115000       1.28503000       1.41119000       1.19215000       0.18104000       1.20443000       0.07206000       0.84126000       1.04064000       1.15999000       1.02773000       0.93553000       1.20157000       0.95305000       1.32254000       1.38474000       1.31016000       1.03580000       1.66419000       0.83945000       0.89331000       0.01655000       0.84593000       0.99036000       0.50561000       1.09542000       0.15136000       1.36801000       0.91407000       0.60941000       1.32690000       1.03622000       1.11935000       1.16886000       1.14683000       1.41215000       1.25484000       1.04656000       0.97840000       1.01993000       1.15806000       1.34263000       1.11595000       1.42059000       1.14973000       1.31809000       1.13387000       1.21137000       1.14342000       0.93760000       1.17864000       1.11497000       1.21000000       1.02371000       0.65427000       1.10181000      -0.07108000       0.41546000       1.02877000       1.16282000       1.21617000       1.39779000       1.13931000       0.48681000       1.11593000       1.04566000       0.71620000       0.62927000       1.09605000       1.13378000       0.65165000       1.10844000       0.97839000       1.48403000       1.20796000       0.89190000       1.02178000       0.92835000       2.25111000       0.14896000       0.84376000       0.94438000       0.97028000       0.93549000       0.51662000       1.00547000       1.00801000       1.02256000       1.17570000       1.25815000       1.19156000       0.44592000       1.20243000       0.90918000       1.23444000       0.97949000       0.88396000       0.49320000       1.23786000       0.78900000       0.91521000       1.18839000       1.41243000       1.02126000       1.03166000       1.02904000       1.09227000       0.84563000      -0.83983000       1.13347000      -0.45519000       1.16023000       0.87396000       0.98533000       0.84403000       1.10328000       1.27743000       1.46768000       1.43468000       0.87139000       1.13538000       0.19472000      -0.27698000      -0.06188000       1.11147000       0.79890000       0.60966000       0.79940000       0.62081000       0.71012000       0.79173000       1.02536000       1.32444000       1.09757000       1.04705000       1.16512000       0.51840000       0.50302000       0.56396000       0.50492000       1.02054000       1.19093000       1.09179000       1.30462000       1.36434000       1.06753000       0.88498000       1.02669000       1.37620000       1.29843000       0.78753000       0.75182000       1.58910000       1.24246000       1.16499000       0.80122000       0.87777000       1.00507000       1.34871000       1.29874000       1.09910000       1.28242000       0.77734000       1.17658000       1.27227000       1.25191000      -0.06933000       1.12496000       1.17495000       1.02979000       0.54740000       1.10567000       1.11535000       0.00740000       1.22941000       0.75888000       0.62883000       0.16647000       0.67887000       0.95626000       0.98006000       1.32420000       0.96502000       1.02470000       0.91718000       0.53130000       0.54311000       0.79844000       0.89252000       1.11789000       0.86840000       1.41078000       1.16075000       1.21228000       1.14561000       1.44834000       0.99060000      -0.20530000       1.31209000       1.02488000       1.07081000       1.00943000       0.91577000       1.38976000       0.97254000       0.96779000       0.61137000      -1.10911000       0.06783000       0.26022000      -0.22320000       0.09646000      -0.30673000       0.03508000      -1.43810000       0.08892000       0.27962000       0.16675000       0.52597000       1.34139000       0.21414000       0.94308000       0.80655000      -0.12083000       0.94497000       0.10291000       1.08304000      -0.32766000       1.16334000       0.96026000       0.24081000       1.61052000       0.81022000       0.10831000       0.81609000       0.98423000      -1.42169000       1.06846000       0.72699000       1.30951000       0.04700000       1.31402000       0.48463000       1.09428000       0.55506000       1.05473000       0.78299000       0.88112000       0.18417000      -0.35800000       0.80329000       0.64377000       0.86540000       1.22127000       0.88764000       1.38704000       1.35466000       0.49692000       0.24311000       0.55579000       0.75690000       0.85790000       0.92164000       0.91544000       0.75297000      -0.63270000       1.01766000       0.78023000       0.51270000       0.99341000       0.84982000       0.25452000       1.38112000       0.73522000       0.40992000       1.30194000       0.44853000       0.87719000       1.19361000       0.57506000       0.42325000       0.83817000       1.16189000       0.92539000       0.78360000       0.99153000       1.43946000       0.97402000       0.77226000       0.18918000       1.02076000       0.65458000       1.04083000       1.25019000       0.08916000      -0.58142000       0.67720000       1.17712000       1.23064000       1.12689000       0.73646000       0.28045000       1.09223000       1.34833000      -1.11065000      -0.52572000      -0.06018000       0.67265000       0.67335000       0.79619000       1.12469000       1.17162000       0.86022000       1.26200000       0.45577000       1.26748000       0.81840000       0.26188000       0.87739000       1.24197000       0.08012000       0.54758000       0.53556000       1.30591000       0.39231000       1.20090000       0.77029000       0.82471000       1.05586000       0.58029000       1.68928000       0.80156000       0.94887000       0.97093000       0.85831000       1.01312000       1.03145000       0.91413000       0.89483000       1.04524000       1.16130000       1.00090000       1.17858000       1.25495000       1.07919000       1.04070000       1.13473000       1.09831000       1.02130000       0.94892000       0.91892000       1.27549000       0.27100000       1.26854000       0.78159000       0.74483000       0.30765000       0.82825000       1.35223000      -0.45887000       0.47648000       1.31607000      -1.08401000       0.94218000       0.74771000       1.10278000       0.95846000       0.82345000       0.76361000       0.84136000       0.92218000       0.74497000       0.59708000       0.58144000       0.99029000       1.24529000      -0.07220000       0.97386000      -0.00757000       0.72509000       0.37145000       1.14787000       0.74175000       0.98230000       0.69025000       0.54841000       0.78206000       1.49760000       1.02209000       0.72699000       1.03501000       1.35507000       1.07743000       1.16279000       0.83822000       1.12020000       0.89096000       0.98016000       1.00502000       0.99266000       0.95834000       1.03996000       0.99346000       0.92501000       0.98785000       0.91256000       0.61183000       0.94151000       0.87876000       1.63670000       0.79781000       0.58845000       0.50995000       0.85564000       1.32800000       1.23286000       0.60285000       1.18892000       0.42499000      -0.31733000       1.32350000       1.43857000       0.80312000       0.66066000       0.79462000       0.91233000       0.82230000       0.79257000       0.72568000       0.96557000      -0.00822000       0.66293000       0.56095000       0.12522000       0.79396000      -0.38593000      -0.06971000      -1.03930000       1.28095000      -0.17639000       0.33768000       0.80042000       0.27501000       0.05442000       0.77018000       0.88972000       1.16413000       0.88807000       0.88123000       0.86419000       0.58250000       0.84274000       1.00235000       0.92929000       0.91297000       0.80420000       0.52641000       0.37411000       0.84854000       0.48763000       0.73136000       0.93430000       0.49287000       1.39838000       0.91869000       0.75005000       0.79441000       0.83762000       0.76429000       0.75631000       0.64182000       1.03262000       0.95953000       1.12866000       0.14454000      -0.93465000       0.46550000       0.85981000       1.19192000       1.24487000      -0.58368000      -0.51948000       1.06306000       1.32527000       0.88691000       0.93326000       0.36116000       1.55668000       1.03285000       1.62245000       1.02551000       1.76058000       1.42774000       0.31481000       0.84250000       0.83066000      -0.24597000       0.78842000       0.99964000       0.88583000       0.61403000       0.89351000       1.28872000      -0.14260000       0.70172000       0.22618000       0.92655000       0.93395000       0.62381000       0.86771000       0.99225000       0.77143000       0.45198000      -0.09133000       0.86403000       0.65120000       0.12216000       0.77897000       1.13795000       0.30574000       0.72044000       0.87018000       1.49525000       0.59118000       1.37260000       0.46717000       0.93665000       1.18925000       0.54863000       1.01622000       1.35082000      -0.05031000       0.89646000       0.90723000       0.87875000       0.08293000       1.48042000      -1.00605000       0.02891000       0.75104000       0.45696000       0.54075000       0.26556000       0.43929000       0.93386000       0.72722000       0.46391000       0.99253000       0.41455000       1.16152000       0.87962000       1.11813000       0.72990000       0.71645000       0.59149000      -1.51262000       1.48895000       0.52783000       0.71821000       1.41139000       1.09720000       0.63927000       0.81013000       0.98817000       0.67910000       0.28410000       0.50649000       0.56396000       0.88837000       0.72303000       0.36290000      -1.48674000       0.96263000       0.38422000       0.74341000       0.90310000       1.02094000       0.53006000       0.50062000       0.79472000       0.61765000       0.76887000      -0.01524000       0.82876000       0.82499000       0.82122000      -0.29352000      -0.14407000       1.15591000       0.75795000       0.41728000       0.91846000       0.41894000       0.35217000       0.47651000       1.15105000       0.66059000       0.69207000       0.93005000       1.00031000       1.17207000       1.35963000       0.98842000       1.05900000       1.02206000      -0.13650000       0.58274000       1.13448000       0.21655000       0.90838000       0.38557000       0.46495000       0.50958000       1.41039000       0.86467000       1.14490000       1.22603000       1.28434000       1.20769000       0.64726000       0.56201000       0.59425000      -0.74388000       0.79680000       0.33275000       0.83088000       0.45314000       0.65222000       1.37028000       0.61359000       1.51682000       0.42156000       0.11191000       0.00856000      -0.66880000       0.78233000       0.96080000       1.20380000       0.40766000       0.88563000       0.53897000       0.98860000       0.81267000       0.19280000       0.68923000       0.95671000       0.63037000       0.79335000       0.66838000       0.70020000       0.88991000       0.74420000       0.84219000       0.77545000       0.80254000       0.95225000       0.87256000       0.89268000       1.04632000       0.92154000       0.92103000       0.92619000       0.86983000       0.84586000       0.60398000      -1.80873000       0.78311000       0.86825000       0.62745000       0.49426000       0.82776000       0.60858000       0.59301000       0.86750000       1.35759000       0.70491000       0.55049000       0.89874000       0.66012000       1.08462000       1.11879000       0.92700000       0.87293000       0.84455000       0.97655000       0.93461000       0.70909000       0.62963000       0.06883000       0.08466000       0.65246000      -0.27645000       0.47682000       1.23287000       0.75284000       0.79913000      -1.82268000       1.45966000       0.21024000       0.77666000       0.55049000       0.60731000       0.78030000       0.42634000       0.75802000       0.75141000       0.86903000       0.73643000       0.78782000       0.37950000       0.71425000       0.80747000       0.67600000       0.78787000       0.67019000       1.00779000      -1.04007000       0.72179000       0.56896000       1.19508000       1.08156000       0.96035000       0.87504000       0.95194000       0.73322000       0.74491000       0.86208000       0.87520000       0.76287000       1.22612000      -1.49246000       1.67735000       0.89027000       0.95617000       0.25990000       0.71969000       0.62913000       0.75231000       0.70277000       0.96659000       0.68748000       0.67998000       0.68308000       0.66088000       1.30113000       0.62359000       0.80073000       0.91186000       1.45674000       1.09820000       0.28886000      -1.80694000       0.81077000       0.36694000       1.09429000       0.46520000       0.39511000       0.73693000       0.87017000       0.94963000       0.76040000       0.75940000       0.92389000       1.31033000       1.07262000       0.81002000       0.53629000       1.53895000       1.06163000       1.13365000       0.73046000       0.53690000       0.87137000       0.61859000       1.05381000       0.52155000       0.95267000       0.68913000      -0.21341000       0.31004000       0.99978000       0.83809000       1.09359000       1.33398000       0.83069000       0.91776000       1.12708000       1.28634000       0.27745000       0.70165000       0.27266000       0.70835000      -0.89710000       0.38897000       0.82058000       0.77557000       0.71302000       0.71090000       1.32845000       1.10750000       0.00161000       1.06953000       0.42395000       0.65715000       0.81281000       0.99741000       0.95493000       0.67022000       0.96497000       0.91274000      -0.02996000       1.01681000       0.10033000       0.88044000       0.94426000       0.92027000       0.65380000       2.03031000       2.19098000       2.07946000       2.11329000       2.09181000       1.88695000       2.04347000       2.02180000       2.08545000       2.00552000       1.95796000       2.08298000       1.91120000       2.08827000       1.85336000       1.97374000       2.08921000       2.04444000       2.05002000       2.13232000       2.19891000       2.03647000       2.08610000       2.05434000       2.16503000       2.08647000       2.17345000       1.94952000       2.14749000       1.95771000       2.17973000       2.08245000       2.25047000       1.87035000       2.11612000       2.11284000       2.15456000       2.10081000       2.15437000       2.14018000       1.96680000       2.20650000       2.14013000       2.14773000       2.25381000       2.17121000       2.20576000       2.17364000       2.23572000       2.10711000       2.19436000       2.16833000       2.11995000       2.09617000       1.96739000       2.00407000       2.30655000       2.18881000       2.19604000       2.17350000       2.19591000       2.07750000       2.25061000       2.11417000       2.14094000       1.98353000       2.09435000       2.18426000       2.21364000       2.19751000       2.13158000       2.14526000       2.14234000       2.17542000       2.19482000       2.13117000       2.17992000       2.14546000       2.26412000       1.97524000       2.21405000       2.17131000       2.18446000       2.19215000       2.18212000       2.05922000       2.10666000       2.10346000       2.12844000       2.08969000       2.11535000       2.08031000       2.17891000       2.09569000       2.28602000       2.27656000       2.13173000       2.14360000       2.10525000       2.09485000       2.12412000       2.20391000       2.02915000       2.18676000       2.22176000       2.21104000       2.16165000       2.09339000       2.18479000       2.15729000       2.14439000       2.22300000       2.17990000       2.16153000       2.11590000       2.05351000       2.14602000       0.89329000       2.21498000       2.11532000       2.14167000       2.13629000       0.94292000       2.15206000       2.12511000       2.16112000       2.23054000       0.77118000       0.49098000       2.21782000       2.14861000       2.11383000       0.49829000       2.00718000       0.81265000       2.05083000       0.62828000       2.09284000       2.14873000       0.88421000       1.06827000       0.91959000       1.98308000       2.02390000       1.30047000       0.49762000       0.25736000       0.53613000       0.81535000       0.48170000       1.56919000       0.94848000       1.03872000       0.73874000       2.17799000       0.84721000       0.94227000       0.74780000       0.89471000       0.06432000       0.66715000       0.57667000       2.11418000       0.88211000       0.19651000       0.45030000       2.11899000       1.39829000       0.69198000       0.72490000       0.62521000       1.27857000      -0.59559000       0.63593000       0.10756000       1.02641000       1.02041000       1.32071000      -0.22610000       0.59883000       1.01378000       0.54656000      -0.49914000       0.12750000       0.31866000       0.62387000       0.78424000       0.23499000       1.05532000       1.14474000       0.41689000       0.75166000       0.59783000       0.05231000       0.68683000      -0.93262000       1.05040000       0.27048000      -0.44201000       1.94807000       0.86354000       2.04711000       0.57507000       0.57531000       0.62953000       1.31685000      -0.57660000       0.93310000      -0.40045000      -1.15611000       1.13047000       1.18657000       0.49230000       0.24145000      -0.27374000       1.14282000       1.05140000       0.82497000       1.22321000       2.07729000       0.80389000       0.08226000       1.25594000       0.77081000       0.88752000      -0.99189000       1.11476000       0.55429000       0.88268000       1.12601000       0.72828000       0.98816000       1.35302000       0.29392000       0.70454000       0.86255000       0.61845000       0.98370000       0.70836000       0.43669000       0.76609000       1.20969000      -0.33594000      -0.20277000       0.65612000       0.84377000       0.04939000       0.00110000       0.59933000       0.92799000       0.74873000      -0.07545000       0.66476000       0.11594000       0.95248000       2.11671000       0.59359000       2.07845000       0.56156000       0.28369000      -0.46993000       0.03928000       0.64278000       2.10679000       1.72438000       0.64390000       1.11059000       0.73177000       0.83263000       0.70108000       1.18749000      -0.91710000       1.23798000       0.73206000       0.53628000       0.99915000       0.50691000       0.57376000       0.16966000       0.59913000      -0.38963000       0.77136000       1.06458000       2.10306000      -0.12617000      -0.22474000       0.66463000       0.45245000       2.06353000       0.52575000       0.73589000       0.85879000       0.77256000       0.74241000       0.77483000       0.74015000       0.63772000       0.87831000       0.81155000       0.72692000       0.87336000       0.86385000       0.61080000       0.50768000       0.61093000       0.72110000       0.11769000       1.27086000       0.57519000       0.73505000       0.56971000       0.31415000       0.18649000       0.69068000       0.67398000       1.07444000       0.64132000       0.70819000       0.66591000       0.61430000       0.60380000       0.60636000       0.13484000       0.75763000       0.28489000       2.10270000       0.18010000       1.07511000       0.80674000       0.60604000       1.20745000       0.65888000       0.57041000       0.67875000       0.74481000       1.44687000       0.41844000       0.67806000       0.67026000       0.73151000       0.88000000       0.58484000       0.59463000       0.62816000       0.28982000       1.12958000       0.57152000       0.55995000       0.39719000      -0.18419000       1.08780000       1.18265000       0.80170000       0.06547000       0.63502000       0.60534000       0.94924000       0.74409000       0.44060000       0.41678000       0.54606000       0.70172000       1.27510000       1.15199000       1.25554000       0.36146000       0.84848000       1.25272000       1.50176000       0.78428000       1.09836000       0.30216000       0.82524000       0.67923000       0.06677000      -0.16649000       1.31744000       0.46260000       0.78684000       0.91981000       1.44566000       0.51686000       0.02859000       0.79945000       1.16365000       0.52556000       0.29611000       0.50486000       0.20260000       0.40973000       0.56547000       0.41584000       0.73989000       1.06306000       0.08876000       0.86518000       1.32336000       0.67865000       2.07440000       1.40555000       1.28252000       1.42514000       1.42611000       1.71575000       1.50064000       1.45138000       1.22939000       1.34606000       1.27643000       1.24431000       1.52845000       1.41458000       1.34112000       1.53615000       1.38220000       1.61358000       1.48109000       1.57086000       1.35643000       1.42636000       1.35090000       1.31985000       1.43486000       1.46241000       1.46717000       1.49803000       1.63197000       1.48346000       1.49100000       1.47339000       1.59599000       1.46639000       1.68907000       1.60755000       1.48933000       1.35854000       1.63911000       1.44446000       1.51326000       1.60996000       1.27118000       1.56370000       1.46663000       1.42216000       1.32459000       1.49854000       1.32821000       1.42408000       1.46057000       1.54374000       1.52649000       1.49006000       1.53058000       1.46218000       1.59479000       1.36854000       1.53206000       1.47765000       1.43303000       1.44037000       1.51815000       1.47009000       1.66040000       1.40977000       1.56085000       1.47932000       1.39545000       1.49474000       1.36438000       1.42888000       1.46150000       1.49343000       1.48943000       1.50667000       1.48706000       1.51113000       1.52866000       1.51536000       1.49600000       1.43194000       1.55466000       1.51635000       1.48586000       1.55304000       1.58129000       1.55140000       1.54840000       1.43559000       1.46722000       1.39443000       1.47603000       1.49417000       1.47223000       1.47749000       0.50240000       1.53994000       1.51704000       1.43686000       1.40512000       1.47298000       0.93558000       1.38379000       1.51572000       1.33760000       1.23739000       1.38256000       0.67148000       0.15988000       1.41598000       1.35524000       1.44991000       1.14345000       1.39413000       1.25209000       1.43742000       1.45115000       0.43151000       0.35553000       1.35037000       1.26236000       0.42870000       0.93681000      -0.36737000       1.12739000       1.31133000       0.50603000       1.38127000       0.68386000       1.61699000       0.49275000       0.72803000       0.32068000       0.47642000      -0.33082000       1.29467000       0.76095000      -0.37102000       1.97153000       0.80598000       0.63571000       1.19952000       0.85317000       0.96190000       1.42978000       1.04923000       1.24025000       1.30767000       0.98185000       1.21001000       0.47815000       1.31177000       1.02383000       1.27736000       0.63534000       1.61642000       1.29913000       1.43913000       1.43227000       1.44178000       0.59004000       0.23515000       0.32328000       0.84122000       1.34267000       1.29855000       0.67554000       0.57382000       0.70221000       1.40801000       1.48511000       1.21257000       1.44907000       1.21675000       1.08156000       0.87354000       1.43453000       1.09228000      -0.10845000       1.34984000       0.73262000       0.84875000       0.60400000       1.35944000       1.40954000       1.49733000       1.53958000       1.47534000       1.47114000       1.36746000       1.08664000       1.39352000       1.00314000       1.05418000       1.04073000      -0.14712000       1.08357000       1.47588000       1.52260000       0.26618000       0.59655000       0.79652000       0.87691000       1.33983000       1.47184000       0.59634000       0.63135000       0.92006000       0.87103000       0.70019000       0.41391000       0.50781000       0.92621000       0.41136000       0.87274000       0.67444000       1.36509000       1.26867000       0.64889000       1.42905000       2.03892000       0.41740000       0.37767000       1.52361000       0.64991000       0.49837000       0.75350000       2.04395000      -0.01257000       1.35553000       0.25863000       0.02286000       1.88048000       0.73756000       0.93012000       1.99346000       1.25921000       1.46901000       1.42525000      -0.58025000       1.92190000       0.40243000       0.64405000       0.38400000       1.26479000       1.28867000       0.06300000       1.24994000       1.38307000      -0.78877000       0.75763000      -0.50017000       0.49600000       0.68283000       0.60554000       1.40284000       1.40650000       1.92155000       0.60830000       1.22536000       1.44213000       1.38968000       0.56125000       0.44785000       0.11960000      -0.13076000       1.36548000       1.05359000       1.13506000       1.30237000       0.89075000       0.51525000       2.13588000      -0.36105000       1.33702000       0.15783000       0.02854000       0.72355000       1.07890000      -0.04537000       0.59153000       1.38555000       0.69064000       0.62650000       1.28471000       1.34163000       0.60966000       0.40279000       1.33137000       1.39950000       1.12979000       0.68438000       1.97647000       0.99545000       1.32254000       0.77429000       1.31475000       1.21720000       1.27089000       0.50011000       0.61249000       0.36450000       0.18116000       0.35937000       1.48115000       0.83860000       2.05897000       0.81113000      -0.27323000      -0.39466000       1.36023000       1.21595000       1.13187000       1.37202000       1.22144000       1.31540000       0.67538000       1.29506000       0.42966000       0.42788000       0.94144000       1.49360000       0.45018000       1.35006000       0.49602000       1.34222000       1.35372000       1.16560000       1.00992000       0.56840000       1.23707000       0.39790000       0.28185000       0.44470000       1.04260000       0.52220000       0.38084000       1.55290000       0.27465000       0.25522000       1.14638000      -1.12394000       0.55590000      -0.02866000       0.81685000       0.40769000       0.55885000       0.80355000       0.55466000       1.44259000       0.78706000       1.07451000       0.19033000       0.25375000       0.67929000       0.68948000       0.75900000       0.73237000       0.51966000       0.87983000       0.56480000       0.46860000       0.58681000       0.38112000       1.36337000       0.52633000       0.64308000       0.80548000       0.81791000       0.54941000       0.27679000       0.24758000       0.47787000       0.79180000       0.45769000       0.08637000       0.49880000       0.87574000       0.80134000       0.66819000       0.67916000       0.56759000       0.38133000       0.15444000       0.45018000       1.19522000      -0.23009000       0.46674000       0.56319000       0.50141000       0.41276000      -0.68598000       0.45423000       0.31695000       0.60118000       0.42705000       0.62816000       0.47974000       1.39257000       0.49189000       0.64601000       0.50294000       0.19462000       0.13658000      -0.69933000       0.42788000       0.57143000       0.66099000       0.52734000       0.59494000       0.50557000      -0.02345000      -0.11542000       0.45657000      -0.17681000       0.57337000       0.97815000       0.55454000       0.39155000       1.84114000       0.51985000       0.53492000       0.56874000       0.33616000       0.56771000       0.25895000      -0.12598000       0.97639000       1.37177000       0.54892000       0.47721000       0.50956000       0.59092000       0.09098000       1.05815000       0.60126000       0.69261000       0.56344000       0.46370000       0.58450000       1.45463000       0.42836000       1.70680000      -0.10519000       1.38262000       1.93160000      -0.29827000       0.78561000       0.66385000       0.35963000       0.46048000       0.54730000       0.81061000       0.87773000       1.18078000      -0.69368000       0.69390000       1.86773000       0.57427000       0.49026000       0.40206000       0.51500000       1.29402000       0.60217000       0.76832000       0.93299000       1.04562000       0.22656000       0.45848000       0.86164000       0.65367000      -0.51292000       0.52919000       0.45957000       1.48415000      -0.18683000       0.57552000       0.47849000       0.42585000       0.76361000       0.42620000       1.19148000       0.21988000       0.53062000       0.76811000       0.04797000       0.51517000       0.27651000       0.41486000       2.15648000       1.68830000      -0.17725000       0.36918000       1.15668000       0.46150000       0.32458000       0.71215000       1.38022000       0.25751000       0.44332000       0.92453000       1.79676000       0.68961000       0.35209000       1.10089000       1.00100000       1.09639000       1.87017000       0.34893000       0.66858000       1.01280000       0.43932000       0.73100000       0.35807000       0.57408000       1.83720000       0.71202000       1.03173000       0.12755000       0.38686000       0.28300000       0.40867000       1.42673000       1.05554000       1.79894000       1.37294000       0.25677000       0.71491000       0.45416000       0.87890000       1.14365000       1.19788000       0.65116000       1.23020000       1.11137000       0.32802000       1.06838000       1.06470000       1.61990000       0.21054000       0.53156000       1.17074000       1.29532000      -0.13354000       1.71645000       0.96485000      -0.87086000       1.22230000       0.39347000      -0.88728000       1.12989000       0.07485000       0.66170000       1.28866000       0.08668000       1.04445000       1.36280000       0.19608000       1.11912000       0.24892000       0.33249000       1.15963000       1.19743000       0.33083000       1.66757000       1.71887000       1.17812000       0.87551000       0.59387000       1.04129000       0.53243000       1.08399000       1.30365000       0.88049000       0.12020000       0.92873000       1.30984000       1.02222000      -0.09742000       0.76774000       0.42887000       0.97277000       0.29443000       1.03548000       0.57665000       0.89388000       1.46311000       0.26034000       0.01387000       0.01689000       0.80783000       1.50091000       1.14762000       0.86739000       0.49278000       1.06261000       1.02277000       0.99862000       1.44348000       1.12087000       0.82170000       0.03794000       0.35380000       0.41476000       1.04849000       0.33759000       1.37696000       1.08073000       1.41542000      -0.10132000       0.95795000      -0.13383000      -0.04338000       1.41180000       0.11387000       0.40086000       0.85865000       0.93015000       1.07089000       0.31397000       1.02254000       0.04124000       0.77286000       0.91714000       1.31118000       0.73068000       1.26164000       1.16624000      -0.49054000       0.61729000       0.16542000       1.49368000       0.43174000       0.41175000       0.19188000      -0.19788000       1.34583000       0.81527000       1.04855000       1.19528000       1.06969000       1.10979000       0.18260000       1.28857000       0.98693000       0.79259000       0.32101000       0.64707000       0.03401000       1.24705000       1.25126000       1.02023000       0.81744000       1.05741000       1.34385000       1.18578000      -0.07162000       1.02236000      -0.35948000       0.22411000       1.10133000       1.33382000       1.07213000       0.33827000       1.06094000       0.24295000       0.85580000       1.13907000       1.02937000       0.62255000       0.39482000       0.85254000       1.16685000       1.23374000       1.22564000       0.83709000       1.26843000       1.11987000       0.58887000      -0.35876000       0.69230000       1.11824000       0.33697000       0.97024000       1.19020000       0.19923000       1.33293000       1.32887000      -0.66917000       0.93095000       0.95353000       0.76336000       0.71478000       0.20862000       1.04020000       0.21203000       1.29361000       0.11358000       1.22404000       0.45194000       0.39070000       0.36766000       1.26542000       0.65193000       1.02049000      -0.51302000       1.26086000       0.23656000       0.79590000       1.23225000       1.20604000      -0.22515000       1.04899000      -1.09832000       1.33607000       0.61735000       0.94323000       0.17807000       0.28200000       0.56719000      -0.08566000       0.05344000       1.09368000      -0.44010000       0.25089000       0.80679000       0.93427000       0.83748000      -0.14582000       0.95621000       0.06984000       0.49960000       1.05745000       0.44376000       0.67135000       1.05478000      -0.51539000       0.12481000       0.46032000       0.99249000       0.63431000      -0.44431000       0.13120000       1.14360000       1.00799000       0.42935000       0.88051000       0.74949000      -0.20423000       0.14968000       0.25275000       0.52900000       0.43232000       0.92990000       0.21503000       0.89246000      -0.15443000      -0.35253000       0.13776000       0.32199000       0.04944000       0.67901000       0.96834000       0.28313000      -0.15874000       0.74391000       0.55279000       0.26906000       0.16680000       0.47354000       0.76622000       0.19581000       0.70066000       1.43416000       0.46671000       0.37272000 
SCALARS Scaled_Sensitivity(log10) double 1
LOOKUP_TABLE default
      0.27578000       0.53649000       0.64880000       2.33221000      -1.68014000      -0.31487000       2.02680000       0.71586000      -0.87825000       2.24431000      -0.82004000       2.28058000       1.81085000       2.34131000       1.63871000       1.85610000       2.30167000       2.29603000       2.27126000      -0.23734000      -1.38172000      -0.54206000       2.47129000       1.99459000       1.02971000       1.81121000       1.24172000       0.74945000       1.94766000       1.82097000       0.64759000       0.46056000       1.42023000       2.34802000       0.66452000       1.79476000       2.48860000       1.77144000       2.00836000       0.56237000      -1.88374000       0.68752000       1.90839000      -0.90975000       2.26906000       0.35025000       1.64586000      -0.28309000       0.60940000      -0.41409000       1.59367000       1.37461000       0.72720000       2.40472000       0.30819000       1.94559000       1.86009000       2.62530000      -0.99256000       1.56540000       1.62617000       2.06768000       1.67002000      -0.78023000      -1.97222000       1.32974000      -1.74865000       1.53126000      -1.03646000       1.83667000      -1.94579000      -0.93999000       2.27578000       0.12459000       1.56766000       0.88297000      -0.51170000       2.23050000       0.54599000      -2.00188000       0.73360000       1.57057000       2.26198000      -0.52062000       0.55800000       1.24287000       1.79488000       2.30331000       2.49670000       2.42779000      -1.67863000       2.53253000       2.33545000       0.70524000      -0.17386000       1.82419000       1.64916000       0.70418000       1.76356000      -3.47600000      -1.87235000       2.21522000       0.38697000       2.27403000       2.38184000       1.88669000      -0.59775000      -0.47177000       2.34993000       2.29536000      -0.78516000      -0.42811000       2.94994000       1.91066000      -1.90907000      -0.53148000       0.42735000      -1.34176000       1.66371000       0.56875000       0.66412000       1.85909000       1.68232000       1.80949000       1.81236000      -1.58511000       2.10199000       0.80964000       0.37187000      -3.07219000       2.13046000      -0.92938000      -1.39204000       0.45527000       0.54645000      -1.44939000       1.98031000       2.43484000      -1.44064000       1.69068000       1.71121000       1.96402000       0.56100000       2.24705000       0.99047000       0.42910000       0.71500000       2.47913000       0.45210000       1.24540000       1.71005000       1.14506000       0.98277000       1.62821000       2.57528000       2.07386000      -0.54000000       1.98967000       0.42659000       2.25309000      -2.16251000       2.30331000       1.44445000       0.40962000       1.86686000       1.06103000       1.78764000      -0.60863000       0.47018000       0.48763000       2.57103000       1.94865000       1.89523000      -1.53169000       1.20554000       2.03366000       2.06974000       2.68110000       1.88621000       2.23717000       1.41600000       0.89922000      -0.22126000       0.31574000       1.13677000       1.88945000       1.89749000       1.72620000      -0.24106000       2.26045000       2.52639000       0.46721000       2.44229000       2.35346000       1.33106000       2.56318000       2.29010000       0.44004000       2.42933000       0.58130000       0.59307000       0.68686000       1.92641000       2.17134000       2.07911000       0.63923000       1.95340000      -0.54670000       1.90976000       2.09340000       2.43045000      -0.18523000       0.76682000       0.73596000       0.47823000       0.69697000      -1.93193000       1.95219000       2.05656000       1.70216000       2.36696000       2.18266000       0.43015000       1.48782000       1.66080000       1.39056000      -0.26812000      -2.81383000       1.02156000       1.98761000       2.23855000       0.32257000       2.23706000       0.34738000       0.44381000       0.95120000      -1.37758000       0.45503000       1.55876000       1.40720000       1.73980000       1.94167000       0.78502000      -1.04545000       0.52355000       0.65314000       0.58580000      -0.26008000       2.35054000       0.88689000       2.45257000       1.32501000       1.32027000       1.02491000       2.42894000       0.57087000       1.08481000       0.54734000       2.00437000      -1.81773000       0.64879000       0.53558000      -0.27003000       1.79305000       0.17879000       1.25416000       2.25516000       2.07057000       1.64733000       0.26453000       0.99284000       1.79553000       1.01744000       2.13228000       1.21002000       0.87400000       2.16260000       1.49033000       1.08378000      -0.50260000       1.51383000       1.74574000       2.45881000       0.31926000       0.80822000       2.09105000       2.02332000       2.20560000       1.61618000       2.14551000       0.53024000       1.85524000       0.81046000      -1.97649000       1.67789000       0.12224000      -2.02116000      -2.84650000       2.51310000       2.21276000       1.55648000      -1.04814000       2.22044000       0.68751000       1.77444000       1.90943000       2.59785000       1.53333000       2.27023000       2.06964000       1.62243000       1.73196000      -2.45037000      -0.94365000       1.45637000      -0.90255000       0.23700000       0.37280000       1.56451000       0.85561000      -1.03028000      -0.96233000       0.89686000       1.98314000      -0.37737000       1.21033000       0.78044000       1.80333000       0.55744000       0.47054000       0.61472000       0.48515000       0.42494000      -0.59457000       0.64838000      -1.01315000       2.04481000       1.95686000      -0.47916000       0.49873000       2.19231000       1.60543000       0.18118000       2.12652000      -0.52950000       2.09326000       0.76363000       1.76808000       0.25487000       1.53376000       1.06617000       1.12893000       1.24398000       1.37671000       0.37494000       1.51330000      -1.83358000       1.33096000       0.85015000       0.78695000      -0.51725000       1.82891000       0.36428000      -0.99773000      -1.53618000       0.80318000       1.27376000       1.73833000       0.35210000       0.57184000      -1.33788000       2.20414000      -1.76976000      -1.95498000       1.52865000       1.45644000       1.79999000       0.27835000       1.19523000      -3.17177000       2.32398000       1.10537000       1.12624000       1.44684000      -0.97046000       1.50706000       2.20484000       0.74713000       1.75287000       0.51546000      -0.61657000       1.47416000       1.20442000       0.63875000       1.21512000      -0.03853000       1.57751000       2.07231000       0.36479000       1.78337000       0.26692000       0.39883000       1.51684000       1.56539000       1.00828000       0.62687000       0.42057000      -0.11954000       2.18207000       0.63116000       2.15390000       1.97802000       1.77732000       0.89221000       1.99595000       0.06607000       1.49213000      -0.56403000      -0.31944000       0.47268000       1.86272000      -0.54900000       0.28642000       0.80166000      -1.04978000       0.96555000       0.12444000       0.41441000       1.25264000       2.14342000       2.02391000       1.65420000       1.07353000       1.76329000       1.65040000       1.90060000       1.87108000       0.35016000       1.44921000       1.84860000       1.49002000      -0.88154000       1.40464000       1.54664000       1.63513000       1.55444000      -1.99686000      -1.46117000       1.44411000       1.56104000      -3.49437000       1.42785000       1.77919000       1.51028000       0.51294000       0.62669000       1.36629000       1.43432000       1.49001000       1.57984000       1.45818000       1.49752000       0.27344000       0.46799000       1.51083000       1.33274000       1.31437000       1.19907000       1.11684000       0.15774000       1.54261000       1.27349000       1.41299000       1.23220000       1.39059000      -1.35108000       0.08026000       1.39034000       2.04706000       0.30989000       1.34762000       1.41286000       1.44951000       1.55576000       1.58056000       1.52361000       0.36046000       1.36919000       0.45968000       2.05724000       0.36590000       0.20777000       1.42214000       0.08060000       0.55533000       0.49460000       0.39416000       0.23757000      -1.15045000       1.74631000       1.80092000       1.69478000      -0.08170000       0.31564000       1.43983000       1.13800000       1.38941000       1.35978000       1.33443000       1.25668000       1.22885000       1.15967000       1.07221000       0.20174000       0.91233000      -0.93404000       0.44413000       1.59756000       1.91163000       0.16283000       0.16508000       1.78229000       0.18748000       0.79449000       0.22472000       0.50520000       2.14677000      -0.70452000      -0.15099000       0.49747000       1.61473000       2.33180000       1.56755000       2.06676000       1.96782000       1.32456000       1.36204000       0.63550000       1.28311000       1.19061000       1.12724000       1.08678000       2.14932000       1.47748000       0.10157000      -1.49896000       0.16698000       0.93958000       0.10119000       0.05474000       1.34487000       1.72916000       1.48628000       1.59130000      -0.69986000       1.78909000      -1.99768000       0.17582000       0.52326000       1.40254000       1.72671000       1.31568000       1.41418000       0.30539000       1.54019000       1.65279000       1.59059000       1.15067000       2.63595000       1.75238000       1.07391000       0.10274000       2.08546000       0.14860000       0.02198000       2.05566000      -0.83849000       2.70186000       1.46459000       0.24039000       1.86435000       1.61414000       1.68570000       1.71660000       1.76047000       1.83957000       1.76380000       1.74212000      -0.50078000       1.62217000       1.67868000       2.27952000       1.31693000       2.06070000       1.73887000       1.83623000       1.69147000       1.71215000       1.65454000       1.11045000       2.47665000       0.44050000       1.65408000       0.28441000       0.15735000       1.89964000      -1.44362000      -0.78999000       1.32791000       1.30908000       0.48252000       2.26744000       2.07769000       0.52367000       2.22651000       0.50788000       0.24522000       0.33487000       1.51856000       1.31295000      -0.59049000       1.99810000       0.13407000       2.48623000       1.99195000       0.40802000       1.20729000       0.38617000       3.30879000      -1.66642000       0.19587000       1.02086000       0.25533000       0.19832000      -0.91661000       1.98680000       1.97529000       1.64169000       2.02313000       1.88858000       1.93699000       0.89686000       0.77867000       0.91758000       1.76498000       0.71309000       0.42913000       0.08534000       2.05126000       0.79121000       1.71306000       1.72083000       2.23730000       0.30275000       1.34335000       1.26651000       1.81955000       0.33700000      -2.51386000       1.28408000      -2.29459000       2.04907000       0.78121000       1.02367000       0.76804000       1.91673000       1.95032000       2.57452000       2.25581000       0.06722000       2.22736000      -1.88474000      -2.58869000      -2.03388000       1.54389000       1.44145000      -0.96776000       0.25042000       0.61506000       0.04319000       0.18905000       1.59874000       2.46100000       1.51838000       1.79378000       1.69323000       0.76488000      -1.04086000       0.51141000       0.51686000       0.76058000       2.09711000       1.36469000       1.73800000       2.53684000       1.23227000       0.61596000       1.85235000       2.04966000       1.98630000       0.57667000       0.21363000       2.59073000       2.19532000       1.90422000       0.09173000       1.34642000       0.99918000       1.81131000       2.58114000       1.30314000       1.57373000       0.13980000       1.37372000       1.55293000       1.88932000      -1.78212000       2.13041000       2.21527000       1.12820000      -0.50303000       2.02815000       2.07450000      -1.97453000       1.98710000       0.15130000      -0.53548000      -0.76319000      -0.31533000       1.99593000       1.11471000       2.26693000       1.91486000       2.14819000       0.96105000      -0.33888000       0.45978000       1.35885000       2.02254000       1.82546000       0.21756000       1.98715000       2.21693000       1.42973000       2.01676000       2.37280000       0.50079000      -1.49689000       1.84765000       1.25532000       1.39561000       0.71093000       0.30024000       2.15382000       1.51988000       0.32545000       1.63907000      -3.20557000      -1.95878000      -1.79544000      -2.11184000      -1.98563000      -2.42098000      -2.00122000      -3.43726000      -2.02783000      -1.88608000      -1.92264000      -0.61092000       2.15583000      -1.47529000       0.77628000       0.76032000      -0.04547000       0.47980000      -1.32174000       1.25587000      -2.18887000       1.37104000       0.33923000       0.04857000       2.68487000       0.05741000      -1.73724000       1.46801000       0.54561000      -3.39763000       1.38112000       1.71964000       2.04195000      -1.88019000       1.91824000       0.20917000       1.89092000       0.20785000       2.34771000       0.23291000       0.88263000      -1.49212000      -2.11997000       0.21602000      -0.90126000       0.31201000       2.01634000       1.18213000       1.81948000       1.92905000       0.19815000       0.02140000       0.26502000       1.85836000       1.84037000       0.60509000       1.59555000       1.63288000      -2.42796000       1.10380000       0.14281000       0.17441000       0.71187000       0.19100000      -1.44741000       2.29069000      -0.03607000       0.86272000       1.59969000      -1.00718000       1.48552000       2.22978000       0.40302000      -0.60655000       0.56423000       1.21868000       0.47153000       0.42901000       0.48682000       2.30207000       2.09737000       0.27083000      -1.86219000       0.38305000       1.47748000       0.90328000       2.32629000      -1.97824000      -2.80955000       0.39962000       1.92074000       2.60654000       0.67526000       0.40768000      -0.98602000       1.74402000       2.24211000      -2.66440000      -2.68486000      -2.08783000       1.67924000       0.68935000       1.20503000       1.32756000       2.23182000       0.45491000       2.14245000      -0.55506000       2.32359000      -0.40000000      -1.48545000       0.66886000       2.17396000      -1.51292000      -0.99091000       0.30993000       2.25301000      -0.36008000       2.19189000       0.70693000       0.21136000       1.31646000      -0.18657000       2.66582000       1.15255000       1.22421000       1.21242000       1.21217000       1.27828000       1.26365000       1.26626000       1.29148000       1.32432000       1.37062000       1.40770000       1.45121000       1.44754000       1.41876000       1.31867000       1.41801000       1.37969000       1.35449000       1.22970000       1.16870000       2.26383000       0.32483000       2.21058000       1.32343000       0.21172000      -0.49241000       1.18272000       2.59290000      -2.72413000      -1.06411000       2.29188000      -3.13269000       0.24738000       0.49870000       0.28020000       0.26805000       0.21155000       0.16008000       0.09743000       0.05818000       0.02369000      -0.05247000      -0.13349000       2.03079000       2.03157000      -1.93747000       0.81727000      -1.54101000       1.20548000       0.07106000       1.78689000       0.22451000       1.21280000       0.44878000      -0.17289000       1.17433000       2.51711000       1.94958000       0.18023000       1.93407000       2.50110000       1.81647000       2.24958000       0.03761000       1.77441000       1.00272000       1.21064000       1.93192000       1.17697000       1.15458000       1.14959000       1.11247000       1.06976000       1.03554000       0.99347000       0.46917000       0.96021000       0.92856000       2.66368000       0.90503000       0.33275000      -0.48281000       1.44159000       2.06917000       2.20639000       0.18530000       2.22250000       0.81329000      -2.27406000       2.44296000       2.12062000       0.01646000      -0.01997000      -0.05124000      -0.06216000       0.39481000      -0.06326000      -0.07412000       1.19214000      -1.85042000      -0.84544000      -0.92819000      -1.29873000       0.65846000      -2.29086000      -1.92533000      -3.02179000       2.47560000      -1.84501000       0.37668000       0.88801000      -1.20270000      -1.93230000       0.02850000       1.13456000       1.33090000       1.09080000       1.04076000       1.00655000       0.99989000       0.95860000       1.49942000       0.94331000       0.91706000       0.37642000      -0.93134000       0.51317000       0.70950000      -0.25850000      -0.64641000       1.19799000      -0.65374000       2.37876000       1.12942000      -0.01084000      -0.05015000      -0.07358000      -0.12175000      -0.16135000       0.63534000       1.41668000       1.67409000       1.28747000      -1.87881000      -2.57417000      -1.02118000       1.14318000       2.46866000       2.46200000      -2.01367000      -2.38607000       1.68310000       2.25962000       0.14321000       1.88655000      -0.68761000       2.59761000       1.29160000       2.55879000       1.92931000       2.70597000       2.48599000      -1.44999000       1.01516000       0.08584000      -1.92901000      -0.01168000       1.30140000      -0.09457000      -0.33564000       1.15246000       2.19247000      -1.56293000       1.79576000       0.22845000       1.56146000       1.18083000       0.64008000       1.05537000       1.64094000       0.96059000       0.19220000      -1.62048000       0.50038000       0.40237000      -1.32407000       1.29142000       1.57745000      -0.52277000      -0.51556000       0.23655000       2.48791000       0.37255000       2.24420000      -1.02317000       1.91068000       2.02011000       0.44311000       1.22498000       2.52745000      -1.80959000       0.17406000       2.03876000       0.10066000      -1.47311000       2.67282000      -3.23169000      -1.69436000       0.02041000       0.19329000      -0.84585000      -0.94443000      -1.39209000       1.64322000      -0.41403000      -0.88273000       1.59795000       0.41274000       1.33150000       1.12222000       2.28175000       0.09864000      -0.52279000       0.26288000      -3.56903000       2.60149000      -0.44019000      -0.67175000       2.02631000       1.56027000      -0.32453000       1.33857000       1.84515000      -0.03513000      -1.16416000       0.33039000      -0.62599000       1.08255000      -0.17387000      -1.16042000      -3.54435000       2.09788000      -1.37001000      -0.23105000       0.07950000       1.91391000       0.42966000      -0.82197000       0.01288000       0.52164000       0.04032000      -1.35796000       1.72594000       0.03102000       0.68190000      -2.01722000      -1.57516000       1.99884000       1.96697000       1.01681000       0.00833000      -0.47729000      -0.98874000      -0.77530000       1.93567000       0.36999000      -0.12517000       0.97813000       1.62383000       2.02394000       2.49911000       1.09063000       1.82016000       2.20567000      -1.67311000       0.17890000       2.02758000      -1.21040000       0.21489000      -1.01253000       0.85691000       0.28462000       2.51554000      -0.01881000       2.24681000       1.95048000       2.55891000       2.06047000       1.49142000       0.39637000       0.65715000      -2.26836000       0.43239000       0.20352000       1.02371000       0.35145000       0.82429000       2.29504000       0.50215000       2.70967000      -0.63484000       0.16645000      -1.33386000      -2.07644000       0.02794000       1.93008000       2.26755000      -0.86055000       0.84947000       0.51242000       1.66729000       1.09490000       0.43994000       0.75044000       1.98255000       0.96260000       0.99141000       1.01099000       1.02839000       1.07781000       1.07940000       1.12222000       1.10164000       1.14473000       1.18303000       1.20223000       1.23134000       1.25685000       1.24390000       1.22771000       1.20899000       1.18116000       1.14640000       0.95016000      -3.84812000       0.98960000       1.30051000      -0.65178000       0.40816000       1.02521000       0.94568000      -0.81525000       1.75520000       1.67464000      -0.28949000      -0.53496000       0.25579000      -0.43522000       0.31617000       0.33327000       0.29255000       0.24886000       0.20137000       0.16980000       0.12052000       0.04579000      -0.03248000      -1.38577000      -1.21400000      -0.10782000      -2.13901000      -0.32399000       2.27842000       1.77333000       0.07065000      -3.84845000       2.21963000       0.22358000       0.99922000       0.39417000       0.95331000       0.98268000       0.38712000       0.95815000       0.93819000       0.92295000       0.88492000       1.04637000      -0.98453000       0.84549000       0.82059000       0.78298000       0.76593000       0.74483000       1.11613000      -2.79930000       0.73326000       0.96907000       2.23838000       2.14996000      -0.55968000       0.02128000       1.11939000      -0.00498000      -0.03325000      -0.04351000      -0.04701000      -0.05604000       2.25322000      -3.57830000       2.62151000       0.21188000       0.76619000      -1.43131000       0.95759000       0.69525000       0.61725000       0.92447000       2.20874000       0.87169000       0.82553000       0.79560000       0.75989000       2.53758000       0.76264000       0.74452000       1.18430000       2.44037000       2.24534000       0.51536000      -3.85558000       0.02424000      -0.78151000       2.20661000      -0.23346000       0.37574000      -0.02547000      -0.05014000       1.80390000      -0.09520000      -0.13686000       0.30123000       2.57320000       2.22453000       1.13425000       0.25779000       2.51822000       2.28624000       2.10684000       0.98836000       0.70835000       0.93467000      -0.47879000       2.05370000       0.80495000       1.19504000      -0.79664000      -1.78866000       0.61251000       0.16438000       0.25635000       2.16157000       2.17114000       0.07682000       0.00523000       2.04885000       2.29212000      -0.54500000       0.80442000       0.71967000       0.58365000      -2.77679000      -0.66146000       1.07837000       0.99004000       0.89147000      -0.05460000       2.30982000       1.82486000      -1.44525000       2.07607000      -0.65860000       0.56399000       0.60862000       0.72780000       1.73223000       0.73663000       1.08730000       0.24565000      -1.49133000       0.19516000      -1.40991000       0.15413000       0.56420000       0.17690000       0.74830000       3.22456000       3.32341000       3.15915000       3.30632000       3.23580000       3.24808000       3.27022000       3.30887000       3.22931000       3.23227000       3.04971000       3.21474000       3.13795000       3.19986000       2.94952000       3.20049000       3.21631000       3.14666000       3.27678000       3.24527000       3.29236000       3.32296000       3.34059000       3.32350000       3.39970000       3.41186000       3.43900000       3.05625000       3.23608000       3.12181000       3.36812000       3.30920000       3.28111000       3.29147000       3.36081000       3.31967000       3.36371000       3.33735000       3.41295000       3.37681000       3.35965000       3.30721000       3.36688000       3.37714000       3.29454000       3.34247000       3.33723000       3.38868000       3.38110000       3.33386000       3.37418000       3.30553000       3.34671000       3.32292000       3.34664000       3.43456000       3.38730000       3.45089000       3.45558000       3.35620000       3.40274000       3.35371000       3.29695000       3.30228000       3.31321000       3.35331000       3.32110000       3.31736000       3.31694000       3.32165000       3.37158000       3.37202000       3.37137000       3.35975000       3.33719000       3.35792000       3.33475000       3.37221000       3.29519000       3.37133000       3.30352000       3.32765000       3.29613000       3.27542000       3.29768000       3.29700000       3.35833000       3.30464000       3.35519000       3.31382000       3.38960000       3.32338000       3.41184000       3.35615000       3.39174000       3.27963000       3.36725000       3.36111000       3.14285000       3.38873000       3.33536000       3.29765000       3.38716000       3.28022000       3.32765000       3.27523000       3.38840000       3.34864000       3.29173000       3.38405000       3.34034000       3.32019000       3.30129000       3.35832000       3.38187000       3.28251000       3.32003000       0.68772000       3.32772000       3.33078000       3.34179000       3.36576000       0.11434000       3.37881000       3.42521000       3.38787000       3.36003000       0.36149000       0.31856000       3.38893000       3.37537000       3.34216000      -0.45406000       3.16085000       1.08683000       3.29475000       0.74986000       3.33243000       3.26315000       1.09677000       2.24184000       1.94840000       3.21567000       3.25065000       2.10711000      -0.98473000       0.47956000      -0.95615000       0.11660000       0.41910000       2.73512000       1.73689000       1.04199000      -0.20294000       3.34843000       0.01321000       1.78714000      -0.02437000       0.74268000      -1.44012000      -0.59895000       0.53334000       3.32314000      -0.11840000      -0.79756000      -0.56618000       3.45467000       2.58547000       0.57190000      -0.24275000       0.71515000       2.14244000      -2.07555000       0.68299000      -1.28273000       1.69851000       1.57232000       2.32571000      -1.71064000       1.19558000       0.09244000      -0.75925000      -2.60628000      -1.26867000       0.78485000       1.41547000      -0.09230000      -1.15964000       2.10413000       2.21975000      -0.93617000       0.81939000       1.01408000       0.72246000      -0.62895000      -2.32542000       2.18184000      -0.98429000      -2.67077000       3.17483000       0.71539000       3.03223000       1.21813000      -0.35833000      -0.29278000       2.36366000      -2.14679000       0.54459000      -2.13417000      -3.21599000       2.22552000       1.71159000      -0.53022000      -1.26933000      -2.16976000       2.03301000       2.03682000       1.01380000       2.17878000       3.33170000      -0.03902000      -1.38256000       2.29566000       0.96134000       1.20768000      -2.85062000       2.05410000      -0.44995000       0.81960000       2.29902000      -0.31506000       0.95041000       2.72938000      -0.59498000       0.85083000       1.10211000       1.20560000       1.32065000      -0.61971000      -0.95902000       0.66886000       2.43408000      -2.11293000      -1.79580000       1.00774000       0.07279000      -1.82772000      -1.41871000      -0.11381000       1.44556000      -0.03305000      -1.22873000      -0.49543000      -1.23258000       1.96456000       3.38491000       1.23253000       3.35274000      -0.22119000      -1.00194000      -1.81145000      -1.19069000       0.71646000       3.36145000       3.06144000       0.96576000       1.28848000      -0.33241000      -0.17116000       0.00992000       2.52843000      -2.80898000       2.20644000       1.65023000      -0.71723000       0.67915000       0.35983000       0.61807000      -0.93303000       0.70160000      -2.26348000       0.92696000       1.68315000       3.45775000      -1.77035000      -1.70257000      -0.11961000      -0.35422000       3.33359000       0.60954000       0.81868000       1.28895000       0.87554000       1.63744000       1.58461000       0.81269000       0.90505000       0.94666000       1.01753000       0.96996000       1.07857000       1.07517000       1.04234000       0.80825000       0.72745000       0.80561000      -1.02654000       2.34072000      -0.01611000      -0.00168000      -0.09821000      -0.24400000       0.38764000       0.89027000      -0.33571000       2.04255000      -0.17344000       0.83850000       0.77392000       0.70173000       0.63375000       0.60877000      -1.31689000      -0.16671000      -0.45272000       3.39242000      -0.83686000       0.94668000       0.99884000      -0.21614000       2.44671000      -0.29425000      -0.34297000       0.06156000       0.88788000       2.56178000      -0.77885000      -0.19156000      -0.01519000       0.80524000       1.91025000       0.73147000       0.65738000       0.60661000      -0.15739000       2.24768000      -0.32074000      -0.27247000      -0.34340000      -1.47245000       2.13645000       2.08598000      -0.16361000      -1.26813000       0.79196000      -0.33700000       0.79311000       1.01831000       0.56454000      -0.53386000      -0.23582000      -0.17294000       2.06678000       2.12787000       2.06831000      -0.72940000       0.73095000       2.41609000       2.76067000       0.91496000       2.26072000       0.15082000       0.86856000       0.76501000      -0.96899000      -1.51317000       2.49305000       0.63262000       0.92341000       1.41479000       2.61121000       1.28372000      -1.12556000       0.18623000       2.24270000      -0.67389000      -1.03394000       1.02096000      -1.16860000       0.39707000      -0.36127000      -0.73237000       0.61641000       2.14954000      -1.35960000       0.88517000       2.45862000       0.04410000       3.38553000       2.61536000       2.40084000       2.45524000       2.58352000       2.65803000       2.44946000       2.59377000       2.34950000       2.52233000       2.51328000       2.37295000       2.50114000       2.64570000       2.51310000       2.49847000       2.53458000       2.56556000       2.64099000       2.68160000       2.63636000       2.69389000       2.59987000       2.42581000       2.69335000       2.77758000       2.63333000       2.60818000       2.75505000       2.72782000       2.72993000       2.63554000       2.64532000       2.65248000       2.75194000       2.68402000       2.59115000       2.58409000       2.65324000       2.65245000       2.66171000       2.64744000       2.36539000       2.56359000       2.71637000       2.60278000       2.57386000       2.61177000       2.58806000       2.71532000       2.65039000       2.64469000       2.64704000       2.72047000       2.70513000       2.68893000       2.76298000       2.66306000       2.66965000       2.71820000       2.66639000       2.65105000       2.65660000       2.64215000       2.71594000       2.62022000       2.73076000       2.63116000       2.73905000       2.60969000       2.67190000       2.68088000       2.57863000       2.58880000       2.70405000       2.68479000       2.61584000       2.69600000       2.61542000       2.74211000       2.71616000       2.65869000       2.64718000       2.60488000       2.63465000       2.72472000       2.68884000       2.66315000       2.72371000       2.61299000       2.71769000       2.63277000       2.64888000       2.67490000       2.71826000       2.66303000       0.40247000       2.75948000       2.73954000       2.73558000       2.63266000       2.67731000       1.31122000       2.64201000       2.69110000       2.56923000       2.42464000       2.60599000      -0.24132000      -0.99061000       2.64817000       2.57948000       2.58090000       2.35361000       2.58316000       2.48047000       2.69105000       2.68430000      -0.28516000       0.51363000       2.57747000       2.44104000       0.31486000       1.76391000      -1.76024000       2.32538000       2.50611000       0.58799000       2.53760000       0.96172000       2.63188000       0.51656000       0.93024000      -0.61856000      -0.44183000      -1.67349000       2.52175000       0.89553000      -1.71306000       3.35248000       2.01303000       2.04767000       2.16068000       0.44301000       2.18866000       2.75969000       2.14073000       2.16690000       2.69235000       2.08645000       2.40199000      -0.28747000       2.57314000       2.17485000       2.09038000       1.09668000       2.67401000       2.41051000       2.73463000       2.67989000       2.68951000      -0.23362000      -1.08474000      -0.49728000       2.07867000       2.62323000       2.46198000       0.96230000       0.53711000       0.97945000       2.80524000       2.64759000       2.00694000       2.71647000       2.15832000       2.35417000       1.43555000       2.76478000       1.94768000      -1.10691000       2.66425000       0.79772000       2.07551000      -0.12442000       2.30946000       2.50949000       2.49331000       2.66047000       2.54244000       2.52006000       2.50930000       2.08759000       2.35689000       1.99053000       1.01084000       1.75961000      -1.72296000       2.28066000       2.74380000       2.63449000      -0.64278000       0.84349000       0.85299000       1.08466000       2.43525000       2.57189000       0.93017000       1.00084000       1.03765000       1.05459000       1.00348000       0.81983000       0.84899000       1.09056000       0.84337000       1.48045000       0.79222000       2.48034000       2.61503000       2.03627000       2.69603000       3.41689000       0.40617000      -0.37718000       2.44287000      -0.00341000      -0.17192000       0.00402000       3.03130000      -1.36310000       2.42439000      -1.15178000      -1.06475000       3.25675000       0.94029000       2.10562000       3.39408000       2.37921000       2.75037000       2.55025000      -1.84003000       3.30158000       1.52836000       0.86294000      -0.29719000       2.48648000       2.54885000      -0.87014000       2.66987000       2.77283000      -2.41683000       0.81229000      -1.75173000       0.74662000       0.66808000       0.62042000       2.63859000       2.66404000       3.28956000       0.93347000       1.56612000       2.53864000       2.66186000       0.92393000       0.81510000      -0.61457000      -2.05228000       2.42828000       2.31144000       2.20448000       2.60258000       1.99111000      -0.22834000       3.37297000      -2.05436000       2.17656000      -0.87244000      -1.44854000       0.85525000       2.16144000      -1.53108000       0.80569000       2.60368000       0.68271000       0.62364000       2.71671000       2.81306000       1.01798000       0.51852000       2.46141000       2.51580000       2.07230000       0.89358000       3.34582000       1.91180000       2.75158000       2.11196000       2.82665000       2.72825000       1.79013000      -0.29839000      -0.40278000       1.55498000      -1.28468000       0.46134000       2.76288000       1.90735000       3.15474000       1.53276000      -1.46327000      -1.85219000       2.75597000       2.53476000       2.72760000       2.78711000       2.66739000       2.82720000       0.90093000       2.73297000       0.38401000       0.43490000       2.03708000       2.51494000      -0.93184000       2.87093000      -0.08856000       2.46972000       2.42169000       2.40056000       0.71531000       0.64478000       2.24136000      -0.21683000      -1.03586000       0.99265000       2.20169000      -0.22260000      -0.41889000       2.66743000      -0.64382000      -0.94043000       2.41802000      -2.67263000       0.85240000      -1.27484000       1.59182000      -0.60234000       0.83407000       1.95462000      -0.20657000       2.72496000       0.71649000       2.46029000      -1.18284000      -1.33140000      -0.25943000       0.77145000       0.96956000       0.85614000       0.93518000       0.95388000       0.93200000       0.73099000       0.86204000       0.61085000       2.56440000       0.82812000       0.87935000       0.93672000       0.94291000       0.91278000       0.69108000       0.70077000       0.71380000       0.97650000       0.63709000      -0.53540000      -0.12649000       0.06308000       0.07006000      -0.06182000       0.03811000       0.82048000      -0.36745000      -1.15524000      -0.41246000       2.33744000      -1.81135000       0.60360000       0.52908000       0.50976000      -0.20057000      -2.37285000       0.63560000      -0.63015000       0.65690000       0.62502000       0.77470000       0.55925000       2.50006000       0.52028000      -0.24282000      -0.07899000      -0.77643000      -1.08713000      -2.01850000       0.29360000       0.68493000       1.33121000       0.56134000       0.52926000       0.48733000      -1.65671000      -1.43381000      -0.43665000      -1.35065000      -0.19968000       2.17188000      -0.21117000       0.33205000       3.33965000      -0.28295000      -0.12009000       0.68383000       0.58204000      -0.23018000      -0.77286000      -1.42356000       2.07890000       2.60106000       0.56876000       0.51321000      -0.21528000       0.69533000      -1.37810000       2.24027000      -0.10279000       0.75222000      -0.24666000      -0.35762000       0.73692000       2.60221000       0.68878000       3.07753000      -1.42133000       2.84866000       3.44100000      -1.56656000      -0.11871000       1.74863000       0.18734000      -0.68711000      -0.15225000       0.20904000      -0.14185000       2.57963000      -2.00869000       2.00479000       3.38243000      -0.28762000       0.82095000      -0.54303000       0.77150000       2.25699000       0.77690000       0.97394000       1.80097000       2.35338000      -0.48029000       0.47628000       0.81835000       0.01937000      -1.91361000      -0.01135000       0.44683000       2.76470000      -1.47899000       0.64304000      -0.31297000       0.58229000       1.90677000      -0.28629000       2.52409000      -0.43669000       0.56992000       1.93344000      -0.68953000      -0.29981000       0.43874000       0.46531000       3.42004000       3.16003000      -1.40715000       0.48360000       2.31758000       0.63229000       0.33860000      -0.07604000       2.53202000       0.63942000       1.38354000       2.26993000       3.30894000       1.82353000       0.45774000       2.34390000       1.85245000       2.16862000       3.39561000      -0.92921000      -0.17384000       1.92007000      -0.02063000       0.76905000       0.39644000       0.67750000       3.40788000       1.56256000       2.26344000      -0.80826000       0.65440000       0.53307000      -0.32783000       2.66346000       2.65479000       3.35097000       2.53456000       0.36055000       1.36964000      -0.41859000       2.25674000       2.38129000       2.70136000       1.77392000       2.42885000       2.59836000      -0.39813000       2.18715000       2.62103000       3.19756000       0.53093000       0.05542000       2.31337000       2.79534000      -0.07226000       3.30791000       2.09567000      -2.24668000       2.51305000       0.56273000      -2.26270000       2.31939000      -1.32038000       0.83906000       2.43915000      -0.68641000       2.17795000       2.62680000      -1.03217000       2.16715000       0.77695000       0.39432000       2.31061000       2.32140000       0.41880000       2.77007000       2.68825000       2.24584000       2.04688000       0.52952000       2.34611000      -0.05108000       2.31442000       2.63023000       2.25523000       0.28665000       2.28066000       2.65966000       2.37018000       1.31884000       1.92292000      -0.53262000       1.85435000       0.39388000       2.23713000       0.80948000       2.37878000       2.62598000       0.53553000      -0.42298000      -0.76088000       1.96181000       2.81347000       2.19631000       2.13177000       1.50254000       2.09462000       2.18491000       2.26394000       2.68300000       2.35680000       1.11718000       0.21918000       1.55455000       0.78397000       2.34519000       0.67761000       2.51868000       2.27666000       2.66428000      -1.45577000       2.02859000      -0.36114000      -1.07796000       2.68495000       0.98521000       0.41008000       2.18099000       2.28705000       2.32393000       1.51471000       2.33571000      -0.93575000       2.04467000       1.76104000       2.52823000       1.85687000       2.49297000       2.52774000      -1.95042000       0.80632000      -0.49258000       2.82479000      -0.24326000       0.49490000      -0.54782000      -1.03916000       2.52317000       2.03095000       2.17901000       2.28182000       2.34667000       2.39472000       1.48304000       2.58753000       2.10876000       1.98500000       0.56066000       1.15203000      -1.02417000       2.34270000       2.60645000       2.32478000       1.77686000       2.38095000       2.68142000       2.34187000      -1.33146000       2.33410000      -1.81536000       0.24698000       2.34299000       2.56604000       2.33008000       1.61858000       2.32897000       1.30571000       1.99571000       2.33655000       2.19392000       0.72213000       0.34852000       1.35750000       2.58909000       2.60729000       2.53330000       2.01306000       2.69718000       2.48265000       1.02758000      -1.73624000       1.85733000       2.49061000       1.58876000       2.37281000       2.56120000       1.44529000       2.72449000       2.68050000      -2.22066000       2.23542000       2.23201000       0.91225000       0.68217000      -0.50703000       2.38320000      -0.48409000       2.65057000      -0.64118000       2.39769000       0.70996000      -0.25628000       0.63688000       2.63168000       2.16990000       2.20461000      -2.09542000       2.61260000       1.31009000       1.93385000       2.48264000       2.65451000      -0.20379000       2.35087000      -2.30580000       2.57179000       0.58962000       1.82060000       0.28484000       0.34321000       0.57390000      -1.74938000       0.32556000       2.09699000      -1.01882000       0.56160000       1.90527000       2.15182000       2.23137000      -1.35887000       2.15166000       0.32710000      -0.95507000       1.82557000       0.68002000       1.77241000       1.96412000      -1.82262000       0.08654000      -1.06370000       2.34286000       1.53040000      -1.79236000       0.29777000       1.80636000       2.16648000       0.38158000       1.47996000       1.11050000      -1.04533000       1.25635000       1.08321000       0.61484000       0.36493000       2.07397000       1.39362000       2.32019000      -0.99549000      -1.40995000       0.34861000       1.54058000       1.27188000       2.04771000       2.17850000       1.03109000       0.18799000       2.01056000       1.56073000       1.12524000       0.38658000       1.03258000       2.16346000       0.90725000       1.82684000       2.35346000       0.60416000       0.54437000 
SCALARS Conductivity(mS/m) double 1
LOOKUP_TABLE default
      0.61832660       0.39965717       0.55114383       1.12751829       1.22495944       1.15835043       1.40526708       0.81009273       1.16119996       1.04997548       1.05580973       0.79035422       1.46704635       1.21830885       0.83377139       1.04821578       0.80709971       2.09523027       2.34996634       1.23720371       2.20496334       1.53792826       2.64363238       1.09026375       0.66278146       1.92947071       0.75321124       0.39001168       1.92599306       1.41922627       0.51427401       0.52608881       1.20546894       0.86877589       0.35702874       0.84326361       2.56481907       1.68734289       0.76001392       0.47455941       1.15207398       0.36747542       0.73464285       1.80289709       1.45686648       0.40633747       1.53322158       1.12252342       0.53113093       0.99880579       1.47300949       0.80224917       0.66185941       1.10805819       0.38078993       0.75934639       1.47564680       1.57720281       1.78657213       0.63362342       1.12732410       2.01261086       1.31483924       1.05627478       1.50377340       1.08364774       1.95888907       1.23385382       1.09414240       0.84845639       1.11509746       1.33059520       1.24417722       0.62902990       1.05695129       0.48074013       1.67552792       1.02011507       0.71387896       1.62104395       0.61779757       0.52182043       1.40363590       1.35047207       0.36607854       0.97413293       1.67040944       1.39579034       2.55290546       2.66116933       1.12863705       2.38980513       2.00952668       0.47251922       1.13680265       0.68455639       1.49246147       0.38514197       0.83074565       1.40372673       1.16135221       0.67631885       0.51925732       1.18408797       1.51072260       1.94651927       1.11361896       1.14109624       0.94866185       0.99669180       0.85895891       1.11569476       1.36090079       1.93712131       2.78984611       1.01420477       0.50579838       2.57608539       1.29223277       0.52573152       0.66589893       1.91110024       0.64522455       0.83697764       0.65207896       2.87089246       0.81946955       0.50175734       0.53088927       1.39633810       0.99400949       0.76121024       2.00690814       0.36782905       0.37181073       3.58418828       0.79612911       0.94344633       2.02149181       0.58123839       0.77664224       1.97874711       0.46836836       2.52291806       1.37395945       0.37729394       0.45093195       0.71078765       0.39436411       0.52827943       0.64631716       0.62683283       0.90600838       0.77040182       0.91384670       0.81717706       1.26746349       1.60140991       0.87578112       1.41453246       1.49708826       1.27057829       1.04366108       0.48459206       0.75828037       1.00120876       0.76137653       1.36209742       0.92040426       0.38275312       2.73846273       1.19160088       1.26727094       3.35359508       0.56444850       1.66062669       0.99795711       1.38628270       0.93524364       1.06748299       0.98510178       0.71889369       1.09633105       0.49617463       0.48826175       0.95305535       1.68709730       1.83051215       0.93301865       0.74938264       2.70585319       0.67614023       2.49954646       1.08848763       0.64399317       1.06212675       0.81307962       0.59522332       2.49506458       0.48987216       0.43422413       0.49900061       0.82309826       2.46465737       0.69099320       0.34645499       0.68348978       1.23355801       0.72413377       1.01445002       2.14527926       1.20536586       0.69076506       0.57468672       0.52016559       0.71118599       3.12846722       2.00714443       1.25408592       0.97523141       1.88749521       0.85798756       0.46742420       1.36845143       1.48209694       0.63177584       1.05829718       1.57222398       0.47532094       0.67232216       1.92954900       0.56077725       2.36446027       0.53376832       0.56933647       0.56670624       2.22651028       0.53531158       1.24243188       1.16061180       0.91878639       1.99881287       0.41101185       1.56167975       0.55174483       0.66830749       0.73396814       0.93440232       1.20106691       0.52928253       2.22761369       0.71285673       0.59538312       0.47907236       1.20778351       0.48028105       0.71034057       0.74541526       1.95387614       2.22545383       0.41263102       0.56092769       1.13955674       0.69596354       0.63063313       0.55658780       0.90861991       1.86780638       0.94638170       1.19671624       0.44817791       1.35945826       0.70633677       1.13456279       0.51068330       1.07248663       1.06464392       0.59162191       0.47859128       1.42536627       0.58206463       0.62982429       2.74505519       0.44413707       0.47152974       1.67280438       0.97834357       2.37937355       1.09229504       1.07649883       0.68213439       0.60951443       0.49282632       2.20432015       0.60282571       0.62864073       4.31968671       1.73908065       1.66676567       0.81618932       0.54442370       1.00638396       0.71445622       0.48615856       0.86390732       0.97652663       1.43434508       1.24708990       1.86762526       0.88998162       0.59619217       0.69204914       1.31033275       2.55184768       0.87883339       1.20490448       0.57363211       0.59622382       0.71218838       0.58064124       1.61439990       1.73957180       0.55631502       0.73056403       1.08987605       0.90096810       0.64443731       0.61408925       0.74489528       0.41035073       0.50902145       0.53949987       0.51241679       1.34866316       0.33929134       1.41524668       1.02491832       1.99852509       1.02225765       0.53694030       1.27832813       0.84250266       0.45726129       1.62203423       0.92496788       1.21124791       0.67110929       0.66744909       0.64798734       0.50215449       1.32244324       0.85588775       0.49444529       0.64527354       0.61260149       1.27158154       2.97541164       0.96720571       0.45964638       0.70456448       1.19868467       0.94281311       0.64940892       1.78029298       3.17564186       0.41026648       0.70393606       0.56822795       0.63830408       0.75207336       2.21921046       2.53072919       1.80592406       2.73258014       1.41793809       1.34964225       1.11084820       1.32503993       1.14839075       1.48777136       1.14644278       0.83827707       0.60542949       0.80354755       1.85955309       1.17705700       0.91980848       0.51254001       0.96903714       0.67220986       1.53998499       1.02463958       0.67140638       0.34093559       0.47608512       0.48139609       0.60365822       1.12978425       0.63954785       1.08042898       0.53565284       0.40724255       1.06947240       0.86843623       0.72405345       0.52835931       0.51588490       0.72797216       2.37836376       0.56817692       2.41812436       0.75299045       1.18372595       1.35153964       0.92882823       0.43618364       0.74954682       1.17437825       1.09616419       0.52015650       0.97320286       1.02899794       0.52738577       0.43991277       0.80376867       0.47527441       0.68832197       0.55751576       0.49120286       2.35144140       1.00843458       1.69781700       0.51207393       1.87891155       0.55678199       1.07140121       0.68343501       0.52604279       0.70786732       0.73292465       0.71885507       1.89718711       0.66965425       0.78229496       0.91912439       1.02307641       3.69960317       2.05473194       0.52728821       0.55185368       1.34266579       0.62346844       0.67089298       0.52754182       0.41024472       0.50008098       0.54313809       0.70535401       0.71633315       0.97561220       0.70838925       1.09137233       0.50971468       0.67644088       1.13401155       1.29776233       1.30134741       1.13450142       0.96670316       0.64878083       1.18170056       0.45400983       0.55618511       1.06646825       1.31579874       1.90916644       0.66583335       1.11009001       0.92187703       0.58727439       0.66886988       0.68781424       0.69842342       0.79427715       0.94167963       1.04518604       0.47567399       0.56298256       0.71853749       0.75184211       0.59056450       0.46414056       0.48985170       0.44498503       0.78225170       0.71909443       0.53739316       0.49232672       2.09689913       1.55443310       1.64791249       0.55484513       1.13929779       0.57903120       0.49914236       0.47267245       1.30947093       1.30856936       1.32160523       1.22056428       1.19294506       1.08071697       0.88792042       0.66727667       1.28191377       1.65432611       0.66080706       0.64623753       0.62516114       0.63526132       0.61261198       0.68173150       0.70598285       0.55773467       0.56620675       0.60360160       2.39211782       1.41303371       0.79343572       0.68049190       0.62088049       0.88987858       0.94569763       0.62280756       1.00385966       1.08978596       1.19001657       0.45408797       1.08143965       1.03931586       1.01353799       1.01213485       2.36448962       0.58948795       0.66151749       1.75905911       0.56512897       0.80428703       0.62920126       0.70118818       0.55396317       1.65632222       1.21003448       1.24482167       0.89864801       0.70740281       3.94744171       0.64661651       0.76007426       0.48219660       1.39799993       1.01811274       1.25942276       0.61483240       1.42414421       1.47174854       1.45534527       0.43081833       2.69088789       1.28729804       0.51815305       0.42695458       0.68562329       0.61790010       0.45031129       1.09422883       0.81377925       1.32465792       0.62836581       0.48013259       1.89142999       0.73191212       0.75846303       0.77030319       0.83286022       0.99345845       1.12862887       1.27464556       1.49460064       0.59901168       0.64429270       2.48744017       0.49023598       1.17579155       1.17005000       1.01687176       0.76690601       0.76490319       0.75263801       1.02416045       1.15174948       0.52536089       0.86837794       0.65522227       0.45697973       0.79464188       2.39484522       1.34505515       0.49798110       0.47529431       0.54222663       1.30611064       1.45426463       0.48985451       1.45538719       0.76159271       0.62553959       0.64706189       0.59784056       0.96758262       1.18271244       0.92193342       0.59914118       2.60333428       1.16529367       0.66669129       0.46656584       0.70977867       1.52700788       3.22611002       0.65053314       0.80283518       0.67584649       0.70755644       1.55852904       1.36354340       1.29127583       0.77603877       1.95163398       1.21198801       0.93589587       1.32211942       1.00061544       0.68510550       1.44412171       0.49665558       0.65542307       0.42467419       0.60282934       0.72615769       0.84082784       0.67611740       1.65077360       0.79530601       1.12612146       1.08865563       0.77374800       0.63468299       1.25363064       0.91174080       1.19235358       1.96176246       0.61738605       0.58138435       0.72090127       0.91523468       2.05541590       2.84444550       1.51159823       0.68865883       2.53417050       2.44919662       2.01386445       4.35800867       0.63539814       0.56676699       2.28888812       0.47840734       0.56469933       0.48195137       0.47675167       0.78545212       2.72955928       0.62431508       0.60732060       0.90501312       0.77750049       2.28264099       0.44748861       0.42555365       0.83427872       1.40798585       0.72309365       0.95691449       1.50802830       0.66293912       0.49284852       0.89225485       2.00652514       2.11398913       0.55840357       0.66670302       0.90024495       2.33929461       0.82960397       0.58620910       1.18488692       0.68303676       1.63052818       1.02599976       0.46656719       1.19973761       0.58948736       0.74802710       0.83415807       1.27405299       2.51771527       1.56164966       0.96170667       0.61416787       0.87993167       2.15592425       0.78402670       2.82800919       1.21578921       0.62067641       1.26347729       0.81717864       1.18134677       0.73792459       0.77457532       0.86821450       1.03554366       1.06478092       0.48041039       0.77867561       0.46002616       1.18252029       0.84071964       0.72217811       0.63223481       1.49904480       1.99359764       0.50091064       2.15501200       0.77144573       0.41897662       3.60255140       0.80402826       0.82446576       0.87912923       0.49477516       0.46970121       1.04859154       0.54111210       0.48497145       0.55425291       1.47256045       3.56833419       2.65001447       3.64558245       4.51772434       2.28244483       4.63843493       1.71418549       2.14283284       2.92672551       3.04262474       1.52409247       2.24441495       3.13953378       0.47412237       0.50456861       0.42851251       0.71038127       1.91719493       0.51295976       3.26732733       0.49017220       0.53134697       1.22044618       0.74154064       0.58330505       2.94745915       0.50858618       1.10575977       1.58738144       0.68902902       1.26486493       2.19435677       2.61207513       0.69788784       1.29495109       0.93695225       0.60461804       1.15069726       0.65833879       0.47419427       2.84045430       3.91931633       0.54483239       1.64554576       0.65625039       1.39993049       0.46442712       1.19410670       1.42741622       0.59699968       0.74819315       0.65735686       1.46112208       1.08932886       0.53319225       1.56500550       1.56786732       1.68159884       0.47156388       0.68531921       0.58154104       0.58978252       0.78287118       2.06119898       2.38919122       0.67780072       0.42716056       0.65769844       1.46404308       0.74367174       2.37998384       0.68833285       1.05102563       0.47528586       0.57893022       0.46773131       0.46238190       0.72455081       2.26788585       2.06056818       0.52875377       2.42628356       0.58327085       1.36558315       0.47239479       1.34410481       4.72570653       1.94060732       0.57856254       1.11795378       0.99560141       0.56596239       0.68480918       1.30620553       0.73600284       1.20574635       1.48652141       1.03772785       4.14228363       0.68759703       0.38053281       0.53140246       0.93374621       2.29389076       0.67742923       2.20678376       1.16177995       0.90935577       1.15369474       2.09334738       0.52001520       2.22302750       1.29980973       1.48277112       0.66665220       2.40190661       1.03828553       2.51256408       0.66334182       0.77172829       0.91511180       1.07001807       1.45826027       0.55983857       0.57728086       0.58133260       0.57891406       0.58938141       0.59527124       0.59912477       0.61735464       0.64832208       0.68540454       0.72085757       0.76468611       0.81445564       0.83911740       0.89983380       0.85598317       0.87501550       0.88520964       0.51506897       0.54622683       2.50843153       0.57021914       0.99117931       0.49147562       0.63329622       1.05882748       0.47974779       1.62746221       1.22544224       2.16458692       1.09047910       1.35313530       0.82494622       0.61469459       0.85449026       0.84319090       0.80256492       0.74498537       0.67926635       0.61978808       0.58260440       0.55604738       0.52719540       0.69481985       2.18306645       3.85873644       0.58885365       2.56849166       0.46533447       0.79530179       1.83985877       0.80017429       1.06390922       0.53751673       0.50896745       0.46372547       2.67356046       1.39696777       0.56344225       0.93122008       1.37987031       0.98099234       1.96253486       0.69596663       0.81998801       0.58669912       1.05885189       1.39207611       1.05556868       1.04910013       1.04601212       1.02249764       0.97342002       0.93230922       0.88753541       0.63605825       0.84218432       0.78336675       2.44511601       0.74299995       0.61538404       0.87724275       1.25023245       2.09207292       0.86216651       0.59518928       2.28660332       0.40517746       1.86784514       0.91598208       0.91369769       0.68872098       0.68275745       0.67616529       0.68034232       0.54797738       0.72305953       0.79077965       0.87477861       1.14371499       1.91331665       1.43634493       2.39784796       0.38257305       2.79630344       1.81136348       1.23673948       0.88908031       0.94886614       1.28431599       0.68508055       1.01462530       2.65121981       0.59960060       0.86283167       0.64996071       0.85623858       0.84587139       0.83462439       0.46858912       0.82807733       1.00642080       0.83346565       0.83473373       0.60273594       1.91191158       0.81377532       0.77664861       0.51480636       1.43457782       0.44748234       1.43053672       1.79256075       0.64348457       0.62213560       0.65267958       0.69447774       0.74064401       0.78458648       0.59985693       0.77568476       0.77843735       0.71163547       2.79977420       1.02185531       1.77386877       0.44995661       1.28805985       2.03610329       0.95319920       2.40327434       0.60936724       0.84760344       0.67445668       0.92081022       0.89243285       1.62410291       0.44724488       1.29500138       1.74422576       1.58777906       0.76426645       3.35044057       0.72967197       0.71479201       0.86903007       0.73658789       0.82501396       0.74112380       0.83149538       0.77521572       0.77374384       1.10080673       1.41930263       0.54207960       0.58584036       0.40921463       0.39357558       0.38418201       0.90260985       0.36821711       0.59510113       2.84443207       0.39176256       0.53138498       2.22723712       0.54171027       0.69161526       1.06411008       1.68205766       0.54249442       1.85668036       0.56643404       0.69233012       2.20605780       0.78253408       1.14822370       0.61874334       0.47134748       1.32788816       2.55543427       0.62018641       0.77675951       0.70606261       2.93667455       1.29388475       1.11421574       2.55000067       0.78473786       0.59282247       1.51348835       1.03462316       2.30967547       1.56042758       1.09500994       1.79474863       1.35259947       0.44881813       0.62262829       0.44338867       1.88314001       0.65388682       1.76786722       0.66762435       1.26062609       2.72964414       0.99409509       1.35822550       0.95065767       0.66960524       0.86492100       0.73515015       0.74578968       0.66095618       2.43908317       0.66151529       1.38503865       0.45549122       0.68995372       1.11344442       1.35021525       0.87470968       2.12998670       0.78393691       1.00201318       0.95136161       0.54293473       1.50964392       0.55004581       0.71086560       0.82875132       1.39229487       1.47797505       0.79159594       1.15692147       3.55550625       2.90970256       0.79986787       0.76219921       0.44143155       0.65601741       0.86233526       1.59964815       1.50217595       1.16398481       0.55616940       0.76943347       0.46411344       0.52259983       1.70068235       1.55429775       0.85475272       1.86334760       2.26332793       3.04795754       0.61655483       2.07784376       1.98450471       0.77488499       1.76210628       0.40885879       0.66394650       2.85413908       0.92014176       1.25189731       1.37080053       2.03055399       0.74522270       1.38694006       0.59744532       0.48749253       1.08269204       0.37348694       0.39224076       0.97569767       0.64873599       0.45612831       1.52267770       0.69313855       0.94793513       1.07491021       0.42096304       1.18162016       3.73678951       0.72265505       1.57080137       2.43525272       1.54146355       0.52412799       0.70831669       0.70021020       0.84175938       0.54040571       0.70140351       0.73531314       0.52897706       0.53677764       0.54107260       0.54426897       0.55175343       0.56096222       0.83427497       0.57468554       0.60207560       0.63519254       0.67615397       0.71851428       0.76177202       0.79507360       0.80988826       0.81926664       0.82669448       0.82971418       0.51471938       1.47045985       0.49272844       0.58455900       1.54288935       0.42698076       0.79974731       0.46335919       1.56472722       0.71878029       1.26125404       0.89838976       0.93856350       0.83755955       1.36706129       0.88575408       0.90045723       0.87261651       0.82188091       0.76169586       0.69600413       0.64269019       0.60853546       0.57886043       2.87798423       0.85757267       0.55239547       3.88498940       0.54678738       1.39642196       1.91700727       0.63373724       1.47810569       1.52441678       0.53581642       0.96778194       0.61472239       0.44127970       0.96533261       0.43048788       0.96074093       0.95545301       0.93978990       0.90903329       0.41448512       1.63941556       0.86645447       0.82333303       0.78572195       0.74163356       0.70537482       0.67250676       0.97584221       0.59785011       0.43361886       2.50407914       1.09267370       1.52449408       0.72190020       0.47797493       0.71895725       0.71741322       0.71866032       0.74386757       0.80624139       1.35848893       1.25371573       2.48027026       0.71016693       0.55398408       2.21626220       0.78373306       0.55945686       0.43706354       0.78042337       0.88444735       0.77256163       0.76369077       0.76066727       0.76469275       2.12371272       0.72426818       0.77029968       0.44354355       1.26286675       2.39089303       0.44520353       1.56802260       0.64953351       1.06607035       2.26966431       0.54512901       0.59436226       0.68017638       0.71829612       1.12209484       0.76484908       0.81757731       0.55305029       1.02558988       0.90799333       0.60052166       0.59375853       1.19489230       2.57499599       1.22752617       0.41115554       0.48152410       0.42151641       0.92170657       0.79078211       0.43855742       0.46464755       1.73686357       3.37328108       0.43823322       0.76022202       0.71545819       0.85954987       1.98702599       0.79917461       0.81769892       2.23834993       1.41445517       1.18660681       0.51358830       0.80181111       0.40925411       1.48495244       1.27876038       0.40206782       0.37394929       0.35552454       0.86278982       1.28586369       0.85262690       1.65858851       1.68855860       0.97068818       0.54896165       0.40487719       0.53901901       1.22841539       0.73007930       0.45701155       0.63556520       1.48415987       0.87777219       1.07816891       0.78799052       0.56228709       0.73107539       0.73479654       0.89579489       2.36051604       1.00008354       0.99207913       1.02595818       1.05576235       1.16656286       2.52906426       0.85465262       1.11367732       0.90996876       1.18915435       0.91180958       1.27029771       0.75783810       1.24096719       1.26620638       1.23028737       1.23456907       1.29346999       1.33063477       1.38724828       1.42449069       1.37438608       1.09546539       1.39849460       1.09703738       1.56606054       1.45809955       1.45438902       1.24201991       1.11031574       1.09335299       1.05201541       1.03352529       0.95399237       0.93618774       0.88285379       0.87522667       0.77431883       0.79199494       1.00195969       1.00795363       1.01353362       1.17035733       1.21053907       1.26758629       1.36291870       1.47033538       1.52002275       1.59578654       1.65567253       1.72372456       1.76910883       1.76829328       1.63952106       1.48486360       1.47599315       1.69857107       1.75549251       1.89954835       2.09993820       2.37582151       2.40411078       2.74893390       2.95847100       2.92831402       2.69885953       2.66756624       2.96298711       3.06819938       2.92883316       2.92238229       3.07513354       3.08988281       2.90095423       3.03446705       2.98433327       3.03494604       3.12415374       3.13063397       3.07304310       3.03671980       2.93006832       2.89464932       3.02043563       2.95414368       2.71554127       2.45067075       2.55949573       2.48611276       1.89484519       1.78646326       1.49438312       1.40458487       2.39834029       1.06025028       0.95706192       0.91653780       2.01382491       2.47583088       2.98902532       2.59794209       2.94956312       3.05448735       3.07822673       2.97319896       2.99067245       3.06897095       2.90802778       3.09034325       3.00747538       2.83664317       2.03619595       2.69771237       2.12842640       2.00671761       0.50072789       1.76290339       1.66796342       1.63443098       1.34984002       0.82848218       1.27830807       1.12039483       0.74166246       0.84346976       0.74836175       0.39564996       0.77790403       0.95128283       2.91823511       0.97694136       0.85434646       0.48958760       1.05840372       0.68617384       0.93945406       1.11200385       0.44419186       1.90088511       0.69554852       1.37494657       0.82828630       1.42412833       2.04317081       0.54528505       2.54786645       0.72572478       0.63976472       1.56302537       1.56796940       0.46914778       0.80918348       1.06733168       0.76508437       0.71885728       0.75741097       0.54895614       1.45908289       1.64555889       0.53772482       1.30993196       0.83498470       0.76195017       1.08750001       1.65689518       2.54913060       0.55784700       0.97305815       0.77626430       1.29194069       1.03766395       0.58387252       1.32044969       0.62660839       0.68258666       1.29996394       1.32949851       0.52432417       0.91880242       1.31059354       1.30640894       0.83617287       0.42180794       1.35769961       0.82689485       1.98875906       0.84551841       1.21340223       1.74651500       0.34663917       0.50467801       1.34573757       1.28856001       1.40239420       2.09750737       1.46297436       1.22208848       1.44230470       0.45703091       0.72841363       0.76037577       0.91924090       0.75302317       2.33850118       3.65827765       0.53024353       1.91217170       1.17961125       2.46924689       0.60911754       1.35571959       1.96104309       3.15769736       2.01697624       1.23585934       0.40724549       1.95611208       1.04148672       1.04891465       0.99986917       1.68648668       0.55766015       0.63620155       1.16435142       2.18850595       1.03402070       0.55107804       1.08932547       1.05903565       0.47642541       2.43072908       1.12641066       0.63089701       0.69498634       1.35820161       0.75688695       1.42784376       1.88053877       0.33440139       2.69640790       4.11782243       2.56226509       0.44908079       0.71273696       2.73922899       2.51042258       0.53922143       0.77384415       0.88456201       1.06402844       1.36849274       2.41527400       0.77649921       1.44984128       0.47286949       1.44077099       0.89349243       1.64203755       1.24466584       1.16138183       0.62542160       3.00107267       1.45687298       0.51278535       1.22980639       1.16355356       0.86048191       0.94549785       0.69549218       1.60808957       1.30907098       1.66817559       1.71012230       0.33760358       0.61455250       0.62499835       1.70757309       0.39945404       2.69095240       0.72685096       0.70307248       1.21684244       2.96744349       1.22385690       0.87646947       0.56491956       1.69471568       0.64284642       0.47976155       0.49716914       0.82932864       1.64973453       0.70067282       0.48252237       0.50604570       0.53713400       0.60145064       0.73231589       0.68882864       0.75645420       0.75236107       0.46337783       0.59306737       0.42036172       1.37926678       0.92922892       0.92471106       1.00208191       0.87166209       0.74110283       0.53286940       0.42847752       1.19300868       2.13087783       0.74927592       0.82908219       0.80683895       0.74719712       0.67959154       0.63216228       1.91398011       1.02097181       0.63864554       1.04656135       0.96567020       0.57950702       0.41598598       0.80999320       1.47128963       0.82201376       0.93047862       0.90390806       0.36119188       2.63837137       1.50468735       0.86848114       0.67965342       0.66333228       0.94120791       0.66219683       0.66235977       0.68574725       0.80812904       0.71238369       1.04367192       0.79867895       0.89168454       0.90286708       1.80014570       1.06799536       0.92563808       2.17562895       0.39477640       1.01660884       0.37067876       0.45117148       0.54254974       1.07170437       0.88249705       0.90023905       0.73177579       0.97076490       1.87308020       1.32614538       0.33737656       0.94174903       1.49903878       0.37388550       1.27838963       0.79894302       0.46695203       0.57574492       1.80357529       1.63752060       1.49238952       0.46285525       0.43413068       0.54635975       0.84317363       1.37528664       0.82382451       1.03268548       1.11806143       1.25011234       1.69124628       0.79196991       2.17270096       0.67812293       1.02088847       1.49071421       0.53479708       2.11400745       2.28007767       0.49527685       2.71582712       0.89897374       1.48269591       1.02795884       0.87899179       0.98141338       2.37693124       2.31200188       0.93772422       0.99616100       0.86766024       1.12359779       1.19042140       0.91526667       1.18454119       1.08299747       1.22031504       1.22878519       1.24992682       1.26919969       1.00907127       1.58709657       1.77515191       1.04889945       0.81706624       1.45979895       1.37750896       1.57380749       3.00077054       2.95340504       1.69384954       3.06596560       2.91360893       1.81761859       3.06635528       2.81196186       1.45075787       2.92612800       2.83331372       0.97684921       1.17302062       0.91919226       1.19716038       2.33490652       1.49445635       1.06292190       0.86197639       1.24905770       1.38880423       2.78022824       1.63852009       2.89247410       1.54574389       2.97629899       0.98635804       2.86100693       2.47010122       1.70873329       1.08279017       2.86086517       2.61895147       1.81320789       2.96707837       2.48530983       3.01227275       0.96071467       2.45630884       1.94999286       2.40105960       2.98113286       2.60576317       2.88839513       2.53742795       3.08900422       2.96723569       2.88185775       2.94187136       2.99417101       2.99003755       2.95647195       3.04344620       2.84051529       2.99452687       2.93030512       2.89493809       2.75255088       3.00197827       2.03911159       2.67314973       2.22947346       1.91005928       2.01686055       1.73526728       1.69081211       1.64006406       1.34870186       1.61880958       1.25856890       0.55560205       1.27964697       1.11859334       0.75990158       2.89034474       2.80692410       0.87127756       0.81344752       0.76131294       0.90417072       0.84949326       0.75306560       0.62286402       1.03547517       1.02202454       0.92057371       1.06703694       1.48566595       1.28364280       0.85121803       1.56627114       0.92259843       1.08588737       0.70368274       1.06526763       0.82392726       0.57937476       1.37499943       1.07026115       1.32609130       1.35192192       0.69887992       1.05281577       0.54559227       2.23313496       0.60729720       0.48432416       0.72376826       1.20254367       1.01785895       1.33525138       0.38283079       3.35353278       0.91382338       0.74333711       0.80042233       0.99170766       0.41184680       0.73655585       1.41662641       0.98408376       1.01368240       1.02536255       0.97163247       1.16535956       1.07320309       1.03284381       0.94852151       1.80157217       0.59998818       1.41496737       2.22131563       1.37865055       1.45476129       3.01397223       1.02114522       2.00171515       0.61001643       0.84003998       1.16421038       1.51781279       0.44319659       0.60975238       0.66329996       1.64287407       1.71220976       0.74090960       2.02426343       1.41502443       0.93496743       0.55414646       1.00834163       1.95298162       1.00542535       1.08699761       0.49069864       0.79675781       0.72836905       1.08215330       1.56382698       2.71194803       2.65266336       2.56211587       1.67356104       1.55429140       0.81024676       1.02005007       0.69662153       1.22097559       1.28765212       2.43402076       1.34010217       1.47295523       0.71666461       0.64924646       0.41445373       0.49430445       0.74967754       0.82963097       0.84017560       0.51894901       0.56871098       0.64431780       0.75466505       0.74218012       0.47617232       0.49050532       0.72566976       0.44560732       0.88464672       0.81988197       1.02291790       0.93911702       1.39262344       0.87296909       1.41005630       0.68559538       0.66958932       1.10683544       0.97340781       0.80386461       0.97920129       1.54151390       0.87239646       0.92499502       2.40801370       1.06406677       1.27480399       0.72637818       0.77559815       2.07494532       0.96958179       1.36920184       2.09971020       1.39139843       1.08367174       1.37224212       0.66826914       0.70206853       1.43547632       1.24952412       1.05880291       2.10197584       2.07906959       1.36966483       0.82488746       1.34936538       0.78398278       0.70910683       0.65215519       1.07017103       1.20208779       1.21704464       0.54567003       1.28643722       1.22013693       2.91574755       0.48626920       0.40386630       0.85522046       4.36625796       2.55938404       2.58785054       1.43296730       1.35769915       1.40469465       0.81211490       2.94671882       4.02345643       0.80090661       0.71886376       2.35829918       0.82944765       1.39824071       2.99730740       0.61200953       0.95889495       0.65613124       0.67298070       2.26867187       2.04217183       0.57342016       0.54464364       1.29076242       2.71144205       0.79254158       0.51007366       1.34611685       1.92964588       1.70535800       1.38774510       2.51716315       2.63009502       0.86720525       0.84473881       0.95961009       1.37393979       1.84169592       0.54989372       1.44545034       1.49973067       1.44464154       1.41801634       3.25091178       2.30027325       1.30330666       2.69991063       1.04419969       1.35456100       1.24307230       1.38518406       0.63557037       1.21708548       0.58959981       0.69073398       1.37994765       1.39458468       2.44350865       1.66347659       0.84641017       2.65011616       2.61404360       1.44925516       0.77255807       0.63144209       1.70103844       0.76108529       2.15567049       0.44596716       0.70253264       0.98183010       0.60214372       2.21462311       1.21895436       1.63200708       0.90011182       1.07468622       0.36443159       2.49633507       0.93470254       1.11109940       0.35246396       0.78677943       1.17751359       2.91211476       0.51188616       0.79637648       1.63508390       2.25880610       1.03036923       0.48822820       0.74197720       0.51608475       0.57577706       0.66299645       0.73176752       0.46259597       0.70442974       0.42063247       2.06048267       0.50168324       0.54784856       0.61564847       0.73848053       0.72183848       0.45463464       0.43927389       0.47281148       0.70319729       0.76792707       0.62735772       0.82084640       1.05512732       1.05017176       0.90490054       0.99972534       0.69284407       0.70363537       1.55326359       0.95134396       1.78972413       0.86982912       0.72632980       0.65719861       0.61573726       0.77003363       1.59148677       0.39815950       1.26548285       0.77852581       0.75237348       0.68397698       0.68877535       1.12157849       0.63446545       0.87830402       0.77564868       1.14648791       0.76568876       1.26404963       0.59612912       0.78104639       0.53023251       1.23433668       0.62241347       0.64954288       0.87410788       2.19169013       1.12121385       2.15490848       0.86231856       1.27205241       1.24839383       0.59730830       2.11991027       0.93976400       0.93284135       0.62035090       0.38803191       1.10735935       0.76352431       2.31229367       1.68446024       1.45301872       0.61922642       0.63602907       0.84157733       0.77828730       2.17452522       1.44410745       0.91567047       0.34289784       0.90472156       0.99556615       0.35434955       2.41148674       0.64726206       0.90111959       2.14123473       1.25632989       1.70684416       0.82616981       1.07303965       0.56023388       0.77219853       1.57632593       0.81923100       0.75888216       1.09183716       2.50101091       1.46221730       0.69947470       2.57119954       1.01250936       0.35774127       1.31082165       0.34897875       1.00607466       0.47800391       0.73036581       0.67460347       1.37078927       0.67218773       0.66695549       0.52161867       0.80726327       1.19589884       0.95396373       0.37384998       1.99188526       1.55048091       0.77470647       0.95263156       0.62617158       0.80510305       0.73773058       2.75649526       0.79605319       0.70683884       1.67159475       0.67640425       0.90592177       0.38729871       0.67819006       1.43027129       0.82212257       3.20206992       0.54581044       2.57095594       1.30984013       0.58820767       0.97663651       0.93263817       0.62995477       0.73575136       1.48021713       1.30749247       0.77679821       0.68791826       1.22982454       0.91597445       1.43335903       1.30982656       1.60436691       1.21216977       1.36206595       0.92342747       0.49991458       0.59768598       0.44806133       1.40397984       0.51987082       0.93783806       0.69494772       0.62773384       0.57679244       0.85908062       1.75614306       1.40337637       1.24247276       1.82990783       0.81227368       0.84431180       1.04942550       1.10469715       1.93103699       1.23788076       0.72212251       0.88859994       1.23324858       0.96217226       0.88331553       1.06710592       1.24795971       0.58128261       0.99745860       1.62345727       1.30055506       1.28978939       1.06586891       2.24333862       1.37055839       1.18224599       0.71315870       1.47537864       2.10742991       2.25443220       0.49094907       0.83788203       1.40233445       0.80705462       2.69710977       2.43382355       0.78163550       0.57201333       0.60002496       2.49355416       2.53447880       0.80666075       1.07659336       1.37491188       0.70454090       0.76758795       0.38282668       2.56860137       0.85269396       1.57602433       2.71676180       0.78912103       0.40960737       1.10640056       1.50989327       1.25910971       0.79914062       1.24246654       1.38611272       1.08985042       0.58919071       0.78946727       0.70663924       0.86713054       1.34092995       0.42195717       0.82217722       1.36333222       1.20711091       1.60185597       1.49573681       0.88175164       0.78317835       0.63127019       2.24433768       0.77257327       1.92251030       1.11646255       0.53023507       0.40388173       0.75545413       0.66890520       2.10441904       0.36129769       2.69666800       1.21322670       2.71030283       2.65404002       1.00840221       0.82149808       0.73779269       2.65321494       1.37069147       0.37670428       0.93651165       1.20611191       2.54207593       0.78642247       2.48752580       1.59914613       1.04581583       1.57448914       1.39633779       0.80009159       1.26255955       2.25607966       1.57989741       0.73204964       0.97247418       1.24287849       1.09330061       0.54644922       1.08209103       0.73955022       2.54037094       1.32193262       1.46297566       0.78139765       1.07343749       0.94582118       1.39626409       1.13270700       1.18140216       1.42209553       0.54867047       0.75633179       0.78107821       1.07812448       0.84127432       1.45322700       1.40449259       1.15126790       1.70564227       1.17728509       2.23440320       1.42582027       3.33867889       0.81447524       1.43254769       1.14185303       2.53129580       1.38798618       1.68516867       1.38861938       1.91402674       2.53992605       1.30482430       0.44150431       0.59139336       1.31988915       1.34605629       1.17438934       0.98210835       0.72106323       1.29408355       1.01194514       0.80619500       2.92489188       1.45418008       1.18042388       1.38108600       0.86700640       0.93018226       0.80284401       1.23655015       1.16612194       0.91941240       0.86358673       0.79449307       0.51552557       0.58193800       0.67534024       1.23416121       0.98874114       2.64276347       0.66910090       1.37825380       0.42733565       1.17086505       0.55703716       1.27619629       1.15740477       1.81768374       0.90471516       1.48490997       1.37912347       0.62121144       0.76247947       0.79976381       1.26103495       2.44219716       1.41631430       1.00053587       0.62282541       1.36656997       0.38840599       0.58589215       0.57267402       3.34725569       0.53516929       1.05942568       0.83119698       0.56192253       1.82064402       2.12840601       0.84806822       2.34460651       0.92015903       0.53994940       1.91413687       0.57998830       0.56619432       1.61330676       0.94574921       1.58857873       0.73094036       1.79366876       2.58774339       1.42522035       1.72013130       1.25581789       1.29033488       2.17215190       0.55827883       0.54189617       1.27606068       1.63445200       0.76598036       0.79225069       0.41695749       0.55137764       0.70238122       1.38332338       0.75064431       0.83237950       2.95982248       0.39879114       0.75292125       0.79875604       0.84036685       1.25237966       0.80341787       0.40632804       1.67890857       1.40664424       1.33743321       0.53566182       0.49208068       0.68378405       0.44202763       0.80284429       1.44284163       0.41206987       0.38115550 
POINT_DATA 1392
SCALARS x double 1
LOOKUP_TABLE default
      0.00000000       1.50000000       3.00000000       4.50000000       6.00000000       7.50000000       9.00000000      10.50000000      12.00000000      13.50000000      15.00000000      16.50000000      18.00000000      19.50000000      21.00000000      22.50000000      24.00000000      25.50000000      27.00000000      28.50000000      30.00000000      31.50000000      33.00000000      34.50000000      36.00000000      37.50000000      39.00000000      40.50000000      42.00000000      43.50000000      45.00000000      46.50000000      48.00000000      49.50000000      51.00000000      52.50000000      54.00000000      55.50000000      57.00000000      58.50000000      60.00000000      61.50000000      63.00000000      64.50000000      66.00000000      67.50000000      69.00000000      70.50000000      72.00000000      73.50000000      75.00000000      76.50000000      78.00000000      79.50000000      81.00000000      82.50000000      84.00000000      85.50000000      87.00000000      88.50000000      90.00000000      91.50000000      93.00000000      94.50000000      96.00000000      97.50000000      99.00000000     100.50000000     102.00000000     103.50000000     105.00000000     106.50000000     108.00000000     109.50000000     111.00000000     112.50000000     114.00000000     115.50000000     117.00000000     118.50000000     120.00000000     121.50000000     123.00000000     124.50000000     126.00000000     127.50000000     129.00000000     130.50000000     132.00000000     133.50000000     135.00000000     136.50000000     138.00000000     139.50000000     141.00000000     142.50000000      -2.42000000       2.66000000       7.74000000      12.82000000      17.90000000      22.98000000      28.06000000      33.15000000      38.23000000      43.31000000      48.39000000      53.47000000      58.55000000      63.63000000      68.71000000      73.79000000      78.87000000      83.95000000      89.03000000      94.11000000      99.19000000     104.27000000     109.35000000     114.44000000     119.52000000     124.60000000     129.68000000     134.76000000     139.84000000     144.92000000       0.75000000       2.25000000       3.75000000       5.25000000       6.75000000       8.25000000       9.75000000      11.25000000      12.75000000      14.25000000      15.75000000      17.25000000      18.75000000      20.25000000      21.75000000      23.25000000      24.75000000      26.25000000      27.75000000      29.25000000      30.75000000      32.25000000      33.75000000      35.25000000      36.75000000      38.25000000      39.75000000      41.25000000      42.75000000      44.25000000      45.75000000      47.25000000      48.75000000      50.25000000      51.75000000      53.25000000      54.75000000      56.25000000      57.75000000      59.25000000      60.75000000      62.25000000      63.75000000      65.25000000      66.75000000      68.25000000      69.75000000      71.25000000      72.75000000      74.25000000      75.75000000      77.25000000      78.75000000      80.25000000      81.75000000      83.25000000      84.75000000      86.25000000      87.75000000      89.25000000      90.75000000      92.25000000      93.75000000      95.25000000      96.75000000      98.25000000      99.75000000     101.25000000     102.75000000     104.25000000     105.75000000     107.25000000     108.75000000     110.25000000     111.75000000     113.25000000     114.75000000     116.25000000     117.75000000     119.25000000     120.75000000     122.25000000     123.75000000     125.25000000     126.75000000     128.25000000     129.75000000     131.25000000     132.75000000     134.25000000     135.75000000     137.25000000     138.75000000     140.25000000     141.75000000     127.04981000     123.37500000     130.85217000     134.44799000     119.62500000     138.37500000     115.87500000     112.13496000     108.52343000     104.75638000     100.87500000      97.12500000      93.37500000      89.63826000      85.86437000      82.10318000      78.27899000      74.62500000      70.88119000      67.14876000      63.38150000      59.69777000      55.76339000      52.10771000      48.37500000      44.62500000      40.91956000      37.04227000      33.33602000      29.63064000      25.87500000      22.12500000      18.37500000      14.65060000      10.87615000       7.10333000       3.44281000     141.71776000       0.27405000      91.50755000      75.79782000      21.13830000     106.53178000      60.89273000      35.51165000     132.22000000     116.76668000      51.35135000       9.87050000     125.48725000      61.80427000     128.64070000      31.80958000      16.12500000      65.02998000     132.37500000     121.73150000     136.15429000     117.97589000     114.21592000     110.61404000     106.86984000       9.33733000      12.39519000      19.91397000      23.62500000      27.37177000      34.93616000      38.63204000      42.33839000      46.18057000      49.89084000      53.62580000      57.37500000      68.62500000      72.36508000      76.12284000      79.87500000      83.67192000      87.40981000      91.12529000      94.91662000      98.70223000     102.36166000       5.68152000     143.00931000     142.17263000      -1.95619000     144.10940000       0.07614000      -2.35353000       2.46723000       3.25045000       6.17703000       6.90445000       9.12621000       9.57584000      11.68802000      11.45749000      13.88355000      14.17179000      16.12754000      16.29383000      18.19140000      18.16555000      20.18842000      20.27107000      22.10409000      22.21487000      24.26934000      24.39473000      26.36842000      26.33902000      28.29446000      28.77332000      30.43366000      29.93058000      32.04351000      32.52092000      34.20849000      34.68689000      36.38404000      36.94923000      38.86443000      39.33308000      41.21989000      40.93166000      43.02686000      42.55439000      44.57451000      45.13243000      46.69234000      47.28876000      48.96271000      40.63625000      49.53838000      51.28093000      52.13406000      53.62904000      52.98316000      55.12134000      55.87486000      57.40338000      58.15552000      59.54886000      60.49960000      61.86400000      62.92418000      64.52475000      63.74970000      65.98380000      66.88667000      68.29821000      69.19526000      70.58485000      41.80546000      71.54105000      72.98546000      73.95065000      75.47345000      76.41072000      78.00575000      78.86461000      80.44541000      79.62400000      81.90097000      82.78457000      84.23686000      85.13906000      86.53697000      87.46038000      88.72652000      89.86125000      91.08475000      92.26438000      93.66969000      94.67546000      96.05824000      97.10596000      98.40140000      97.49242000      99.70236000     100.68433000     101.79426000     102.91226000     103.98330000     105.12413000     106.31620000     107.34401000     108.47132000     109.55216000     110.64732000     111.76408000     112.78502000     113.97359000     115.02844000     116.22636000     117.41591000     118.47036000     119.61486000     120.70730000     121.82046000     122.94709000     124.05717000     125.20593000     126.32495000     127.47415000     128.66187000     124.04318000      74.77629000      92.48259000      58.93993000      69.76243000      87.84797000      48.12021000      70.04039000      82.96603000      65.31499000      54.51310000      33.65355000     120.74697000     125.44486000     109.59871000     101.76722000     116.24788000      83.82150000      56.48236000     105.18153000      22.20939000      24.66127000      32.79818000     129.92420000     131.03601000     100.74802000      44.09444000     112.66130000      21.96198000     129.85793000     131.99657000     117.35606000     106.28497000     133.34883000     134.23519000      88.52316000      14.55295000      13.82756000      20.42591000      16.18168000     128.61568000     131.43203000      47.68125000      22.03729000     135.76692000     136.72379000     130.82106000      95.67433000     129.14648000       7.73358000       9.64900000      63.32314000      64.49595000      62.90740000      52.61540000      53.84119000      52.31183000      63.98380000      65.40998000      62.55096000      61.53490000      14.84704000     138.37983000     137.10690000      74.96722000      61.20178000      60.21646000      53.44542000      54.82769000      52.04935000      50.98504000      20.55771000      61.19075000      63.98831000     129.94636000     128.54013000     131.44332000      11.14472000      13.75325000      16.27693000      37.33438000      23.42403000      23.44093000      24.69860000     135.57236000     137.51380000      24.56110000      25.88968000       8.19346000       6.49802000      50.74425000      49.72639000       9.89456000      59.91256000      58.95512000      54.45304000      55.66992000      56.45254000      58.75364000     129.92823000     133.19159000      22.21770000      24.95906000      11.32506000      49.56954000      48.51585000      11.25345000      64.92094000      66.27063000      66.77422000      67.59412000      68.10297000      68.91338000      69.45775000      70.29531000      70.82871000      71.68402000      72.22371000      73.06949000      69.64325000      17.57451000      17.49975000      73.63857000      74.47530000      75.07705000      75.95145000      76.54646000      77.38924000      76.94704000      78.21307000      78.77800000      79.53758000      80.12376000      80.85530000      81.47005000      82.23366000      73.90834000      82.83464000      83.60497000      84.20692000      84.99924000      85.59264000      86.36002000      15.07270000       0.53057000      86.98236000      87.74442000      88.38427000      89.19644000      89.80710000      90.58679000      88.50671000      91.23091000      92.05719000      92.67602000      93.46850000      94.14422000      94.87034000      94.20880000      95.51566000      96.21188000      96.81693000      97.49330000      98.13134000      98.78173000      99.43776000     100.06897000     100.67830000     101.34395000     101.97714000     102.62550000     103.27860000     103.90748000     104.51431000     105.17737000     105.91045000     106.47107000     107.18522000     107.73267000     108.34910000     108.99860000     109.72276000     110.27983000     111.01069000     111.55748000     112.18319000     112.80953000     113.40754000     114.06484000     114.69472000     115.33005000     115.95680000     116.59065000     117.18936000     117.84631000     118.47024000     119.10713000     119.72631000     120.36355000     120.95899000     121.61428000     122.23345000     122.87005000     123.48730000     124.12281000     124.71791000     125.37380000     125.86458000     118.57009000     112.07092000     127.54125000      91.34278000     129.17187000     123.24258000      98.15118000      80.72701000      26.00611000      27.14328000      27.14977000      28.25632000      28.49991000      29.49279000      84.26055000      29.29174000      30.46227000      30.74584000      31.75275000      32.04648000      33.00704000      32.65990000      33.91596000      34.26964000      35.18858000      35.55875000      36.49199000      36.87278000      37.83255000      38.21463000      39.14632000      36.92326000      38.76534000      39.99903000      40.45705000      41.30488000      41.75869000      42.55456000      36.10053000     107.08729000      23.57474000      60.82605000      98.46983000      96.66692000     100.06053000      93.36461000      98.12461000      27.59408000      27.93135000     103.28229000      90.42889000      65.80598000      13.80414000      81.61321000      48.30682000      47.35292000      47.56554000      46.38802000      46.61884000      46.25343000      45.10233000       8.60135000     136.39668000     134.77528000      16.80899000      67.38036000     114.70904000      39.82254000      16.57805000      49.90483000      77.68594000     138.14767000     139.80000000     139.41334000      62.00378000      65.13007000      51.79326000      96.38571000     133.85242000      24.65195000     140.46049000     141.67508000      60.49081000      72.76148000     128.01346000      45.29632000      42.09942000      43.22174000      10.10610000     100.02907000       7.05591000      30.71261000      58.73692000      12.66242000      13.98772000     126.39297000     128.05748000     124.53709000      55.33415000      56.42456000      50.67608000     126.10167000     103.84819000     104.99701000      76.50506000     101.19409000     101.68724000     103.80076000      97.34625000     105.97262000      10.56562000     107.80746000     108.91915000      30.90128000      33.77603000      34.84684000      75.09440000      98.90136000     102.72350000      30.38981000       7.52337000     109.99499000     116.62485000     115.57178000     112.84841000     111.72673000     120.39174000       3.36080000       0.97293000       1.95000000       3.63957000      18.86267000      43.38521000     130.55717000     131.92686000     129.83139000      21.71650000      20.56545000      19.48973000     122.57657000     120.65970000     122.78726000      84.81875000     124.14931000      24.95769000     113.91306000      54.19687000     119.37970000      83.01116000      90.07039000      93.06813000      92.19666000      77.15681000      21.64695000      95.40670000       7.12969000      57.76541000      57.93636000      57.01130000      25.52587000      26.31398000      35.68482000      37.67896000      77.03045000      78.53270000      16.26626000      17.46345000     117.64912000      63.55286000      64.38576000      62.19183000      37.42616000     123.13423000      30.95294000      96.33005000      74.54443000      73.54445000      50.76077000     121.41180000      61.89272000      93.73995000      94.69283000      59.62399000      58.57967000     139.65019000      72.58777000      71.15788000      40.89170000      45.98026000     125.25217000     126.35771000      89.32957000      19.41827000      53.11483000      87.14449000      85.85122000      85.12584000      80.24809000      80.97688000      78.92649000     120.90852000      68.30217000      67.06091000      31.37423000     118.94157000      48.88843000      15.05032000      20.93676000      33.73440000     127.32600000     142.73887000     137.17673000      90.75176000     135.41640000     134.20767000     133.40181000     139.24217000      87.84300000      86.52840000     111.77230000     113.79976000     109.47742000     111.77245000     107.66569000     114.94469000      56.26065000      53.54822000      49.56085000      51.75685000      47.02880000      45.67577000      41.73237000      40.52945000      15.21532000      34.63591000      23.59106000     111.55046000     113.54820000      42.22427000      44.64422000      71.94049000      43.83655000      52.61585000      11.25358000      12.19873000     109.31651000      13.23246000      70.50871000      69.56636000     113.34491000      57.62601000     117.10675000      19.11725000      38.29226000      63.03903000     107.70875000     142.12294000      28.11415000      28.63485000     120.86630000      67.40129000      68.67661000      66.56697000      69.82721000      72.13946000      27.90272000     126.53497000     125.79528000      86.77979000      88.57714000      84.67590000      82.37369000      81.03038000       2.42660000      54.97562000      67.16194000      18.45134000     103.41054000     124.74731000      83.05951000      86.60149000      79.81633000      77.84223000     128.50856000     127.44738000     110.26967000      31.08399000      32.80766000      67.83489000     109.79546000     105.61584000     102.62718000     144.32429000      48.21851000      55.25341000      38.75770000      47.31566000      56.17424000      82.36910000     137.13918000     134.99485000      51.32119000      41.59993000      98.96782000      71.69651000      89.99504000       7.60263000       6.38368000       5.80691000     131.11304000       5.59215000      96.03494000      60.35883000      85.87220000      35.45055000      36.89358000      48.30018000      45.02516000      99.44996000       7.91165000     117.30951000      61.66929000      57.09238000      75.64173000     132.90702000     133.56808000      45.79320000      42.82543000      43.84986000      43.20558000      83.71582000      66.55768000      65.71835000      69.76635000      53.83600000      58.34602000      94.05956000     100.71830000      95.55328000     139.11665000      32.26891000       5.04944000      19.87627000     129.37500000     127.89941000     126.23435000      32.58728000      64.25586000      15.37500000     130.13476000     131.59837000     132.09120000     122.62346000     135.43430000     118.87176000     115.11045000     111.37483000     107.69504000      11.62915000      13.13702000      13.88127000      17.65041000      19.25387000      21.36446000      22.87500000      23.19321000      24.37500000      26.62308000      28.14694000      28.87500000      30.37556000      34.12500000      36.35844000      37.87946000      39.37500000      45.38676000      46.92273000      47.63984000      48.00000000      49.12500000      50.63173000      52.76970000      56.59597000      56.98155000      58.13828000      61.05097000      62.62908000      66.29997000      67.87173000      70.09688000      71.61446000      73.13076000      75.37500000      75.75000000      79.04637000      79.45336000      80.62500000      82.87500000      84.37975000      86.59428000      88.16409000      88.91478000      90.37755000      91.86616000      92.61464000      94.12996000      95.60827000      96.33104000      97.88787000     100.07499000     101.62278000     101.97409000      16.91481000      85.12358000      81.37500000      73.87718000      58.89473000      40.13243000      55.42917000      25.12500000      25.49883000      65.46297000      43.53570000      39.68810000      72.71371000      81.31181000      94.77370000     122.89012000     120.47017000     131.52763000      89.58198000     139.02340000      30.07918000      10.12500000     136.82957000      16.08124000      24.79998000      62.88342000      93.31480000     105.47017000     105.35443000      26.59738000     137.62500000     132.51503000      78.41525000      19.44914000      54.41353000      51.04898000      91.10545000      30.60500000      12.50973000     141.20526000      99.44612000      27.51025000      98.25000000      56.07942000      61.84946000      48.78623000      81.46532000     101.84125000      16.50000000      69.37500000      59.24619000      13.40833000      20.19566000     118.46934000      68.67384000     122.22689000      33.32549000      77.95687000     101.73000000      29.81155000      12.06955000      87.60501000       8.99227000      27.75221000     114.70119000     116.08649000     117.32561000     104.56066000     105.81482000     113.44051000     110.87691000     108.48691000     101.89087000      99.43412000     119.74327000     122.06813000       6.38370000      18.75000000     108.57565000     115.07768000     121.76810000      83.53122000     103.88071000     139.12500000     138.77533000       0.05476000       1.66096000      21.93678000      82.14013000      86.17419000      88.94253000      91.86521000     103.87725000     124.60930000      26.25802000      91.45653000       4.82379000       5.25000000       4.20393000       3.07608000      86.12245000      96.91120000       4.14411000      71.17320000      68.52236000      74.17119000      20.62500000      72.43821000      70.89988000      77.10073000     106.09662000      79.35146000      66.00118000      77.56009000     126.34638000       2.66148000     110.90799000      59.01303000      35.81060000      50.54112000       9.32718000      43.87500000      67.79732000      27.92168000      25.40329000      40.50000000      35.08529000      33.17575000      90.03350000      40.95287000      39.77348000      37.22733000      38.22263000      93.09237000     134.81960000      41.62500000      45.73266000     126.95956000      51.40100000      96.75000000     132.36707000      63.75000000      35.62500000      49.61066000      12.93325000      71.22055000      44.85790000      39.07585000     124.31624000     119.55073000      31.95905000      60.37937000      18.88080000      95.53173000      57.74010000      44.31378000      22.42982000      88.60674000      30.88056000      31.10987000      10.45773000      77.11859000     113.69682000      56.78769000     129.17105000      11.17991000     109.83163000     120.40599000     127.72894000     124.17781000      34.54322000     115.00463000     116.65517000     106.41865000      42.60524000     136.39025000      22.54610000     136.25803000       8.70252000     100.47885000      31.35925000     117.45515000      60.37373000      18.42651000     117.53452000     121.70519000     140.54463000     112.90643000     124.30112000     120.49844000      93.41684000      76.83997000       1.20568000     140.77923000     141.02094000       4.90981000      53.38797000      72.85018000      74.32864000     130.50000000      24.02023000     103.92699000      49.84187000      91.64653000      81.75000000      14.22427000      74.31821000      35.13501000     107.34289000      37.57036000      80.23567000      66.26122000     110.56457000      46.65386000      75.47653000      91.05803000      79.93255000      71.57363000     134.68186000      60.11692000      62.33192000     104.19929000      59.31596000     106.82635000     133.14451000     132.66039000      99.39544000      39.45962000      75.01486000      17.52145000      83.06987000       2.38529000       2.47303000      76.45658000      29.42389000      45.58831000      84.41926000      18.07043000      78.85626000     129.10550000      55.08051000      97.47182000     107.50414000       4.52041000      54.41036000      85.84795000      94.47156000      18.24846000      87.17460000      65.65966000      65.04251000      84.90229000      97.64743000     128.20217000      29.56729000     143.22766000      73.20661000     133.84115000     112.45191000     108.27694000     126.81547000      -2.28323000      11.24938000      13.08671000      24.73420000      25.05149000      34.24362000      84.38187000     116.36671000     103.09490000     119.93825000     101.24452000      13.63270000     134.87659000      68.66106000      39.40133000     128.51199000      22.66311000     106.45832000     113.60377000       2.19929000     120.13375000     110.70113000      76.03986000     142.57002000     105.37500000      47.32161000      21.71471000      98.15724000     109.18431000      39.75000000      27.10593000      66.44904000     123.88897000     110.13303000     139.77906000     132.81716000      99.14287000     117.37500000      92.21304000      46.90523000      20.11888000     124.08613000      65.05913000     138.00000000     101.95489000      36.25946000     103.79860000      93.75000000      35.37204000      57.64469000      43.66168000      60.41993000     111.73433000      26.90283000      45.48348000      58.61392000      77.81942000       8.41760000     121.12500000     119.41241000      85.04868000     127.53929000      52.02503000      26.36168000      93.90264000      59.48046000      68.43623000      61.09128000      44.53410000      75.30243000     110.73036000     125.65735000      54.11996000      92.87800000      17.68558000      10.92941000      15.86332000      89.27578000     124.85950000     102.68563000      26.24274000      44.39844000 
SCALARS y double 1
LOOKUP_TABLE default
      0.00000000       0.00000000       0.00000000       0.00000000       0.00000000       0.00000000       0.00000000       0.00000000       0.00000000       0.00000000       0.00000000       0.00000000       0.00000000       0.00000000       0.00000000       0.00000000       0.00000000       0.00000000       0.00000000       0.00000000       0.00000000       0.00000000       0.00000000       0.00000000       0.00000000       0.00000000       0.00000000       0.00000000       0.00000000       0.00000000       0.00000000       0.00000000       0.00000000       0.00000000       0.00000000       0.00000000       0.00000000       0.00000000       0.00000000       0.00000000       0.00000000       0.00000000       0.00000000       0.00000000       0.00000000       0.00000000       0.00000000       0.00000000       0.00000000       0.00000000       0.00000000       0.00000000       0.00000000       0.00000000       0.00000000       0.00000000       0.00000000       0.00000000       0.00000000       0.00000000       0.00000000       0.00000000       0.00000000       0.00000000       0.00000000       0.00000000       0.00000000       0.00000000       0.00000000       0.00000000       0.00000000       0.00000000       0.00000000       0.00000000       0.00000000       0.00000000       0.00000000       0.00000000       0.00000000       0.00000000       0.00000000       0.00000000       0.00000000       0.00000000       0.00000000       0.00000000       0.00000000       0.00000000       0.00000000       0.00000000       0.00000000       0.00000000       0.00000000       0.00000000       0.00000000       0.00000000       0.00000000       0.00000000       0.00000000       0.00000000       0.00000000       0.00000000       0.00000000       0.00000000       0.00000000       0.00000000       0.00000000       0.00000000       0.00000000       0.00000000       0.00000000       0.00000000       0.00000000       0.00000000       0.00000000       0.00000000       0.00000000       0.00000000       0.00000000       0.00000000       0.00000000       0.00000000       0.00000000       0.00000000       0.00000000       0.00000000       0.00000000       0.00000000       0.00000000       0.00000000       0.00000000       0.00000000       0.00000000       0.00000000       0.00000000       0.00000000       0.00000000       0.00000000       0.00000000       0.00000000       0.00000000       0.00000000       0.00000000       0.00000000       0.00000000       0.00000000       0.00000000       0.00000000       0.00000000       0.00000000       0.00000000       0.00000000       0.00000000       0.00000000       0.00000000       0.00000000       0.00000000       0.00000000       0.00000000       0.00000000       0.00000000       0.00000000       0.00000000       0.00000000       0.00000000       0.00000000       0.00000000       0.00000000       0.00000000       0.00000000       0.00000000       0.00000000       0.00000000       0.00000000       0.00000000       0.00000000       0.00000000       0.00000000       0.00000000       0.00000000       0.00000000       0.00000000       0.00000000       0.00000000       0.00000000       0.00000000       0.00000000       0.00000000       0.00000000       0.00000000       0.00000000       0.00000000       0.00000000       0.00000000       0.00000000       0.00000000       0.00000000       0.00000000       0.00000000       0.00000000       0.00000000       0.00000000       0.00000000       0.00000000       0.00000000       0.00000000       0.00000000       0.00000000       0.00000000       0.00000000       0.00000000       0.00000000       0.00000000       0.00000000       0.00000000       0.00000000       0.00000000       0.00000000       0.00000000       0.00000000       0.00000000       0.00000000       0.00000000       0.00000000       0.00000000       0.00000000       0.00000000       0.00000000       0.00000000       0.00000000       0.00000000       0.00000000       0.00000000       0.00000000       0.00000000       0.00000000       0.00000000       0.00000000       0.00000000       0.00000000       0.00000000       0.00000000       0.00000000       0.00000000       0.00000000       0.00000000       0.00000000       0.00000000       0.00000000       0.00000000       0.00000000       0.00000000       0.00000000       0.00000000       0.00000000       0.00000000       0.00000000       0.00000000       0.00000000       0.00000000       0.00000000       0.00000000       0.00000000       0.00000000       0.00000000       0.00000000       0.00000000       0.00000000       0.00000000       0.00000000       0.00000000       0.00000000       0.00000000       0.00000000       0.00000000       0.00000000       0.00000000       0.00000000       0.00000000       0.00000000       0.00000000       0.00000000       0.00000000       0.00000000       0.00000000       0.00000000       0.00000000       0.00000000       0.00000000       0.00000000       0.00000000       0.00000000       0.00000000       0.00000000       0.00000000       0.00000000       0.00000000       0.00000000       0.00000000       0.00000000       0.00000000       0.00000000       0.00000000       0.00000000       0.00000000       0.00000000       0.00000000       0.00000000       0.00000000       0.00000000       0.00000000       0.00000000       0.00000000       0.00000000       0.00000000       0.00000000       0.00000000       0.00000000       0.00000000       0.00000000       0.00000000       0.00000000       0.00000000       0.00000000       0.00000000       0.00000000       0.00000000       0.00000000       0.00000000       0.00000000       0.00000000       0.00000000       0.00000000       0.00000000       0.00000000       0.00000000       0.00000000       0.00000000       0.00000000       0.00000000       0.00000000       0.00000000       0.00000000       0.00000000       0.00000000       0.00000000       0.00000000       0.00000000       0.00000000       0.00000000       0.00000000       0.00000000       0.00000000       0.00000000       0.00000000       0.00000000       0.00000000       0.00000000       0.00000000       0.00000000       0.00000000       0.00000000       0.00000000       0.00000000       0.00000000       0.00000000       0.00000000       0.00000000       0.00000000       0.00000000       0.00000000       0.00000000       0.00000000       0.00000000       0.00000000       0.00000000       0.00000000       0.00000000       0.00000000       0.00000000       0.00000000       0.00000000       0.00000000       0.00000000       0.00000000       0.00000000       0.00000000       0.00000000       0.00000000       0.00000000       0.00000000       0.00000000       0.00000000       0.00000000       0.00000000       0.00000000       0.00000000       0.00000000       0.00000000       0.00000000       0.00000000       0.00000000       0.00000000       0.00000000       0.00000000       0.00000000       0.00000000       0.00000000       0.00000000       0.00000000       0.00000000       0.00000000       0.00000000       0.00000000       0.00000000       0.00000000       0.00000000       0.00000000       0.00000000       0.00000000       0.00000000       0.00000000       0.00000000       0.00000000       0.00000000       0.00000000       0.00000000       0.00000000       0.00000000       0.00000000       0.00000000       0.00000000       0.00000000       0.00000000       0.00000000       0.00000000       0.00000000       0.00000000       0.00000000       0.00000000       0.00000000       0.00000000       0.00000000       0.00000000       0.00000000       0.00000000       0.00000000       0.00000000       0.00000000       0.00000000       0.00000000       0.00000000       0.00000000       0.00000000       0.00000000       0.00000000       0.00000000       0.00000000       0.00000000       0.00000000       0.00000000       0.00000000       0.00000000       0.00000000       0.00000000       0.00000000       0.00000000       0.00000000       0.00000000       0.00000000       0.00000000       0.00000000       0.00000000       0.00000000       0.00000000       0.00000000       0.00000000       0.00000000       0.00000000       0.00000000       0.00000000       0.00000000       0.00000000       0.00000000       0.00000000       0.00000000       0.00000000       0.00000000       0.00000000       0.00000000       0.00000000       0.00000000       0.00000000       0.00000000       0.00000000       0.00000000       0.00000000       0.00000000       0.00000000       0.00000000       0.00000000       0.00000000       0.00000000       0.00000000       0.00000000       0.00000000       0.00000000       0.00000000       0.00000000       0.00000000       0.00000000       0.00000000       0.00000000       0.00000000       0.00000000       0.00000000       0.00000000       0.00000000       0.00000000       0.00000000       0.00000000       0.00000000       0.00000000       0.00000000       0.00000000       0.00000000       0.00000000       0.00000000       0.00000000       0.00000000       0.00000000       0.00000000       0.00000000       0.00000000       0.00000000       0.00000000       0.00000000       0.00000000       0.00000000       0.00000000       0.00000000       0.00000000       0.00000000       0.00000000       0.00000000       0.00000000       0.00000000       0.00000000       0.00000000       0.00000000       0.00000000       0.00000000       0.00000000       0.00000000       0.00000000       0.00000000       0.00000000       0.00000000       0.00000000       0.00000000       0.00000000       0.00000000       0.00000000       0.00000000       0.00000000       0.00000000       0.00000000       0.00000000       0.00000000       0.00000000       0.00000000       0.00000000       0.00000000       0.00000000       0.00000000       0.00000000       0.00000000       0.00000000       0.00000000       0.00000000       0.00000000       0.00000000       0.00000000       0.00000000       0.00000000       0.00000000       0.00000000       0.00000000       0.00000000       0.00000000       0.00000000       0.00000000       0.00000000       0.00000000       0.00000000       0.00000000       0.00000000       0.00000000       0.00000000       0.00000000       0.00000000       0.00000000       0.00000000       0.00000000       0.00000000       0.00000000       0.00000000       0.00000000       0.00000000       0.00000000       0.00000000       0.00000000       0.00000000       0.00000000       0.00000000       0.00000000       0.00000000       0.00000000       0.00000000       0.00000000       0.00000000       0.00000000       0.00000000       0.00000000       0.00000000       0.00000000       0.00000000       0.00000000       0.00000000       0.00000000       0.00000000       0.00000000       0.00000000       0.00000000       0.00000000       0.00000000       0.00000000       0.00000000       0.00000000       0.00000000       0.00000000       0.00000000       0.00000000       0.00000000       0.00000000       0.00000000       0.00000000       0.00000000       0.00000000       0.00000000       0.00000000       0.00000000       0.00000000       0.00000000       0.00000000       0.00000000       0.00000000       0.00000000       0.00000000       0.00000000       0.00000000       0.00000000       0.00000000       0.00000000       0.00000000       0.00000000       0.00000000       0.00000000       0.00000000       0.00000000       0.00000000       0.00000000       0.00000000       0.00000000       0.00000000       0.00000000       0.00000000       0.00000000       0.00000000       0.00000000       0.00000000       0.00000000       0.00000000       0.00000000       0.00000000       0.00000000       0.00000000       0.00000000       0.00000000       0.00000000       0.00000000       0.00000000       0.00000000       0.00000000       0.00000000       0.00000000       0.00000000       0.00000000       0.00000000       0.00000000       0.00000000       0.00000000       0.00000000       0.00000000       0.00000000       0.00000000       0.00000000       0.00000000       0.00000000       0.00000000       0.00000000       0.00000000       0.00000000       0.00000000       0.00000000       0.00000000       0.00000000       0.00000000       0.00000000       0.00000000       0.00000000       0.00000000       0.00000000       0.00000000       0.00000000       0.00000000       0.00000000       0.00000000       0.00000000       0.00000000       0.00000000       0.00000000       0.00000000       0.00000000       0.00000000       0.00000000       0.00000000       0.00000000       0.00000000       0.00000000       0.00000000       0.00000000       0.00000000       0.00000000       0.00000000       0.00000000       0.00000000       0.00000000       0.00000000       0.00000000       0.00000000       0.00000000       0.00000000       0.00000000       0.00000000       0.00000000       0.00000000       0.00000000       0.00000000       0.00000000       0.00000000       0.00000000       0.00000000       0.00000000       0.00000000       0.00000000       0.00000000       0.00000000       0.00000000       0.00000000       0.00000000       0.00000000       0.00000000       0.00000000       0.00000000       0.00000000       0.00000000       0.00000000       0.00000000       0.00000000       0.00000000       0.00000000       0.00000000       0.00000000       0.00000000       0.00000000       0.00000000       0.00000000       0.00000000       0.00000000       0.00000000       0.00000000       0.00000000       0.00000000       0.00000000       0.00000000       0.00000000       0.00000000       0.00000000       0.00000000       0.00000000       0.00000000       0.00000000       0.00000000       0.00000000       0.00000000       0.00000000       0.00000000       0.00000000       0.00000000       0.00000000       0.00000000       0.00000000       0.00000000       0.00000000       0.00000000       0.00000000       0.00000000       0.00000000       0.00000000       0.00000000       0.00000000       0.00000000       0.00000000       0.00000000       0.00000000       0.00000000       0.00000000       0.00000000       0.00000000       0.00000000       0.00000000       0.00000000       0.00000000       0.00000000       0.00000000       0.00000000       0.00000000       0.00000000       0.00000000       0.00000000       0.00000000       0.00000000       0.00000000       0.00000000       0.00000000       0.00000000       0.00000000       0.00000000       0.00000000       0.00000000       0.00000000       0.00000000       0.00000000       0.00000000       0.00000000       0.00000000       0.00000000       0.00000000       0.00000000       0.00000000       0.00000000       0.00000000       0.00000000       0.00000000       0.00000000       0.00000000       0.00000000       0.00000000       0.00000000       0.00000000       0.00000000       0.00000000       0.00000000       0.00000000       0.00000000       0.00000000       0.00000000       0.00000000       0.00000000       0.00000000       0.00000000       0.00000000       0.00000000       0.00000000       0.00000000       0.00000000       0.00000000       0.00000000       0.00000000       0.00000000       0.00000000       0.00000000       0.00000000       0.00000000       0.00000000       0.00000000       0.00000000       0.00000000       0.00000000       0.00000000       0.00000000       0.00000000       0.00000000       0.00000000       0.00000000       0.00000000       0.00000000       0.00000000       0.00000000       0.00000000       0.00000000       0.00000000       0.00000000       0.00000000       0.00000000       0.00000000       0.00000000       0.00000000       0.00000000       0.00000000       0.00000000       0.00000000       0.00000000       0.00000000       0.00000000       0.00000000       0.00000000       0.00000000       0.00000000       0.00000000       0.00000000       0.00000000       0.00000000       0.00000000       0.00000000       0.00000000       0.00000000       0.00000000       0.00000000       0.00000000       0.00000000       0.00000000       0.00000000       0.00000000       0.00000000       0.00000000       0.00000000       0.00000000       0.00000000       0.00000000       0.00000000       0.00000000       0.00000000       0.00000000       0.00000000       0.00000000       0.00000000       0.00000000       0.00000000       0.00000000       0.00000000       0.00000000       0.00000000       0.00000000       0.00000000       0.00000000       0.00000000       0.00000000       0.00000000       0.00000000       0.00000000       0.00000000       0.00000000       0.00000000       0.00000000       0.00000000       0.00000000       0.00000000       0.00000000       0.00000000       0.00000000       0.00000000       0.00000000       0.00000000       0.00000000       0.00000000       0.00000000       0.00000000       0.00000000       0.00000000       0.00000000       0.00000000       0.00000000       0.00000000       0.00000000       0.00000000       0.00000000       0.00000000       0.00000000       0.00000000       0.00000000       0.00000000       0.00000000       0.00000000       0.00000000       0.00000000       0.00000000       0.00000000       0.00000000       0.00000000       0.00000000       0.00000000       0.00000000       0.00000000       0.00000000       0.00000000       0.00000000       0.00000000       0.00000000       0.00000000       0.00000000       0.00000000       0.00000000       0.00000000       0.00000000       0.00000000       0.00000000       0.00000000       0.00000000       0.00000000       0.00000000       0.00000000       0.00000000       0.00000000       0.00000000       0.00000000       0.00000000       0.00000000       0.00000000       0.00000000       0.00000000       0.00000000       0.00000000       0.00000000       0.00000000       0.00000000       0.00000000       0.00000000       0.00000000       0.00000000       0.00000000       0.00000000       0.00000000       0.00000000       0.00000000       0.00000000       0.00000000       0.00000000       0.00000000       0.00000000       0.00000000       0.00000000       0.00000000       0.00000000       0.00000000       0.00000000       0.00000000       0.00000000       0.00000000       0.00000000       0.00000000       0.00000000       0.00000000       0.00000000       0.00000000       0.00000000       0.00000000       0.00000000       0.00000000       0.00000000       0.00000000       0.00000000       0.00000000       0.00000000       0.00000000       0.00000000       0.00000000       0.00000000       0.00000000       0.00000000       0.00000000       0.00000000       0.00000000       0.00000000       0.00000000       0.00000000       0.00000000       0.00000000       0.00000000       0.00000000       0.00000000       0.00000000       0.00000000       0.00000000       0.00000000       0.00000000       0.00000000       0.00000000       0.00000000       0.00000000       0.00000000       0.00000000       0.00000000       0.00000000       0.00000000       0.00000000       0.00000000       0.00000000       0.00000000       0.00000000       0.00000000       0.00000000       0.00000000       0.00000000       0.00000000       0.00000000       0.00000000       0.00000000       0.00000000       0.00000000       0.00000000       0.00000000       0.00000000       0.00000000       0.00000000       0.00000000       0.00000000       0.00000000       0.00000000       0.00000000       0.00000000       0.00000000       0.00000000       0.00000000       0.00000000       0.00000000       0.00000000       0.00000000       0.00000000       0.00000000       0.00000000       0.00000000       0.00000000       0.00000000       0.00000000       0.00000000       0.00000000       0.00000000       0.00000000       0.00000000       0.00000000       0.00000000       0.00000000       0.00000000       0.00000000       0.00000000       0.00000000       0.00000000       0.00000000       0.00000000       0.00000000       0.00000000       0.00000000       0.00000000       0.00000000       0.00000000       0.00000000       0.00000000       0.00000000       0.00000000       0.00000000       0.00000000       0.00000000       0.00000000       0.00000000       0.00000000       0.00000000       0.00000000       0.00000000       0.00000000       0.00000000       0.00000000       0.00000000       0.00000000       0.00000000       0.00000000       0.00000000       0.00000000       0.00000000       0.00000000       0.00000000       0.00000000       0.00000000       0.00000000       0.00000000       0.00000000       0.00000000       0.00000000       0.00000000       0.00000000       0.00000000       0.00000000       0.00000000       0.00000000       0.00000000       0.00000000       0.00000000       0.00000000       0.00000000       0.00000000       0.00000000       0.00000000       0.00000000       0.00000000       0.00000000       0.00000000       0.00000000       0.00000000       0.00000000       0.00000000       0.00000000       0.00000000       0.00000000       0.00000000       0.00000000       0.00000000       0.00000000       0.00000000       0.00000000       0.00000000       0.00000000       0.00000000       0.00000000       0.00000000       0.00000000       0.00000000       0.00000000       0.00000000       0.00000000       0.00000000       0.00000000       0.00000000       0.00000000       0.00000000       0.00000000       0.00000000       0.00000000       0.00000000       0.00000000       0.00000000       0.00000000       0.00000000       0.00000000       0.00000000       0.00000000       0.00000000       0.00000000       0.00000000       0.00000000       0.00000000       0.00000000       0.00000000       0.00000000       0.00000000       0.00000000       0.00000000       0.00000000       0.00000000       0.00000000       0.00000000       0.00000000       0.00000000       0.00000000       0.00000000       0.00000000       0.00000000       0.00000000       0.00000000       0.00000000       0.00000000       0.00000000       0.00000000       0.00000000       0.00000000       0.00000000       0.00000000       0.00000000       0.00000000       0.00000000       0.00000000       0.00000000       0.00000000       0.00000000       0.00000000       0.00000000       0.00000000       0.00000000       0.00000000       0.00000000       0.00000000       0.00000000       0.00000000       0.00000000       0.00000000       0.00000000       0.00000000       0.00000000       0.00000000       0.00000000       0.00000000       0.00000000       0.00000000       0.00000000       0.00000000       0.00000000       0.00000000       0.00000000       0.00000000       0.00000000       0.00000000       0.00000000       0.00000000       0.00000000       0.00000000       0.00000000       0.00000000       0.00000000       0.00000000       0.00000000       0.00000000       0.00000000       0.00000000       0.00000000       0.00000000       0.00000000       0.00000000       0.00000000       0.00000000       0.00000000       0.00000000       0.00000000       0.00000000       0.00000000       0.00000000       0.00000000       0.00000000       0.00000000       0.00000000       0.00000000       0.00000000       0.00000000       0.00000000       0.00000000       0.00000000       0.00000000       0.00000000       0.00000000       0.00000000       0.00000000       0.00000000       0.00000000       0.00000000       0.00000000       0.00000000       0.00000000       0.00000000       0.00000000       0.00000000       0.00000000       0.00000000       0.00000000       0.00000000       0.00000000       0.00000000       0.00000000       0.00000000       0.00000000       0.00000000       0.00000000       0.00000000       0.00000000 
SCALARS z double 1
LOOKUP_TABLE default
      0.00000000       0.00000000       0.00000000       0.00000000       0.00000000       0.00000000       0.00000000       0.00000000       0.00000000       0.00000000       0.00000000       0.00000000       0.00000000       0.00000000       0.00000000       0.00000000       0.00000000       0.00000000       0.00000000       0.00000000       0.00000000       0.00000000       0.00000000       0.00000000       0.00000000       0.00000000       0.00000000       0.00000000       0.00000000       0.00000000       0.00000000       0.00000000       0.00000000       0.00000000       0.00000000       0.00000000       0.00000000       0.00000000       0.00000000       0.00000000       0.00000000       0.00000000       0.00000000       0.00000000       0.00000000       0.00000000       0.00000000       0.00000000       0.00000000       0.00000000       0.00000000       0.00000000       0.00000000       0.00000000       0.00000000       0.00000000       0.00000000       0.00000000       0.00000000       0.00000000       0.00000000       0.00000000       0.00000000       0.00000000       0.00000000       0.00000000       0.00000000       0.00000000       0.00000000       0.00000000       0.00000000       0.00000000       0.00000000       0.00000000       0.00000000       0.00000000       0.00000000       0.00000000       0.00000000       0.00000000       0.00000000       0.00000000       0.00000000       0.00000000       0.00000000       0.00000000       0.00000000       0.00000000       0.00000000       0.00000000       0.00000000       0.00000000       0.00000000       0.00000000       0.00000000       0.00000000     -28.50000000     -28.50000000     -28.50000000     -28.50000000     -28.50000000     -28.50000000     -28.50000000     -28.50000000     -28.50000000     -28.50000000     -28.50000000     -28.50000000     -28.50000000     -28.50000000     -28.50000000     -28.50000000     -28.50000000     -28.50000000     -28.50000000     -28.50000000     -28.50000000     -28.50000000     -28.50000000     -28.50000000     -28.50000000     -28.50000000     -28.50000000     -28.50000000     -28.50000000     -28.50000000       0.00000000       0.00000000       0.00000000       0.00000000       0.00000000       0.00000000       0.00000000       0.00000000       0.00000000       0.00000000       0.00000000       0.00000000       0.00000000       0.00000000       0.00000000       0.00000000       0.00000000       0.00000000       0.00000000       0.00000000       0.00000000       0.00000000       0.00000000       0.00000000       0.00000000       0.00000000       0.00000000       0.00000000       0.00000000       0.00000000       0.00000000       0.00000000       0.00000000       0.00000000       0.00000000       0.00000000       0.00000000       0.00000000       0.00000000       0.00000000       0.00000000       0.00000000       0.00000000       0.00000000       0.00000000       0.00000000       0.00000000       0.00000000       0.00000000       0.00000000       0.00000000       0.00000000       0.00000000       0.00000000       0.00000000       0.00000000       0.00000000       0.00000000       0.00000000       0.00000000       0.00000000       0.00000000       0.00000000       0.00000000       0.00000000       0.00000000       0.00000000       0.00000000       0.00000000       0.00000000       0.00000000       0.00000000       0.00000000       0.00000000       0.00000000       0.00000000       0.00000000       0.00000000       0.00000000       0.00000000       0.00000000       0.00000000       0.00000000       0.00000000       0.00000000       0.00000000       0.00000000       0.00000000       0.00000000       0.00000000       0.00000000       0.00000000       0.00000000       0.00000000       0.00000000      -0.76935000      -0.64952000      -0.71456000      -0.75490000      -0.64952000      -0.68900000      -0.64952000      -0.60635000      -0.57979000      -0.74664000      -0.63743000      -0.64952000      -0.64133000      -0.74154000      -0.53447000      -0.70559000      -0.68202000      -0.63969000      -0.72346000      -0.69157000      -0.72403000      -0.61356000      -0.62546000      -0.51372000      -0.64952000      -0.64952000      -0.65834000      -0.80465000      -0.75096000      -0.53647000      -0.64224000      -0.63624000      -0.64952000      -0.67885000      -0.74576000      -0.85565000      -0.75535000      -0.72925000      -0.65785000     -23.73551000     -24.44053000     -24.00950000     -24.30244000     -24.39496000     -25.03676000     -24.10059000     -23.99659000     -24.17275000     -24.56677000      -0.55642000      -0.79946000      -0.67429000      -0.65647000      -0.64300000      -0.60595000      -0.64952000      -0.74161000      -0.56951000      -0.74965000      -0.75726000      -0.61857000      -0.62115000      -0.57205000      -0.69811000      -0.51929000      -0.66281000      -0.64218000      -0.64753000      -0.72483000      -0.71331000      -0.72006000      -0.54493000      -0.62363000      -0.66459000      -0.64952000      -0.73097000      -0.64782000      -0.64952000      -0.81364000      -0.70437000      -0.73823000      -0.66893000      -0.61495000      -0.62479000      -0.77850000      -0.95188000      -2.12709000     -10.78382000     -18.48739000     -24.38035000     -16.72289000     -13.94103000      -9.19441000     -11.93512000      -8.63562000     -10.52345000      -7.68938000      -9.28291000     -12.15624000     -10.93728000      -8.35948000      -9.76452000      -7.29726000      -8.37135000     -10.92014000      -9.70646000      -7.48073000      -8.52630000     -10.86721000      -9.24485000     -11.95773000     -10.55263000      -8.35533000      -9.25911000     -11.61168000     -10.10603000      -8.16156000      -8.83918000     -10.89076000      -9.47785000     -11.72669000     -10.19072000     -12.54601000     -10.58940000     -13.41484000     -11.68613000      -9.30747000     -10.09040000      -7.92153000      -8.59634000     -10.70432000      -9.16313000     -11.33748000      -9.73684000      -6.94670000     -11.99811000     -10.33348000     -12.49795000     -10.85422000      -8.71589000      -9.24393000     -11.35749000      -9.39618000     -11.85445000     -10.14026000     -12.38968000     -10.33314000     -12.92646000     -11.00922000      -8.83118000      -9.26897000     -11.36311000      -9.43415000     -11.71258000      -9.88826000     -14.37906000     -12.09502000      -9.89806000     -12.42481000     -10.49550000     -12.82515000     -10.87158000     -13.33843000     -11.18092000      -8.78377000      -9.28324000     -11.40609000      -9.20567000     -11.51883000      -9.61943000     -11.71172000      -9.83874000     -12.02942000      -9.72417000     -12.13842000      -9.80826000     -12.25550000     -10.29355000     -12.52009000     -10.47919000      -8.21522000      -8.57831000     -10.55947000      -8.67206000     -10.54844000      -8.36500000     -10.56250000      -8.33912000     -10.56679000      -8.70168000     -10.59655000      -8.77356000     -10.66081000      -8.79826000     -10.73780000      -8.49663000     -10.75117000      -8.47555000     -10.75072000      -8.86863000     -10.82244000      -8.94599000     -10.89741000      -8.77707000     -10.90614000      -8.98569000     -11.00848000      -8.99044000     -12.97154000      -8.39419000      -8.05388000      -7.96420000      -7.79272000      -7.91274000      -7.60896000     -14.07343000      -7.51177000      -7.16202000      -7.15102000      -7.16434000      -7.30117000      -7.10167000      -6.89986000     -12.32740000      -6.99208000     -13.64463000     -14.15441000      -6.86476000     -13.42735000     -14.70502000     -13.26931000     -11.10803000      -8.98963000      -6.65716000      -6.51120000     -12.64505000      -6.45480000      -6.98456000      -6.96588000     -12.44558000     -12.66884000      -8.84920000      -6.44544000     -14.34823000      -6.17056000     -13.83224000      -5.54792000      -5.26775000     -13.37938000     -13.49545000     -13.88636000      -4.47273000      -8.74531000      -6.45887000      -5.31560000     -14.71942000      -5.23024000      -6.12058000      -5.35795000      -6.87452000      -5.47869000      -5.14697000      -6.72306000      -5.42100000      -4.98330000      -4.00213000      -4.24638000      -3.72503000      -4.74452000      -4.35392000      -8.66483000     -11.21484000     -14.49735000      -3.39305000      -4.31713000      -3.94865000      -4.25578000      -3.56200000      -4.49858000      -3.85572000     -14.98368000     -15.59193000      -3.90982000      -3.85213000      -3.84887000     -15.11855000     -16.93987000      -3.69087000     -15.19292000      -5.42322000      -3.84529000      -4.55523000      -4.61484000      -4.42481000      -3.14917000      -3.56288000      -4.13026000      -4.38415000      -3.15596000      -3.99714000      -3.60827000      -3.04534000      -3.92306000      -2.97816000      -3.22891000      -4.37089000      -2.67055000     -16.11521000     -16.29114000     -16.29562000     -17.75944000      -4.40181000      -2.56084000      -3.53246000      -2.91654000      -2.89521000      -3.18568000      -4.41635000      -3.36042000      -4.55997000      -3.50543000      -4.70902000      -3.65167000      -4.90986000      -3.80697000      -5.08864000      -3.95158000      -2.37690000      -4.35444000      -2.98038000      -5.26385000      -4.11772000      -5.42621000      -4.05715000      -5.56575000      -4.35704000      -3.09300000      -3.27105000      -4.47072000      -3.36865000      -4.55605000      -3.42117000      -4.63318000      -3.50733000      -2.90142000      -4.70139000      -3.57702000      -4.79236000      -3.46350000      -4.84054000      -3.68251000      -2.86028000      -6.50569000      -4.94008000      -3.75962000      -5.02491000      -3.67222000      -5.08076000      -3.89535000      -2.64166000      -5.18394000      -3.79805000      -5.24251000      -4.04047000      -5.33143000      -4.10260000      -2.94692000      -2.77021000      -4.08790000      -2.95873000      -4.08495000      -2.95684000      -4.07765000      -2.97527000      -4.07153000      -2.97076000      -4.06181000      -2.92650000      -4.04482000      -2.94506000      -4.03743000      -2.94031000      -4.01553000      -2.78783000      -3.98990000      -2.91473000      -3.98686000      -2.90697000      -3.98890000      -2.77535000      -3.95923000      -2.90884000      -3.96842000      -2.86415000      -3.95440000      -2.86645000      -3.94430000      -2.64819000      -3.89843000      -2.81198000      -3.90019000      -2.82857000      -3.90440000      -2.62073000      -3.86231000      -2.78220000      -3.87399000      -2.79894000      -3.87061000      -2.59391000      -3.82794000      -2.75054000      -3.83923000      -2.76617000      -3.84000000      -2.70234000      -5.33940000      -5.43918000      -4.81912000      -2.66174000      -2.51852000      -5.27975000      -5.25463000      -5.86922000      -5.13869000      -4.27697000      -2.99207000      -3.47039000      -4.85470000      -3.93154000      -2.46452000      -2.48971000      -3.05214000      -4.35559000      -3.43778000      -4.72513000      -3.78536000      -2.42401000      -2.86443000      -4.11406000      -3.16282000      -4.39716000      -3.44289000      -4.72769000      -3.73429000      -5.03566000      -3.99891000      -6.44572000      -2.58841000      -3.00528000      -4.21320000      -3.22585000      -4.45031000      -3.41741000      -2.19820000      -5.24012000      -2.39373000      -2.13491000     -15.06862000     -17.68979000     -17.87386000     -16.97279000     -20.49401000     -15.86465000     -19.22608000      -5.26421000      -6.48289000      -2.04806000      -3.34336000      -2.30752000      -2.35121000      -3.10943000      -4.37635000      -3.83599000      -5.11446000      -2.49117000      -3.25333000      -2.54646000      -2.83595000      -3.09110000     -15.38872000      -5.86454000      -5.08293000      -1.93029000     -18.74977000      -5.34427000      -2.09629000      -2.58890000      -0.52479000      -3.97989000     -17.84185000     -18.56455000      -2.21863000      -2.09781000      -4.33179000      -1.97310000     -11.26331000      -7.98379000      -5.68787000      -6.47028000      -2.62763000      -2.22699000      -2.25779000      -2.44629000      -2.24817000      -2.03508000     -15.95541000     -17.29013000     -16.92500000      -7.10508000      -2.02036000     -15.54228000     -18.86709000     -18.67219000      -2.04611000      -2.27066000      -1.88844000     -21.87308000      -1.99274000      -1.79139000      -1.98987000      -1.99956000     -20.82448000     -17.84952000      -1.93318000      -1.75952000     -18.30670000      -2.05583000      -1.98097000     -20.74064000     -18.51336000      -2.09771000      -2.98193000      -2.11164000      -1.93941000      -1.83968000     -20.47534000      -1.77324000      -1.89541000      -1.65820000      -1.92235000      -1.92818000      -1.87286000      -5.88211000      -3.71149000      -0.53986000      -3.51816000      -6.46523000      -4.67573000      -2.47302000      -2.48967000      -1.59184000      -2.98459000      -2.32663000      -3.06671000     -21.72284000     -18.32032000      -7.12597000      -6.08815000      -1.84758000     -21.33811000      -1.81612000      -1.86404000      -1.58721000      -2.37575000      -2.66690000      -2.88789000      -1.78625000      -1.29566000      -1.89190000      -8.23754000      -2.89020000      -3.54041000      -4.87128000      -6.06346000      -2.38282000      -1.75894000      -8.08239000      -8.37053000      -8.48155000      -7.09522000      -2.20540000      -1.71302000      -1.74279000      -2.56314000      -1.81893000      -2.38543000      -2.38296000      -1.57308000      -5.72839000      -6.67927000      -2.06103000      -1.75905000      -8.09833000      -1.72562000      -8.04178000      -1.94357000      -2.07505000      -1.97420000      -1.52294000      -2.38568000      -2.58403000      -2.48921000      -2.18766000      -7.38009000      -1.87093000      -1.64452000      -1.79363000      -1.82727000      -2.50010000      -2.46756000      -2.48612000      -1.57886000      -2.19006000      -1.38711000      -2.31487000      -5.00383000      -2.39162000      -2.30602000      -2.25032000      -7.09904000      -1.50354000      -1.55657000      -1.34104000      -1.65437000      -7.49424000      -3.85034000      -1.64888000      -1.76082000      -1.86246000      -1.81789000      -2.90756000     -15.15543000      -1.70118000      -1.66682000     -24.33132000     -20.36091000     -20.46699000     -17.01809000     -17.16939000     -17.44095000     -24.24530000     -20.44998000     -20.22842000     -16.91678000     -23.17074000     -19.30173000     -23.62363000     -19.60560000     -23.38044000      -5.52926000      -7.17122000      -7.16752000      -6.74997000      -5.98658000      -5.08095000      -1.70230000      -3.37386000      -1.64912000      -1.72265000      -2.24599000      -1.06021000      -4.92325000      -1.65077000      -1.37714000      -1.07646000      -2.21966000      -1.05821000      -4.57198000      -1.70679000      -1.69825000      -6.88977000     -24.15403000      -2.31092000      -1.47803000      -1.04652000     -15.83296000     -19.17055000     -21.42840000     -22.41710000     -19.75340000      -7.46830000      -3.71927000      -5.23386000     -24.13625000     -20.25047000     -20.33709000     -24.00867000     -19.98721000     -19.59497000      -1.14711000      -7.65393000      -2.26366000      -1.25089000      -1.05723000     -16.93270000     -17.11944000     -16.34095000     -18.74736000      -1.75706000      -1.64461000     -14.39970000      -1.26212000      -1.43368000      -1.41345000      -5.20189000      -1.09255000      -6.85827000     -10.99860000      -5.78779000     -17.20959000      -6.68127000      -1.99754000      -7.48791000      -1.65976000     -24.29297000     -20.22454000      -1.33083000      -1.33489000      -6.87786000      -8.15710000     -17.08785000      -1.82652000      -1.63243000      -2.84445000      -1.70505000      -6.39031000     -24.45570000      -1.21556000      -7.66658000      -1.35043000      -1.64379000     -16.76296000     -15.20737000      -1.15895000      -0.82367000     -19.58903000      -1.63082000     -20.25225000      -6.87511000      -1.81507000      -1.09044000      -1.47177000      -1.54064000      -1.39546000      -0.78909000      -1.65877000      -1.43691000      -1.10446000      -5.98645000     -14.70852000      -6.34688000     -21.04556000      -5.02104000      -5.34143000      -6.15397000      -5.97452000     -24.33624000     -14.70057000      -0.64952000      -0.80755000      -0.71445000      -0.67523000      -0.84030000      -0.64952000      -0.70653000      -0.75874000      -1.44248000      -0.72458000      -0.85784000      -0.72848000      -0.74045000      -0.62911000      -0.64362000      -0.76150000      -0.66296000      -0.64517000      -0.69303000      -0.81405000      -0.63680000      -0.66459000      -1.41537000      -0.63999000      -0.62616000      -0.69249000      -0.64952000      -0.72648000      -0.64952000      -0.59692000      -0.69237000      -0.64952000      -0.68558000      -0.66975000      -0.65802000      -1.38454000      -0.64952000      -0.74063000      -0.76841000      -0.68331000      -1.44144000      -0.69018000      -0.64784000      -0.67907000      -0.62084000      -0.55091000      -0.73329000      -0.74872000      -0.75401000      -0.64952000      -1.38450000      -0.71579000      -1.45004000      -0.64952000      -0.64952000      -0.62855000      -0.76074000      -0.74559000      -0.78320000      -0.76619000      -0.75725000      -0.75701000      -0.63115000      -0.55842000      -0.66123000      -0.65149000      -0.60122000      -0.64492000      -1.39827000      -0.73919000      -0.74649000      -0.64952000      -0.67296000      -0.67232000      -0.64749000      -5.72541000      -0.64952000      -1.40143000     -13.31324000     -12.32992000      -5.38163000      -1.50607000      -7.52183000      -6.68469000     -15.54321000     -14.94522000     -19.07683000      -8.09017000     -19.94101000     -14.20356000      -0.64952000      -0.73607000     -12.49210000      -6.01963000     -21.14689000      -6.63964000     -20.56837000     -15.29301000     -13.06391000      -0.64952000      -5.13457000      -1.53693000     -17.59868000      -0.57297000      -6.09342000     -14.56949000     -25.01405000      -3.39830000      -5.20446000     -12.63082000      -5.83576000      -1.39867000      -1.45634000      -6.27485000      -4.60760000     -13.80729000     -14.78514000      -1.38611000      -0.64835000      -5.16634000     -19.73836000     -12.14098000      -1.48577000      -1.49059000      -1.47176000      -5.14279000      -5.68262000     -25.08239000      -5.10418000      -1.38307000      -6.26777000     -13.13775000      -1.38415000      -1.52404000      -5.38616000      -4.97805000      -5.26609000      -5.28233000      -5.03416000      -4.98652000      -5.36790000      -5.31789000      -5.17033000      -4.86578000      -4.82372000      -0.65332000      -1.38450000     -12.50498000     -12.66504000     -12.98731000      -6.02019000     -12.69755000      -0.64952000      -1.50178000      -1.86921000      -2.10086000     -19.69087000      -6.04293000      -5.96062000      -6.47654000      -6.57012000      -0.61925000      -4.88702000      -6.69764000      -1.54086000      -0.76682000      -1.67239000      -1.33610000      -1.81211000     -13.62865000      -5.32217000      -0.57166000      -6.40084000      -6.78751000      -6.71891000      -0.62917000     -14.29911000     -16.82257000     -15.59254000      -0.56056000      -5.78415000      -5.45948000      -0.62898000     -12.76156000      -0.75126000      -1.33836000     -14.06144000      -5.56921000     -14.46178000      -1.45217000      -0.58939000     -13.25906000     -22.29355000     -25.09518000      -1.37154000     -14.25763000     -15.95002000      -1.54581000      -5.39568000     -15.99353000     -18.40588000     -21.87305000      -1.40255000     -13.49646000      -0.61493000     -12.69309000      -2.64739000      -0.61793000      -1.35323000     -11.08028000      -1.34692000      -0.60410000      -6.58655000      -1.54140000      -1.46289000      -1.47065000      -1.43202000      -6.18529000     -12.74406000      -1.47179000      -7.27843000     -20.91018000      -1.45710000      -1.30776000      -2.37066000      -1.31864000      -1.41846000     -12.15225000      -0.54387000      -1.37488000      -6.90349000     -14.91429000      -3.12610000     -21.82528000      -6.15973000      -0.54574000      -0.54681000     -25.02380000      -0.54466000      -1.30316000      -6.49854000      -0.55203000      -6.46446000     -17.43260000     -17.17356000      -2.17397000      -1.50112000      -0.75524000      -1.27584000      -7.15358000     -15.31693000      -0.53169000      -3.44743000      -6.36011000      -6.13649000      -0.71513000      -0.55118000     -24.37481000     -24.75432000     -14.13113000      -0.64184000      -0.93829000      -1.74675000      -3.21077000      -4.24320000      -1.42913000     -22.56616000     -17.17112000      -1.28327000      -1.35992000      -6.52367000      -1.34636000     -19.54820000      -1.27474000      -1.24841000      -1.27741000      -6.69728000      -1.31515000      -1.39540000      -1.26525000     -24.90312000     -12.16142000      -1.38416000      -2.15459000      -7.81786000      -7.01661000     -25.73422000     -10.67722000     -20.10326000      -1.38645000      -1.26232000      -1.23927000      -2.00277000      -0.55031000      -3.78745000      -0.47502000      -8.40006000      -1.36112000      -5.76361000      -1.38493000      -3.11408000      -4.45864000      -1.25601000      -6.32949000      -5.85790000      -1.38175000      -1.29655000     -22.71343000      -1.43825000      -0.46911000      -1.19722000     -14.42052000      -2.50688000     -12.77277000      -1.29558000      -1.30305000     -13.07141000      -1.38429000      -0.46625000      -1.42322000     -15.57435000      -6.47717000      -6.33013000      -1.31426000      -5.95784000      -7.90621000      -0.48989000      -1.21181000      -1.38069000      -6.15394000     -21.36894000      -7.61387000      -2.50988000      -1.20479000      -7.49773000     -21.61883000      -7.35994000      -1.16267000      -0.62257000      -6.10052000      -1.21455000      -1.22366000      -1.32327000      -5.58643000     -25.50669000      -7.44984000      -3.17406000      -1.21497000      -0.46760000      -1.33765000      -1.14058000      -2.10590000      -2.80035000     -14.31928000      -0.46052000      -1.25279000      -1.17906000      -2.10008000      -0.43715000      -1.20554000      -2.01141000      -6.60505000      -1.13521000      -1.06722000      -1.25394000      -1.10956000     -23.63495000      -0.44664000      -2.61997000      -6.34984000      -1.24291000      -7.38859000      -2.12165000      -1.32491000      -2.09125000      -1.23502000     -22.72385000      -1.19170000     -16.55412000      -7.49714000     -21.43147000      -8.72709000      -1.16412000      -1.26533000      -4.53307000     -22.41126000      -1.24798000      -1.53874000      -0.43365000     -22.00370000      -2.33392000      -3.54594000      -1.26521000      -2.49850000      -7.88038000      -6.48875000      -7.91708000      -1.30982000      -4.10230000     -20.89867000      -6.02266000      -1.21091000      -1.12737000      -2.09542000      -7.00728000     -21.31501000      -1.28812000      -2.69360000      -0.42682000      -1.21377000      -1.13882000     -25.45448000 
