    0.75816E+02   -0.79169E+01    0.12874E+04    0.31097E+01
    0.36762E+02   -0.76329E+01    0.25404E+04    0.34049E+01
    0.11239E+03   -0.64522E+01    0.17509E+04    0.32433E+01
    0.11552E+03   -0.10161E+01    0.83296E+03    0.29206E+01
    0.95887E+01   -0.16460E+02    0.83369E+03    0.29210E+01
    0.11221E+03   -0.13986E+02    0.88850E+03    0.29487E+01
    0.99700E+01   -0.11589E+01    0.65725E+03    0.28177E+01
    0.14241E+03   -0.56038E+00    0.13892E+04    0.31428E+01
    0.23806E+01   -0.71941E+01    0.92997E+03    0.29685E+01
    0.11382E+03   -0.12166E+01    0.90533E+03    0.29568E+01
    0.54440E+01   -0.99217E+01    0.10119E+04    0.30052E+01
    0.12835E+03   -0.10796E+01    0.12166E+04    0.30851E+01
    0.95247E+02   -0.21008E+01    0.62498E+03    0.27959E+01
    0.10512E+03   -0.12102E+01    0.81596E+03    0.29117E+01
    0.52319E+02   -0.27602E+01    0.11026E+04    0.30424E+01
    0.52508E+02   -0.21226E+01    0.90730E+03    0.29578E+01
    0.13395E+03   -0.77841E+00    0.12211E+04    0.30868E+01
    0.96204E+02   -0.11572E+01    0.45892E+03    0.26617E+01
    0.67180E+02   -0.11806E+01    0.41645E+03    0.26196E+01
    0.10369E+03   -0.14259E+02    0.90682E+03    0.29575E+01
    0.35082E+02   -0.19513E+02    0.48158E+03    0.26827E+01
    0.10561E+03   -0.16771E+02    0.72934E+03    0.28629E+01
    0.89294E+02   -0.11061E+01    0.36246E+03    0.25593E+01
    0.53567E+02   -0.19311E+01    0.88208E+03    0.29455E+01
    0.57385E+02   -0.42609E+01    0.13119E+04    0.31179E+01
    0.82331E+02   -0.21143E+01    0.49295E+03    0.26928E+01
    0.57002E+02   -0.36791E+01    0.11801E+04    0.30719E+01
    0.44041E+02   -0.54226E+01    0.21623E+04    0.33349E+01
    0.72949E+02   -0.19497E+01    0.49380E+03    0.26936E+01
    0.95811E+02   -0.21084E+01    0.65030E+03    0.28131E+01
    0.11302E+03   -0.57411E+01    0.18533E+04    0.32680E+01
    0.13353E+03   -0.53039E+01    0.20642E+04    0.33148E+01
    0.77779E+01   -0.24211E+01    0.81172E+03    0.29094E+01
    0.12655E+03   -0.10428E+01    0.11249E+04    0.30511E+01
    0.35956E+02   -0.62374E+01    0.26839E+04    0.34288E+01
    0.11444E+03   -0.19961E+01    0.11208E+04    0.30495E+01
    0.92226E+02   -0.11002E+01    0.37240E+03    0.25710E+01
    0.70437E+02   -0.21723E+01    0.54924E+03    0.27398E+01
    0.13407E+03   -0.12211E+01    0.12862E+04    0.31093E+01
    0.49497E+02   -0.74313E+01    0.18892E+04    0.32763E+01
    0.12538E+01   -0.11306E+02    0.96724E+03    0.29855E+01
    0.43235E+02   -0.57245E+01    0.23312E+04    0.33676E+01
    0.12795E+03   -0.14031E+01    0.13060E+04    0.31159E+01
    0.11168E+03   -0.19282E+02    0.56657E+03    0.27533E+01
    0.48421E+02   -0.11792E+01    0.66102E+03    0.28202E+01
    0.12258E+03   -0.61807E+01    0.22864E+04    0.33591E+01
    0.73347E+02   -0.24148E+01    0.59841E+03    0.27770E+01
    0.43455E+02   -0.13972E+02    0.10869E+04    0.30362E+01
    0.56205E+02   -0.64256E+01    0.16450E+04    0.32162E+01
    0.44765E+02   -0.13410E+02    0.12099E+04    0.30827E+01
    0.82286E+02   -0.27302E+01    0.61769E+03    0.27908E+01
    0.14004E+03   -0.83129E+00    0.13476E+04    0.31295E+01
    0.10860E+03   -0.63858E+01    0.14971E+04    0.31752E+01
    0.11929E+03   -0.98840E+00    0.85584E+03    0.29324E+01
    0.12519E+03   -0.61736E+01    0.24897E+04    0.33962E+01
    0.12695E+03   -0.13528E+01    0.12727E+04    0.31047E+01
    0.61562E+02   -0.20504E+01    0.64132E+03    0.28071E+01
    0.48796E+02   -0.93419E+00    0.61475E+03    0.27887E+01
    0.10565E+03   -0.18529E+02    0.62703E+03    0.27973E+01
    0.17076E+02   -0.22996E+01    0.15210E+04    0.31821E+01
    0.61407E+02   -0.26378E+01    0.81213E+03    0.29096E+01
    0.69294E+02   -0.17482E+01    0.47397E+03    0.26758E+01
    0.64287E+02   -0.24258E+01    0.69081E+03    0.28394E+01
    0.52490E+01   -0.80734E+01    0.10051E+04    0.30022E+01
    0.15067E+02   -0.20623E+02    0.64689E+03    0.28108E+01
    0.79748E+01   -0.31890E+01    0.92889E+03    0.29680E+01
    0.22678E+02   -0.21679E+02    0.48022E+03    0.26814E+01
    0.70365E+02   -0.28393E+01    0.70837E+03    0.28503E+01
    0.11953E+03   -0.16194E+02    0.87864E+03    0.29438E+01
    0.11499E+03   -0.19435E+01    0.11112E+04    0.30458E+01
    0.39649E+01   -0.11690E+02    0.97367E+03    0.29884E+01
    0.11847E+03   -0.17742E+02    0.72322E+03    0.28593E+01
    0.10465E+03   -0.12668E+01    0.79964E+03    0.29029E+01
    0.75760E+02   -0.91237E+01    0.13439E+04    0.31284E+01
    0.10871E+02   -0.22958E+01    0.93001E+03    0.29685E+01
    0.28478E+02   -0.56733E+01    0.21424E+04    0.33309E+01
    0.56824E+02   -0.16096E+02    0.81628E+03    0.29118E+01
    0.11758E+03   -0.11835E+01    0.93155E+03    0.29692E+01
    0.11912E+02   -0.51616E+01    0.14566E+04    0.31634E+01
    0.16891E+02   -0.21013E+02    0.58920E+03    0.27703E+01
    0.10929E+03   -0.58232E+01    0.15812E+04    0.31990E+01
    0.36673E+02   -0.26747E+01    0.17203E+04    0.32356E+01
    0.50876E+02   -0.13200E+01    0.69469E+03    0.28418E+01
    0.58077E+02   -0.15047E+02    0.97609E+03    0.29895E+01
    0.41805E+02   -0.69516E+01    0.25063E+04    0.33990E+01
    0.10418E+02   -0.29243E+01    0.10296E+04    0.30126E+01
    0.68873E+02   -0.20864E+01    0.55414E+03    0.27436E+01
    0.11253E+02   -0.10766E+01    0.66891E+03    0.28254E+01
    0.90752E+02   -0.10884E+01    0.37333E+03    0.25721E+01
    0.73517E+02   -0.10620E+01    0.37460E+03    0.25736E+01
    0.90643E+01   -0.14737E+02    0.91388E+03    0.29609E+01
    0.95824E+02   -0.89225E+00    0.40578E+03    0.26083E+01
    0.98801E+02   -0.10575E+01    0.48568E+03    0.26864E+01
    0.49245E+02   -0.59062E+01    0.18073E+04    0.32570E+01
    0.28483E+02   -0.12960E+02    0.91217E+03    0.29601E+01
    0.36807E+02   -0.20750E+01    0.13420E+04    0.31278E+01
    0.78275E+02   -0.25607E+01    0.61236E+03    0.27870E+01
    0.33872E+02   -0.59455E+01    0.25380E+04    0.34045E+01
    0.11820E+03   -0.19498E+01    0.11573E+04    0.30634E+01
    0.25174E+01   -0.22771E+02    0.78802E+03    0.28965E+01
    0.60828E+00   -0.88280E+01    0.95886E+03    0.29818E+01
    0.28178E+02   -0.11849E+01    0.14483E+04    0.31609E+01
    0.49281E+02   -0.84814E+01    0.18532E+04    0.32679E+01
    0.42255E+02   -0.11963E+01    0.79981E+03    0.29030E+01
    0.55606E+02   -0.10763E+01    0.65905E+03    0.28189E+01
    0.80946E+02   -0.19616E+01    0.49195E+03    0.26919E+01
    0.73911E+02   -0.15323E+02    0.11521E+04    0.30615E+01
    0.81447E+02   -0.15694E+02    0.11096E+04    0.30452E+01
    0.19762E+02   -0.85875E+00    0.10124E+04    0.30054E+01
    0.12304E+03   -0.98239E+00    0.96731E+03    0.29856E+01
    0.12444E+03   -0.14686E+02    0.11370E+04    0.30558E+01
    0.40678E+01   -0.71556E+01    0.95127E+03    0.29783E+01
    0.78872E+01   -0.27456E+00    0.68696E+03    0.28369E+01
    0.91665E+02   -0.19963E+01    0.47883E+03    0.26802E+01
    0.80033E+02   -0.25074E+02    0.56221E+03    0.27499E+01
    0.82782E+02   -0.14795E+02    0.11739E+04    0.30696E+01
    0.13292E+03   -0.61820E+01    0.21588E+04    0.33342E+01
    0.36565E+02   -0.20633E+02    0.41843E+03    0.26216E+01
    0.66379E+02   -0.25133E+01    0.69276E+03    0.28406E+01
    0.55372E+02   -0.67881E+01    0.16834E+04    0.32262E+01
    0.13649E+03   -0.39585E+01    0.16321E+04    0.32128E+01
    0.78343E+02   -0.19827E+01    0.49791E+03    0.26971E+01
    0.40238E+02   -0.23744E+01    0.13689E+04    0.31364E+01
    0.11877E+03   -0.18979E+01    0.11505E+04    0.30609E+01
    0.12937E+03   -0.18495E+01    0.14875E+04    0.31725E+01
    0.65237E+02   -0.22493E+02    0.54976E+03    0.27402E+01
    0.19597E+02   -0.12947E+01    0.11734E+04    0.30694E+01
    0.48970E+02   -0.52466E+01    0.16885E+04    0.32275E+01
    0.11453E+03   -0.72484E+01    0.18132E+04    0.32584E+01
    0.49998E+01   -0.21469E+02    0.76957E+03    0.28862E+01
    0.12134E+03   -0.11713E+01    0.95780E+03    0.29813E+01
    0.12559E+03   -0.13758E+02    0.13014E+04    0.31144E+01
    0.11411E+03   -0.22896E+02    0.49272E+03    0.26926E+01
    0.37787E+02   -0.71658E+01    0.26606E+04    0.34250E+01
    0.42958E+02   -0.68064E+01    0.24225E+04    0.33843E+01
    0.53720E+02   -0.22956E+02    0.38802E+03    0.25889E+01
    0.38711E+02   -0.19091E+01    0.11505E+04    0.30609E+01
    0.17343E+02   -0.10484E+01    0.10189E+04    0.30082E+01
    0.11168E+03   -0.21720E+02    0.50264E+03    0.27013E+01
    0.30742E+02   -0.23807E+01    0.16669E+04    0.32219E+01
    0.12196E+03   -0.19304E+01    0.12403E+04    0.30935E+01
    0.91184E+02   -0.19878E+01    0.46956E+03    0.26717E+01
    0.11698E+03   -0.55748E+01    0.20113E+04    0.33035E+01
    0.78972E+02   -0.12343E+01    0.38989E+03    0.25909E+01
    0.17850E+01   -0.93860E+00    0.74482E+03    0.28720E+01
    0.12602E+03   -0.61632E+01    0.25504E+04    0.34066E+01
    0.32427E+02   -0.67641E+01    0.22881E+04    0.33595E+01
    0.28552E+02   -0.94001E+00    0.13795E+04    0.31397E+01
    0.12345E+03   -0.61970E+01    0.23698E+04    0.33747E+01
    0.13131E+03   -0.29372E+01    0.19198E+04    0.32833E+01
    0.12893E+03   -0.19046E+01    0.14877E+04    0.31725E+01
    0.13558E+03   -0.35140E+01    0.16947E+04    0.32291E+01
    0.92457E+01   -0.43655E+01    0.11426E+04    0.30579E+01
    0.14704E+02   -0.21457E+01    0.12646E+04    0.31019E+01
    0.33732E+02   -0.10183E+01    0.10540E+04    0.30228E+01
    0.19141E+02   -0.13419E+01    0.11754E+04    0.30702E+01
    0.72556E+02   -0.16098E+02    0.10722E+04    0.30303E+01
    0.63896E+02   -0.19097E+01    0.58402E+03    0.27664E+01
    0.89861E+01   -0.63893E+01    0.12015E+04    0.30797E+01
    0.50383E+02   -0.13251E+01    0.68588E+03    0.28362E+01
    0.13184E+02   -0.21478E+02    0.66310E+03    0.28216E+01
    0.44444E+02   -0.11719E+01    0.74317E+03    0.28711E+01
    0.95340E+01   -0.28010E+01    0.95635E+03    0.29806E+01
    0.11796E+03   -0.73116E+01    0.19434E+04    0.32886E+01
    0.39221E+02   -0.19836E+01    0.11965E+04    0.30779E+01
    0.88965E+01   -0.34283E+01    0.10143E+04    0.30062E+01
    0.12253E+03   -0.18796E+01    0.12688E+04    0.31034E+01
    0.11191E+03   -0.15444E+02    0.75646E+03    0.28788E+01
    0.85253E+01   -0.52029E+01    0.11340E+04    0.30546E+01
    0.35914E+02   -0.70751E+01    0.26038E+04    0.34156E+01
    0.78580E+02   -0.97825E+00    0.36074E+03    0.25572E+01
    0.50029E+02   -0.19319E+01    0.79917E+03    0.29026E+01
    0.58986E+02   -0.20559E+01    0.74834E+03    0.28741E+01
    0.63346E+02   -0.23482E+02    0.46402E+03    0.26665E+01
    0.16681E+02   -0.29589E+01    0.17147E+04    0.32342E+01
    0.63447E+02   -0.18694E+01    0.56908E+03    0.27552E+01
    0.11428E+03   -0.13658E+01    0.94839E+03    0.29770E+01
    0.44117E+02   -0.87812E+00    0.68615E+03    0.28364E+01
    0.10624E+03   -0.21834E+01    0.10485E+04    0.30206E+01
    0.11594E+03   -0.11568E+01    0.87945E+03    0.29442E+01
    0.64153E+02   -0.31535E+01    0.88135E+03    0.29451E+01
    0.12356E+02   -0.42411E+01    0.14274E+04    0.31545E+01
    0.10250E+03   -0.13270E+02    0.10129E+04    0.30056E+01
    0.11707E+03   -0.72759E+01    0.19123E+04    0.32815E+01
    0.22139E+02   -0.35438E+01    0.19751E+04    0.32956E+01
    0.14421E+02   -0.16084E+01    0.10117E+04    0.30051E+01
    0.66475E+02   -0.19303E+01    0.55496E+03    0.27443E+01
    0.87831E+02   -0.22701E+01    0.50728E+03    0.27052E+01
    0.80713E+01   -0.74819E+01    0.11307E+04    0.30534E+01
    0.30616E+02   -0.12761E+01    0.12965E+04    0.31128E+01
    0.87806E+02   -0.10504E+01    0.35755E+03    0.25533E+01
    0.86550E+02   -0.66317E+01    0.11505E+04    0.30609E+01
    0.70496E+02   -0.10358E+01    0.39277E+03    0.25941E+01
    0.15025E+02   -0.96165E+00    0.88492E+03    0.29469E+01
    0.13553E+03   -0.25965E+01    0.15895E+04    0.32013E+01
    0.38268E+02   -0.10413E+01    0.89096E+03    0.29499E+01
    0.13119E+03   -0.10594E+01    0.12206E+04    0.30866E+01
    0.11379E+03   -0.80150E+01    0.16434E+04    0.32157E+01
    0.71973E+02   -0.10607E+01    0.39326E+03    0.25947E+01
    0.51475E+02   -0.69716E+01    0.18009E+04    0.32555E+01
    0.47002E+02   -0.71130E+01    0.20504E+04    0.33118E+01
    0.11390E+03   -0.56224E+01    0.19000E+04    0.32788E+01
    0.40405E+02   -0.18298E+01    0.11080E+04    0.30445E+01
    0.88950E+02   -0.13318E+01    0.38815E+03    0.25890E+01
    0.13595E+03   -0.97616E+00    0.13892E+04    0.31428E+01
    0.41271E+02   -0.61097E+01    0.25388E+04    0.34046E+01
    0.30949E+02   -0.17840E+01    0.14149E+04    0.31507E+01
    0.13255E+01   -0.48919E+01    0.87150E+03    0.29403E+01
    0.13451E+03   -0.12987E+01    0.13366E+04    0.31260E+01
    0.44341E+02   -0.17456E+01    0.90650E+03    0.29574E+01
    0.63017E+02   -0.10338E+01    0.45355E+03    0.26566E+01
    0.52170E+02   -0.13889E+02    0.10457E+04    0.30194E+01
    0.10030E+03   -0.56162E+01    0.13248E+04    0.31222E+01
    0.13455E+03   -0.51307E+01    0.19031E+04    0.32795E+01
    0.52120E+02   -0.78458E+01    0.17707E+04    0.32481E+01
    0.10176E+03   -0.62778E+01    0.13367E+04    0.31260E+01
    0.81731E+02   -0.27003E+02    0.49214E+03    0.26921E+01
    0.90285E+02   -0.19912E+01    0.46468E+03    0.26672E+01
    0.49433E+02   -0.18036E+01    0.76089E+03    0.28813E+01
    0.56946E+02   -0.25388E+01    0.95077E+03    0.29781E+01
    0.59791E+02   -0.10228E+01    0.52068E+03    0.27166E+01
    0.33293E+02   -0.12797E+01    0.11167E+04    0.30479E+01
    0.46931E+02   -0.80507E+01    0.20230E+04    0.33060E+01
    0.87799E+02   -0.29563E+01    0.64616E+03    0.28103E+01
    0.80906E+02   -0.26396E+01    0.61692E+03    0.27902E+01
    0.13275E+03   -0.24041E+01    0.16013E+04    0.32045E+01
    0.10102E+03   -0.13248E+02    0.10518E+04    0.30219E+01
    0.12005E+02   -0.23087E+02    0.64165E+03    0.28073E+01
    0.13065E+03   -0.34106E+01    0.21216E+04    0.33267E+01
    0.23596E+02   -0.17230E+01    0.14526E+04    0.31622E+01
    0.64561E+02   -0.13608E+01    0.49519E+03    0.26948E+01
    0.70877E+02   -0.74502E+01    0.13990E+04    0.31458E+01
    0.70057E+02   -0.12537E+01    0.41248E+03    0.26154E+01
    0.62989E+02   -0.79158E+01    0.16044E+04    0.32053E+01
    0.70234E+02   -0.67267E+01    0.13500E+04    0.31303E+01
    0.15399E+02   -0.36350E+01    0.17369E+04    0.32398E+01
    0.88955E+02   -0.22707E+02    0.64770E+03    0.28114E+01
    0.62355E+02   -0.70637E+01    0.15645E+04    0.31944E+01
    0.68953E+02   -0.27580E+01    0.70592E+03    0.28488E+01
    0.73189E+02   -0.31457E+01    0.74615E+03    0.28728E+01
    0.53922E+02   -0.24474E+01    0.10187E+04    0.30081E+01
    0.89811E+02   -0.20021E+01    0.46643E+03    0.26688E+01
    0.33083E+02   -0.60939E+01    0.24328E+04    0.33861E+01
    0.94697E+02   -0.18569E+02    0.82274E+03    0.29153E+01
    0.15194E+02   -0.52641E+01    0.18089E+04    0.32574E+01
    0.99717E+02   -0.62351E+01    0.13613E+04    0.31340E+01
    0.10681E+03   -0.72311E+01    0.13759E+04    0.31386E+01
    0.85355E+01   -0.89495E+01    0.11279E+04    0.30523E+01
    0.10871E+03   -0.10069E+01    0.82483E+03    0.29164E+01
    0.15769E+02   -0.44375E+01    0.18618E+04    0.32699E+01
    0.64776E+02   -0.95649E+00    0.43647E+03    0.26400E+01
    0.52870E+02   -0.33369E+01    0.12562E+04    0.30991E+01
    0.15872E+02   -0.29188E+01    0.16377E+04    0.32142E+01
    0.22714E+02   -0.38307E+01    0.20239E+04    0.33062E+01
    0.11372E+03   -0.76711E+00    0.78780E+03    0.28964E+01
    0.11662E+03   -0.62461E+01    0.19676E+04    0.32939E+01
    0.13724E+03   -0.23579E+01    0.14785E+04    0.31698E+01
    0.10351E+03   -0.72490E+01    0.13284E+04    0.31233E+01
    0.72414E+02   -0.19308E+01    0.48718E+03    0.26877E+01
    0.23833E+02   -0.23481E+02    0.42553E+03    0.26289E+01
    0.12997E+03   -0.48185E+01    0.24626E+04    0.33914E+01
    0.15676E+02   -0.62452E+01    0.17745E+04    0.32491E+01
    0.99919E+02   -0.14162E+02    0.10029E+04    0.30013E+01
    0.13524E+03   -0.13479E+01    0.13963E+04    0.31450E+01
    0.13551E+03   -0.58397E+01    0.17669E+04    0.32472E+01
    0.13266E+03   -0.30616E+01    0.18551E+04    0.32684E+01
    0.12530E+03   -0.94152E+00    0.10693E+04    0.30291E+01
    0.67151E+02   -0.17188E+01    0.50793E+03    0.27058E+01
    0.50330E+02   -0.25351E+01    0.97737E+03    0.29901E+01
    0.39701E+01   -0.45478E+01    0.86783E+03    0.29384E+01
    0.12922E+03   -0.34268E+01    0.21807E+04    0.33386E+01
    0.70299E+01   -0.14382E+01    0.69862E+03    0.28442E+01
    0.13735E+03   -0.32832E+01    0.15291E+04    0.31844E+01
    0.53040E+02   -0.18595E+01    0.85102E+03    0.29299E+01
    0.20947E+02   -0.30556E+01    0.18793E+04    0.32740E+01
    0.72737E+01   -0.38015E+01    0.95020E+03    0.29778E+01
    0.11971E+03   -0.11258E+01    0.89493E+03    0.29518E+01
    0.12985E+03   -0.21945E+01    0.16515E+04    0.32179E+01
    0.21437E+02   -0.37710E+01    0.20023E+04    0.33015E+01
    0.47002E+02   -0.15286E+02    0.88955E+03    0.29492E+01
    0.21310E+02   -0.24010E+01    0.16577E+04    0.32195E+01
    0.24082E+02   -0.19089E+01    0.15514E+04    0.31907E+01
    0.82449E+02   -0.10050E+01    0.36108E+03    0.25576E+01
    0.13089E+03   -0.64220E+01    0.23915E+04    0.33787E+01
    0.21007E+02   -0.46255E+01    0.20270E+04    0.33068E+01
    0.96222E+02   -0.16360E+01    0.56260E+03    0.27502E+01
    0.11803E+03   -0.13261E+01    0.97958E+03    0.29910E+01
    0.92635E+02   -0.13153E+01    0.40022E+03    0.26023E+01
    0.59430E+02   -0.25634E+01    0.84827E+03    0.29285E+01
    0.14642E+02   -0.11613E+01    0.89354E+03    0.29511E+01
    0.12358E+02   -0.60627E+01    0.15251E+04    0.31833E+01
    0.25780E+02   -0.18477E+01    0.16022E+04    0.32047E+01
    0.21475E+02   -0.54918E+01    0.19465E+04    0.32893E+01
    0.11433E+03   -0.25609E+02    0.44735E+03    0.26507E+01
    0.33437E+02   -0.23143E+01    0.15611E+04    0.31934E+01
    0.15006E+02   -0.72758E+01    0.16002E+04    0.32042E+01
    0.53694E+02   -0.25639E+02    0.31592E+03    0.24996E+01
    0.12635E+02   -0.25482E+02    0.58145E+03    0.27645E+01
    0.49619E+02   -0.84694E+00    0.58709E+03    0.27687E+01
    0.12747E+03   -0.10738E+01    0.11850E+04    0.30737E+01
    0.24263E+02   -0.25053E+01    0.17925E+04    0.32534E+01
    0.74026E+01   -0.10365E+02    0.10501E+04    0.30212E+01
    0.30111E+02   -0.12935E+01    0.13633E+04    0.31346E+01
    0.18071E+02   -0.48967E+01    0.19803E+04    0.32967E+01
    0.10955E+03   -0.21765E+01    0.11140E+04    0.30469E+01
    0.10563E+03   -0.21129E+01    0.10092E+04    0.30040E+01
    0.45787E+02   -0.95914E+00    0.66517E+03    0.28229E+01
    0.94806E+02   -0.25974E+01    0.71856E+03    0.28565E+01
    0.64131E+02   -0.13354E+01    0.51093E+03    0.27084E+01
    0.16959E+02   -0.12794E+01    0.10826E+04    0.30345E+01
    0.12582E+03   -0.20726E+01    0.16062E+04    0.32058E+01
    0.21050E+02   -0.18532E+01    0.13988E+04    0.31457E+01
    0.83816E+01   -0.18246E+02    0.78988E+03    0.28976E+01
    0.51622E+02   -0.19198E+02    0.53593E+03    0.27291E+01
    0.57393E+02   -0.29621E+01    0.10344E+04    0.30147E+01
    0.21215E+01   -0.56155E+01    0.88596E+03    0.29474E+01
    0.61392E+02   -0.90340E+01    0.16086E+04    0.32065E+01
    0.11263E+03   -0.75719E+01    0.16463E+04    0.32165E+01
    0.15463E+02   -0.22074E+01    0.13643E+04    0.31349E+01
    0.57133E+02   -0.51019E+01    0.14801E+04    0.31703E+01
    0.11351E+03   -0.18273E+02    0.62149E+03    0.27934E+01
    0.10964E+03   -0.18218E+02    0.60524E+03    0.27819E+01
    0.53199E+02   -0.47843E+01    0.15515E+04    0.31907E+01
    0.33067E+02   -0.18374E+01    0.13015E+04    0.31145E+01
    0.11541E+03   -0.14299E+02    0.91438E+03    0.29611E+01
    0.63363E+02   -0.34301E+01    0.95793E+03    0.29813E+01
    0.63796E+02   -0.48759E+01    0.12622E+04    0.31011E+01
    0.34166E+02   -0.22055E+01    0.15218E+04    0.31824E+01
    0.10597E+03   -0.72228E+01    0.13546E+04    0.31318E+01
    0.12994E+03   -0.58435E+01    0.25151E+04    0.34006E+01
    0.53657E+02   -0.64317E+01    0.17203E+04    0.32356E+01
    0.64378E+02   -0.65051E+01    0.14908E+04    0.31734E+01
    0.32352E+02   -0.77190E+01    0.20832E+04    0.33187E+01
    0.28090E+02   -0.14377E+02    0.74899E+03    0.28745E+01
    0.40426E+02   -0.59080E+01    0.25908E+04    0.34134E+01
    0.11657E+03   -0.17449E+02    0.69200E+03    0.28401E+01
    0.11513E+03   -0.13076E+01    0.91892E+03    0.29633E+01
    0.77116E+02   -0.17939E+01    0.47971E+03    0.26810E+01
    0.80049E+02   -0.14496E+02    0.11728E+04    0.30692E+01
    0.20886E+02   -0.64945E+01    0.17879E+04    0.32523E+01
    0.55463E+02   -0.15499E+01    0.76347E+03    0.28828E+01
    0.10664E+03   -0.25684E+01    0.11589E+04    0.30640E+01
    0.38668E+02   -0.91200E+01    0.23022E+04    0.33621E+01
    0.98867E+02   -0.15564E+01    0.59020E+03    0.27710E+01
    0.11663E+03   -0.13476E+02    0.10652E+04    0.30274E+01
    0.48398E+02   -0.17464E+01    0.78186E+03    0.28931E+01
    0.10776E+03   -0.58326E+01    0.14750E+04    0.31688E+01
    0.13030E+03   -0.17827E+01    0.14684E+04    0.31669E+01
    0.78396E+02   -0.81202E+01    0.12393E+04    0.30932E+01
    0.28554E+02   -0.27570E+01    0.19651E+04    0.32934E+01
    0.39335E+01   -0.18850E+01    0.75928E+03    0.28804E+01
    0.10824E+02   -0.36422E+01    0.11948E+04    0.30773E+01
    0.23859E+02   -0.31294E+01    0.19764E+04    0.32959E+01
    0.44418E+02   -0.29993E+01    0.13434E+04    0.31282E+01
    0.96410E+02   -0.77107E+01    0.14436E+04    0.31595E+01
    0.93672E+02   -0.25928E+01    0.69921E+03    0.28446E+01
    0.77841E+02   -0.25218E+02    0.53576E+03    0.27290E+01
    0.61982E+02   -0.31678E+01    0.91792E+03    0.29628E+01
    0.29245E+02   -0.54295E+01    0.22252E+04    0.33474E+01
    0.10112E+03   -0.56654E+01    0.13228E+04    0.31215E+01
    0.69447E+02   -0.15576E+02    0.11117E+04    0.30460E+01
    0.44823E+02   -0.20228E+01    0.96598E+03    0.29850E+01
    0.28709E+02   -0.82963E+01    0.16412E+04    0.32152E+01
    0.96284E+02   -0.19743E+02    0.71807E+03    0.28562E+01
    0.51487E+02   -0.21617E+02    0.42785E+03    0.26313E+01
    0.12921E+03   -0.43307E+01    0.24130E+04    0.33826E+01
    0.14288E+02   -0.27413E+01    0.13973E+04    0.31453E+01
    0.28680E+02   -0.20929E+01    0.17246E+04    0.32367E+01
    0.76597E+02   -0.74201E+01    0.12182E+04    0.30857E+01
    0.10436E+03   -0.72511E+01    0.13287E+04    0.31234E+01
    0.10926E+03   -0.23034E+02    0.46962E+03    0.26717E+01
    0.87476E+02   -0.12633E+01    0.38331E+03    0.25836E+01
    0.20652E+02   -0.21537E+02    0.52177E+03    0.27175E+01
    0.89106E+02   -0.25457E+02    0.52578E+03    0.27208E+01
    0.74516E+02   -0.26481E+01    0.63831E+03    0.28050E+01
    0.77615E+02   -0.28201E+01    0.66538E+03    0.28231E+01
    0.10171E+03   -0.23391E+01    0.86944E+03    0.29392E+01
    0.97380E+00   -0.16361E+01    0.79580E+03    0.29008E+01
    0.64782E+01   -0.33729E+01    0.87970E+03    0.29443E+01
    0.74811E+01   -0.23126E+02    0.70753E+03    0.28497E+01
    0.41006E+02   -0.11216E+01    0.82868E+03    0.29184E+01
    0.64772E+02   -0.37146E+01    0.10009E+04    0.30004E+01
    0.52602E+02   -0.41646E+01    0.14412E+04    0.31587E+01
    0.51529E+02   -0.29789E+01    0.11305E+04    0.30533E+01
    0.46334E+02   -0.17091E+02    0.68854E+03    0.28379E+01
    0.65666E+02   -0.27096E+01    0.75159E+03    0.28760E+01
    0.12347E+03   -0.11193E+01    0.10512E+04    0.30217E+01
    0.52923E+02   -0.57091E+01    0.16847E+04    0.32265E+01
    0.51071E+02   -0.24210E+01    0.96308E+03    0.29837E+01
    0.13660E+03   -0.51662E+01    0.16550E+04    0.32188E+01
    0.52045E+02   -0.15362E+02    0.85420E+03    0.29316E+01
    0.60647E+02   -0.28578E+01    0.88738E+03    0.29481E+01
    0.54242E+02   -0.37275E+01    0.13193E+04    0.31203E+01
    0.39694E+02   -0.63365E+01    0.26765E+04    0.34276E+01
    0.12858E+03   -0.29994E+01    0.20167E+04    0.33046E+01
    0.12985E+03   -0.83215E+01    0.22006E+04    0.33425E+01
    0.39529E+02   -0.25080E+01    0.14606E+04    0.31645E+01
    0.46233E+02   -0.17824E+01    0.82576E+03    0.29169E+01
    0.87108E+02   -0.72824E+01    0.12355E+04    0.30919E+01
    0.48922E+02   -0.21385E+01    0.86622E+03    0.29376E+01
    0.65016E+02   -0.84207E+01    0.16071E+04    0.32060E+01
    0.41374E+02   -0.80586E+01    0.24145E+04    0.33828E+01
    0.62765E+02   -0.28912E+01    0.83591E+03    0.29222E+01
    0.55152E+02   -0.27511E+01    0.10612E+04    0.30258E+01
    0.63147E+02   -0.42914E+01    0.11515E+04    0.30613E+01
    0.28279E+02   -0.65445E+01    0.19780E+04    0.32962E+01
    0.11543E+03   -0.73291E+01    0.18535E+04    0.32680E+01
    0.12841E+02   -0.82492E+01    0.14116E+04    0.31497E+01
    0.73130E+02   -0.13397E+01    0.41267E+03    0.26156E+01
    0.63575E+02   -0.58334E+01    0.14202E+04    0.31524E+01
    0.89667E+02   -0.13603E+01    0.39441E+03    0.25960E+01
    0.20540E+02   -0.16369E+01    0.12798E+04    0.31071E+01
    0.60121E+02   -0.23848E+01    0.78806E+03    0.28966E+01
    0.16886E+01   -0.14589E+01    0.76471E+03    0.28835E+01
    0.12179E+03   -0.13130E+01    0.10320E+04    0.30137E+01
    0.12901E+03   -0.78083E+01    0.23677E+04    0.33743E+01
    0.53671E+02   -0.31423E+01    0.12075E+04    0.30819E+01
    0.88373E+02   -0.16185E+02    0.10720E+04    0.30302E+01
    0.46146E+02   -0.13929E+02    0.11202E+04    0.30493E+01
    0.53371E+02   -0.75300E+01    0.17507E+04    0.32432E+01
    0.54661E+02   -0.22961E+01    0.96924E+03    0.29864E+01
    0.87082E+02   -0.15032E+02    0.11637E+04    0.30658E+01
    0.37642E+02   -0.97169E+01    0.20688E+04    0.33157E+01
    0.13074E+03   -0.43581E+01    0.23322E+04    0.33678E+01
    0.13972E+03   -0.76009E+01    0.14240E+04    0.31535E+01
    0.22967E+02   -0.45804E+01    0.20440E+04    0.33105E+01
    0.15531E+02   -0.84738E+01    0.14480E+04    0.31608E+01
    0.54206E+02   -0.83703E+01    0.16953E+04    0.32292E+01
    0.12989E+03   -0.29671E+01    0.20072E+04    0.33026E+01
    0.91840E+02   -0.13615E+01    0.40311E+03    0.26054E+01
    0.11891E+03   -0.12672E+01    0.95269E+03    0.29790E+01
    0.90722E+02   -0.23632E+01    0.53683E+03    0.27298E+01
    0.17117E+02   -0.36752E+01    0.18883E+04    0.32761E+01
    0.86508E+02   -0.22068E+01    0.49893E+03    0.26980E+01
    0.30048E+02   -0.24605E+01    0.17517E+04    0.32435E+01
    0.46741E+02   -0.19576E+01    0.86674E+03    0.29379E+01
    0.13570E+03   -0.14071E+01    0.14281E+04    0.31548E+01
    0.64129E+02   -0.76226E+01    0.15853E+04    0.32001E+01
    0.11777E+03   -0.23974E+01    0.13529E+04    0.31313E+01
    0.12576E+03   -0.15755E+01    0.13222E+04    0.31213E+01
    0.11401E+03   -0.24436E+01    0.13129E+04    0.31182E+01
    0.10754E+03   -0.19402E+02    0.57064E+03    0.27564E+01
    0.12153E+03   -0.23728E+01    0.14390E+04    0.31581E+01
    0.10900E+03   -0.25544E+01    0.12276E+04    0.30891E+01
    0.10514E+03   -0.25065E+01    0.10683E+04    0.30287E+01
    0.10128E+03   -0.26323E+01    0.93005E+03    0.29685E+01
    0.41481E+02   -0.25877E+02    0.30050E+03    0.24778E+01
    0.86678E+02   -0.21575E+02    0.71048E+03    0.28516E+01
    0.31196E+02   -0.29134E+01    0.18323E+04    0.32630E+01
    0.31929E+02   -0.27040E+01    0.17353E+04    0.32394E+01
    0.73173E-01   -0.21781E+02    0.84591E+03    0.29273E+01
    0.12295E+03   -0.23058E+01    0.15525E+04    0.31910E+01
    0.31998E+02   -0.20487E+01    0.14270E+04    0.31544E+01
    0.34650E+02   -0.27083E+01    0.17498E+04    0.32430E+01
    0.43741E+02   -0.76764E+01    0.22986E+04    0.33615E+01
    0.11442E+03   -0.61105E+01    0.19042E+04    0.32797E+01
    0.12528E+03   -0.24465E+01    0.17615E+04    0.32459E+01
    0.11919E+03   -0.23300E+01    0.13706E+04    0.31369E+01
    0.11541E+03   -0.23728E+01    0.13208E+04    0.31208E+01
    0.10266E+03   -0.26037E+01    0.99280E+03    0.29969E+01
    0.11164E+03   -0.25671E+01    0.13343E+04    0.31253E+01
    0.98823E+02   -0.26813E+01    0.84784E+03    0.29283E+01
    0.11866E+03   -0.81477E+01    0.18564E+04    0.32687E+01
    0.23321E+02   -0.83141E+01    0.14533E+04    0.31623E+01
    0.97432E+02   -0.26163E+01    0.80502E+03    0.29058E+01
    0.82950E+02   -0.31534E+01    0.68279E+03    0.28343E+01
    0.85737E+02   -0.32107E+01    0.67502E+03    0.28293E+01
    0.89951E+02   -0.34115E+01    0.75455E+03    0.28777E+01
    0.92865E+02   -0.35755E+01    0.87872E+03    0.29438E+01
    0.95045E+02   -0.94465E+01    0.14348E+04    0.31568E+01
    0.96239E+02   -0.26089E+01    0.76600E+03    0.28842E+01
    0.37250E+02   -0.31867E+01    0.19468E+04    0.32893E+01
    0.40732E+02   -0.28063E+01    0.15566E+04    0.31922E+01
    0.71046E+02   -0.33159E+01    0.79665E+03    0.29013E+01
    0.78892E+02   -0.29849E+01    0.67829E+03    0.28314E+01
    0.90577E+02   -0.21178E+02    0.72790E+03    0.28621E+01
    0.76837E+02   -0.99495E+01    0.13418E+04    0.31277E+01
    0.66975E+02   -0.29507E+01    0.78207E+03    0.28932E+01
    0.42175E+02   -0.17111E+01    0.99504E+03    0.29978E+01
    0.19108E+02   -0.74391E+01    0.16368E+04    0.32140E+01
    0.12036E+03   -0.24847E+01    0.14415E+04    0.31588E+01
    0.11659E+03   -0.25120E+01    0.13817E+04    0.31404E+01
    0.11281E+03   -0.25510E+01    0.13518E+04    0.31309E+01
    0.10778E+03   -0.26258E+01    0.12193E+04    0.30861E+01
    0.10388E+03   -0.26260E+01    0.10388E+04    0.30165E+01
    0.10005E+03   -0.26604E+01    0.89591E+03    0.29523E+01
    0.42171E+02   -0.91065E+01    0.21711E+04    0.33367E+01
    0.12412E+03   -0.24548E+01    0.17125E+04    0.32336E+01
    0.10075E+03   -0.79692E+01    0.13427E+04    0.31280E+01
    0.32476E+02   -0.17765E+01    0.12721E+04    0.31045E+01
    0.50335E+02   -0.93895E+01    0.17114E+04    0.32333E+01
    0.12289E+03   -0.82830E+01    0.20466E+04    0.33110E+01
    0.27840E+02   -0.29245E+01    0.20170E+04    0.33047E+01
    0.12528E+03   -0.82881E+01    0.21970E+04    0.33418E+01
    0.10516E+03   -0.78563E+01    0.12984E+04    0.31134E+01
    0.10957E+03   -0.81250E+01    0.14101E+04    0.31492E+01
    0.11623E+03   -0.79881E+01    0.17855E+04    0.32518E+01
    0.12073E+03   -0.83719E+01    0.19164E+04    0.32825E+01
    0.77334E+02   -0.20786E+02    0.74072E+03    0.28697E+01
    0.77046E+02   -0.23931E+01    0.59281E+03    0.27729E+01
    0.73999E+02   -0.22405E+01    0.56391E+03    0.27512E+01
    0.35379E+02   -0.24862E+01    0.16535E+04    0.32184E+01
    0.46209E+01   -0.55052E+01    0.91704E+03    0.29624E+01
    0.51675E+02   -0.90492E+01    0.17070E+04    0.32322E+01
    0.38008E+02   -0.29019E+01    0.17607E+04    0.32457E+01
    0.24234E+02   -0.38499E+01    0.20741E+04    0.33168E+01
    0.80214E+02   -0.29933E+01    0.68206E+03    0.28338E+01
    0.81567E+02   -0.30787E+01    0.68177E+03    0.28336E+01
    0.84288E+02   -0.31683E+01    0.66849E+03    0.28251E+01
    0.87083E+02   -0.33032E+01    0.71111E+03    0.28519E+01
    0.88483E+02   -0.33578E+01    0.72264E+03    0.28589E+01
    0.91329E+02   -0.34517E+01    0.79020E+03    0.28977E+01
    0.94183E+02   -0.36967E+01    0.95766E+03    0.29812E+01
    0.83035E+02   -0.86669E+01    0.12431E+04    0.30945E+01
    0.37454E+01   -0.26124E+01    0.79466E+03    0.29002E+01
    0.86618E+02   -0.19236E+02    0.85150E+03    0.29302E+01
    0.11166E+03   -0.82464E+01    0.15095E+04    0.31788E+01
    0.13480E+03   -0.22572E+01    0.15590E+04    0.31928E+01
    0.29750E+02   -0.18812E+01    0.15601E+04    0.31931E+01
    0.87704E+02   -0.91236E+01    0.13472E+04    0.31294E+01
    0.92412E+02   -0.91954E+01    0.14451E+04    0.31599E+01
    0.13072E+03   -0.18204E+01    0.14504E+04    0.31615E+01
    0.97317E+02   -0.96627E+01    0.13782E+04    0.31393E+01
    0.11123E+03   -0.54828E+01    0.17171E+04    0.32348E+01
    0.62502E+02   -0.90687E+01    0.16089E+04    0.32065E+01
    0.21446E+02   -0.74873E+01    0.15988E+04    0.32038E+01
    0.90388E+02   -0.13576E+01    0.39772E+03    0.25996E+01
    0.76424E+02   -0.17170E+02    0.99112E+03    0.29961E+01
    0.13248E+02   -0.95266E+01    0.12816E+04    0.31078E+01
    0.27512E+02   -0.83609E+01    0.15441E+04    0.31887E+01
    0.41432E+02   -0.25571E+01    0.14052E+04    0.31477E+01
    0.34977E+02   -0.11004E+01    0.10734E+04    0.30307E+01
    0.58048E+02   -0.28102E+01    0.96835E+03    0.29860E+01
    0.29165E+02   -0.17607E+01    0.15705E+04    0.31960E+01
    0.10941E+03   -0.16048E+01    0.96746E+03    0.29856E+01
    0.68270E+02   -0.30858E+01    0.78736E+03    0.28962E+01
    0.75695E+02   -0.32798E+01    0.73360E+03    0.28655E+01
    0.48650E+02   -0.66611E+01    0.19134E+04    0.32818E+01
    0.69617E+02   -0.31780E+01    0.78879E+03    0.28970E+01
    0.72447E+02   -0.34475E+01    0.81463E+03    0.29110E+01
    0.73818E+02   -0.36569E+01    0.83135E+03    0.29198E+01
    0.76763E+02   -0.38357E+01    0.83102E+03    0.29196E+01
    0.91111E+02   -0.13466E+01    0.40119E+03    0.26034E+01
    0.19824E+02   -0.24069E+01    0.16260E+04    0.32111E+01
    0.78220E+02   -0.93790E+01    0.13018E+04    0.31146E+01
    0.11596E+03   -0.21316E+02    0.55440E+03    0.27438E+01
    0.69548E+02   -0.90384E+01    0.15167E+04    0.31809E+01
    0.14037E+03   -0.12386E+01    0.13530E+04    0.31313E+01
    0.74412E+02   -0.95959E+01    0.13838E+04    0.31411E+01
    0.79358E+02   -0.10279E+02    0.13045E+04    0.31154E+01
    0.41986E+02   -0.29670E+01    0.15501E+04    0.31904E+01
    0.71895E+02   -0.22585E+01    0.55848E+03    0.27470E+01
    0.71810E+02   -0.29601E+01    0.71990E+03    0.28573E+01
    0.67652E+02   -0.26860E+01    0.70890E+03    0.28506E+01
    0.12171E+03   -0.14492E+02    0.10742E+04    0.30311E+01
    0.20034E+02   -0.17989E+01    0.13601E+04    0.31336E+01
    0.48923E+02   -0.25281E+02    0.32377E+03    0.25102E+01
    0.96319E+02   -0.89154E+01    0.14349E+04    0.31568E+01
    0.10750E+03   -0.79769E+01    0.13447E+04    0.31286E+01
    0.35927E+02   -0.29346E+01    0.18731E+04    0.32726E+01
    0.94214E+02   -0.23218E+01    0.64668E+03    0.28107E+01
    0.93582E+02   -0.32918E+01    0.84527E+03    0.29270E+01
    0.90667E+02   -0.30747E+01    0.69161E+03    0.28399E+01
    0.58631E+02   -0.91669E+01    0.15788E+04    0.31983E+01
    0.86452E+02   -0.28787E+01    0.62711E+03    0.27973E+01
    0.79571E+02   -0.26245E+01    0.61952E+03    0.27921E+01
    0.83626E+02   -0.28058E+01    0.61965E+03    0.27921E+01
    0.38581E+02   -0.34405E+01    0.20100E+04    0.33032E+01
    0.68111E+02   -0.87129E+00    0.36702E+03    0.25647E+01
    0.97878E+02   -0.23300E+01    0.72259E+03    0.28589E+01
    0.13201E+03   -0.33753E+01    0.19930E+04    0.32995E+01
    0.12364E+03   -0.77639E+01    0.22233E+04    0.33470E+01
    0.26019E+02   -0.14331E+01    0.14240E+04    0.31535E+01
    0.63379E+02   -0.10058E+02    0.15680E+04    0.31953E+01
    0.12744E+03   -0.84901E+01    0.22412E+04    0.33505E+01
    0.10553E+03   -0.15478E+01    0.90217E+03    0.29553E+01
    0.14067E+03   -0.64474E+01    0.14066E+04    0.31482E+01
    0.10901E+03   -0.69238E+00    0.75768E+03    0.28795E+01
    0.13120E+03   -0.22226E+01    0.15895E+04    0.32013E+01
    0.11977E+03   -0.77563E+01    0.19547E+04    0.32911E+01
    0.79543E+02   -0.19850E+01    0.50261E+03    0.27012E+01
    0.12092E+03   -0.21325E+01    0.13149E+04    0.31189E+01
    0.11715E+03   -0.21556E+01    0.12563E+04    0.30991E+01
    0.11339E+03   -0.22016E+01    0.12276E+04    0.30891E+01
    0.10836E+03   -0.23146E+01    0.11610E+04    0.30648E+01
    0.10445E+03   -0.22415E+01    0.99169E+03    0.29964E+01
    0.10063E+03   -0.23351E+01    0.84262E+03    0.29256E+01
    0.96850E+02   -0.23299E+01    0.72071E+03    0.28578E+01
    0.10990E+03   -0.16196E+02    0.70443E+03    0.28478E+01
    0.12471E+03   -0.21616E+01    0.16085E+04    0.32064E+01
    0.12359E+03   -0.20571E+01    0.15045E+04    0.31774E+01
    0.73913E+02   -0.12365E+01    0.39687E+03    0.25986E+01
    0.32473E+02   -0.32157E+01    0.19419E+04    0.32882E+01
    0.54836E+02   -0.16858E+01    0.82397E+03    0.29159E+01
    0.99456E+02   -0.23740E+01    0.80152E+03    0.29039E+01
    0.10328E+03   -0.22924E+01    0.96241E+03    0.29834E+01
    0.11225E+03   -0.22382E+01    0.12342E+04    0.30914E+01
    0.11605E+03   -0.21219E+01    0.12373E+04    0.30925E+01
    0.11983E+03   -0.20808E+01    0.12803E+04    0.31073E+01
    0.75174E+02   -0.37189E+01    0.82439E+03    0.29161E+01
    0.11749E+03   -0.75150E+00    0.81519E+03    0.29113E+01
    0.47925E+02   -0.88363E+01    0.18793E+04    0.32740E+01
    0.46974E+02   -0.25327E+01    0.10397E+04    0.30169E+01
    0.52631E+02   -0.99679E+01    0.15846E+04    0.31999E+01
    0.12178E+03   -0.77910E+01    0.20549E+04    0.33128E+01
    0.13160E+03   -0.13021E+01    0.12477E+04    0.30961E+01
    0.10402E+03   -0.24036E+02    0.47170E+03    0.26737E+01
    0.78253E+02   -0.16894E+02    0.10154E+04    0.30066E+01
    0.25326E+02   -0.30316E+01    0.19692E+04    0.32943E+01
    0.29014E+02   -0.32972E+01    0.20841E+04    0.33189E+01
    0.33302E+02   -0.84938E+01    0.19995E+04    0.33009E+01
    0.45346E+02   -0.12093E+01    0.72525E+03    0.28605E+01
    0.75050E+01   -0.55977E+00    0.63466E+03    0.28025E+01
    0.11578E+03   -0.62923E+01    0.19389E+04    0.32876E+01
    0.91223E+01   -0.92649E+00    0.62493E+03    0.27958E+01
    0.10280E+03   -0.79651E+01    0.13044E+04    0.31154E+01
    0.60611E+02   -0.97335E+01    0.15599E+04    0.31931E+01
    0.24304E+02   -0.79713E+01    0.15458E+04    0.31892E+01
    0.19120E+02   -0.23859E+01    0.16028E+04    0.32049E+01
    0.94865E+02   -0.32732E+01    0.89512E+03    0.29519E+01
    0.91488E+02   -0.16210E+02    0.10500E+04    0.30212E+01
    0.12266E+03   -0.12565E+01    0.10460E+04    0.30195E+01
    0.40339E+02   -0.10528E+02    0.18565E+04    0.32687E+01
    0.68891E+02   -0.92949E+00    0.37944E+03    0.25791E+01
    0.10333E+03   -0.17277E+01    0.84302E+03    0.29258E+01
    0.98721E+02   -0.78905E+01    0.13926E+04    0.31438E+01
    0.26728E+02   -0.36106E+01    0.21327E+04    0.33289E+01
    0.29553E+02   -0.91756E+01    0.15189E+04    0.31815E+01
    0.43152E+02   -0.26303E+00    0.62083E+03    0.27930E+01
    0.69221E+02   -0.24351E+02    0.49966E+03    0.26987E+01
    0.85549E+02   -0.88306E+01    0.12876E+04    0.31098E+01
    0.11696E+02   -0.35722E+01    0.12675E+04    0.31029E+01
    0.19550E+02   -0.85195E+01    0.14233E+04    0.31533E+01
    0.98532E+02   -0.90909E+01    0.13712E+04    0.31371E+01
    0.68993E+02   -0.17275E+02    0.93105E+03    0.29690E+01
    0.10862E+02   -0.12811E+01    0.68690E+03    0.28369E+01
    0.11651E+02   -0.12891E+01    0.72966E+03    0.28631E+01
    0.44904E+02   -0.26170E+01    0.11425E+04    0.30578E+01
    0.71440E+02   -0.18848E+01    0.48637E+03    0.26870E+01
    0.57011E+02   -0.19773E+01    0.78749E+03    0.28962E+01
    0.11337E+03   -0.16050E+01    0.10153E+04    0.30066E+01
    0.51150E+00   -0.11551E+01    0.80658E+03    0.29066E+01
    0.74750E+01   -0.48783E+01    0.10364E+04    0.30155E+01
    0.64630E+02   -0.45757E+01    0.11840E+04    0.30734E+01
    0.62928E+02   -0.22156E+01    0.64478E+03    0.28094E+01
    0.18500E+02   -0.56003E+01    0.19333E+04    0.32863E+01
    0.11060E+03   -0.76136E+01    0.15223E+04    0.31825E+01
    0.12637E+03   -0.78605E+01    0.23270E+04    0.33668E+01
    0.28167E+02   -0.17244E+01    0.16242E+04    0.32107E+01
    0.10519E+03   -0.58044E+01    0.13655E+04    0.31353E+01
    0.11014E+03   -0.22182E+01    0.11362E+04    0.30555E+01
    0.38161E+02   -0.22261E+01    0.13379E+04    0.31264E+01
    0.59766E+02   -0.14763E+01    0.58888E+03    0.27700E+01
    0.25659E+02   -0.93843E+01    0.12832E+04    0.31083E+01
    0.74493E+02   -0.33337E+01    0.76511E+03    0.28837E+01
    0.77516E+02   -0.35737E+01    0.78531E+03    0.28950E+01
    0.16743E+02   -0.17682E+01    0.12452E+04    0.30952E+01
    0.13483E+02   -0.60663E+01    0.16177E+04    0.32089E+01
    0.13097E+03   -0.21668E+02    0.79287E+03    0.28992E+01
    0.65534E+02   -0.34424E+01    0.92670E+03    0.29669E+01
    0.13291E+03   -0.21134E+02    0.85258E+03    0.29307E+01
    0.70962E+02   -0.18676E+01    0.48438E+03    0.26852E+01
    0.13961E+02   -0.42068E+01    0.16304E+04    0.32123E+01
    0.54038E+02   -0.45418E+01    0.14924E+04    0.31739E+01
    0.10260E+03   -0.58135E+01    0.13333E+04    0.31249E+01
    0.11713E+03   -0.15655E+01    0.10377E+04    0.30161E+01
    0.88814E+02   -0.19512E+01    0.45671E+03    0.26596E+01
    0.86102E+02   -0.86360E+00    0.34242E+03    0.25346E+01
    0.49285E+02   -0.11665E+01    0.64164E+03    0.28073E+01
    0.80657E+02   -0.97493E+01    0.12814E+04    0.31077E+01
    0.82771E+02   -0.12314E+01    0.38697E+03    0.25877E+01
    0.10922E+03   -0.25711E+02    0.42444E+03    0.26278E+01
    0.18085E+02   -0.25297E+02    0.47971E+03    0.26810E+01
    0.58568E+02   -0.25713E+02    0.33340E+03    0.25230E+01
    0.42625E+02   -0.27072E+01    0.13681E+04    0.31361E+01
    0.12856E+03   -0.23011E+01    0.16888E+04    0.32276E+01
    0.47846E+02   -0.18764E+02    0.57044E+03    0.27562E+01
    0.39752E+02   -0.94323E+01    0.22136E+04    0.33451E+01
    0.11145E+03   -0.62098E+01    0.17126E+04    0.32337E+01
    0.13096E+03   -0.76467E+01    0.22331E+04    0.33489E+01
    0.36583E+02   -0.88812E+01    0.22400E+04    0.33503E+01
    0.45551E+02   -0.26572E+01    0.11316E+04    0.30537E+01
    0.84157E+02   -0.94131E+00    0.35652E+03    0.25521E+01
    0.17805E+02   -0.23190E+01    0.15375E+04    0.31868E+01
    0.25226E+02   -0.19191E+01    0.16066E+04    0.32059E+01
    0.47658E+02   -0.24861E+01    0.10065E+04    0.30028E+01
    0.13886E+03   -0.21588E+01    0.13891E+04    0.31427E+01
    0.53519E+02   -0.18192E+02    0.60770E+03    0.27837E+01
    0.11915E+03   -0.61797E+01    0.20829E+04    0.33187E+01
    0.12085E+03   -0.57469E+01    0.21827E+04    0.33390E+01
    0.10290E+02   -0.44560E+01    0.12431E+04    0.30945E+01
    0.66236E+01   -0.10471E+01    0.67150E+03    0.28270E+01
    0.54984E+02   -0.34876E+01    0.12374E+04    0.30925E+01
    0.55810E+02   -0.25152E+01    0.97463E+03    0.29888E+01
    0.52301E+02   -0.84911E+00    0.65718E+03    0.28177E+01
    0.51260E+02   -0.37388E+01    0.13291E+04    0.31236E+01
    0.19469E+02   -0.55284E+01    0.19391E+04    0.32876E+01
    0.12089E+03   -0.15483E+01    0.10752E+04    0.30315E+01
    0.69906E+02   -0.18016E+01    0.47491E+03    0.26766E+01
    0.88319E+02   -0.19204E+01    0.44678E+03    0.26501E+01
    0.65271E+02   -0.60334E+01    0.14157E+04    0.31510E+01
    0.80946E+02   -0.85296E+01    0.12328E+04    0.30909E+01
    0.32119E+02   -0.93449E+00    0.10767E+04    0.30321E+01
    0.72340E+02   -0.13131E+01    0.41702E+03    0.26202E+01
    0.15727E+02   -0.16834E+01    0.11669E+04    0.30670E+01
    0.64753E+02   -0.97031E+01    0.15916E+04    0.32018E+01
    0.76313E+02   -0.33168E+01    0.73626E+03    0.28670E+01
    0.13182E+02   -0.38883E+01    0.14803E+04    0.31704E+01
    0.67733E+02   -0.20370E+01    0.56829E+03    0.27546E+01
    0.36553E+02   -0.87886E+00    0.92956E+03    0.29683E+01
    0.39304E+02   -0.31975E+01    0.18446E+04    0.32659E+01
    0.93449E+01   -0.20823E+01    0.80446E+03    0.29055E+01
    0.71756E+02   -0.93145E+01    0.14564E+04    0.31633E+01
    0.50013E+02   -0.32380E+01    0.11946E+04    0.30772E+01
    0.48797E+02   -0.28148E+01    0.10838E+04    0.30349E+01
    0.99637E+01   -0.16917E+01    0.74513E+03    0.28722E+01
    0.27977E+02   -0.24134E+02    0.38268E+03    0.25828E+01
    0.59173E+02   -0.15788E+01    0.62071E+03    0.27929E+01
    0.37914E+02   -0.12649E+01    0.98001E+03    0.29912E+01
    0.14575E+02   -0.35192E+01    0.16152E+04    0.32082E+01
    0.10130E+02   -0.91652E+01    0.11882E+04    0.30749E+01
    0.86949E+02   -0.18396E+01    0.44340E+03    0.26468E+01
    0.12522E+03   -0.13797E+01    0.12388E+04    0.30930E+01
    0.84368E+02   -0.25548E+02    0.53477E+03    0.27282E+01
    0.51264E+02   -0.18126E+01    0.79029E+03    0.28978E+01
    0.89798E+02   -0.92177E+01    0.13963E+04    0.31450E+01
    0.32018E+02   -0.14474E+02    0.85390E+03    0.29314E+01
    0.12290E+03   -0.13834E+02    0.11870E+04    0.30745E+01
    0.10517E+03   -0.13553E+02    0.93687E+03    0.29717E+01
    0.12875E+03   -0.12899E+01    0.13074E+04    0.31164E+01
    0.61763E+02   -0.39542E+01    0.11074E+04    0.30443E+01
    0.34134E+02   -0.12024E+01    0.11001E+04    0.30414E+01
    0.13518E+02   -0.15951E+01    0.92600E+03    0.29666E+01
    0.11197E+03   -0.14347E+01    0.90046E+03    0.29545E+01
    0.19722E+02   -0.38315E+01    0.19864E+04    0.32981E+01
    0.14728E+02   -0.96871E+01    0.12856E+04    0.31091E+01
    0.11835E+03   -0.62662E+01    0.20378E+04    0.33092E+01
    0.92446E+02   -0.31020E+01    0.73725E+03    0.28676E+01
    0.16210E+02   -0.16265E+01    0.11471E+04    0.30596E+01
    0.12472E+03   -0.15919E+01    0.13460E+04    0.31290E+01
    0.53911E+02   -0.96047E+01    0.16054E+04    0.32056E+01
    0.60270E+02   -0.17749E+01    0.63919E+03    0.28056E+01
    0.62667E+02   -0.12546E+01    0.48624E+03    0.26869E+01
    0.33194E+02   -0.30246E+01    0.18781E+04    0.32737E+01
    0.87387E+02   -0.18510E+01    0.44216E+03    0.26456E+01
    0.12978E+03   -0.98263E+00    0.12678E+04    0.31030E+01
    0.44883E+02   -0.74959E+01    0.22120E+04    0.33448E+01
    0.58589E+02   -0.23684E+02    0.41006E+03    0.26128E+01
    0.41530E+02   -0.19268E+01    0.11248E+04    0.30511E+01
    0.60444E+02   -0.35852E+01    0.10667E+04    0.30280E+01
    0.59207E+02   -0.32130E+01    0.10218E+04    0.30094E+01
    0.22474E+02   -0.54503E+01    0.19584E+04    0.32919E+01
    0.43385E+02   -0.88694E+01    0.21538E+04    0.33332E+01
    0.10884E+03   -0.14740E+01    0.93410E+03    0.29704E+01
    0.24913E+02   -0.25017E+01    0.18073E+04    0.32570E+01
    0.34516E+02   -0.82415E+01    0.21981E+04    0.33421E+01
    0.26067E+02   -0.22134E+01    0.17641E+04    0.32465E+01
    0.13222E+03   -0.27034E+02    0.67913E+03    0.28320E+01
    0.76153E+02   -0.27147E+02    0.44629E+03    0.26496E+01
    0.10672E+03   -0.27101E+02    0.40474E+03    0.26072E+01
    0.35631E+02   -0.27346E+02    0.28264E+03    0.24512E+01
    0.51070E+02   -0.27058E+02    0.28865E+03    0.24604E+01
    0.20673E+02   -0.27003E+02    0.42268E+03    0.26260E+01
    0.61024E+02   -0.27132E+02    0.31884E+03    0.25036E+01
    0.10144E+02   -0.27189E+02    0.60548E+03    0.27821E+01
    0.11691E+03   -0.26999E+02    0.45219E+03    0.26553E+01
    0.91549E+02   -0.26912E+02    0.47139E+03    0.26734E+01
    0.86587E+02   -0.27045E+02    0.48368E+03    0.26846E+01
    0.55191E+02   -0.15358E+02    0.87318E+03    0.29411E+01
    0.81447E+02   -0.16565E+01    0.43445E+03    0.26379E+01
    0.55634E+02   -0.21649E+02    0.45613E+03    0.26591E+01
    0.30579E+02   -0.64038E+01    0.21903E+04    0.33405E+01
    0.16678E+02   -0.44377E+01    0.19304E+04    0.32856E+01
    0.12817E+03   -0.79782E+01    0.23738E+04    0.33754E+01
    0.10859E+03   -0.74971E+01    0.14236E+04    0.31534E+01
    0.92405E+02   -0.21443E+02    0.70642E+03    0.28491E+01
    0.20204E+02   -0.30830E+01    0.18644E+04    0.32705E+01
    0.33089E+02   -0.26184E+02    0.30888E+03    0.24898E+01
    0.29749E+02   -0.31578E+01    0.20081E+04    0.33028E+01
    0.35426E+02   -0.92503E+01    0.20499E+04    0.33117E+01
    0.31578E+01   -0.46196E+01    0.86016E+03    0.29346E+01
    0.29358E+02   -0.83341E+00    0.13247E+04    0.31221E+01
    0.41726E+02   -0.10361E+02    0.18853E+04    0.32754E+01
    0.33453E+02   -0.23890E+02    0.34578E+03    0.25388E+01
    0.25926E+02   -0.28147E+01    0.19288E+04    0.32853E+01
    0.56667E+01   -0.50059E+01    0.93704E+03    0.29718E+01
    0.75533E+01   -0.25801E+02    0.66674E+03    0.28240E+01
    0.46665E+02   -0.31455E+01    0.12694E+04    0.31036E+01
    0.98397E+02   -0.23895E+01    0.73867E+03    0.28685E+01
    0.85608E+02   -0.17869E+01    0.43604E+03    0.26395E+01
    0.10418E+03   -0.25962E+02    0.42798E+03    0.26314E+01
    0.35466E+02   -0.18821E+01    0.13369E+04    0.31261E+01
    0.89621E+00   -0.25605E+01    0.82390E+03    0.29159E+01
    0.11234E+03   -0.16874E+01    0.10175E+04    0.30075E+01
    0.94326E+02   -0.86421E+01    0.14582E+04    0.31638E+01
    0.12124E+03   -0.74059E+00    0.81356E+03    0.29104E+01
    0.30803E+02   -0.90356E+01    0.16525E+04    0.32181E+01
    0.23855E+02   -0.46079E+01    0.20680E+04    0.33156E+01
    0.47422E+02   -0.20900E+02    0.45349E+03    0.26566E+01
    0.40314E+02   -0.27502E+02    0.27614E+03    0.24411E+01
    0.67148E+02   -0.87857E+01    0.15760E+04    0.31976E+01
    0.82922E+02   -0.19086E+02    0.87273E+03    0.29409E+01
    0.13796E+02   -0.72117E+01    0.15575E+04    0.31924E+01
    0.75392E+01   -0.11686E+01    0.66822E+03    0.28249E+01
    0.27516E+02   -0.35798E+01    0.21471E+04    0.33319E+01
    0.58320E+02   -0.21377E+01    0.79101E+03    0.28982E+01
    0.99460E+02   -0.17686E+01    0.66647E+03    0.28238E+01
    0.90575E+02   -0.85441E+01    0.14005E+04    0.31463E+01
    0.11867E+02   -0.80006E+01    0.13899E+04    0.31430E+01
    0.84830E+02   -0.80774E+01    0.12215E+04    0.30869E+01
    0.64789E+02   -0.22786E+01    0.62995E+03    0.27993E+01
    0.10222E+03   -0.23191E+01    0.89163E+03    0.29502E+01
    0.19853E+02   -0.64980E+01    0.17958E+04    0.32543E+01
    0.85300E+02   -0.27612E+01    0.58015E+03    0.27635E+01
    0.91917E+02   -0.23560E+01    0.57645E+03    0.27608E+01
    0.12313E+03   -0.25876E+02    0.56633E+03    0.27531E+01
    0.25050E+02   -0.37558E+01    0.20916E+04    0.33205E+01
    0.20855E+02   -0.85712E+01    0.14063E+04    0.31481E+01
    0.72630E+02   -0.86538E+01    0.14044E+04    0.31475E+01
    0.14211E+02   -0.51492E+01    0.17158E+04    0.32345E+01
    0.27001E+02   -0.93890E+01    0.13311E+04    0.31242E+01
    0.82693E+02   -0.21444E+02    0.72913E+03    0.28628E+01
    0.68378E+02   -0.11845E+01    0.40899E+03    0.26117E+01
    0.16871E+02   -0.84777E+01    0.14472E+04    0.31605E+01
    0.44188E+02   -0.46197E+01    0.19590E+04    0.32920E+01
    0.13351E+03   -0.21802E+01    0.15307E+04    0.31849E+01
    0.88391E+02   -0.18153E+02    0.92054E+03    0.29640E+01
    0.11048E+03   -0.25967E+01    0.12772E+04    0.31063E+01
    0.83936E+02   -0.12847E+01    0.40556E+03    0.26081E+01
    0.82139E+02   -0.70255E+01    0.11432E+04    0.30581E+01
    0.92629E+02   -0.15224E+02    0.11272E+04    0.30520E+01
    0.50473E+02   -0.69261E+01    0.18406E+04    0.32650E+01
    0.13401E+03   -0.34435E+01    0.18093E+04    0.32575E+01
    0.45749E+02   -0.83799E+01    0.20686E+04    0.33157E+01
    0.13178E+03   -0.58053E+01    0.23167E+04    0.33649E+01
    0.10172E+03   -0.73958E+01    0.13404E+04    0.31272E+01
    0.94973E+02   -0.11430E+01    0.42231E+03    0.26256E+01
    0.84865E+02   -0.17648E+01    0.45974E+03    0.26625E+01
    0.66154E+02   -0.80283E+01    0.15761E+04    0.31976E+01
    0.11185E+03   -0.27110E+02    0.41586E+03    0.26189E+01
    0.56233E+02   -0.87093E+01    0.16374E+04    0.32142E+01
    0.89514E+02   -0.30109E+01    0.64570E+03    0.28100E+01
    0.20034E+02   -0.46585E+01    0.20173E+04    0.33048E+01
    0.52470E+02   -0.12276E+01    0.72987E+03    0.28632E+01
    0.56094E+02   -0.27082E+02    0.29515E+03    0.24700E+01
    0.15312E+02   -0.26793E+02    0.51132E+03    0.27087E+01
    0.71877E+02   -0.70094E+01    0.13361E+04    0.31258E+01
    0.47874E+02   -0.19111E+01    0.83736E+03    0.29229E+01
    0.12503E+03   -0.68015E+00    0.96891E+03    0.29863E+01
    0.29086E+02   -0.73198E+01    0.18728E+04    0.32725E+01
    0.25220E+02   -0.83660E+01    0.14819E+04    0.31708E+01
    0.18711E+02   -0.15896E+02    0.72530E+03    0.28605E+01
    0.13356E+03   -0.15745E+01    0.13395E+04    0.31269E+01
    0.43294E+02   -0.12417E+01    0.78277E+03    0.28936E+01
    0.94411E+01   -0.22119E+02    0.69040E+03    0.28391E+01
    0.14079E+03   -0.17861E+02    0.10642E+04    0.30270E+01
    0.63595E+02   -0.25933E+02    0.36979E+03    0.25680E+01
    0.13483E+03   -0.16679E+01    0.14260E+04    0.31541E+01
    0.34475E+02   -0.64636E+01    0.25846E+04    0.34124E+01
    0.18789E+02   -0.29259E+01    0.18017E+04    0.32557E+01
    0.96181E+02   -0.32723E+01    0.94151E+03    0.29738E+01
    0.70870E+02   -0.12790E+01    0.42356E+03    0.26269E+01
    0.99806E+02   -0.73711E+01    0.13781E+04    0.31393E+01
    0.79979E+02   -0.16351E+01    0.44008E+03    0.26435E+01
    0.75466E+02   -0.15754E+02    0.11188E+04    0.30488E+01
    0.36732E+02   -0.12278E+01    0.10387E+04    0.30165E+01
    0.65618E+02   -0.14913E+02    0.11299E+04    0.30531E+01
    0.96073E+02   -0.21998E+02    0.61801E+03    0.27910E+01
    0.54594E+02   -0.60991E+01    0.16752E+04    0.32241E+01
    0.80487E+02   -0.16141E+01    0.43797E+03    0.26414E+01
    0.12259E+03   -0.19572E+02    0.73266E+03    0.28649E+01
    0.84779E+02   -0.18130E+02    0.93103E+03    0.29690E+01
    0.80289E+02   -0.77741E+01    0.11875E+04    0.30746E+01
    0.69205E+02   -0.11720E+01    0.40731E+03    0.26099E+01
    0.29911E+02   -0.12656E+02    0.10290E+04    0.30124E+01
    0.88205E+02   -0.12884E+01    0.38336E+03    0.25836E+01
    0.98851E+02   -0.57676E+01    0.13438E+04    0.31283E+01
    0.10073E+03   -0.92699E+01    0.12988E+04    0.31135E+01
    0.97481E+02   -0.33335E+01    0.97491E+03    0.29890E+01
    0.11117E+03   -0.13069E+02    0.97210E+03    0.29877E+01
    0.42765E+02   -0.50080E+00    0.65567E+03    0.28167E+01
    0.12035E+03   -0.31517E+01    0.17053E+04    0.32318E+01
    0.11910E+03   -0.30884E+01    0.16561E+04    0.32191E+01
    0.11784E+03   -0.31179E+01    0.16386E+04    0.32145E+01
    0.11658E+03   -0.31802E+01    0.16365E+04    0.32139E+01
    0.11533E+03   -0.31195E+01    0.16007E+04    0.32043E+01
    0.11406E+03   -0.31530E+01    0.15818E+04    0.31991E+01
    0.11280E+03   -0.32283E+01    0.15701E+04    0.31959E+01
    0.11158E+03   -0.32471E+01    0.15262E+04    0.31836E+01
    0.11034E+03   -0.32145E+01    0.14610E+04    0.31647E+01
    0.10902E+03   -0.32237E+01    0.13985E+04    0.31457E+01
    0.10776E+03   -0.32695E+01    0.13442E+04    0.31285E+01
    0.10652E+03   -0.32308E+01    0.12792E+04    0.31069E+01
    0.10520E+03   -0.32479E+01    0.12066E+04    0.30816E+01
    0.10390E+03   -0.33076E+01    0.11633E+04    0.30657E+01
    0.98784E+02   -0.33366E+01    0.10089E+04    0.30039E+01
    0.10263E+03   -0.33055E+01    0.11247E+04    0.30510E+01
    0.10133E+03   -0.33197E+01    0.10778E+04    0.30325E+01
    0.10006E+03   -0.33392E+01    0.10442E+04    0.30188E+01
    0.12286E+03   -0.30575E+01    0.18508E+04    0.32674E+01
    0.12160E+03   -0.30878E+01    0.17443E+04    0.32416E+01
    0.86324E+02   -0.12410E+01    0.38746E+03    0.25882E+01
    0.18247E+02   -0.72813E+01    0.16943E+04    0.32290E+01
    0.38667E+02   -0.12879E+01    0.94874E+03    0.29771E+01
    0.26467E+02   -0.30178E+01    0.20064E+04    0.33024E+01
    0.86752E+02   -0.83996E+01    0.12973E+04    0.31130E+01
    0.83928E+02   -0.15384E+02    0.11501E+04    0.30607E+01
    0.12411E+03   -0.31186E+01    0.19805E+04    0.32968E+01
    0.55273E+02   -0.74722E+00    0.62032E+03    0.27926E+01
    0.84677E+00   -0.16753E+02    0.91905E+03    0.29633E+01
    0.49873E+02   -0.17969E+02    0.61637E+03    0.27898E+01
    0.10777E+03   -0.11132E+01    0.89984E+03    0.29542E+01
    0.13471E+03   -0.25631E+02    0.75517E+03    0.28780E+01
    0.10290E+03   -0.91952E+01    0.12445E+04    0.30950E+01
    0.26833E+02   -0.75071E+01    0.16896E+04    0.32278E+01
    0.10514E+03   -0.90889E+01    0.12214E+04    0.30869E+01
    0.10738E+03   -0.92025E+01    0.12383E+04    0.30928E+01
    0.10956E+03   -0.93573E+01    0.12858E+04    0.31092E+01
    0.11173E+03   -0.94109E+01    0.13594E+04    0.31334E+01
    0.11393E+03   -0.93442E+01    0.14614E+04    0.31648E+01
    0.11622E+03   -0.92411E+01    0.15667E+04    0.31950E+01
    0.11850E+03   -0.93650E+01    0.16410E+04    0.32151E+01
    0.12071E+03   -0.95457E+01    0.17126E+04    0.32337E+01
    0.12294E+03   -0.95402E+01    0.18222E+04    0.32606E+01
    0.24962E+02   -0.15264E+01    0.14050E+04    0.31477E+01
    0.86076E+02   -0.18162E+01    0.43855E+03    0.26420E+01
    0.46606E+02   -0.25708E+02    0.31667E+03    0.25006E+01
    0.13473E+03   -0.40126E+01    0.18155E+04    0.32590E+01
    0.76652E+02   -0.22684E+02    0.62045E+03    0.27927E+01
    0.12645E+03   -0.30230E+01    0.20313E+04    0.33078E+01
    0.10838E+02   -0.81954E+01    0.13145E+04    0.31188E+01
    0.83663E+02   -0.21663E+01    0.50949E+03    0.27071E+01
    0.10135E+02   -0.64024E+01    0.13128E+04    0.31182E+01
    0.78843E+02   -0.37035E+01    0.79903E+03    0.29026E+01
    0.61374E+02   -0.71984E+01    0.15839E+04    0.31997E+01
    0.12520E+03   -0.95563E+01    0.19365E+04    0.32870E+01
    0.12532E+03   -0.31028E+01    0.20397E+04    0.33096E+01
    0.67618E+02   -0.88531E+00    0.37104E+03    0.25694E+01
    0.61496E+01   -0.10214E+01    0.68486E+03    0.28356E+01
    0.70681E+02   -0.86127E+01    0.14675E+04    0.31666E+01
    0.11619E+03   -0.15721E+01    0.10139E+04    0.30060E+01
    0.43643E+02   -0.92465E+00    0.69258E+03    0.28405E+01
    0.45781E+02   -0.20633E+01    0.93354E+03    0.29701E+01
    0.63390E+02   -0.12564E+01    0.49016E+03    0.26903E+01
    0.82974E+02   -0.99650E+01    0.12840E+04    0.31086E+01
    0.42716E+02   -0.20816E+01    0.10979E+04    0.30406E+01
    0.51782E+02   -0.43480E+01    0.14763E+04    0.31692E+01
    0.80172E+02   -0.37820E+01    0.80258E+03    0.29045E+01
    0.88158E+01   -0.12487E+01    0.66587E+03    0.28234E+01
    0.81520E+02   -0.38539E+01    0.80385E+03    0.29052E+01
    0.82891E+02   -0.39286E+01    0.80455E+03    0.29056E+01
    0.84270E+02   -0.39443E+01    0.80242E+03    0.29044E+01
    0.85651E+02   -0.39955E+01    0.81555E+03    0.29115E+01
    0.87029E+02   -0.41274E+01    0.84904E+03    0.29289E+01
    0.88442E+02   -0.41522E+01    0.88120E+03    0.29451E+01
    0.89863E+02   -0.42161E+01    0.92369E+03    0.29655E+01
    0.98036E+02   -0.71901E+01    0.14067E+04    0.31482E+01
    0.91292E+02   -0.42924E+01    0.97411E+03    0.29886E+01
    0.92734E+02   -0.43603E+01    0.10508E+04    0.30215E+01
    0.95352E+02   -0.89482E+00    0.39490E+03    0.25965E+01
    0.94161E+02   -0.44915E+01    0.11174E+04    0.30482E+01
    0.88791E+02   -0.74932E+01    0.13045E+04    0.31154E+01
    0.11812E+03   -0.13502E+02    0.11097E+04    0.30452E+01
    0.91871E+02   -0.30266E+01    0.69941E+03    0.28447E+01
    0.78932E+02   -0.17673E+01    0.46043E+03    0.26632E+01
    0.32451E+02   -0.11936E+01    0.11150E+04    0.30473E+01
    0.73656E+02   -0.87328E+01    0.13771E+04    0.31390E+01
    0.71592E+02   -0.13046E+01    0.42472E+03    0.26281E+01
    0.12721E+03   -0.40281E+01    0.23445E+04    0.33700E+01
    0.12154E+03   -0.27251E+02    0.51123E+03    0.27086E+01
    0.32910E+02   -0.95329E+00    0.10513E+04    0.30217E+01
    0.40997E+02   -0.16314E+01    0.10088E+04    0.30038E+01
    0.85304E+02   -0.10115E+02    0.13150E+04    0.31189E+01
    0.87575E+02   -0.10390E+02    0.13529E+04    0.31313E+01
    0.89891E+02   -0.10531E+02    0.13881E+04    0.31424E+01
    0.92340E+02   -0.10557E+02    0.14110E+04    0.31495E+01
    0.55270E+02   -0.79610E+01    0.16902E+04    0.32279E+01
    0.94801E+02   -0.10786E+02    0.13787E+04    0.31395E+01
    0.97189E+02   -0.11098E+02    0.13031E+04    0.31150E+01
    0.66880E+02   -0.36542E+01    0.94745E+03    0.29766E+01
    0.52334E+01   -0.13944E+02    0.93983E+03    0.29731E+01
    0.44435E+02   -0.17314E+02    0.65585E+03    0.28168E+01
    0.81302E+02   -0.17754E+02    0.96458E+03    0.29843E+01
    0.43981E+02   -0.19389E+02    0.51501E+03    0.27118E+01
    0.12662E+03   -0.45908E+01    0.24819E+04    0.33948E+01
    0.28023E+02   -0.26203E+02    0.34635E+03    0.25395E+01
    0.18411E+02   -0.22767E+02    0.52566E+03    0.27207E+01
    0.13478E+03   -0.22873E+02    0.83263E+03    0.29204E+01
    0.31334E+02   -0.82082E+00    0.10921E+04    0.30383E+01
    0.13682E+03   -0.15275E+02    0.11465E+04    0.30594E+01
    0.30336E+01   -0.28148E+01    0.80411E+03    0.29053E+01
    0.62331E+02   -0.45388E+01    0.12201E+04    0.30864E+01
    0.12461E+03   -0.16586E+02    0.95384E+03    0.29795E+01
    0.93884E+02   -0.25564E+02    0.50285E+03    0.27014E+01
    0.67056E+02   -0.10022E+02    0.15620E+04    0.31937E+01
    0.68203E+02   -0.38086E+01    0.94758E+03    0.29766E+01
    0.45915E+02   -0.31935E+01    0.13328E+04    0.31248E+01
    0.69555E+02   -0.39554E+01    0.94749E+03    0.29766E+01
    0.70936E+02   -0.41228E+01    0.95451E+03    0.29798E+01
    0.72326E+02   -0.42824E+01    0.96451E+03    0.29843E+01
    0.43919E+02   -0.40506E+01    0.17896E+04    0.32528E+01
    0.73728E+02   -0.44444E+01    0.96988E+03    0.29867E+01
    0.11569E+02   -0.22951E+01    0.97514E+03    0.29891E+01
    0.75168E+02   -0.45337E+01    0.96304E+03    0.29836E+01
    0.76629E+02   -0.46600E+01    0.95956E+03    0.29821E+01
    0.22552E+02   -0.73841E+01    0.16173E+04    0.32088E+01
    0.10365E+03   -0.19747E+02    0.60066E+03    0.27786E+01
    0.14230E+03   -0.12694E+01    0.13837E+04    0.31411E+01
    0.13907E+03   -0.29848E+01    0.14106E+04    0.31494E+01
    0.12749E+03   -0.96615E+01    0.19772E+04    0.32961E+01
    0.10367E+03   -0.15976E+02    0.79736E+03    0.29017E+01
    0.40587E+02   -0.34814E+01    0.18953E+04    0.32777E+01
    0.11347E+03   -0.16458E+02    0.70491E+03    0.28481E+01
    0.10000E+03   -0.10120E+01    0.54508E+03    0.27365E+01
    0.50485E+02   -0.38839E+01    0.13581E+04    0.31329E+01
    0.69359E+02   -0.10345E+02    0.15108E+04    0.31792E+01
    0.71704E+02   -0.10627E+02    0.14532E+04    0.31623E+01
    0.74137E+02   -0.10939E+02    0.13864E+04    0.31419E+01
    0.76630E+02   -0.11397E+02    0.13328E+04    0.31248E+01
    0.79105E+02   -0.11797E+02    0.12903E+04    0.31107E+01
    0.11063E+03   -0.66967E+01    0.16307E+04    0.32124E+01
    0.48059E+02   -0.29977E+01    0.11501E+04    0.30607E+01
    0.11115E+03   -0.23143E+01    0.12187E+04    0.30859E+01
    0.49271E+02   -0.33635E+01    0.12416E+04    0.30940E+01
    0.96445E+02   -0.27152E+02    0.45646E+03    0.26594E+01
    0.13822E+03   -0.17423E+02    0.10608E+04    0.30256E+01
    0.10185E+03   -0.18849E+02    0.66735E+03    0.28244E+01
    0.41873E+02   -0.36979E+01    0.18699E+04    0.32718E+01
    0.10525E+03   -0.76657E+00    0.77998E+03    0.28921E+01
    0.61316E+02   -0.91904E+00    0.48083E+03    0.26820E+01
    0.13480E+03   -0.15654E+02    0.11194E+04    0.30490E+01
    0.23174E+02   -0.25868E+02    0.39788E+03    0.25998E+01
    0.12799E+03   -0.20098E+01    0.15651E+04    0.31945E+01
    0.31618E+02   -0.11301E+01    0.11399E+04    0.30569E+01
    0.56133E+02   -0.99992E+01    0.15353E+04    0.31862E+01
    0.11997E+03   -0.15336E+01    0.10420E+04    0.30179E+01
    0.12343E+02   -0.10792E+02    0.11416E+04    0.30575E+01
    0.50121E+02   -0.87731E+00    0.60368E+03    0.27808E+01
    0.34458E+02   -0.33804E+01    0.20623E+04    0.33143E+01
    0.42790E+02   -0.10143E+01    0.73415E+03    0.28658E+01
    0.94301E+02   -0.17739E+01    0.53247E+03    0.27263E+01
    0.56146E+02   -0.92170E+00    0.63077E+03    0.27999E+01
    0.29858E+02   -0.85907E+00    0.12812E+04    0.31076E+01
    0.49314E+02   -0.22524E+02    0.39113E+03    0.25923E+01
    0.60984E+02   -0.41516E+01    0.11743E+04    0.30698E+01
    0.58369E+02   -0.10464E+02    0.14773E+04    0.31695E+01
    0.13706E+03   -0.13289E+02    0.12783E+04    0.31066E+01
    0.60637E+02   -0.10954E+02    0.14517E+04    0.31619E+01
    0.58491E+02   -0.33780E+01    0.10824E+04    0.30344E+01
    0.63104E+02   -0.11423E+02    0.14499E+04    0.31613E+01
    0.91077E+02   -0.12912E+02    0.12938E+04    0.31119E+01
    0.59695E+02   -0.37618E+01    0.11303E+04    0.30532E+01
    0.34947E+02   -0.15838E+01    0.12204E+04    0.30865E+01
    0.74084E+01   -0.13676E+02    0.95463E+03    0.29798E+01
    0.65262E+02   -0.23550E+01    0.64401E+03    0.28089E+01
    0.68832E+02   -0.83813E+01    0.15138E+04    0.31801E+01
    0.21970E+02   -0.23502E+01    0.16546E+04    0.32187E+01
    0.35746E+02   -0.36676E+01    0.22041E+04    0.33432E+01
    0.12841E+03   -0.46338E+01    0.24861E+04    0.33955E+01
    0.37066E+02   -0.39683E+01    0.23011E+04    0.33619E+01
    0.13336E+02   -0.20239E+01    0.10765E+04    0.30320E+01
    0.38398E+02   -0.42563E+01    0.23576E+04    0.33725E+01
    0.93352E+02   -0.85808E+01    0.14530E+04    0.31623E+01
    0.67552E+02   -0.22916E+02    0.56166E+03    0.27495E+01
    0.38632E+02   -0.78173E+01    0.25552E+04    0.34074E+01
    0.16666E+02   -0.61095E+01    0.18433E+04    0.32656E+01
    0.70214E+02   -0.20447E+02    0.70679E+03    0.28493E+01
    0.18126E+02   -0.28972E+01    0.17708E+04    0.32482E+01
    0.13661E+03   -0.19953E+01    0.14737E+04    0.31684E+01
    0.85875E+02   -0.15441E+02    0.11453E+04    0.30589E+01
    0.50199E+02   -0.16047E+02    0.78245E+03    0.28935E+01
    0.45466E+02   -0.94879E+01    0.19135E+04    0.32818E+01
    0.58538E+02   -0.96181E+00    0.53473E+03    0.27281E+01
    0.57996E+02   -0.82858E+01    0.16284E+04    0.32118E+01
    0.29026E+02   -0.11473E+01    0.14136E+04    0.31503E+01
    0.57028E+02   -0.18129E+02    0.64673E+03    0.28107E+01
    0.12372E+03   -0.15186E+01    0.12422E+04    0.30942E+01
    0.10435E+03   -0.16822E+01    0.86001E+03    0.29345E+01
    0.97157E+02   -0.71239E+01    0.14189E+04    0.31520E+01
    0.30987E+02   -0.36152E+01    0.20703E+04    0.33160E+01
    0.41854E+02   -0.88771E+00    0.72356E+03    0.28595E+01
    0.98123E+02   -0.25530E+02    0.48731E+03    0.26878E+01
    0.47648E+02   -0.10079E+02    0.17141E+04    0.32340E+01
    0.21433E+02   -0.14707E+01    0.12496E+04    0.30968E+01
    0.49927E+02   -0.10689E+02    0.15451E+04    0.31890E+01
    0.40161E+02   -0.21701E+02    0.38528E+03    0.25858E+01
    0.41381E+02   -0.86938E+00    0.73752E+03    0.28678E+01
    0.14175E+03   -0.20861E+02    0.98404E+03    0.29930E+01
    0.31917E+02   -0.22458E+02    0.39388E+03    0.25954E+01
    0.52348E+02   -0.11229E+02    0.14244E+04    0.31536E+01
    0.91542E+02   -0.85320E+01    0.14243E+04    0.31536E+01
    0.65507E+02   -0.16663E+02    0.93870E+03    0.29725E+01
    0.12134E+03   -0.16270E+02    0.92794E+03    0.29675E+01
    0.84610E+02   -0.22827E+02    0.65187E+03    0.28142E+01
    0.84769E+02   -0.27540E+01    0.58237E+03    0.27652E+01
    0.78594E+02   -0.15091E+02    0.11412E+04    0.30574E+01
    0.70572E+02   -0.18582E+02    0.84274E+03    0.29257E+01
    0.57717E+01   -0.13611E+01    0.72000E+03    0.28573E+01
    0.11988E+03   -0.68336E+01    0.20784E+04    0.33177E+01
    0.13413E+03   -0.26055E+01    0.16365E+04    0.32139E+01
    0.32269E+02   -0.39828E+01    0.21744E+04    0.33373E+01
    0.61522E+02   -0.12467E+01    0.51627E+03    0.27129E+01
    0.32924E+02   -0.97359E+01    0.16901E+04    0.32279E+01
    0.53615E+02   -0.16278E+02    0.76439E+03    0.28833E+01
    0.82060E+02   -0.81056E+01    0.12094E+04    0.30826E+01
    0.13970E+03   -0.25649E+02    0.84532E+03    0.29270E+01
    0.84641E+02   -0.91893E+00    0.35618E+03    0.25517E+01
    0.68413E+02   -0.14388E+02    0.12425E+04    0.30943E+01
    0.10012E+03   -0.15909E+02    0.87017E+03    0.29396E+01
    0.43299E+02   -0.17941E+01    0.96247E+03    0.29834E+01
    0.13602E+03   -0.20665E+01    0.15035E+04    0.31771E+01
    0.15364E+02   -0.11065E+02    0.11421E+04    0.30577E+01
    0.13777E+03   -0.18542E+01    0.14293E+04    0.31551E+01
    0.17995E+02   -0.17577E+01    0.12881E+04    0.31099E+01
    0.35093E+02   -0.10465E+02    0.16932E+04    0.32287E+01
    0.42265E+02   -0.19490E+02    0.49241E+03    0.26923E+01
    0.79363E+02   -0.76319E+01    0.11876E+04    0.30747E+01
    0.48841E+02   -0.15037E+02    0.92222E+03    0.29648E+01
    0.28750E+02   -0.40855E+01    0.22019E+04    0.33428E+01
    0.37399E+02   -0.11109E+02    0.16433E+04    0.32157E+01
    0.12270E+03   -0.17512E+02    0.86175E+03    0.29354E+01
    0.13725E+03   -0.27098E+02    0.77165E+03    0.28874E+01
    0.17728E+02   -0.12342E+01    0.10990E+04    0.30410E+01
    0.10716E+03   -0.21779E+02    0.50726E+03    0.27052E+01
    0.39806E+02   -0.11897E+02    0.14790E+04    0.31700E+01
    0.67434E+01   -0.70488E+01    0.10523E+04    0.30221E+01
    0.10833E+03   -0.18058E+01    0.10224E+04    0.30096E+01
    0.67688E+02   -0.67687E+01    0.14334E+04    0.31564E+01
    0.43145E+02   -0.15673E+02    0.81706E+03    0.29123E+01
    0.13319E+03   -0.74202E+01    0.20159E+04    0.33045E+01
    0.81393E+02   -0.64780E+01    0.10993E+04    0.30411E+01
    0.29167E+02   -0.10326E+02    0.12940E+04    0.31119E+01
    0.17612E+02   -0.17246E+02    0.68371E+03    0.28349E+01
    0.93229E+02   -0.23090E+01    0.61067E+03    0.27858E+01
    0.22863E+02   -0.95461E+01    0.12338E+04    0.30913E+01
    0.57382E+01   -0.38239E+01    0.88169E+03    0.29453E+01
    0.73720E+02   -0.26225E+02    0.45110E+03    0.26543E+01
    0.41974E+02   -0.21554E+02    0.40201E+03    0.26042E+01
    0.37763E+02   -0.18284E+01    0.11542E+04    0.30623E+01
    0.13082E+03   -0.12343E+01    0.12938E+04    0.31119E+01
    0.12701E+03   -0.33042E+01    0.21462E+04    0.33317E+01
    0.13558E+03   -0.72165E+01    0.17225E+04    0.32362E+01
    0.16791E+02   -0.11059E+02    0.11303E+04    0.30532E+01
    0.11535E+03   -0.19130E+02    0.61497E+03    0.27889E+01
    0.31323E+02   -0.15815E+02    0.69528E+03    0.28422E+01
    0.55946E+02   -0.19244E+01    0.82327E+03    0.29155E+01
    0.57074E+02   -0.81271E+01    0.16525E+04    0.32182E+01
    0.18848E+02   -0.96660E+01    0.12535E+04    0.30981E+01
    0.26346E+02   -0.43262E+01    0.21618E+04    0.33348E+01
    0.27457E+02   -0.24381E+01    0.18798E+04    0.32741E+01
    0.62521E+02   -0.18234E+01    0.56081E+03    0.27488E+01
    0.51118E+02   -0.89646E+00    0.63478E+03    0.28026E+01
    0.95533E+02   -0.36536E+01    0.10076E+04    0.30033E+01
    0.84576E+02   -0.20601E+01    0.50245E+03    0.27011E+01
    0.76706E+02   -0.15138E+01    0.43025E+03    0.26337E+01
    0.73407E+02   -0.24247E+02    0.53080E+03    0.27249E+01
    0.88719E+02   -0.86139E+01    0.13572E+04    0.31326E+01
    0.74136E+02   -0.16992E+01    0.46414E+03    0.26667E+01
    0.31797E+02   -0.18848E+02    0.51334E+03    0.27104E+01
    0.99596E+02   -0.98723E+01    0.12992E+04    0.31137E+01
    0.28746E+02   -0.17460E+02    0.56033E+03    0.27484E+01
    0.12787E+03   -0.40724E+01    0.23491E+04    0.33709E+01
    0.83862E+02   -0.80258E+01    0.12062E+04    0.30814E+01
    0.85612E+02   -0.85885E+00    0.34322E+03    0.25356E+01
    0.25011E+02   -0.10585E+02    0.10893E+04    0.30371E+01
    0.53902E+02   -0.14735E+01    0.78352E+03    0.28941E+01
    0.10057E+03   -0.17702E+01    0.70162E+03    0.28461E+01
    0.60143E+02   -0.78694E+00    0.48533E+03    0.26860E+01
    0.34375E+02   -0.16851E+01    0.12680E+04    0.31031E+01
    0.88993E+02   -0.30025E+01    0.63718E+03    0.28043E+01
    0.95503E+02   -0.72005E+01    0.14358E+04    0.31571E+01
    0.11527E+03   -0.56559E+01    0.19428E+04    0.32884E+01
    0.13324E+03   -0.18531E+02    0.95153E+03    0.29784E+01
    0.39618E+02   -0.73427E+01    0.25979E+04    0.34146E+01
    0.12653E+03   -0.69166E+01    0.24960E+04    0.33973E+01
    0.78127E+02   -0.40329E+01    0.85420E+03    0.29316E+01
    0.77561E+02   -0.74934E+01    0.12025E+04    0.30801E+01
    0.30063E+02   -0.57207E+01    0.22434E+04    0.33509E+01
    0.56552E+02   -0.11937E+01    0.64770E+03    0.28114E+01
    0.85622E+02   -0.65718E+01    0.11204E+04    0.30494E+01
    0.35337E+02   -0.86735E+00    0.10113E+04    0.30049E+01
    0.89875E+02   -0.15335E+02    0.11247E+04    0.30511E+01
    0.12453E+03   -0.77558E+01    0.22766E+04    0.33573E+01
    0.14797E+02   -0.15387E+02    0.82646E+03    0.29172E+01
    0.43147E+02   -0.25859E+02    0.30898E+03    0.24899E+01
    0.81710E+02   -0.10623E+02    0.12888E+04    0.31102E+01
    0.96827E+02   -0.17947E+01    0.59808E+03    0.27768E+01
    0.84890E+02   -0.12357E+01    0.39638E+03    0.25981E+01
    0.25738E+02   -0.16110E+02    0.62587E+03    0.27965E+01
    0.51449E+02   -0.51918E+01    0.16360E+04    0.32138E+01
    0.82879E+02   -0.65250E+01    0.11058E+04    0.30437E+01
    0.13231E+03   -0.19157E+01    0.14281E+04    0.31548E+01
    0.96841E+02   -0.37105E+01    0.10407E+04    0.30173E+01
    0.66997E+02   -0.67078E+01    0.14502E+04    0.31614E+01
    0.10707E+03   -0.61981E+01    0.14218E+04    0.31528E+01
    0.12944E+03   -0.12265E+01    0.13212E+04    0.31210E+01
    0.11973E+03   -0.35062E+01    0.18008E+04    0.32555E+01
    0.11847E+03   -0.34625E+01    0.17739E+04    0.32489E+01
    0.11721E+03   -0.35444E+01    0.17535E+04    0.32439E+01
    0.11596E+03   -0.35369E+01    0.17367E+04    0.32397E+01
    0.11470E+03   -0.34970E+01    0.17083E+04    0.32326E+01
    0.11343E+03   -0.35884E+01    0.16774E+04    0.32246E+01
    0.98135E+02   -0.37065E+01    0.10687E+04    0.30289E+01
    0.11218E+03   -0.35957E+01    0.16370E+04    0.32140E+01
    0.11095E+03   -0.36122E+01    0.15693E+04    0.31957E+01
    0.10967E+03   -0.35745E+01    0.14997E+04    0.31760E+01
    0.10836E+03   -0.36276E+01    0.14251E+04    0.31538E+01
    0.10713E+03   -0.36305E+01    0.13557E+04    0.31322E+01
    0.10585E+03   -0.35978E+01    0.12865E+04    0.31094E+01
    0.10453E+03   -0.36644E+01    0.12298E+04    0.30898E+01
    0.10327E+03   -0.36758E+01    0.11931E+04    0.30767E+01
    0.10198E+03   -0.36777E+01    0.11566E+04    0.30632E+01
    0.10070E+03   -0.37014E+01    0.11220E+04    0.30500E+01
    0.99429E+02   -0.37082E+01    0.10955E+04    0.30396E+01
    0.12098E+03   -0.35145E+01    0.18463E+04    0.32663E+01
    0.10538E+00   -0.27127E+02    0.77056E+03    0.28868E+01
    0.12224E+03   -0.34308E+01    0.19280E+04    0.32851E+01
    0.43204E+02   -0.30792E+01    0.14692E+04    0.31671E+01
    0.29462E+02   -0.15786E+02    0.65662E+03    0.28173E+01
    0.12175E+03   -0.68545E+01    0.21822E+04    0.33389E+01
    0.66152E+02   -0.39495E+01    0.10267E+04    0.30114E+01
    0.12349E+03   -0.34726E+01    0.20458E+04    0.33109E+01
    0.79563E+02   -0.18359E+02    0.91671E+03    0.29622E+01
    0.18873E+02   -0.18251E+01    0.13353E+04    0.31256E+01
    0.70387E+01   -0.21164E+01    0.77159E+03    0.28874E+01
    0.89830E+02   -0.13649E+02    0.12451E+04    0.30952E+01
    0.11916E+03   -0.14335E+02    0.10298E+04    0.30127E+01
    0.10180E+03   -0.99267E+01    0.12304E+04    0.30900E+01
    0.26284E+02   -0.14545E+02    0.72043E+03    0.28576E+01
    0.10401E+03   -0.98253E+01    0.11828E+04    0.30729E+01
    0.10626E+03   -0.98228E+01    0.11708E+04    0.30685E+01
    0.10846E+03   -0.99550E+01    0.11990E+04    0.30788E+01
    0.11065E+03   -0.10010E+02    0.12517E+04    0.30975E+01
    0.11284E+03   -0.10066E+02    0.13239E+04    0.31219E+01
    0.11508E+03   -0.99952E+01    0.14181E+04    0.31517E+01
    0.11737E+03   -0.99925E+01    0.15072E+04    0.31782E+01
    0.11960E+03   -0.10147E+02    0.15754E+04    0.31974E+01
    0.12182E+03   -0.10222E+02    0.16591E+04    0.32199E+01
    0.45455E+02   -0.21301E+02    0.43321E+03    0.26367E+01
    0.12831E+03   -0.15012E+02    0.11782E+04    0.30712E+01
    0.12407E+03   -0.10194E+02    0.17681E+04    0.32475E+01
    0.68848E+02   -0.26379E+02    0.40811E+03    0.26108E+01
    0.12987E+03   -0.96960E+01    0.19394E+04    0.32877E+01
    0.83439E+01   -0.10392E+01    0.66518E+03    0.28229E+01
    0.85342E+02   -0.21330E+01    0.48964E+03    0.26899E+01
    0.65798E+02   -0.10547E+02    0.15473E+04    0.31896E+01
    0.25952E+01   -0.25739E+02    0.75004E+03    0.28751E+01
    0.99986E+02   -0.14900E+01    0.63249E+03    0.28011E+01
    0.67965E+02   -0.83351E+01    0.15343E+04    0.31859E+01
    0.79480E+02   -0.41318E+01    0.85970E+03    0.29343E+01
    0.89651E+02   -0.70165E+01    0.12944E+04    0.31121E+01
    0.12474E+03   -0.34818E+01    0.21402E+04    0.33305E+01
    0.80816E+02   -0.42035E+01    0.86148E+03    0.29352E+01
    0.12080E+03   -0.65127E+01    0.21577E+04    0.33340E+01
    0.82179E+02   -0.42806E+01    0.86327E+03    0.29361E+01
    0.83549E+02   -0.43569E+01    0.86358E+03    0.29363E+01
    0.84933E+02   -0.43655E+01    0.87263E+03    0.29408E+01
    0.86312E+02   -0.44877E+01    0.89586E+03    0.29522E+01
    0.39867E+02   -0.37391E+01    0.20536E+04    0.33125E+01
    0.72456E+02   -0.17916E+02    0.90062E+03    0.29545E+01
    0.87704E+02   -0.45749E+01    0.93375E+03    0.29702E+01
    0.89129E+02   -0.45926E+01    0.98024E+03    0.29913E+01
    0.90542E+02   -0.47200E+01    0.10290E+04    0.30124E+01
    0.91988E+02   -0.47415E+01    0.10942E+04    0.30391E+01
    0.93430E+02   -0.48715E+01    0.11613E+04    0.30649E+01
    0.55650E+02   -0.39519E+01    0.13090E+04    0.31169E+01
    0.14197E+03   -0.15987E+02    0.11620E+04    0.30652E+01
    0.62097E+02   -0.53888E+01    0.13807E+04    0.31401E+01
    0.12592E+03   -0.34205E+01    0.21767E+04    0.33378E+01
    0.85366E+02   -0.12070E+01    0.38728E+03    0.25880E+01
    0.11035E+03   -0.13929E+01    0.88719E+03    0.29480E+01
    0.10190E+03   -0.16836E+02    0.76885E+03    0.28858E+01
    0.84053E+02   -0.10710E+02    0.13039E+04    0.31152E+01
    0.43259E+02   -0.38223E+01    0.17567E+04    0.32447E+01
    0.86379E+02   -0.10950E+02    0.13292E+04    0.31236E+01
    0.88683E+02   -0.11193E+02    0.13569E+04    0.31325E+01
    0.91070E+02   -0.11297E+02    0.13777E+04    0.31391E+01
    0.93537E+02   -0.11401E+02    0.13637E+04    0.31347E+01
    0.95947E+02   -0.11690E+02    0.12967E+04    0.31128E+01
    0.46209E+02   -0.11920E+01    0.70083E+03    0.28456E+01
    0.14229E+03   -0.27051E+02    0.86675E+03    0.29379E+01
    0.66669E+02   -0.91644E+00    0.39668E+03    0.25984E+01
    0.54875E+02   -0.10485E+02    0.14968E+04    0.31752E+01
    0.56298E+02   -0.53866E+01    0.15528E+04    0.31911E+01
    0.93867E+02   -0.23079E+02    0.60094E+03    0.27788E+01
    0.67490E+02   -0.41122E+01    0.10305E+04    0.30131E+01
    0.57765E+02   -0.57605E+01    0.15342E+04    0.31859E+01
    0.47748E+02   -0.65822E+01    0.19804E+04    0.32968E+01
    0.68825E+02   -0.42581E+01    0.10246E+04    0.30105E+01
    0.21339E+02   -0.10523E+01    0.10971E+04    0.30403E+01
    0.70194E+02   -0.44235E+01    0.10284E+04    0.30122E+01
    0.71579E+02   -0.46018E+01    0.10360E+04    0.30154E+01
    0.72977E+02   -0.47680E+01    0.10394E+04    0.30168E+01
    0.74397E+02   -0.49359E+01    0.10329E+04    0.30141E+01
    0.99183E+02   -0.74964E+00    0.46463E+03    0.26671E+01
    0.10580E+03   -0.62039E+01    0.13762E+04    0.31387E+01
    0.75858E+02   -0.50164E+01    0.10237E+04    0.30102E+01
    0.33731E+02   -0.35880E+01    0.21086E+04    0.33240E+01
    0.12822E+02   -0.96749E+00    0.74290E+03    0.28709E+01
    0.83486E+02   -0.12858E+01    0.40513E+03    0.26076E+01
    0.11942E+03   -0.54352E+01    0.20961E+04    0.33214E+01
    0.51498E+01   -0.27112E+02    0.69294E+03    0.28407E+01
    0.68127E+02   -0.10837E+02    0.15149E+04    0.31804E+01
    0.15573E+02   -0.13904E+02    0.91440E+03    0.29611E+01
    0.77554E+02   -0.15466E+01    0.42913E+03    0.26326E+01
    0.12634E+03   -0.10300E+02    0.18413E+04    0.32651E+01
    0.17390E+02   -0.75586E+01    0.16367E+04    0.32140E+01
    0.70440E+02   -0.11232E+02    0.14616E+04    0.31648E+01
    0.72826E+02   -0.11473E+02    0.14037E+04    0.31473E+01
    0.11841E+02   -0.17839E+01    0.85749E+03    0.29332E+01
    0.75278E+02   -0.11915E+02    0.13438E+04    0.31283E+01
    0.77760E+02   -0.12345E+02    0.12913E+04    0.31110E+01
    0.44245E+02   -0.97970E+01    0.19169E+04    0.32826E+01
    0.36081E+02   -0.81201E+00    0.93600E+03    0.29713E+01
    0.37169E+02   -0.12813E+01    0.10370E+04    0.30158E+01
    0.47102E+02   -0.37739E+01    0.14301E+04    0.31554E+01
    0.59636E+02   -0.89439E+01    0.15939E+04    0.32025E+01
    0.10817E+03   -0.86804E+00    0.82803E+03    0.29180E+01
    0.82074E+02   -0.12134E+01    0.38302E+03    0.25832E+01
    0.52145E+02   -0.17110E+01    0.79001E+03    0.28976E+01
    0.41174E+02   -0.39631E+01    0.20487E+04    0.33115E+01
    0.50188E+02   -0.60081E+01    0.17823E+04    0.32510E+01
    0.42566E+02   -0.41812E+01    0.19868E+04    0.32982E+01
    0.10757E+02   -0.10654E+02    0.11218E+04    0.30499E+01
    0.37297E+02   -0.18074E+01    0.11724E+04    0.30691E+01
    0.45897E+02   -0.51685E+01    0.19180E+04    0.32828E+01
    0.30234E+02   -0.37798E+01    0.21228E+04    0.33269E+01
    0.67069E+02   -0.17856E+02    0.85618E+03    0.29326E+01
    0.45030E+02   -0.23352E+02    0.36014E+03    0.25565E+01
    0.12020E+03   -0.53234E+01    0.21243E+04    0.33272E+01
    0.57145E+02   -0.10869E+02    0.14318E+04    0.31559E+01
    0.31666E+02   -0.99453E+01    0.15383E+04    0.31870E+01
    0.13202E+03   -0.95025E+00    0.11523E+04    0.30616E+01
    0.66027E+02   -0.15298E+01    0.48327E+03    0.26842E+01
    0.59401E+02   -0.11461E+02    0.13878E+04    0.31423E+01
    0.61763E+02   -0.11883E+02    0.13736E+04    0.31378E+01
    0.81911E+02   -0.17473E+01    0.43474E+03    0.26382E+01
    0.82881E+01   -0.52630E+00    0.65374E+03    0.28154E+01
    0.84854E+02   -0.16542E+02    0.10749E+04    0.30314E+01
    0.50646E+02   -0.53121E+01    0.16623E+04    0.32207E+01
    0.14007E+03   -0.17955E+01    0.13603E+04    0.31336E+01
    0.34824E+02   -0.73147E+01    0.24844E+04    0.33952E+01
    0.12988E+03   -0.25875E+02    0.66088E+03    0.28201E+01
    0.21434E+02   -0.14808E+02    0.74079E+03    0.28697E+01
    0.35006E+02   -0.38913E+01    0.22783E+04    0.33576E+01
    0.36308E+02   -0.41892E+01    0.24010E+04    0.33804E+01
    0.37640E+02   -0.44992E+01    0.24849E+04    0.33953E+01
    0.99511E+02   -0.11223E+02    0.12215E+04    0.30869E+01
    0.52925E+02   -0.12822E+01    0.76295E+03    0.28825E+01
    0.10727E+03   -0.23244E+01    0.11415E+04    0.30575E+01
    0.11783E+03   -0.21863E+02    0.57816E+03    0.27620E+01
    0.62064E+02   -0.18009E+01    0.56752E+03    0.27540E+01
    0.13056E+02   -0.12309E+02    0.10348E+04    0.30148E+01
    0.60907E+02   -0.64137E+01    0.15304E+04    0.31848E+01
    0.45221E+02   -0.65831E+01    0.21695E+04    0.33364E+01
    0.22992E+02   -0.63497E+01    0.18124E+04    0.32583E+01
    0.10606E+02   -0.17819E+01    0.77800E+03    0.28910E+01
    0.10328E+03   -0.62154E+01    0.13358E+04    0.31257E+01
    0.27967E+02   -0.42007E+01    0.22022E+04    0.33429E+01
    0.46371E+02   -0.10402E+02    0.17068E+04    0.32322E+01
    0.11913E+03   -0.19971E+02    0.64369E+03    0.28087E+01
    0.27812E+02   -0.10474E+02    0.11967E+04    0.30780E+01
    0.12633E+03   -0.17694E+02    0.90489E+03    0.29566E+01
    0.21502E+02   -0.97000E+01    0.12260E+04    0.30885E+01
    0.31111E+02   -0.80514E+01    0.19117E+04    0.32814E+01
    0.48597E+02   -0.11024E+02    0.15228E+04    0.31826E+01
    0.10456E+03   -0.62182E+01    0.13459E+04    0.31290E+01
    0.12863E+03   -0.22476E+00    0.10663E+04    0.30279E+01
    0.63377E+02   -0.24134E+00    0.41481E+03    0.26179E+01
    0.12710E+03   -0.25645E+00    0.96392E+03    0.29840E+01
    0.32612E+02   -0.22508E+00    0.99803E+03    0.29991E+01
    0.12633E+03   -0.23815E+00    0.97347E+03    0.29883E+01
    0.12558E+03   -0.18547E+00    0.89600E+03    0.29523E+01
    0.15375E+02   -0.21651E+00    0.81331E+03    0.29103E+01
    0.64927E+02   -0.20198E+00    0.38207E+03    0.25821E+01
    0.13087E+03   -0.23819E+00    0.11835E+04    0.30732E+01
    0.12338E+03   -0.21651E+00    0.84369E+03    0.29262E+01
    0.13162E+03   -0.25291E+00    0.10898E+04    0.30373E+01
    0.12262E+03   -0.24153E+00    0.78738E+03    0.28962E+01
    0.13238E+03   -0.21651E+00    0.11009E+04    0.30417E+01
    0.12183E+03   -0.24720E+00    0.72715E+03    0.28616E+01
    0.13457E+03   -0.25163E+00    0.13341E+04    0.31252E+01
    0.11962E+03   -0.21651E+00    0.75161E+03    0.28760E+01
    0.11887E+03   -0.24283E+00    0.72605E+03    0.28610E+01
    0.11808E+03   -0.24988E+00    0.77406E+03    0.28888E+01
    0.11588E+03   -0.21651E+00    0.73953E+03    0.28690E+01
    0.11512E+03   -0.24682E+00    0.73953E+03    0.28690E+01
    0.11432E+03   -0.25242E+00    0.70135E+03    0.28459E+01
    0.11213E+03   -0.20212E+00    0.71521E+03    0.28544E+01
    0.11137E+03   -0.20970E+00    0.67563E+03    0.28297E+01
    0.11062E+03   -0.20619E+00    0.73197E+03    0.28645E+01
    0.10765E+03   -0.21454E+00    0.94525E+03    0.29755E+01
    0.10842E+03   -0.19326E+00    0.70871E+03    0.28505E+01
    0.10687E+03   -0.20705E+00    0.91354E+03    0.29607E+01
    0.10875E+02   -0.24859E+00    0.58320E+03    0.27658E+01
    0.11626E+02   -0.25383E+00    0.63947E+03    0.28058E+01
    0.12382E+02   -0.23270E+00    0.62884E+03    0.27985E+01
    0.14634E+02   -0.22628E+00    0.77201E+03    0.28876E+01
    0.18375E+02   -0.21651E+00    0.86098E+03    0.29350E+01
    0.19168E+02   -0.27135E+00    0.87037E+03    0.29397E+01
    0.19888E+02   -0.17310E+00    0.90974E+03    0.29589E+01
    0.22125E+02   -0.21208E+00    0.91986E+03    0.29637E+01
    0.22875E+02   -0.22153E+00    0.10424E+04    0.30180E+01
    0.23625E+02   -0.22094E+00    0.10267E+04    0.30114E+01
    0.25875E+02   -0.21408E+00    0.11319E+04    0.30538E+01
    0.26624E+02   -0.20872E+00    0.11218E+04    0.30499E+01
    0.27374E+02   -0.21406E+00    0.12923E+04    0.31114E+01
    0.29627E+02   -0.17882E+00    0.12469E+04    0.30958E+01
    0.33362E+02   -0.25032E+00    0.95795E+03    0.29813E+01
    0.34125E+02   -0.21651E+00    0.98114E+03    0.29917E+01
    0.34895E+02   -0.21584E+00    0.93609E+03    0.29713E+01
    0.37097E+02   -0.26822E+00    0.83051E+03    0.29193E+01
    0.37876E+02   -0.23079E+00    0.78046E+03    0.28924E+01
    0.38627E+02   -0.24161E+00    0.76466E+03    0.28835E+01
    0.40890E+02   -0.21945E+00    0.69594E+03    0.28426E+01
    0.42363E+02   -0.23777E+00    0.65388E+03    0.28155E+01
    0.44625E+02   -0.21651E+00    0.61999E+03    0.27924E+01
    0.45379E+02   -0.22853E+00    0.60716E+03    0.27833E+01
    0.46144E+02   -0.24002E+00    0.57417E+03    0.27590E+01
    0.48375E+02   -0.21651E+00    0.57126E+03    0.27568E+01
    0.49125E+02   -0.21651E+00    0.54517E+03    0.27365E+01
    0.49880E+02   -0.18164E+00    0.56359E+03    0.27510E+01
    0.52119E+02   -0.17124E+00    0.60418E+03    0.27812E+01
    0.52840E+02   -0.25614E+00    0.68507E+03    0.28357E+01
    0.53625E+02   -0.20788E+00    0.68561E+03    0.28361E+01
    0.55838E+02   -0.20849E+00    0.60652E+03    0.27828E+01
    0.56615E+02   -0.22777E+00    0.57891E+03    0.27626E+01
    0.57375E+02   -0.22153E+00    0.53357E+03    0.27272E+01
    0.59649E+02   -0.20452E+00    0.47897E+03    0.26803E+01
    0.61851E+02   -0.26649E+00    0.41334E+03    0.26163E+01
    0.62626E+02   -0.22636E+00    0.41419E+03    0.26172E+01
    0.67133E+02   -0.23052E+00    0.36575E+03    0.25632E+01
    0.67874E+02   -0.18364E+00    0.33102E+03    0.25199E+01
    0.68625E+02   -0.21651E+00    0.34245E+03    0.25346E+01
    0.70877E+02   -0.24115E+00    0.36292E+03    0.25598E+01
    0.71621E+02   -0.24957E+00    0.37307E+03    0.25718E+01
    0.72372E+02   -0.24366E+00    0.32850E+03    0.25165E+01
    0.74625E+02   -0.21323E+00    0.32232E+03    0.25083E+01
    0.75375E+02   -0.21651E+00    0.33881E+03    0.25300E+01
    0.76124E+02   -0.21594E+00    0.34041E+03    0.25320E+01
    0.78343E+02   -0.22734E+00    0.32088E+03    0.25063E+01
    0.79099E+02   -0.23860E+00    0.32039E+03    0.25057E+01
    0.79875E+02   -0.21651E+00    0.33910E+03    0.25303E+01
    0.82118E+02   -0.23520E+00    0.32309E+03    0.25093E+01
    0.82875E+02   -0.21651E+00    0.33046E+03    0.25191E+01
    0.83641E+02   -0.27121E+00    0.31990E+03    0.25050E+01
    0.85871E+02   -0.17816E+00    0.30785E+03    0.24883E+01
    0.86615E+02   -0.25358E+00    0.30758E+03    0.24880E+01
    0.87387E+02   -0.23479E+00    0.31814E+03    0.25026E+01
    0.89629E+02   -0.24718E+00    0.31171E+03    0.24937E+01
    0.90376E+02   -0.25540E+00    0.33090E+03    0.25197E+01
    0.91125E+02   -0.24608E+00    0.32473E+03    0.25115E+01
    0.93375E+02   -0.21378E+00    0.32348E+03    0.25099E+01
    0.94127E+02   -0.21038E+00    0.32072E+03    0.25061E+01
    0.94889E+02   -0.22298E+00    0.36619E+03    0.25637E+01
    0.97125E+02   -0.21651E+00    0.39306E+03    0.25945E+01
    0.97879E+02   -0.21716E+00    0.39988E+03    0.26019E+01
    0.98651E+02   -0.20498E+00    0.39253E+03    0.25939E+01
    0.10088E+03   -0.21248E+00    0.54778E+03    0.27386E+01
    0.10162E+03   -0.21497E+00    0.56560E+03    0.27525E+01
    0.10237E+03   -0.20826E+00    0.69627E+03    0.28428E+01
    0.10467E+03   -0.24888E+00    0.74281E+03    0.28709E+01
    0.64169E+02   -0.28010E+00    0.42123E+03    0.26245E+01
    0.16125E+02   -0.21433E+00    0.89817E+03    0.29534E+01
    0.31853E+02   -0.21882E+00    0.10208E+04    0.30089E+01
    0.12788E+03   -0.26918E+00    0.10776E+04    0.30324E+01
    0.10011E+03   -0.20041E+00    0.49348E+03    0.26933E+01
    0.96360E+02   -0.22041E+00    0.40394E+03    0.26063E+01
    0.92622E+02   -0.25234E+00    0.31882E+03    0.25036E+01
    0.95619E+02   -0.18614E+00    0.36648E+03    0.25640E+01
    0.91872E+02   -0.25242E+00    0.33035E+03    0.25190E+01
    0.85125E+02   -0.24883E+00    0.32143E+03    0.25071E+01
    0.88888E+02   -0.26107E+00    0.31599E+03    0.24997E+01
    0.81375E+02   -0.21651E+00    0.32983E+03    0.25183E+01
    0.84377E+02   -0.20952E+00    0.32636E+03    0.25137E+01
    0.88138E+02   -0.24853E+00    0.31021E+03    0.24917E+01
    0.80625E+02   -0.21651E+00    0.34066E+03    0.25323E+01
    0.73876E+02   -0.22432E+00    0.31916E+03    0.25040E+01
    0.73127E+02   -0.25134E+00    0.33419E+03    0.25240E+01
    0.70116E+02   -0.24443E+00    0.34816E+03    0.25418E+01
    0.58882E+02   -0.22411E+00    0.49336E+03    0.26932E+01
    0.66350E+02   -0.20695E+00    0.36072E+03    0.25572E+01
    0.61100E+02   -0.21595E+00    0.47101E+03    0.26730E+01
    0.58129E+02   -0.23006E+00    0.50662E+03    0.27047E+01
    0.51992E+02   -0.59333E+01    0.17219E+04    0.32360E+01
    0.50627E+02   -0.24688E+00    0.55779E+03    0.27465E+01
    0.47630E+02   -0.21934E+00    0.56886E+03    0.27550E+01
    0.46891E+02   -0.22325E+00    0.59322E+03    0.27732E+01
    0.40127E+02   -0.21583E+00    0.71149E+03    0.28522E+01
    0.50984E+02   -0.11610E+02    0.13801E+04    0.31399E+01
    0.39375E+02   -0.21651E+00    0.73701E+03    0.28675E+01
    0.36369E+02   -0.19897E+00    0.84060E+03    0.29246E+01
    0.28875E+02   -0.21651E+00    0.13368E+04    0.31261E+01
    0.30375E+02   -0.24216E+00    0.11697E+04    0.30681E+01
    0.13836E+03   -0.36645E+01    0.14684E+04    0.31668E+01
    0.12907E+03   -0.61816E+01    0.25622E+04    0.34086E+01
    0.28132E+02   -0.23083E+00    0.12745E+04    0.31053E+01
    0.25125E+02   -0.21651E+00    0.10213E+04    0.30091E+01
    0.69375E+02   -0.21612E+00    0.33528E+03    0.25254E+01
    0.66887E+02   -0.14135E+02    0.12557E+04    0.30989E+01
    0.13013E+03   -0.23551E+00    0.11325E+04    0.30540E+01
    0.19011E+02   -0.36954E+01    0.19508E+04    0.32902E+01
    0.21371E+02   -0.21227E+00    0.90879E+03    0.29585E+01
    0.94856E+02   -0.49252E+01    0.12127E+04    0.30838E+01
    0.24375E+02   -0.21333E+00    0.10561E+04    0.30237E+01
    0.16888E+02   -0.24640E+00    0.86506E+03    0.29370E+01
    0.31515E+02   -0.41728E+01    0.22010E+04    0.33426E+01
    0.61935E+02   -0.12722E+01    0.51036E+03    0.27079E+01
    0.13641E+03   -0.93557E+00    0.14032E+04    0.31471E+01
    0.13877E+02   -0.21506E+00    0.68237E+03    0.28340E+01
    0.12938E+03   -0.21651E+00    0.12024E+04    0.30801E+01
    0.57982E+02   -0.16835E+01    0.67975E+03    0.28323E+01
    0.39177E+02   -0.18002E+02    0.56756E+03    0.27540E+01
    0.65922E+02   -0.64088E+01    0.14428E+04    0.31592E+01
    0.55298E+02   -0.19304E+02    0.55821E+03    0.27468E+01
    0.33805E+02   -0.10698E+02    0.15424E+04    0.31882E+01
    0.88132E+02   -0.68857E+01    0.12318E+04    0.30905E+01
    0.51845E+02   -0.79895E+00    0.63494E+03    0.28027E+01
    0.75038E+02   -0.23992E+01    0.58765E+03    0.27691E+01
    0.25531E+02   -0.44189E+01    0.21223E+04    0.33268E+01
    0.81565E+02   -0.12131E+02    0.12711E+04    0.31042E+01
    0.17633E+02   -0.23101E+00    0.89901E+03    0.29538E+01
    0.17495E+02   -0.96853E+01    0.12718E+04    0.31044E+01
    0.13721E+03   -0.10115E+01    0.14138E+04    0.31504E+01
    0.36007E+02   -0.11488E+02    0.15005E+04    0.31762E+01
    0.27224E+02   -0.66672E+01    0.18889E+04    0.32762E+01
    0.12088E+03   -0.20682E+02    0.65161E+03    0.28140E+01
    0.60644E+02   -0.16584E+02    0.85349E+03    0.29312E+01
    0.56943E+02   -0.70162E+01    0.16457E+04    0.32164E+01
    0.13129E+02   -0.22099E+00    0.71533E+03    0.28545E+01
    0.38382E+02   -0.12183E+02    0.13903E+04    0.31431E+01
    0.12712E+03   -0.13894E+02    0.13192E+04    0.31203E+01
    0.94152E+02   -0.15274E+02    0.10913E+04    0.30379E+01
    0.54388E+02   -0.19099E+00    0.61693E+03    0.27902E+01
    0.69679E+02   -0.91959E+00    0.38448E+03    0.25849E+01
    0.62693E+02   -0.60988E+01    0.14688E+04    0.31670E+01
    0.40786E+02   -0.13160E+02    0.12224E+04    0.30872E+01
    0.77298E+02   -0.52018E+01    0.10155E+04    0.30067E+01
    0.56495E+02   -0.17228E+01    0.74856E+03    0.28742E+01
    0.13486E+03   -0.17896E+02    0.10150E+04    0.30064E+01
    0.61292E+02   -0.55691E+01    0.14257E+04    0.31540E+01
    0.15713E+02   -0.17026E+02    0.73187E+03    0.28644E+01
    0.23105E+02   -0.19944E+01    0.15578E+04    0.31925E+01
    0.43791E+02   -0.27303E+01    0.12793E+04    0.31070E+01
    0.54431E+02   -0.13795E+01    0.75774E+03    0.28795E+01
    0.12441E+03   -0.20756E+02    0.71933E+03    0.28569E+01
    0.44491E+02   -0.35765E+01    0.16134E+04    0.32077E+01
    0.23626E+02   -0.10690E+02    0.10677E+04    0.30284E+01
    0.11537E+03   -0.15891E+02    0.75753E+03    0.28794E+01
    0.56686E+01   -0.18675E+02    0.81588E+03    0.29116E+01
    0.14017E+03   -0.93040E+01    0.13753E+04    0.31384E+01
    0.45239E+02   -0.51573E+01    0.19924E+04    0.32994E+01
    0.47592E+01   -0.12584E+01    0.72658E+03    0.28613E+01
    0.64304E+02   -0.12416E+02    0.13719E+04    0.31373E+01
    0.29848E+02   -0.19086E+02    0.49818E+03    0.26974E+01
    0.12608E+03   -0.11900E+01    0.11523E+04    0.30616E+01
    0.10382E+03   -0.15020E+01    0.81478E+03    0.29110E+01
    0.26828E+02   -0.17617E+02    0.55286E+03    0.27426E+01
    0.39016E+02   -0.48054E+01    0.25095E+04    0.33996E+01
    0.17834E+02   -0.35941E+01    0.19039E+04    0.32796E+01
    0.23121E+01   -0.17502E+01    0.76335E+03    0.28827E+01
    0.95235E+02   -0.16461E+02    0.95287E+03    0.29790E+01
    0.96728E+01   -0.20032E+02    0.72744E+03    0.28618E+01
    0.93987E+02   -0.14794E+01    0.45070E+03    0.26539E+01
    0.91669E+02   -0.17870E+02    0.89628E+03    0.29524E+01
    0.39832E+01   -0.16497E+02    0.89099E+03    0.29499E+01
    0.10125E+02   -0.21651E+00    0.62999E+03    0.27993E+01
    0.13159E+03   -0.47663E+01    0.22988E+04    0.33615E+01
    0.13539E+03   -0.28595E+00    0.12496E+04    0.30968E+01
    0.13831E+03   -0.18052E+01    0.13990E+04    0.31458E+01
    0.42187E+02   -0.12798E+02    0.12943E+04    0.31120E+01
    0.13807E+03   -0.70926E+01    0.15111E+04    0.31793E+01
    0.66192E+02   -0.10541E+01    0.41971E+03    0.26229E+01
    0.37714E+02   -0.26348E+02    0.28959E+03    0.24618E+01
    0.30238E+02   -0.72149E+01    0.20006E+04    0.33012E+01
    0.11893E+03   -0.25750E+02    0.50028E+03    0.26992E+01
    0.13943E+03   -0.22796E+02    0.90811E+03    0.29581E+01
    0.86766E+02   -0.12706E+01    0.39399E+03    0.25955E+01
    0.12692E+03   -0.19788E+01    0.15666E+04    0.31950E+01
    0.59647E+02   -0.15323E+02    0.98174E+03    0.29920E+01
    0.79243E+02   -0.20483E+02    0.77383E+03    0.28886E+01
    0.30605E+02   -0.27338E+02    0.31260E+03    0.24950E+01
    0.84132E+02   -0.18350E+01    0.46974E+03    0.26719E+01
    0.12466E+02   -0.12075E+01    0.76341E+03    0.28828E+01
    0.33534E+02   -0.43474E+01    0.23300E+04    0.33674E+01
    0.65522E+02   -0.15252E+01    0.49051E+03    0.26907E+01
    0.20625E+02   -0.20972E+00    0.91573E+03    0.29618E+01
    0.25787E+02   -0.11858E+02    0.95861E+03    0.29816E+01
    0.12813E+03   -0.16842E+02    0.99466E+03    0.29977E+01
    0.58153E+02   -0.11736E+01    0.58441E+03    0.27667E+01
    0.50205E+02   -0.46133E+01    0.15375E+04    0.31868E+01
    0.47811E+02   -0.36727E+01    0.13625E+04    0.31343E+01
    0.13705E+03   -0.21486E+02    0.90504E+03    0.29567E+01
    0.82817E+02   -0.18068E+01    0.44075E+03    0.26442E+01
    0.64125E+02   -0.13944E+02    0.12050E+04    0.30810E+01
    0.54699E+02   -0.51341E+01    0.15659E+04    0.31948E+01
    0.10602E+03   -0.13557E+01    0.90584E+03    0.29570E+01
    0.97083E+02   -0.14103E+02    0.10829E+04    0.30346E+01
    0.26887E+02   -0.50838E+01    0.21322E+04    0.33288E+01
    0.65469E+02   -0.72555E+00    0.40580E+03    0.26083E+01
    0.20760E+02   -0.13423E+02    0.84503E+03    0.29269E+01
    0.60747E+02   -0.49165E+01    0.13339E+04    0.31251E+01
    0.58219E+02   -0.41116E+01    0.12530E+04    0.30980E+01
    0.35743E+01   -0.13012E+01    0.73560E+03    0.28666E+01
    0.56303E+02   -0.35753E+01    0.11810E+04    0.30722E+01
    0.98399E+02   -0.16877E+02    0.84856E+03    0.29287E+01
    0.99957E+02   -0.19731E+02    0.64823E+03    0.28117E+01
    0.38887E+02   -0.56995E+01    0.26849E+04    0.34289E+01
    0.88562E+02   -0.98242E+00    0.35825E+03    0.25542E+01
    0.45366E+02   -0.27485E+02    0.28608E+03    0.24565E+01
    0.10002E+03   -0.25739E+02    0.46769E+03    0.26700E+01
    0.30017E+02   -0.44638E+01    0.22297E+04    0.33482E+01
    0.42594E+02   -0.11369E+02    0.16052E+04    0.32055E+01
    0.10173E+03   -0.27361E+02    0.42084E+03    0.26241E+01
    0.38660E+02   -0.19962E+02    0.44695E+03    0.26503E+01
    0.13213E+03   -0.82682E+01    0.20342E+04    0.33084E+01
    0.13626E+02   -0.26245E+01    0.12726E+04    0.31047E+01
    0.98318E+02   -0.11877E+02    0.12087E+04    0.30823E+01
    0.12143E+02   -0.13702E+02    0.94595E+03    0.29759E+01
    0.10848E+03   -0.15330E+02    0.78717E+03    0.28961E+01
    0.68357E+02   -0.21005E+02    0.65589E+03    0.28168E+01
    0.18424E+02   -0.16482E+01    0.12349E+04    0.30916E+01
    0.10388E+03   -0.20642E+00    0.71246E+03    0.28528E+01
    0.12750E+03   -0.29403E+01    0.20066E+04    0.33025E+01
    0.41625E+02   -0.20498E+00    0.66043E+03    0.28198E+01
    0.20866E+02   -0.10905E+02    0.10752E+04    0.30315E+01
    0.93024E+02   -0.19189E+02    0.80440E+03    0.29055E+01
    0.11821E+02   -0.16788E+02    0.80426E+03    0.29054E+01
    0.12909E+02   -0.15297E+02    0.85540E+03    0.29322E+01
    0.65302E+02   -0.50615E+01    0.12717E+04    0.31044E+01
    0.77603E+02   -0.20966E+00    0.32958E+03    0.25180E+01
    0.93624E+01   -0.19068E+00    0.61400E+03    0.27882E+01
    0.46857E+02   -0.44423E+01    0.16469E+04    0.32167E+01
    0.64401E+01   -0.24557E+01    0.80509E+03    0.29058E+01
    0.62701E+02   -0.14501E+02    0.11101E+04    0.30454E+01
    0.80258E+02   -0.12776E+02    0.12551E+04    0.30987E+01
    0.10063E+03   -0.11839E+02    0.11403E+04    0.30570E+01
    0.13613E+03   -0.18984E+00    0.13662E+04    0.31355E+01
    0.12734E+03   -0.27341E+02    0.60329E+03    0.27805E+01
    0.51713E+02   -0.16049E+01    0.74376E+03    0.28714E+01
    0.89037E+02   -0.23763E+01    0.54599E+03    0.27372E+01
    0.63707E+02   -0.17333E+02    0.84752E+03    0.29282E+01
    0.37965E+02   -0.60542E+01    0.27397E+04    0.34377E+01
    0.74863E+02   -0.73294E+01    0.12692E+04    0.31035E+01
    0.94824E+02   -0.57859E+01    0.13265E+04    0.31227E+01
    0.32555E+02   -0.17251E+02    0.61281E+03    0.27873E+01
    0.44776E+02   -0.58167E+01    0.21308E+04    0.33285E+01
    0.25481E+02   -0.27365E+02    0.35816E+03    0.25541E+01
    0.95545E+02   -0.45106E+01    0.11620E+04    0.30652E+01
    0.13171E+03   -0.18791E+01    0.14169E+04    0.31513E+01
    0.10612E+03   -0.18685E+00    0.84811E+03    0.29285E+01
    0.35993E+02   -0.22843E+02    0.35504E+03    0.25503E+01
    0.12623E+03   -0.19804E+02    0.78971E+03    0.28975E+01
    0.19517E+02   -0.10923E+02    0.10957E+04    0.30397E+01
    0.12869E+03   -0.10369E+02    0.18394E+04    0.32647E+01
    0.51384E+02   -0.20598E+00    0.59451E+03    0.27742E+01
    0.98255E+02   -0.62032E+01    0.13714E+04    0.31372E+01
    0.47468E+02   -0.50929E+01    0.17559E+04    0.32445E+01
    0.23226E+02   -0.31377E+01    0.19547E+04    0.32911E+01
    0.78041E+02   -0.48368E+01    0.96345E+03    0.29838E+01
    0.89559E+02   -0.23847E+01    0.55097E+03    0.27411E+01
    0.13675E+03   -0.12954E+01    0.14323E+04    0.31560E+01
    0.11851E+03   -0.43687E+01    0.19517E+04    0.32904E+01
    0.11470E+03   -0.43086E+01    0.18621E+04    0.32700E+01
    0.11215E+03   -0.44540E+01    0.17557E+04    0.32444E+01
    0.10969E+03   -0.43833E+01    0.15905E+04    0.32015E+01
    0.98142E+02   -0.44724E+01    0.12031E+04    0.30803E+01
    0.10710E+03   -0.44056E+01    0.14220E+04    0.31529E+01
    0.10327E+03   -0.44488E+01    0.12770E+04    0.31062E+01
    0.10071E+03   -0.43848E+01    0.12263E+04    0.30886E+01
    0.12096E+03   -0.42495E+01    0.20250E+04    0.33064E+01
    0.11004E+03   -0.60415E+01    0.16368E+04    0.32140E+01
    0.12341E+03   -0.43156E+01    0.22262E+04    0.33476E+01
    0.20514E+02   -0.16198E+02    0.68363E+03    0.28348E+01
    0.35778E+02   -0.10632E+01    0.10267E+04    0.30114E+01
    0.10179E+03   -0.11145E+02    0.11540E+04    0.30622E+01
    0.10625E+03   -0.11266E+02    0.10734E+04    0.30308E+01
    0.11280E+03   -0.11348E+02    0.11671E+04    0.30671E+01
    0.11735E+03   -0.11316E+02    0.13160E+04    0.31192E+01
    0.66309E+02   -0.71403E+01    0.14985E+04    0.31757E+01
    0.31756E+02   -0.54760E+01    0.23427E+04    0.33697E+01
    0.23755E+02   -0.13363E+02    0.80998E+03    0.29085E+01
    0.83266E+02   -0.18065E+01    0.44958E+03    0.26528E+01
    0.65625E+02   -0.11895E+02    0.14421E+04    0.31590E+01
    0.80774E+02   -0.50195E+01    0.96586E+03    0.29849E+01
    0.84873E+02   -0.52404E+01    0.98306E+03    0.29926E+01
    0.87657E+02   -0.54109E+01    0.10536E+04    0.30227E+01
    0.90489E+02   -0.55825E+01    0.11681E+04    0.30675E+01
    0.93378E+02   -0.57379E+01    0.12849E+04    0.31089E+01
    0.25949E+02   -0.19441E+02    0.49738E+03    0.26967E+01
    0.27246E+02   -0.11743E+02    0.10099E+04    0.30043E+01
    0.12407E+03   -0.11592E+02    0.15341E+04    0.31859E+01
    0.35625E+02   -0.20137E+00    0.93590E+03    0.29712E+01
    0.14597E+02   -0.12421E+02    0.10238E+04    0.30102E+01
    0.55570E+02   -0.47840E+01    0.14918E+04    0.31737E+01
    0.32793E+02   -0.45511E+01    0.23225E+04    0.33659E+01
    0.83915E+02   -0.12190E+02    0.12761E+04    0.31059E+01
    0.54503E+02   -0.94915E+00    0.68024E+03    0.28327E+01
    0.88615E+02   -0.12696E+02    0.12946E+04    0.31122E+01
    0.95819E+02   -0.13165E+02    0.11936E+04    0.30768E+01
    0.30029E+02   -0.11290E+02    0.11963E+04    0.30778E+01
    0.39764E+02   -0.45312E+01    0.23650E+04    0.33738E+01
    0.83206E+02   -0.94936E+00    0.37044E+03    0.25687E+01
    0.23946E+02   -0.16253E+02    0.63192E+03    0.28007E+01
    0.82690E+02   -0.12953E+02    0.12495E+04    0.30967E+01
    0.43898E+02   -0.11042E+02    0.16580E+04    0.32196E+01
    0.67419E+02   -0.49470E+01    0.11811E+04    0.30723E+01
    0.11053E+03   -0.17392E+01    0.10198E+04    0.30085E+01
    0.70018E+02   -0.52018E+01    0.11668E+04    0.30670E+01
    0.72875E+02   -0.56076E+01    0.11649E+04    0.30663E+01
    0.75755E+02   -0.59557E+01    0.11257E+04    0.30514E+01
    0.14055E+03   -0.41317E+01    0.13922E+04    0.31437E+01
    0.13686E+03   -0.24536E+00    0.13834E+04    0.31410E+01
    0.22940E+02   -0.12084E+02    0.92693E+03    0.29670E+01
    0.70259E+02   -0.12627E+02    0.13781E+04    0.31393E+01
    0.75110E+02   -0.13249E+02    0.12740E+04    0.31052E+01
    0.13152E+03   -0.15301E+02    0.11499E+04    0.30607E+01
    0.97689E+02   -0.15097E+01    0.53301E+03    0.27267E+01
    0.45316E+02   -0.17231E+01    0.86636E+03    0.29377E+01
    0.56838E+02   -0.12455E+02    0.12714E+04    0.31043E+01
    0.66791E+02   -0.19721E+02    0.71188E+03    0.28524E+01
    0.12590E+03   -0.42644E+01    0.23823E+04    0.33770E+01
    0.61538E+02   -0.13433E+02    0.12060E+04    0.30813E+01
    0.42456E+02   -0.50375E+01    0.22734E+04    0.33567E+01
    0.29268E+02   -0.46301E+01    0.22371E+04    0.33497E+01
    0.57667E+02   -0.66358E+01    0.16106E+04    0.32070E+01
    0.37872E+02   -0.13718E+02    0.10863E+04    0.30359E+01
    0.33335E+02   -0.11962E+02    0.12667E+04    0.31027E+01
    0.48169E+02   -0.12407E+02    0.13134E+04    0.31184E+01
    0.31472E+02   -0.16614E+01    0.13165E+04    0.31194E+01
    0.15430E+02   -0.11647E+01    0.99435E+03    0.29975E+01
    0.68270E+02   -0.17652E+01    0.50381E+03    0.27023E+01
    0.23029E+02   -0.14809E+02    0.71846E+03    0.28564E+01
    0.37337E+02   -0.54030E+01    0.26876E+04    0.34294E+01
    0.20975E+02   -0.86900E+00    0.10272E+04    0.30117E+01
    0.43527E+02   -0.45949E+00    0.64259E+03    0.28079E+01
    0.34821E+02   -0.46802E+01    0.24910E+04    0.33964E+01
    0.10294E+03   -0.14680E+01    0.77142E+03    0.28873E+01
    0.14003E+03   -0.31921E+01    0.13864E+04    0.31419E+01
    0.27718E+02   -0.49891E+01    0.21826E+04    0.33390E+01
    0.58510E+02   -0.54615E+01    0.14817E+04    0.31708E+01
    0.35458E+02   -0.17824E+02    0.60313E+03    0.27804E+01
    0.20089E+02   -0.19400E+02    0.57465E+03    0.27594E+01
    0.46586E+02   -0.92466E+00    0.64380E+03    0.28088E+01
    0.11781E+03   -0.55592E+01    0.20277E+04    0.33070E+01
    0.31248E+02   -0.49364E+01    0.22951E+04    0.33608E+01
    0.12639E+03   -0.23314E+01    0.17437E+04    0.32415E+01
    0.30856E+02   -0.84416E+00    0.11567E+04    0.30632E+01
    0.30601E+01   -0.11062E+01    0.72966E+03    0.28631E+01
    0.12999E+03   -0.14330E+02    0.12513E+04    0.30974E+01
    0.66079E+01   -0.56317E+01    0.10103E+04    0.30044E+01
    0.10981E+03   -0.13002E+01    0.87295E+03    0.29410E+01
    0.96937E+02   -0.15826E+02    0.96081E+03    0.29826E+01
    0.98284E+02   -0.18686E+02    0.73383E+03    0.28656E+01
    0.13940E+03   -0.17138E+01    0.13661E+04    0.31355E+01
    0.63339E+02   -0.19184E+02    0.69563E+03    0.28424E+01
    0.85024E+02   -0.70382E+01    0.11563E+04    0.30631E+01
    0.98341E+02   -0.13407E+02    0.11003E+04    0.30415E+01
    0.62394E+02   -0.16139E+02    0.93070E+03    0.29688E+01
    0.23938E+02   -0.62047E+01    0.18499E+04    0.32671E+01
    0.75414E+02   -0.16334E+01    0.45652E+03    0.26595E+01
    0.97767E+02   -0.22862E+02    0.55165E+03    0.27417E+01
    0.24308E+02   -0.53327E+01    0.19976E+04    0.33005E+01
    0.87060E+02   -0.94980E+00    0.36060E+03    0.25570E+01
    0.53391E+02   -0.12042E+02    0.12967E+04    0.31128E+01
    0.43875E+02   -0.19646E+00    0.64899E+03    0.28122E+01
    0.12591E+03   -0.42362E+00    0.94762E+03    0.29766E+01
    0.12826E+03   -0.49395E+00    0.11003E+04    0.30415E+01
    0.12668E+03   -0.49460E+00    0.10015E+04    0.30006E+01
    0.63004E+02   -0.46770E+00    0.41282E+03    0.26158E+01
    0.63796E+02   -0.52144E+00    0.42593E+03    0.26293E+01
    0.12748E+03   -0.52563E+00    0.10411E+04    0.30175E+01
    0.32974E+02   -0.47540E+00    0.97341E+03    0.29883E+01
    0.13123E+03   -0.49110E+00    0.11505E+04    0.30609E+01
    0.12300E+03   -0.45803E+00    0.84801E+03    0.29284E+01
    0.15009E+02   -0.44279E+00    0.80639E+03    0.29065E+01
    0.13199E+03   -0.46942E+00    0.10852E+04    0.30355E+01
    0.12220E+03   -0.48873E+00    0.78988E+03    0.28976E+01
    0.15750E+02   -0.43084E+00    0.88037E+03    0.29447E+01
    0.11925E+03   -0.45933E+00    0.76404E+03    0.28831E+01
    0.11845E+03   -0.49271E+00    0.77226E+03    0.28878E+01
    0.11550E+03   -0.46332E+00    0.74830E+03    0.28741E+01
    0.11469E+03   -0.49924E+00    0.74348E+03    0.28713E+01
    0.34520E+02   -0.43235E+00    0.95832E+03    0.29815E+01
    0.45772E+02   -0.46855E+00    0.60422E+03    0.27812E+01
    0.49505E+02   -0.39815E+00    0.55292E+03    0.27427E+01
    0.19556E+02   -0.44444E+00    0.91435E+03    0.29611E+01
    0.26998E+02   -0.42278E+00    0.12057E+04    0.30812E+01
    0.12008E+02   -0.48654E+00    0.63275E+03    0.28012E+01
    0.11175E+03   -0.41182E+00    0.70851E+03    0.28503E+01
    0.52459E+02   -0.42738E+00    0.63369E+03    0.28019E+01
    0.82493E+02   -0.45170E+00    0.33101E+03    0.25198E+01
    0.90005E+02   -0.50257E+00    0.32689E+03    0.25144E+01
    0.56203E+02   -0.43626E+00    0.60058E+03    0.27786E+01
    0.86236E+02   -0.43174E+00    0.31496E+03    0.24982E+01
    0.93752E+02   -0.42416E+00    0.33011E+03    0.25187E+01
    0.56990E+02   -0.44930E+00    0.55345E+03    0.27431E+01
    0.87001E+02   -0.48837E+00    0.32079E+03    0.25062E+01
    0.94516E+02   -0.43336E+00    0.34670E+03    0.25400E+01
    0.53215E+02   -0.46401E+00    0.69469E+03    0.28418E+01
    0.83266E+02   -0.48772E+00    0.33418E+03    0.25240E+01
    0.90751E+02   -0.50147E+00    0.33701E+03    0.25276E+01
    0.22500E+02   -0.43361E+00    0.10006E+04    0.30003E+01
    0.37474E+02   -0.49901E+00    0.82137E+03    0.29145E+01
    0.23250E+02   -0.44247E+00    0.10633E+04    0.30267E+01
    0.38254E+02   -0.47240E+00    0.79705E+03    0.29015E+01
    0.62228E+02   -0.49284E+00    0.42282E+03    0.26262E+01
    0.11252E+02   -0.50242E+00    0.61870E+03    0.27915E+01
    0.18793E+02   -0.48786E+00    0.89912E+03    0.29538E+01
    0.26249E+02   -0.42280E+00    0.11469E+04    0.30595E+01
    0.10807E+03   -0.40781E+00    0.79987E+03    0.29030E+01
    0.11100E+03   -0.41589E+00    0.70646E+03    0.28491E+01
    0.71993E+02   -0.49323E+00    0.35534E+03    0.25506E+01
    0.10199E+03   -0.42324E+00    0.61551E+03    0.27892E+01
    0.68249E+02   -0.40014E+00    0.34209E+03    0.25341E+01
    0.45004E+02   -0.44503E+00    0.62080E+03    0.27929E+01
    0.79474E+02   -0.45510E+00    0.33373E+03    0.25234E+01
    0.33737E+02   -0.46683E+00    0.98525E+03    0.29935E+01
    0.75749E+02   -0.43245E+00    0.34643E+03    0.25396E+01
    0.98280E+02   -0.42215E+00    0.40321E+03    0.26055E+01
    0.48750E+02   -0.43301E+00    0.56943E+03    0.27554E+01
    0.10727E+03   -0.42159E+00    0.93359E+03    0.29702E+01
    0.67507E+02   -0.41416E+00    0.34812E+03    0.25417E+01
    0.71249E+02   -0.49073E+00    0.37541E+03    0.25745E+01
    0.10125E+03   -0.42745E+00    0.56234E+03    0.27500E+01
    0.75000E+02   -0.42974E+00    0.33611E+03    0.25265E+01
    0.97504E+02   -0.43367E+00    0.39881E+03    0.26008E+01
    0.78692E+02   -0.46594E+00    0.32826E+03    0.25162E+01
    0.32216E+02   -0.44390E+00    0.10192E+04    0.30083E+01
    0.64595E+02   -0.48208E+00    0.39863E+03    0.26006E+01
    0.10048E+03   -0.41288E+00    0.51377E+03    0.27108E+01
    0.96735E+02   -0.43692E+00    0.40756E+03    0.26102E+01
    0.92997E+02   -0.46611E+00    0.32607E+03    0.25133E+01
    0.95258E+02   -0.40912E+00    0.37213E+03    0.25707E+01
    0.91497E+02   -0.49849E+00    0.33306E+03    0.25225E+01
    0.95980E+02   -0.40655E+00    0.38400E+03    0.25843E+01
    0.85496E+02   -0.42699E+00    0.31682E+03    0.25008E+01
    0.89268E+02   -0.50825E+00    0.32359E+03    0.25100E+01
    0.92244E+02   -0.50475E+00    0.33383E+03    0.25235E+01
    0.81743E+02   -0.45170E+00    0.33409E+03    0.25239E+01
    0.84017E+02   -0.48073E+00    0.32627E+03    0.25136E+01
    0.87775E+02   -0.48332E+00    0.32320E+03    0.25095E+01
    0.84751E+02   -0.45835E+00    0.32999E+03    0.25185E+01
    0.88526E+02   -0.50960E+00    0.31893E+03    0.25037E+01
    0.80250E+02   -0.43301E+00    0.34717E+03    0.25405E+01
    0.74251E+02   -0.43755E+00    0.33009E+03    0.25186E+01
    0.81000E+02   -0.43301E+00    0.33939E+03    0.25307E+01
    0.72749E+02   -0.49499E+00    0.34167E+03    0.25336E+01
    0.70493E+02   -0.48558E+00    0.35903E+03    0.25551E+01
    0.73503E+02   -0.47566E+00    0.33482E+03    0.25248E+01
    0.59281E+02   -0.42863E+00    0.49153E+03    0.26916E+01
    0.66733E+02   -0.43747E+00    0.36939E+03    0.25675E+01
    0.61452E+02   -0.48243E+00    0.44304E+03    0.26464E+01
    0.57754E+02   -0.45159E+00    0.52894E+03    0.27234E+01
    0.58511E+02   -0.45416E+00    0.49767E+03    0.26969E+01
    0.50258E+02   -0.42852E+00    0.56945E+03    0.27555E+01
    0.48005E+02   -0.43585E+00    0.57342E+03    0.27585E+01
    0.46534E+02   -0.46327E+00    0.58877E+03    0.27699E+01
    0.40517E+02   -0.43528E+00    0.71602E+03    0.28549E+01
    0.47271E+02   -0.44259E+00    0.59217E+03    0.27724E+01
    0.39002E+02   -0.45812E+00    0.76531E+03    0.28838E+01
    0.69350E+02   -0.68556E+01    0.13913E+04    0.31434E+01
    0.39752E+02   -0.43234E+00    0.74281E+03    0.28709E+01
    0.36717E+02   -0.46719E+00    0.85374E+03    0.29313E+01
    0.29252E+02   -0.39533E+00    0.13008E+04    0.31142E+01
    0.69000E+02   -0.43262E+00    0.34481E+03    0.25376E+01
    0.69741E+02   -0.46054E+00    0.35001E+03    0.25441E+01
    0.11987E+02   -0.28536E+01    0.11462E+04    0.30593E+01
    0.30002E+02   -0.42098E+00    0.12080E+04    0.30821E+01
    0.27756E+02   -0.44489E+00    0.13045E+04    0.31155E+01
    0.25500E+02   -0.43059E+00    0.10864E+04    0.30360E+01
    0.13050E+03   -0.47370E+00    0.11591E+04    0.30641E+01
    0.28507E+02   -0.44734E+00    0.13091E+04    0.31170E+01
    0.13445E+03   -0.80133E+01    0.18031E+04    0.32560E+01
    0.80985E+01   -0.11865E+02    0.10115E+04    0.30050E+01
    0.21746E+02   -0.42435E+00    0.93906E+03    0.29727E+01
    0.24000E+02   -0.43427E+00    0.10597E+04    0.30252E+01
    0.16513E+02   -0.46073E+00    0.90124E+03    0.29548E+01
    0.51582E+02   -0.10713E+01    0.66335E+03    0.28217E+01
    0.14261E+02   -0.44134E+00    0.74054E+03    0.28695E+01
    0.12901E+03   -0.44127E+00    0.11455E+04    0.30590E+01
    0.54013E+02   -0.39887E+00    0.64682E+03    0.28108E+01
    0.24750E+02   -0.42984E+00    0.10629E+04    0.30265E+01
    0.53460E+02   -0.13326E+02    0.11338E+04    0.30545E+01
    0.84244E+02   -0.64894E+01    0.11116E+04    0.30460E+01
    0.18008E+02   -0.44751E+00    0.90286E+03    0.29556E+01
    0.12975E+03   -0.45202E+00    0.11909E+04    0.30759E+01
    0.72555E+02   -0.75112E+01    0.13555E+04    0.31321E+01
    0.52518E+01   -0.10726E+01    0.71101E+03    0.28519E+01
    0.12984E+03   -0.18020E+02    0.93606E+03    0.29713E+01
    0.10383E+03   -0.10442E+01    0.74960E+03    0.28748E+01
    0.12761E+02   -0.45369E+00    0.68672E+03    0.28368E+01
    0.77207E+02   -0.60506E+01    0.11058E+04    0.30437E+01
    0.17272E+02   -0.47741E+00    0.91250E+03    0.29602E+01
    0.13330E+03   -0.36756E+01    0.19209E+04    0.32835E+01
    0.98280E+02   -0.88837E+00    0.44017E+03    0.26436E+01
    0.94078E+02   -0.62186E+01    0.13545E+04    0.31318E+01
    0.18373E+02   -0.41246E+01    0.19809E+04    0.32969E+01
    0.13696E+03   -0.79563E+01    0.15700E+04    0.31959E+01
    0.25218E+02   -0.13242E+02    0.81851E+03    0.29130E+01
    0.13155E+03   -0.17161E+02    0.10048E+04    0.30021E+01
    0.13506E+02   -0.43604E+00    0.70436E+03    0.28478E+01
    0.34077E+02   -0.49287E+01    0.24838E+04    0.33951E+01
    0.43264E+02   -0.23503E+02    0.35163E+03    0.25461E+01
    0.31120E+02   -0.18129E+00    0.10778E+04    0.30325E+01
    0.13016E+03   -0.11939E+01    0.13183E+04    0.31200E+01
    0.13985E+03   -0.17493E+00    0.13409E+04    0.31274E+01
    0.10781E+03   -0.15839E+01    0.98352E+03    0.29928E+01
    0.40343E+02   -0.82181E+01    0.24394E+04    0.33873E+01
    0.13762E+03   -0.21651E+00    0.13938E+04    0.31442E+01
    0.10271E+03   -0.82038E+00    0.70817E+03    0.28501E+01
    0.11670E+03   -0.13721E+01    0.95932E+03    0.29820E+01
    0.11288E+03   -0.14035E+01    0.94079E+03    0.29735E+01
    0.20263E+02   -0.38282E+00    0.93140E+03    0.29691E+01
    0.12046E+03   -0.13533E+01    0.98184E+03    0.29920E+01
    0.10606E+03   -0.95603E+00    0.85243E+03    0.29307E+01
    0.31253E+02   -0.13208E+02    0.10101E+04    0.30043E+01
    0.20996E+02   -0.42199E+00    0.93354E+03    0.29701E+01
    0.40024E+02   -0.15025E+01    0.98091E+03    0.29916E+01
    0.94899E+02   -0.16117E+01    0.51952E+03    0.27156E+01
    0.49009E+02   -0.40457E+01    0.14373E+04    0.31575E+01
    0.10429E+03   -0.45530E+00    0.72796E+03    0.28621E+01
    0.65264E+02   -0.10445E+01    0.43852E+03    0.26420E+01
    0.41265E+02   -0.42442E+00    0.68992E+03    0.28388E+01
    0.41988E+02   -0.44275E+00    0.66462E+03    0.28226E+01
    0.77946E+02   -0.43700E+00    0.33028E+03    0.25189E+01
    0.21540E+02   -0.12145E+02    0.93862E+03    0.29725E+01
    0.40969E+02   -0.17677E+02    0.59569E+03    0.27750E+01
    0.13111E+03   -0.10393E+02    0.17653E+04    0.32468E+01
    0.13243E+03   -0.10672E+01    0.11762E+04    0.30705E+01
    0.10649E+03   -0.39390E+00    0.86221E+03    0.29356E+01
    0.10500E+02   -0.46509E+00    0.59953E+03    0.27778E+01
    0.30503E+02   -0.50627E+01    0.22729E+04    0.33566E+01
    0.95552E+02   -0.62351E+01    0.13809E+04    0.31402E+01
    0.59473E+02   -0.44688E+01    0.12917E+04    0.31112E+01
    0.51753E+02   -0.37722E+00    0.60736E+03    0.27834E+01
    0.51011E+02   -0.45285E+00    0.58093E+03    0.27641E+01
    0.13496E+03   -0.53758E+00    0.12864E+04    0.31094E+01
    0.60595E+02   -0.79836E+00    0.48638E+03    0.26870E+01
    0.57449E+02   -0.16563E+01    0.68567E+03    0.28361E+01
    0.12579E+03   -0.82726E+00    0.10428E+04    0.30182E+01
    0.12747E+03   -0.23065E+01    0.17162E+04    0.32346E+01
    0.35270E+02   -0.41721E+00    0.95500E+03    0.29800E+01
    0.75911E+02   -0.18430E+01    0.48906E+03    0.26894E+01
    0.98587E+01   -0.11939E+02    0.10292E+04    0.30125E+01
    0.35994E+02   -0.40034E+00    0.88668E+03    0.29478E+01
    0.25168E+02   -0.52379E+01    0.20385E+04    0.33093E+01
    0.13912E+03   -0.21651E+00    0.13440E+04    0.31284E+01
    0.13778E+03   -0.56792E+01    0.15447E+04    0.31888E+01
    0.11844E+03   -0.98797E+00    0.88589E+03    0.29474E+01
    0.10199E+03   -0.88933E+00    0.63580E+03    0.28033E+01
    0.79458E+02   -0.93845E+00    0.36518E+03    0.25625E+01
    0.75749E+02   -0.89394E+00    0.37247E+03    0.25711E+01
    0.72737E+02   -0.99702E+00    0.38400E+03    0.25843E+01
    0.56984E+02   -0.92978E+00    0.59346E+03    0.27734E+01
    0.48005E+02   -0.89736E+00    0.62188E+03    0.27937E+01
    0.12426E+03   -0.13467E+01    0.11996E+04    0.30790E+01
    0.12219E+03   -0.97932E+00    0.93315E+03    0.29700E+01
    0.22723E+02   -0.16360E+01    0.14027E+04    0.31470E+01
    0.50790E+01   -0.31982E+01    0.83016E+03    0.29192E+01
    0.82072E+01   -0.19706E+01    0.74182E+03    0.28703E+01
    0.29809E+02   -0.22683E+02    0.40158E+03    0.26038E+01
    0.12031E+02   -0.94756E+00    0.69805E+03    0.28439E+01
    0.44250E+02   -0.41297E+00    0.64583E+03    0.28101E+01
    0.27757E+02   -0.90627E+00    0.13734E+04    0.31378E+01
    0.12867E+03   -0.11832E+02    0.15915E+04    0.32018E+01
    0.32547E+02   -0.52808E+01    0.23875E+04    0.33779E+01
    0.11600E+03   -0.43949E+01    0.19065E+04    0.32802E+01
    0.10455E+03   -0.44397E+01    0.13072E+04    0.31164E+01
    0.25500E+02   -0.89773E+00    0.11797E+04    0.30718E+01
    0.23231E+02   -0.91426E+00    0.11644E+04    0.30661E+01
    0.11344E+03   -0.43110E+01    0.18152E+04    0.32589E+01
    0.11090E+03   -0.43047E+01    0.16671E+04    0.32220E+01
    0.10841E+03   -0.44479E+01    0.15038E+04    0.31772E+01
    0.10195E+03   -0.44748E+01    0.12519E+04    0.30976E+01
    0.99428E+02   -0.44398E+01    0.12149E+04    0.30845E+01
    0.11974E+03   -0.42007E+01    0.19769E+04    0.32960E+01
    0.11725E+03   -0.42609E+01    0.19221E+04    0.32838E+01
    0.10582E+03   -0.44293E+01    0.13564E+04    0.31324E+01
    0.12218E+03   -0.41741E+01    0.21026E+04    0.33228E+01
    0.56294E+02   -0.28752E+01    0.10362E+04    0.30154E+01
    0.83524E+02   -0.51713E+01    0.97247E+03    0.29879E+01
    0.37497E+02   -0.96414E+00    0.93066E+03    0.29688E+01
    0.31473E+02   -0.40011E+00    0.10385E+04    0.30164E+01
    0.19000E+01   -0.17995E+00    0.72944E+03    0.28630E+01
    0.30745E+02   -0.42345E+00    0.11267E+04    0.30518E+01
    0.10986E+03   -0.18191E+00    0.69881E+03    0.28444E+01
    0.83626E+02   -0.69640E+01    0.11462E+04    0.30593E+01
    0.12181E+03   -0.11569E+02    0.14412E+04    0.31587E+01
    0.11468E+03   -0.10072E+01    0.85284E+03    0.29309E+01
    0.10849E+03   -0.11223E+02    0.10896E+04    0.30373E+01
    0.11509E+03   -0.11385E+02    0.12361E+04    0.30921E+01
    0.10397E+03   -0.11269E+02    0.10997E+04    0.30413E+01
    0.71178E+01   -0.28522E+00    0.59352E+03    0.27734E+01
    0.13315E+03   -0.14428E+02    0.12162E+04    0.30850E+01
    0.18793E+02   -0.94935E+00    0.10358E+04    0.30153E+01
    0.64860E+02   -0.20380E+02    0.64607E+03    0.28103E+01
    0.10531E+02   -0.13471E+02    0.96208E+03    0.29832E+01
    0.12039E+03   -0.18227E+00    0.71310E+03    0.28531E+01
    0.96872E+02   -0.44983E+01    0.11871E+04    0.30745E+01
    0.13838E+03   -0.22967E+00    0.13559E+04    0.31322E+01
    0.60375E+02   -0.17723E+00    0.47724E+03    0.26787E+01
    0.16513E+02   -0.92277E+00    0.99362E+03    0.29972E+01
    0.11023E+03   -0.38810E+00    0.72478E+03    0.28602E+01
    0.62255E+02   -0.95500E+00    0.46548E+03    0.26679E+01
    0.14580E+02   -0.18476E+02    0.70118E+03    0.28458E+01
    0.12414E+03   -0.18155E+00    0.85529E+03    0.29321E+01
    0.39303E+01   -0.88770E+00    0.72264E+03    0.28589E+01
    0.66062E+02   -0.47074E+01    0.11911E+04    0.30760E+01
    0.11958E+03   -0.11439E+02    0.13737E+04    0.31379E+01
    0.63779E+01   -0.21777E+00    0.65523E+03    0.28164E+01
    0.12001E+03   -0.39878E+00    0.74534E+03    0.28724E+01
    0.17046E+02   -0.13651E+02    0.90944E+03    0.29588E+01
    0.60024E+02   -0.38175E+00    0.47195E+03    0.26739E+01
    0.60725E+02   -0.39318E+00    0.47742E+03    0.26789E+01
    0.12971E+03   -0.23650E+02    0.71595E+03    0.28549E+01
    0.82148E+02   -0.51258E+01    0.96908E+03    0.29864E+01
    0.12576E+02   -0.18328E+02    0.73470E+03    0.28661E+01
    0.86250E+02   -0.52471E+01    0.10073E+04    0.30032E+01
    0.89045E+02   -0.55274E+01    0.11118E+04    0.30460E+01
    0.91924E+02   -0.56655E+01    0.12284E+04    0.30893E+01
    0.12377E+03   -0.39806E+00    0.87555E+03    0.29423E+01
    0.11626E+03   -0.40052E+00    0.77364E+03    0.28885E+01
    0.11664E+03   -0.18401E+00    0.77608E+03    0.28899E+01
    0.49472E+02   -0.46497E+01    0.15617E+04    0.31936E+01
    0.58135E+01   -0.20498E+01    0.76710E+03    0.28849E+01
    0.40517E+02   -0.89246E+00    0.78663E+03    0.28958E+01
    0.76488E+02   -0.42988E+00    0.34023E+03    0.25318E+01
    0.46163E+02   -0.44945E+01    0.17287E+04    0.32377E+01
    0.12470E+03   -0.41888E+01    0.23191E+04    0.33653E+01
    0.12060E+03   -0.13559E+02    0.11277E+04    0.30522E+01
    0.66200E+02   -0.27301E+02    0.35415E+03    0.25492E+01
    0.91483E+02   -0.10121E+01    0.37325E+03    0.25720E+01
    0.78171E+02   -0.11556E+01    0.38131E+03    0.25813E+01
    0.56438E+01   -0.25950E+00    0.67209E+03    0.28274E+01
    0.11251E+03   -0.38584E+00    0.71025E+03    0.28514E+01
    0.26372E+01   -0.25042E+00    0.71351E+03    0.28534E+01
    0.86241E+02   -0.12286E+02    0.12876E+04    0.31098E+01
    0.76863E+02   -0.21395E+00    0.33232E+03    0.25216E+01
    0.71358E+02   -0.27578E+02    0.39345E+03    0.25949E+01
    0.35937E+02   -0.15946E+01    0.11749E+04    0.30700E+01
    0.12999E+03   -0.12661E+02    0.14528E+04    0.31622E+01
    0.10085E+03   -0.23181E+02    0.50624E+03    0.27044E+01
    0.79418E+02   -0.49370E+01    0.96465E+03    0.29844E+01
    0.48579E+01   -0.25561E+00    0.70027E+03    0.28453E+01
    0.61298E+02   -0.21882E+02    0.50928E+03    0.27070E+01
    0.59984E+02   -0.50571E+01    0.13809E+04    0.31402E+01
    0.20219E+02   -0.79712E+00    0.10001E+04    0.30000E+01
    0.71409E+02   -0.54664E+01    0.11731E+04    0.30693E+01
    0.74296E+02   -0.58030E+01    0.11476E+04    0.30598E+01
    0.99033E+02   -0.36332E+00    0.44055E+03    0.26440E+01
    0.99740E+02   -0.35875E+00    0.49447E+03    0.26941E+01
    0.48289E+02   -0.41721E+01    0.14917E+04    0.31737E+01
    0.58922E+02   -0.69333E+01    0.15901E+04    0.32014E+01
    0.11097E+03   -0.86201E+00    0.75559E+03    0.28783E+01
    0.80992E+02   -0.89538E+00    0.36657E+03    0.25642E+01
    0.36418E+02   -0.16923E+01    0.11780E+04    0.30711E+01
    0.48190E+02   -0.49239E+01    0.16563E+04    0.32191E+01
    0.11289E+03   -0.18373E+00    0.69662E+03    0.28430E+01
    0.75012E+02   -0.18589E+01    0.49411E+03    0.26938E+01
    0.55448E+02   -0.36485E+00    0.59665E+03    0.27757E+01
    0.41314E+01   -0.19055E+00    0.71084E+03    0.28518E+01
    0.65313E+02   -0.35740E+00    0.39263E+03    0.25940E+01
    0.65987E+02   -0.36236E+00    0.37804E+03    0.25775E+01
    0.43795E+02   -0.20708E+01    0.10410E+04    0.30175E+01
    0.72643E+02   -0.12940E+02    0.13238E+04    0.31218E+01
    0.77459E+02   -0.13919E+02    0.12184E+04    0.30858E+01
    0.43906E+01   -0.89153E+00    0.71848E+03    0.28564E+01
    0.23951E+02   -0.19596E+02    0.51137E+03    0.27087E+01
    0.17167E+02   -0.66894E+01    0.17685E+04    0.32476E+01
    0.10274E+03   -0.41579E+00    0.70935E+03    0.28509E+01
    0.97918E+02   -0.18106E+01    0.62968E+03    0.27991E+01
    0.86508E+01   -0.25175E+00    0.63710E+03    0.28042E+01
    0.76497E+02   -0.26277E+01    0.63942E+03    0.28058E+01
    0.57322E+02   -0.22303E+02    0.45114E+03    0.26543E+01
    0.26094E+02   -0.22909E+02    0.41456E+03    0.26176E+01
    0.11394E+03   -0.40829E+00    0.72979E+03    0.28632E+01
    0.76473E+02   -0.84855E+00    0.36668E+03    0.25643E+01
    0.12520E+03   -0.32775E+00    0.91554E+03    0.29617E+01
    0.10504E+03   -0.40239E+00    0.75100E+03    0.28756E+01
    0.12145E+03   -0.39175E+00    0.74526E+03    0.28723E+01
    0.10882E+03   -0.33898E+00    0.73032E+03    0.28635E+01
    0.58713E+02   -0.46536E+01    0.13487E+04    0.31299E+01
    0.11770E+03   -0.39876E+00    0.76436E+03    0.28833E+01
    0.92554E+02   -0.70879E+01    0.13873E+04    0.31422E+01
    0.80657E+02   -0.68026E+01    0.11306E+04    0.30533E+01
    0.33976E+01   -0.25178E+00    0.72173E+03    0.28584E+01
    0.44957E+02   -0.93525E+00    0.68390E+03    0.28350E+01
    0.58649E+02   -0.19094E+02    0.60005E+03    0.27782E+01
    0.54748E+02   -0.34736E+00    0.61162E+03    0.27865E+01
    0.31278E+02   -0.11050E+02    0.12958E+04    0.31125E+01
    0.93027E+02   -0.93363E+00    0.36358E+03    0.25606E+01
    0.90016E+02   -0.10178E+01    0.36719E+03    0.25649E+01
    0.97374E+01   -0.40719E+00    0.62238E+03    0.27941E+01
    0.10718E+02   -0.53065E+01    0.13531E+04    0.31313E+01
    0.96265E+02   -0.57810E+01    0.13436E+04    0.31283E+01
    0.60759E+02   -0.15534E+01    0.56866E+03    0.27548E+01
    0.67960E+02   -0.12112E+02    0.14238E+04    0.31534E+01
    0.60286E+02   -0.18290E+02    0.68034E+03    0.28327E+01
    0.12803E+03   -0.33419E+01    0.21417E+04    0.33308E+01
    0.13578E+03   -0.47578E+00    0.13334E+04    0.31249E+01
    0.59223E+02   -0.12769E+02    0.12251E+04    0.30882E+01
    0.13225E+03   -0.96397E+01    0.18213E+04    0.32604E+01
    0.96735E+02   -0.88799E+00    0.43856E+03    0.26420E+01
    0.33686E+02   -0.14492E+02    0.90441E+03    0.29564E+01
    0.38112E+02   -0.16531E+02    0.70711E+03    0.28495E+01
    0.13276E+03   -0.39994E+00    0.11020E+04    0.30422E+01
    0.13680E+03   -0.19113E+02    0.98918E+03    0.29953E+01
    0.41056E+02   -0.46864E+01    0.23227E+04    0.33660E+01
    0.71606E+02   -0.21579E+02    0.64207E+03    0.28076E+01
    0.12740E+02   -0.20991E+01    0.10427E+04    0.30181E+01
    0.71126E+02   -0.15065E+02    0.11600E+04    0.30645E+01
    0.36081E+02   -0.48980E+01    0.25994E+04    0.34149E+01
    0.13310E+03   -0.13384E+01    0.12525E+04    0.30978E+01
    0.54910E+02   -0.13879E+02    0.10666E+04    0.30280E+01
    0.77217E+02   -0.42361E+00    0.33800E+03    0.25289E+01
    0.26591E+02   -0.58907E+01    0.19991E+04    0.33008E+01
    0.13418E+03   -0.41493E+00    0.12647E+04    0.31020E+01
    0.23038E+02   -0.17915E+02    0.57592E+03    0.27604E+01
    0.80753E+02   -0.22236E+02    0.68252E+03    0.28341E+01
    0.50738E+02   -0.12986E+02    0.11805E+04    0.30721E+01
    0.11538E+03   -0.47892E+01    0.19335E+04    0.32863E+01
    0.10392E+03   -0.48559E+01    0.13121E+04    0.31180E+01
    0.11277E+03   -0.48092E+01    0.18302E+04    0.32625E+01
    0.11032E+03   -0.47159E+01    0.16559E+04    0.32190E+01
    0.10777E+03   -0.48650E+01    0.14747E+04    0.31687E+01
    0.10132E+03   -0.48002E+01    0.12718E+04    0.31044E+01
    0.11914E+03   -0.46892E+01    0.20291E+04    0.33073E+01
    0.98789E+02   -0.48342E+01    0.12615E+04    0.31009E+01
    0.12273E+03   -0.46438E+01    0.22186E+04    0.33461E+01
    0.63796E+02   -0.97042E+00    0.46984E+03    0.26719E+01
    0.11407E+03   -0.46871E+01    0.18809E+04    0.32744E+01
    0.11150E+03   -0.47980E+01    0.17323E+04    0.32386E+01
    0.10909E+03   -0.48529E+01    0.15676E+04    0.31952E+01
    0.10260E+03   -0.48756E+01    0.12924E+04    0.31114E+01
    0.10007E+03   -0.47543E+01    0.12617E+04    0.31010E+01
    0.12034E+03   -0.45812E+01    0.20609E+04    0.33141E+01
    0.12153E+03   -0.45661E+01    0.21270E+04    0.33278E+01
    0.11791E+03   -0.47406E+01    0.19909E+04    0.32990E+01
    0.10646E+03   -0.48375E+01    0.13998E+04    0.31461E+01
    0.84186E+02   -0.56336E+01    0.10264E+04    0.30113E+01
    0.12634E+03   -0.11559E+02    0.15999E+04    0.32041E+01
    0.11622E+03   -0.11954E+02    0.12006E+04    0.30794E+01
    0.10510E+03   -0.11976E+02    0.10301E+04    0.30129E+01
    0.10740E+03   -0.11914E+02    0.10231E+04    0.30099E+01
    0.11390E+03   -0.12016E+02    0.11144E+04    0.30471E+01
    0.10285E+03   -0.11858E+02    0.10851E+04    0.30355E+01
    0.97519E+02   -0.48872E+01    0.12534E+04    0.30981E+01
    0.12292E+03   -0.12285E+02    0.13818E+04    0.31405E+01
    0.21201E+02   -0.17862E+02    0.60488E+03    0.27817E+01
    0.35574E+02   -0.12843E+02    0.11964E+04    0.30779E+01
    0.58930E+02   -0.11448E+01    0.55031E+03    0.27406E+01
    0.14215E+03   -0.10082E+02    0.13347E+04    0.31254E+01
    0.86921E+02   -0.57228E+01    0.10762E+04    0.30319E+01
    0.89726E+02   -0.60134E+01    0.12004E+04    0.30793E+01
    0.92619E+02   -0.61508E+01    0.13107E+04    0.31175E+01
    0.11846E+03   -0.11980E+02    0.12626E+04    0.31013E+01
    0.12554E+03   -0.25966E+02    0.60233E+03    0.27798E+01
    0.12399E+03   -0.46687E+01    0.23486E+04    0.33708E+01
    0.40304E+02   -0.14596E+02    0.94551E+03    0.29757E+01
    0.81446E+02   -0.55151E+01    0.10163E+04    0.30070E+01
    0.85529E+02   -0.56298E+01    0.10418E+04    0.30178E+01
    0.96225E+02   -0.49172E+01    0.12415E+04    0.30939E+01
    0.88311E+02   -0.59231E+01    0.11391E+04    0.30566E+01
    0.39028E+02   -0.93546E+00    0.85053E+03    0.29297E+01
    0.91175E+02   -0.60790E+01    0.12560E+04    0.30990E+01
    0.87369E+02   -0.13230E+02    0.12560E+04    0.30990E+01
    0.46051E+02   -0.11578E+02    0.14821E+04    0.31709E+01
    0.18311E+02   -0.14387E+02    0.83123E+03    0.29197E+01
    0.13287E+03   -0.12691E+02    0.14064E+04    0.31481E+01
    0.12778E+03   -0.20855E+02    0.77071E+03    0.28869E+01
    0.74051E+02   -0.76731E+01    0.13233E+04    0.31217E+01
    0.80067E+02   -0.54031E+01    0.10125E+04    0.30054E+01
    0.22309E+02   -0.27775E+01    0.18270E+04    0.32617E+01
    0.43566E+01   -0.34227E+01    0.82861E+03    0.29183E+01
    0.72053E+02   -0.59866E+01    0.12331E+04    0.30910E+01
    0.74963E+02   -0.63401E+01    0.11876E+04    0.30747E+01
    0.13894E+03   -0.12545E+02    0.12942E+04    0.31120E+01
    0.28918E+02   -0.20753E+02    0.44379E+03    0.26472E+01
    0.36456E+02   -0.13999E+02    0.10228E+04    0.30098E+01
    0.10365E+03   -0.21372E+02    0.52946E+03    0.27238E+01
    0.85028E+02   -0.12931E+02    0.12580E+04    0.30997E+01
    0.47546E+02   -0.15450E+01    0.74577E+03    0.28726E+01
    0.10638E+03   -0.14127E+02    0.87921E+03    0.29441E+01
    0.90356E+02   -0.74636E+01    0.13553E+04    0.31320E+01
    0.99382E+02   -0.15834E+00    0.48676E+03    0.26873E+01
    0.73785E+02   -0.13740E+02    0.12574E+04    0.30995E+01
    0.32067E+02   -0.12104E+02    0.11815E+04    0.30724E+01
    0.66719E+02   -0.52468E+01    0.12636E+04    0.31016E+01
    0.12526E+03   -0.46536E+01    0.24165E+04    0.33832E+01
    0.60234E+02   -0.13812E+02    0.11348E+04    0.30549E+01
    0.13708E+03   -0.95417E+01    0.14874E+04    0.31724E+01
    0.10241E+03   -0.22877E+02    0.49996E+03    0.26989E+01
    0.61196E+02   -0.16919E+01    0.57132E+03    0.27569E+01
    0.10349E+03   -0.41394E+00    0.69482E+03    0.28419E+01
    0.70589E+02   -0.57657E+01    0.12383E+04    0.30928E+01
    0.73524E+02   -0.61510E+01    0.12114E+04    0.30833E+01
    0.69011E+02   -0.13015E+02    0.13559E+04    0.31322E+01
    0.78695E+02   -0.53125E+01    0.10137E+04    0.30059E+01
    0.99652E+02   -0.21651E+02    0.56431E+03    0.27515E+01
    0.10486E+02   -0.92339E+00    0.63828E+03    0.28050E+01
    0.46901E+02   -0.12639E+02    0.12997E+04    0.31138E+01
    0.36536E+02   -0.55809E+01    0.26971E+04    0.34309E+01
    0.71340E+02   -0.13489E+02    0.12938E+04    0.31119E+01
    0.76160E+02   -0.14305E+02    0.12101E+04    0.30828E+01
    0.41645E+02   -0.52775E+01    0.24071E+04    0.33815E+01
    0.71239E+02   -0.97836E+00    0.40495E+03    0.26074E+01
    0.97570E+02   -0.56847E+01    0.13427E+04    0.31280E+01
    0.13313E+03   -0.18344E+00    0.10902E+04    0.30375E+01
    0.26937E+02   -0.20953E+02    0.44698E+03    0.26503E+01
    0.10574E+03   -0.34036E+00    0.81650E+03    0.29120E+01
    0.55110E+02   -0.15637E+00    0.59429E+03    0.27740E+01
    0.13865E+03   -0.10381E+02    0.13790E+04    0.31396E+01
    0.57884E+02   -0.13357E+02    0.11518E+04    0.30614E+01
    0.26594E+02   -0.20896E+01    0.17467E+04    0.32422E+01
    0.10668E+02   -0.71543E+01    0.13568E+04    0.31325E+01
    0.41395E+02   -0.15935E+02    0.76927E+03    0.28861E+01
    0.66716E+02   -0.12645E+02    0.13802E+04    0.31400E+01
    0.13868E+03   -0.48529E+01    0.14762E+04    0.31692E+01
    0.49254E+02   -0.13449E+02    0.11274E+04    0.30521E+01
    0.65893E+02   -0.73052E+00    0.39576E+03    0.25974E+01
    0.12433E+03   -0.22657E+02    0.65255E+03    0.28146E+01
    0.13649E+03   -0.43519E+00    0.13862E+04    0.31418E+01
    0.65637E+02   -0.15542E+00    0.39135E+03    0.25926E+01
    0.34190E+02   -0.13085E+02    0.11097E+04    0.30452E+01
    0.35335E+02   -0.51652E+01    0.26097E+04    0.34166E+01
    0.38814E+02   -0.14867E+02    0.89724E+03    0.29529E+01
    0.40366E+02   -0.49968E+01    0.24558E+04    0.33902E+01
    0.10688E+03   -0.15110E+01    0.97238E+03    0.29878E+01
    0.11667E+03   -0.47548E+01    0.19704E+04    0.32946E+01
    0.10518E+03   -0.48546E+01    0.13464E+04    0.31292E+01
    0.22208E+02   -0.17948E+01    0.14436E+04    0.31595E+01
    0.10306E+03   -0.10291E+01    0.72384E+03    0.28596E+01
    0.12520E+03   -0.12213E+02    0.14763E+04    0.31692E+01
    0.76436E+02   -0.64481E+01    0.11561E+04    0.30630E+01
    0.25688E+02   -0.59520E+01    0.19414E+04    0.32881E+01
    0.44800E+02   -0.11909E+02    0.14438E+04    0.31595E+01
    0.12959E+03   -0.19923E+02    0.82681E+03    0.29174E+01
    0.11166E+03   -0.11822E+02    0.10830E+04    0.30346E+01
    0.12672E+03   -0.54023E+01    0.25698E+04    0.34099E+01
    0.99640E+02   -0.74506E+00    0.49801E+03    0.26972E+01
    0.18303E+02   -0.19086E+02    0.61104E+03    0.27861E+01
    0.82835E+02   -0.55882E+01    0.10205E+04    0.30088E+01
    0.94589E+02   -0.13702E+02    0.11864E+04    0.30742E+01
    0.96963E+02   -0.61595E+01    0.13780E+04    0.31392E+01
    0.14060E+03   -0.23838E+00    0.13466E+04    0.31292E+01
    0.12068E+03   -0.12185E+02    0.13084E+04    0.31167E+01
    0.77886E+02   -0.85300E+00    0.35997E+03    0.25563E+01
    0.13991E+03   -0.51128E+01    0.14194E+04    0.31521E+01
    0.78614E+02   -0.61873E+01    0.10964E+04    0.30400E+01
    0.65303E+02   -0.18643E+01    0.56076E+03    0.27488E+01
    0.12748E+03   -0.12383E+02    0.15001E+04    0.31761E+01
    0.92262E+02   -0.13613E+02    0.12357E+04    0.30919E+01
    0.12406E+03   -0.54507E+01    0.24105E+04    0.33821E+01
    0.77869E+02   -0.65604E+01    0.11394E+04    0.30567E+01
    0.10311E+03   -0.20752E+00    0.71634E+03    0.28551E+01
    0.13386E+03   -0.16330E+00    0.12362E+04    0.30921E+01
    0.59875E+02   -0.22303E+02    0.46848E+03    0.26707E+01
    0.59600E+02   -0.72438E+01    0.15907E+04    0.32016E+01
    0.81367E+02   -0.11038E+01    0.38462E+03    0.25850E+01
    0.23741E+01   -0.23424E+01    0.79114E+03    0.28983E+01
    0.91802E+02   -0.74806E+01    0.13938E+04    0.31442E+01
    0.55589E+02   -0.12762E+02    0.12236E+04    0.30877E+01
    0.34535E+02   -0.86674E+00    0.10295E+04    0.30126E+01
    0.69295E+02   -0.54273E+01    0.12232E+04    0.30875E+01
    0.13760E+03   -0.12078E+01    0.14108E+04    0.31495E+01
    0.90133E+01   -0.44243E+00    0.60914E+03    0.27847E+01
    0.11362E+03   -0.15587E+00    0.73386E+03    0.28656E+01
    0.13261E+03   -0.14557E+01    0.12738E+04    0.31051E+01
    0.79272E+02   -0.66320E+01    0.11295E+04    0.30529E+01
    0.11055E+03   -0.10081E+01    0.79401E+03    0.28998E+01
    0.11111E+03   -0.17908E+01    0.10426E+04    0.30181E+01
    0.10147E+03   -0.15375E+01    0.68340E+03    0.28347E+01
    0.10538E+03   -0.15351E+00    0.77965E+03    0.28919E+01
    0.90073E+02   -0.18962E+02    0.84631E+03    0.29275E+01
    0.10878E+03   -0.13775E+02    0.88557E+03    0.29472E+01
    0.11519E+01   -0.31276E+00    0.76329E+03    0.28827E+01
    0.11063E+03   -0.11140E+02    0.11258E+04    0.30515E+01
    0.17093E+02   -0.51286E+01    0.19437E+04    0.32886E+01
    0.73380E+02   -0.70318E+01    0.13006E+04    0.31141E+01
    0.31527E+02   -0.62855E+01    0.22900E+04    0.33598E+01
    0.10914E+03   -0.14572E+00    0.73107E+03    0.28640E+01
    0.26872E+02   -0.25007E+01    0.18881E+04    0.32760E+01
    0.12427E+03   -0.91237E+00    0.10321E+04    0.30137E+01
    0.13124E+03   -0.11895E+02    0.15352E+04    0.31862E+01
    0.68048E+02   -0.53370E+01    0.12329E+04    0.30909E+01
    0.68188E+02   -0.60795E+01    0.13361E+04    0.31258E+01
    0.93452E+02   -0.12842E+02    0.12677E+04    0.31030E+01
    0.57751E+02   -0.88751E+00    0.56664E+03    0.27533E+01
    0.10951E+03   -0.32763E+00    0.71662E+03    0.28553E+01
    0.11738E+03   -0.14888E+00    0.73474E+03    0.28661E+01
    0.10048E+03   -0.83816E+00    0.53899E+03    0.27316E+01
    0.14156E+03   -0.15344E+01    0.13686E+04    0.31363E+01
    0.12598E+02   -0.27181E+01    0.11726E+04    0.30691E+01
    0.11381E+03   -0.13408E+02    0.96416E+03    0.29841E+01
    0.12047E+03   -0.91131E+00    0.85336E+03    0.29311E+01
    0.60834E+02   -0.10577E+01    0.50578E+03    0.27040E+01
    0.12076E+03   -0.32682E+00    0.73670E+03    0.28673E+01
    0.13723E+03   -0.46186E+00    0.13971E+04    0.31452E+01
    0.22477E+02   -0.87316E+00    0.11019E+04    0.30422E+01
    0.11701E+03   -0.33289E+00    0.75420E+03    0.28775E+01
    0.17498E+02   -0.12161E+02    0.10025E+04    0.30011E+01
    0.20560E+02   -0.10710E+01    0.10916E+04    0.30381E+01
    0.12451E+03   -0.32383E+00    0.89453E+03    0.29516E+01
    0.12112E+03   -0.14455E+00    0.73268E+03    0.28649E+01
    0.68983E+02   -0.61201E+01    0.13208E+04    0.31208E+01
    0.10956E+03   -0.11754E+02    0.10558E+04    0.30236E+01
    0.57366E+02   -0.11379E+01    0.60746E+03    0.27835E+01
    0.11325E+03   -0.33959E+00    0.72988E+03    0.28633E+01
    0.16731E+01   -0.29755E+01    0.81620E+03    0.29118E+01
    0.12487E+03   -0.14227E+00    0.90305E+03    0.29557E+01
    0.77974E+02   -0.16271E+01    0.43333E+03    0.26368E+01
    0.12767E+03   -0.22907E+02    0.70766E+03    0.28498E+01
    0.14252E+02   -0.85748E+00    0.80765E+03    0.29072E+01
    0.80004E+02   -0.62233E+01    0.10923E+04    0.30383E+01
    0.12604E+03   -0.23757E+02    0.65050E+03    0.28132E+01
    0.97870E+02   -0.10825E+01    0.46228E+03    0.26649E+01
    0.32974E+02   -0.20291E+02    0.45539E+03    0.26584E+01
    0.13221E+03   -0.42570E+01    0.21399E+04    0.33304E+01
    0.24007E+02   -0.88757E+00    0.11642E+04    0.30660E+01
    0.34544E+02   -0.15587E+02    0.78648E+03    0.28957E+01
    0.22833E+02   -0.11329E+01    0.12131E+04    0.30839E+01
    0.74273E+02   -0.86336E+00    0.36651E+03    0.25641E+01
    0.61668E+02   -0.19697E+02    0.62012E+03    0.27925E+01
    0.23613E+02   -0.11460E+01    0.12496E+04    0.30968E+01
    0.11047E+03   -0.54037E+01    0.16796E+04    0.32252E+01
    0.91117E+02   -0.69570E+01    0.13423E+04    0.31279E+01
    0.75380E+02   -0.11317E+01    0.39472E+03    0.25963E+01
    0.79855E+02   -0.11216E+01    0.38875E+03    0.25897E+01
    0.14048E+03   -0.24477E+01    0.13691E+04    0.31364E+01
    0.10730E+03   -0.85997E+00    0.92054E+03    0.29640E+01
    0.53261E+02   -0.94039E+00    0.72384E+03    0.28596E+01
    0.27342E+02   -0.10972E+01    0.13893E+04    0.31428E+01
    0.21930E+02   -0.14632E+01    0.12691E+04    0.31035E+01
    0.12830E+03   -0.54598E+01    0.25868E+04    0.34128E+01
    0.76818E+02   -0.10645E+01    0.38376E+03    0.25841E+01
    0.54638E+02   -0.11661E+02    0.13407E+04    0.31273E+01
    0.10161E+03   -0.10859E+01    0.62756E+03    0.27977E+01
    0.81743E+02   -0.87662E+00    0.36337E+03    0.25603E+01
    0.13050E+03   -0.90145E+00    0.12460E+04    0.30955E+01
    0.12886E+03   -0.69215E+01    0.24884E+04    0.33959E+01
    0.11671E+03   -0.92430E+00    0.84822E+03    0.29285E+01
    0.47295E+02   -0.86019E+00    0.63508E+03    0.28028E+01
    0.10976E+03   -0.89106E+00    0.78397E+03    0.28943E+01
    0.13947E+03   -0.39144E+00    0.13436E+04    0.31283E+01
    0.10171E+03   -0.18297E+01    0.78251E+03    0.28935E+01
    0.10684E+03   -0.15628E+02    0.79381E+03    0.28997E+01
    0.12401E+02   -0.17235E+01    0.88017E+03    0.29446E+01
    0.93997E+02   -0.70682E+01    0.14182E+04    0.31517E+01
    0.25119E+02   -0.10852E+01    0.12372E+04    0.30924E+01
    0.10644E+03   -0.56623E+01    0.14067E+04    0.31482E+01
    0.13350E+03   -0.34673E+00    0.11410E+04    0.30573E+01
    0.10428E+03   -0.87607E+00    0.75069E+03    0.28755E+01
    0.12156E+03   -0.53213E+01    0.22006E+04    0.33426E+01
    0.14166E+03   -0.40885E+01    0.13824E+04    0.31406E+01
    0.35931E+02   -0.15335E+02    0.82528E+03    0.29166E+01
    0.10222E+03   -0.18096E+01    0.80782E+03    0.29073E+01
    0.54823E+02   -0.72973E+00    0.63097E+03    0.28000E+01
    0.10097E+03   -0.14966E+01    0.65218E+03    0.28144E+01
    0.18398E+02   -0.11102E+01    0.10887E+04    0.30369E+01
    0.13876E+03   -0.94677E+00    0.13609E+04    0.31338E+01
    0.27254E+02   -0.15536E+01    0.15483E+04    0.31898E+01
    0.76237E+02   -0.15435E+01    0.43331E+03    0.26368E+01
    0.25872E+02   -0.10608E+01    0.12668E+04    0.31027E+01
    0.59303E+02   -0.84172E+00    0.51549E+03    0.27122E+01
    0.40127E+02   -0.10749E+01    0.85075E+03    0.29298E+01
    0.45658E+02   -0.38741E+01    0.15964E+04    0.32031E+01
    0.12373E+03   -0.68999E+01    0.23374E+04    0.33687E+01
    0.13800E+03   -0.44617E+00    0.13786E+04    0.31394E+01
    0.68741E+02   -0.49518E+01    0.11626E+04    0.30654E+01
    0.97116E+02   -0.10667E+01    0.46101E+03    0.26637E+01
    0.35194E+02   -0.59319E+01    0.26510E+04    0.34234E+01
    0.75005E+02   -0.88344E+00    0.36808E+03    0.25659E+01
    0.11134E+03   -0.10439E+01    0.79834E+03    0.29022E+01
    0.77186E+02   -0.85549E+00    0.36400E+03    0.25611E+01
    0.74650E+02   -0.22635E+02    0.60625E+03    0.27827E+01
    0.10642E+03   -0.16591E+01    0.97267E+03    0.29880E+01
    0.14198E+03   -0.30627E+01    0.13792E+04    0.31396E+01
    0.13396E+03   -0.11751E+02    0.14914E+04    0.31736E+01
    0.80245E+02   -0.85476E+00    0.37199E+03    0.25705E+01
    0.26456E+01   -0.13003E+01    0.73990E+03    0.28692E+01
    0.12752E+03   -0.57677E+01    0.25994E+04    0.34149E+01
    0.16163E+02   -0.11057E+01    0.10291E+04    0.30124E+01
    0.11211E+03   -0.99409E+00    0.79913E+03    0.29026E+01
    0.76110E+02   -0.10961E+01    0.38772E+03    0.25885E+01
    0.13875E+03   -0.44617E+00    0.13521E+04    0.31310E+01
    0.93406E+02   -0.10785E+01    0.38530E+03    0.25858E+01
    0.36645E+02   -0.16718E+02    0.70246E+03    0.28466E+01
    0.13948E+02   -0.14975E+01    0.91644E+03    0.29621E+01
    0.76007E+02   -0.23149E+01    0.58620E+03    0.27680E+01
    0.10346E+03   -0.83090E+00    0.71311E+03    0.28532E+01
    0.14149E+03   -0.24308E+00    0.13695E+04    0.31366E+01
    0.11250E+03   -0.78978E+00    0.76203E+03    0.28820E+01
    0.97495E+02   -0.83274E+00    0.43434E+03    0.26378E+01
    0.12246E+03   -0.23617E+02    0.60171E+03    0.27794E+01
    0.10392E+03   -0.56847E+01    0.13392E+04    0.31269E+01
    0.18870E+02   -0.12044E+02    0.98560E+03    0.29937E+01
    0.10570E+03   -0.70455E+00    0.81211E+03    0.29096E+01
    0.10980E+03   -0.13022E+02    0.96734E+03    0.29856E+01
    0.58310E+02   -0.72694E+01    0.16182E+04    0.32090E+01
    0.19440E+02   -0.13304E+02    0.88077E+03    0.29449E+01
    0.13585E+03   -0.10212E+02    0.15192E+04    0.31816E+01
    0.94506E+02   -0.86771E+00    0.38078E+03    0.25807E+01
    0.34135E+00   -0.21928E+00    0.81085E+03    0.29089E+01
    0.67457E+01   -0.50299E+00    0.63757E+03    0.28045E+01
    0.12904E+03   -0.92068E+00    0.12422E+04    0.30942E+01
    0.39400E+02   -0.10957E+01    0.88188E+03    0.29454E+01
    0.18032E+02   -0.87970E+00    0.10166E+04    0.30072E+01
    0.22872E+01   -0.43037E+00    0.72362E+03    0.28595E+01
    0.11630E+03   -0.78808E+00    0.82585E+03    0.29169E+01
    0.13234E+02   -0.11427E+01    0.80107E+03    0.29037E+01
    0.60217E+01   -0.47727E+00    0.67026E+03    0.28262E+01
    0.60117E+02   -0.64850E+01    0.15476E+04    0.31897E+01
    0.13134E+02   -0.30839E+01    0.13177E+04    0.31198E+01
    0.13554E+03   -0.11796E+02    0.14257E+04    0.31540E+01
    0.10689E+03   -0.10504E+01    0.91160E+03    0.29598E+01
    0.24745E+02   -0.83143E+00    0.11624E+04    0.30653E+01
    0.47654E+02   -0.10985E+01    0.66051E+03    0.28199E+01
    0.52518E+01   -0.51511E+00    0.69302E+03    0.28407E+01
    0.12005E+03   -0.77897E+00    0.82031E+03    0.29140E+01
    0.10125E+03   -0.83230E+00    0.58598E+03    0.27679E+01
    0.11290E+03   -0.94648E+00    0.81226E+03    0.29097E+01
    0.10527E+03   -0.22532E+02    0.49963E+03    0.26987E+01
    0.46966E+02   -0.11022E+01    0.67096E+03    0.28267E+01
    0.39785E+02   -0.23668E+02    0.33051E+03    0.25192E+01
    0.14132E+03   -0.23615E+01    0.13693E+04    0.31365E+01
    0.10234E+03   -0.10789E+01    0.69121E+03    0.28396E+01
    0.10647E+03   -0.79889E+00    0.86730E+03    0.29382E+01
    0.74653E+02   -0.10927E+01    0.38972E+03    0.25908E+01
    0.44893E+01   -0.44616E+00    0.70883E+03    0.28505E+01
    0.10087E+03   -0.10426E+01    0.58470E+03    0.27669E+01
    0.30348E+01   -0.50220E+00    0.72007E+03    0.28574E+01
    0.92722E+02   -0.17614E+01    0.48584E+03    0.26865E+01
    0.80613E+02   -0.11006E+01    0.38866E+03    0.25896E+01
    0.10246E+03   -0.15172E+01    0.75339E+03    0.28770E+01
    0.47248E+02   -0.57507E+01    0.19257E+04    0.32846E+01
    0.94694E+02   -0.76009E+01    0.14465E+04    0.31603E+01
    0.46581E+01   -0.18385E+01    0.75464E+03    0.28777E+01
    0.10944E+03   -0.68103E+00    0.74215E+03    0.28705E+01
    0.12080E+03   -0.67566E+00    0.78979E+03    0.28975E+01
    0.12381E+03   -0.77647E+00    0.97412E+03    0.29886E+01
    0.13492E+03   -0.97867E+00    0.13325E+04    0.31247E+01
    0.11019E+03   -0.74384E+00    0.76124E+03    0.28815E+01
    0.12459E+03   -0.67624E+00    0.95395E+03    0.29795E+01
    0.14101E+03   -0.10637E+01    0.13584E+04    0.31330E+01
    0.71417E+02   -0.23572E+02    0.55262E+03    0.27424E+01
    0.98436E+02   -0.18701E+01    0.65030E+03    0.28131E+01
    0.11705E+03   -0.68562E+00    0.79384E+03    0.28997E+01
    0.37790E+01   -0.44233E+00    0.71734E+03    0.28557E+01
    0.13278E+03   -0.76980E+00    0.11381E+04    0.30562E+01
    0.21735E+02   -0.81737E+00    0.10410E+04    0.30174E+01
    0.14020E+03   -0.41331E+00    0.13437E+04    0.31283E+01
    0.11329E+03   -0.69841E+00    0.76981E+03    0.28864E+01
    0.39752E+02   -0.83418E+00    0.81493E+03    0.29111E+01
    0.14076E+03   -0.13579E+02    0.12408E+04    0.30937E+01
    0.22090E+02   -0.10446E+01    0.11293E+04    0.30528E+01
    0.24376E+02   -0.10682E+01    0.12287E+04    0.30894E+01
    0.13301E+03   -0.44179E+01    0.20627E+04    0.33144E+01
    0.24481E+02   -0.68962E+01    0.17194E+04    0.32354E+01
    0.13460E+03   -0.94239E+01    0.16589E+04    0.32198E+01
    0.13550E+02   -0.84393E+00    0.76688E+03    0.28847E+01
    0.84949E+02   -0.14283E+02    0.11868E+04    0.30744E+01
    0.93752E+02   -0.82139E+00    0.36347E+03    0.25605E+01
    0.13347E+03   -0.10202E+02    0.16550E+04    0.32188E+01
    0.53711E+02   -0.10600E+01    0.72103E+03    0.28580E+01
    0.46371E+02   -0.57741E+01    0.19911E+04    0.32991E+01
    0.10745E+03   -0.13198E+02    0.92615E+03    0.29667E+01
    0.59024E+02   -0.60007E+01    0.15300E+04    0.31847E+01
    0.11175E+03   -0.79986E+00    0.76002E+03    0.28808E+01
    0.13913E+02   -0.10391E+01    0.82379E+03    0.29158E+01
    0.97189E+02   -0.14945E+01    0.52624E+03    0.27212E+01
    0.14245E+03   -0.12194E+02    0.12804E+04    0.31073E+01
    0.54053E+02   -0.77466E+00    0.67600E+03    0.28299E+01
    0.15519E+01   -0.49272E+00    0.74328E+03    0.28712E+01
    0.26774E+02   -0.16786E+01    0.15721E+04    0.31965E+01
    0.26966E+02   -0.84455E+00    0.12856E+04    0.31091E+01
    0.26247E+02   -0.80241E+00    0.12281E+04    0.30892E+01
    0.19438E+01   -0.37614E+01    0.83828E+03    0.29234E+01
    0.94117E+02   -0.10420E+01    0.39303E+03    0.25944E+01
    0.11634E+02   -0.19787E+02    0.70652E+03    0.28491E+01
    0.15788E+02   -0.86021E+00    0.96017E+03    0.29823E+01
    0.25883E+02   -0.75169E+01    0.16420E+04    0.32154E+01
    0.79773E+01   -0.13963E+01    0.68656E+03    0.28367E+01
    0.12745E+03   -0.66594E+01    0.25459E+04    0.34058E+01
    0.93233E+02   -0.75246E+01    0.14281E+04    0.31547E+01
    0.25370E+02   -0.67383E+01    0.17683E+04    0.32476E+01
    0.37712E+02   -0.24139E+02    0.31985E+03    0.25049E+01
    0.68040E+02   -0.74528E+01    0.14870E+04    0.31723E+01
    0.11146E+03   -0.14769E+01    0.90726E+03    0.29577E+01
    0.14239E+03   -0.50042E+01    0.13872E+04    0.31421E+01
    0.66610E+02   -0.59764E+01    0.13905E+04    0.31432E+01
    0.93237E+02   -0.18138E+01    0.50893E+03    0.27067E+01
    0.93527E+02   -0.15126E+01    0.44366E+03    0.26470E+01
    0.13352E+03   -0.71021E+00    0.11573E+04    0.30635E+01
    0.73431E+02   -0.21073E+02    0.67786E+03    0.28311E+01
    0.39549E+02   -0.15226E+01    0.10093E+04    0.30040E+01
    0.68907E+02   -0.74991E+01    0.14697E+04    0.31672E+01
    0.73924E+02   -0.19274E+02    0.80344E+03    0.29050E+01
    0.27657E+02   -0.19022E+01    0.16863E+04    0.32269E+01
    0.59739E+02   -0.57810E+01    0.14946E+04    0.31745E+01
    0.92429E+02   -0.21672E+01    0.56383E+03    0.27511E+01
    0.10733E+03   -0.17913E+01    0.10296E+04    0.30126E+01
    0.12083E+03   -0.22827E+02    0.59778E+03    0.27765E+01
    0.11697E+02   -0.69596E+01    0.14281E+04    0.31548E+01
    0.75824E+02   -0.18939E+02    0.84024E+03    0.29244E+01
    0.77512E+02   -0.10575E+01    0.38137E+03    0.25813E+01
    0.75537E+02   -0.26456E+01    0.63598E+03    0.28034E+01
    0.11889E+03   -0.23585E+02    0.55450E+03    0.27439E+01
    0.28326E+01   -0.36970E+01    0.83295E+03    0.29206E+01
    0.87820E+01   -0.18458E+01    0.73592E+03    0.28668E+01
    0.74626E+02   -0.15665E+01    0.44627E+03    0.26496E+01
    0.59913E+02   -0.79899E+01    0.16091E+04    0.32066E+01
    0.22928E+02   -0.25806E+01    0.17945E+04    0.32539E+01
    0.51924E+01   -0.23412E+01    0.78254E+03    0.28935E+01
    0.34108E+02   -0.17006E+02    0.65985E+03    0.28194E+01
    0.13838E+03   -0.11719E+01    0.13820E+04    0.31405E+01
    0.13923E+03   -0.11351E+01    0.13565E+04    0.31324E+01
    0.46158E+02   -0.65293E+01    0.20887E+04    0.33199E+01
    0.60897E+02   -0.80158E+01    0.16096E+04    0.32067E+01
    0.24469E+02   -0.15126E+01    0.13894E+04    0.31428E+01
    0.22703E+01   -0.87626E+00    0.73399E+03    0.28657E+01
    0.26590E+02   -0.10101E+01    0.13040E+04    0.31153E+01
    0.14204E+03   -0.63820E+01    0.13886E+04    0.31426E+01
    0.58608E+02   -0.20922E+02    0.50051E+03    0.26994E+01
    0.12462E+03   -0.68919E+01    0.23829E+04    0.33771E+01
    0.13800E+03   -0.88781E+00    0.13898E+04    0.31430E+01
    0.13957E+03   -0.80942E+00    0.13481E+04    0.31297E+01
    0.13318E+03   -0.91677E+00    0.11689E+04    0.30678E+01
    0.47097E+02   -0.15448E+01    0.75498E+03    0.28779E+01
    0.14109E+03   -0.48146E+00    0.13571E+04    0.31326E+01
    0.12801E+03   -0.70914E+01    0.24826E+04    0.33949E+01
    0.64829E+02   -0.17879E+01    0.55935E+03    0.27477E+01
    0.92720E+02   -0.25344E+01    0.63577E+03    0.28033E+01
    0.74324E+00   -0.53205E+00    0.79117E+03    0.28983E+01
    0.18023E+02   -0.64120E+01    0.18034E+04    0.32561E+01
    0.45040E+02   -0.39629E+01    0.17084E+04    0.32326E+01
    0.26487E+02   -0.13877E+01    0.14289E+04    0.31550E+01
    0.44887E+02   -0.45721E+01    0.18939E+04    0.32774E+01
    0.14199E+03   -0.24308E+00    0.13795E+04    0.31397E+01
    0.95965E+01   -0.89125E+00    0.62952E+03    0.27990E+01
    0.12234E+03   -0.54133E+01    0.22540E+04    0.33529E+01
    0.12491E+03   -0.54354E+01    0.24628E+04    0.33914E+01
