# vtk DataFile Version 3.0
Output from R2
ASCII
DATASET UNSTRUCTURED_GRID
POINTS       1392 double
     0.00000     0.00000   0.
     1.50000     0.00000   0.
     3.00000     0.00000   0.
     4.50000     0.00000   0.
     6.00000     0.00000   0.
     7.50000     0.00000   0.
     9.00000     0.00000   0.
    10.50000     0.00000   0.
    12.00000     0.00000   0.
    13.50000     0.00000   0.
    15.00000     0.00000   0.
    16.50000     0.00000   0.
    18.00000     0.00000   0.
    19.50000     0.00000   0.
    21.00000     0.00000   0.
    22.50000     0.00000   0.
    24.00000     0.00000   0.
    25.50000     0.00000   0.
    27.00000     0.00000   0.
    28.50000     0.00000   0.
    30.00000     0.00000   0.
    31.50000     0.00000   0.
    33.00000     0.00000   0.
    34.50000     0.00000   0.
    36.00000     0.00000   0.
    37.50000     0.00000   0.
    39.00000     0.00000   0.
    40.50000     0.00000   0.
    42.00000     0.00000   0.
    43.50000     0.00000   0.
    45.00000     0.00000   0.
    46.50000     0.00000   0.
    48.00000     0.00000   0.
    49.50000     0.00000   0.
    51.00000     0.00000   0.
    52.50000     0.00000   0.
    54.00000     0.00000   0.
    55.50000     0.00000   0.
    57.00000     0.00000   0.
    58.50000     0.00000   0.
    60.00000     0.00000   0.
    61.50000     0.00000   0.
    63.00000     0.00000   0.
    64.50000     0.00000   0.
    66.00000     0.00000   0.
    67.50000     0.00000   0.
    69.00000     0.00000   0.
    70.50000     0.00000   0.
    72.00000     0.00000   0.
    73.50000     0.00000   0.
    75.00000     0.00000   0.
    76.50000     0.00000   0.
    78.00000     0.00000   0.
    79.50000     0.00000   0.
    81.00000     0.00000   0.
    82.50000     0.00000   0.
    84.00000     0.00000   0.
    85.50000     0.00000   0.
    87.00000     0.00000   0.
    88.50000     0.00000   0.
    90.00000     0.00000   0.
    91.50000     0.00000   0.
    93.00000     0.00000   0.
    94.50000     0.00000   0.
    96.00000     0.00000   0.
    97.50000     0.00000   0.
    99.00000     0.00000   0.
   100.50000     0.00000   0.
   102.00000     0.00000   0.
   103.50000     0.00000   0.
   105.00000     0.00000   0.
   106.50000     0.00000   0.
   108.00000     0.00000   0.
   109.50000     0.00000   0.
   111.00000     0.00000   0.
   112.50000     0.00000   0.
   114.00000     0.00000   0.
   115.50000     0.00000   0.
   117.00000     0.00000   0.
   118.50000     0.00000   0.
   120.00000     0.00000   0.
   121.50000     0.00000   0.
   123.00000     0.00000   0.
   124.50000     0.00000   0.
   126.00000     0.00000   0.
   127.50000     0.00000   0.
   129.00000     0.00000   0.
   130.50000     0.00000   0.
   132.00000     0.00000   0.
   133.50000     0.00000   0.
   135.00000     0.00000   0.
   136.50000     0.00000   0.
   138.00000     0.00000   0.
   139.50000     0.00000   0.
   141.00000     0.00000   0.
   142.50000     0.00000   0.
    -2.42000   -28.50000   0.
     2.66000   -28.50000   0.
     7.74000   -28.50000   0.
    12.82000   -28.50000   0.
    17.90000   -28.50000   0.
    22.98000   -28.50000   0.
    28.06000   -28.50000   0.
    33.15000   -28.50000   0.
    38.23000   -28.50000   0.
    43.31000   -28.50000   0.
    48.39000   -28.50000   0.
    53.47000   -28.50000   0.
    58.55000   -28.50000   0.
    63.63000   -28.50000   0.
    68.71000   -28.50000   0.
    73.79000   -28.50000   0.
    78.87000   -28.50000   0.
    83.95000   -28.50000   0.
    89.03000   -28.50000   0.
    94.11000   -28.50000   0.
    99.19000   -28.50000   0.
   104.27000   -28.50000   0.
   109.35000   -28.50000   0.
   114.44000   -28.50000   0.
   119.52000   -28.50000   0.
   124.60000   -28.50000   0.
   129.68000   -28.50000   0.
   134.76000   -28.50000   0.
   139.84000   -28.50000   0.
   144.92000   -28.50000   0.
     0.75000     0.00000   0.
     2.25000     0.00000   0.
     3.75000     0.00000   0.
     5.25000     0.00000   0.
     6.75000     0.00000   0.
     8.25000     0.00000   0.
     9.75000     0.00000   0.
    11.25000     0.00000   0.
    12.75000     0.00000   0.
    14.25000     0.00000   0.
    15.75000     0.00000   0.
    17.25000     0.00000   0.
    18.75000     0.00000   0.
    20.25000     0.00000   0.
    21.75000     0.00000   0.
    23.25000     0.00000   0.
    24.75000     0.00000   0.
    26.25000     0.00000   0.
    27.75000     0.00000   0.
    29.25000     0.00000   0.
    30.75000     0.00000   0.
    32.25000     0.00000   0.
    33.75000     0.00000   0.
    35.25000     0.00000   0.
    36.75000     0.00000   0.
    38.25000     0.00000   0.
    39.75000     0.00000   0.
    41.25000     0.00000   0.
    42.75000     0.00000   0.
    44.25000     0.00000   0.
    45.75000     0.00000   0.
    47.25000     0.00000   0.
    48.75000     0.00000   0.
    50.25000     0.00000   0.
    51.75000     0.00000   0.
    53.25000     0.00000   0.
    54.75000     0.00000   0.
    56.25000     0.00000   0.
    57.75000     0.00000   0.
    59.25000     0.00000   0.
    60.75000     0.00000   0.
    62.25000     0.00000   0.
    63.75000     0.00000   0.
    65.25000     0.00000   0.
    66.75000     0.00000   0.
    68.25000     0.00000   0.
    69.75000     0.00000   0.
    71.25000     0.00000   0.
    72.75000     0.00000   0.
    74.25000     0.00000   0.
    75.75000     0.00000   0.
    77.25000     0.00000   0.
    78.75000     0.00000   0.
    80.25000     0.00000   0.
    81.75000     0.00000   0.
    83.25000     0.00000   0.
    84.75000     0.00000   0.
    86.25000     0.00000   0.
    87.75000     0.00000   0.
    89.25000     0.00000   0.
    90.75000     0.00000   0.
    92.25000     0.00000   0.
    93.75000     0.00000   0.
    95.25000     0.00000   0.
    96.75000     0.00000   0.
    98.25000     0.00000   0.
    99.75000     0.00000   0.
   101.25000     0.00000   0.
   102.75000     0.00000   0.
   104.25000     0.00000   0.
   105.75000     0.00000   0.
   107.25000     0.00000   0.
   108.75000     0.00000   0.
   110.25000     0.00000   0.
   111.75000     0.00000   0.
   113.25000     0.00000   0.
   114.75000     0.00000   0.
   116.25000     0.00000   0.
   117.75000     0.00000   0.
   119.25000     0.00000   0.
   120.75000     0.00000   0.
   122.25000     0.00000   0.
   123.75000     0.00000   0.
   125.25000     0.00000   0.
   126.75000     0.00000   0.
   128.25000     0.00000   0.
   129.75000     0.00000   0.
   131.25000     0.00000   0.
   132.75000     0.00000   0.
   134.25000     0.00000   0.
   135.75000     0.00000   0.
   137.25000     0.00000   0.
   138.75000     0.00000   0.
   140.25000     0.00000   0.
   141.75000     0.00000   0.
   127.04981    -0.76935   0.
   123.37500    -0.64952   0.
   130.85217    -0.71456   0.
   134.44799    -0.75490   0.
   119.62500    -0.64952   0.
   138.37500    -0.68900   0.
   115.87500    -0.64952   0.
   112.13496    -0.60635   0.
   108.52343    -0.57979   0.
   104.75638    -0.74664   0.
   100.87500    -0.63743   0.
    97.12500    -0.64952   0.
    93.37500    -0.64133   0.
    89.63826    -0.74154   0.
    85.86437    -0.53447   0.
    82.10318    -0.70559   0.
    78.27899    -0.68202   0.
    74.62500    -0.63969   0.
    70.88119    -0.72346   0.
    67.14876    -0.69157   0.
    63.38150    -0.72403   0.
    59.69777    -0.61356   0.
    55.76339    -0.62546   0.
    52.10771    -0.51372   0.
    48.37500    -0.64952   0.
    44.62500    -0.64952   0.
    40.91956    -0.65834   0.
    37.04227    -0.80465   0.
    33.33602    -0.75096   0.
    29.63064    -0.53647   0.
    25.87500    -0.64224   0.
    22.12500    -0.63624   0.
    18.37500    -0.64952   0.
    14.65060    -0.67885   0.
    10.87615    -0.74576   0.
     7.10333    -0.85565   0.
     3.44281    -0.75535   0.
   141.71776    -0.72925   0.
     0.27405    -0.65785   0.
    91.50755   -23.73551   0.
    75.79782   -24.44053   0.
    21.13830   -24.00950   0.
   106.53178   -24.30244   0.
    60.89273   -24.39496   0.
    35.51165   -25.03676   0.
   132.22000   -24.10059   0.
   116.76668   -23.99659   0.
    51.35135   -24.17275   0.
     9.87050   -24.56677   0.
   125.48725    -0.55642   0.
    61.80427    -0.79946   0.
   128.64070    -0.67429   0.
    31.80958    -0.65647   0.
    16.12500    -0.64300   0.
    65.02998    -0.60595   0.
   132.37500    -0.64952   0.
   121.73150    -0.74161   0.
   136.15429    -0.56951   0.
   117.97589    -0.74965   0.
   114.21592    -0.75726   0.
   110.61404    -0.61857   0.
   106.86984    -0.62115   0.
     9.33733    -0.57205   0.
    12.39519    -0.69811   0.
    19.91397    -0.51929   0.
    23.62500    -0.66281   0.
    27.37177    -0.64218   0.
    34.93616    -0.64753   0.
    38.63204    -0.72483   0.
    42.33839    -0.71331   0.
    46.18057    -0.72006   0.
    49.89084    -0.54493   0.
    53.62580    -0.62363   0.
    57.37500    -0.66459   0.
    68.62500    -0.64952   0.
    72.36508    -0.73097   0.
    76.12284    -0.64782   0.
    79.87500    -0.64952   0.
    83.67192    -0.81364   0.
    87.40981    -0.70437   0.
    91.12529    -0.73823   0.
    94.91662    -0.66893   0.
    98.70223    -0.61495   0.
   102.36166    -0.62479   0.
     5.68152    -0.77850   0.
   143.00931    -0.95188   0.
   142.17263    -2.12709   0.
    -1.95619   -10.78382   0.
   144.10940   -18.48739   0.
     0.07614   -24.38035   0.
    -2.35353   -16.72289   0.
     2.46723   -13.94103   0.
     3.25045    -9.19441   0.
     6.17703   -11.93512   0.
     6.90445    -8.63562   0.
     9.12621   -10.52345   0.
     9.57584    -7.68938   0.
    11.68802    -9.28291   0.
    11.45749   -12.15624   0.
    13.88355   -10.93728   0.
    14.17179    -8.35948   0.
    16.12754    -9.76452   0.
    16.29383    -7.29726   0.
    18.19140    -8.37135   0.
    18.16555   -10.92014   0.
    20.18842    -9.70646   0.
    20.27107    -7.48073   0.
    22.10409    -8.52630   0.
    22.21487   -10.86721   0.
    24.26934    -9.24485   0.
    24.39473   -11.95773   0.
    26.36842   -10.55263   0.
    26.33902    -8.35533   0.
    28.29446    -9.25911   0.
    28.77332   -11.61168   0.
    30.43366   -10.10603   0.
    29.93058    -8.16156   0.
    32.04351    -8.83918   0.
    32.52092   -10.89076   0.
    34.20849    -9.47785   0.
    34.68689   -11.72669   0.
    36.38404   -10.19072   0.
    36.94923   -12.54601   0.
    38.86443   -10.58940   0.
    39.33308   -13.41484   0.
    41.21989   -11.68613   0.
    40.93166    -9.30747   0.
    43.02686   -10.09040   0.
    42.55439    -7.92153   0.
    44.57451    -8.59634   0.
    45.13243   -10.70432   0.
    46.69234    -9.16313   0.
    47.28876   -11.33748   0.
    48.96271    -9.73684   0.
    40.63625    -6.94670   0.
    49.53838   -11.99811   0.
    51.28093   -10.33348   0.
    52.13406   -12.49795   0.
    53.62904   -10.85422   0.
    52.98316    -8.71589   0.
    55.12134    -9.24393   0.
    55.87486   -11.35749   0.
    57.40338    -9.39618   0.
    58.15552   -11.85445   0.
    59.54886   -10.14026   0.
    60.49960   -12.38968   0.
    61.86400   -10.33314   0.
    62.92418   -12.92646   0.
    64.52475   -11.00922   0.
    63.74970    -8.83118   0.
    65.98380    -9.26897   0.
    66.88667   -11.36311   0.
    68.29821    -9.43415   0.
    69.19526   -11.71258   0.
    70.58485    -9.88826   0.
    41.80546   -14.37906   0.
    71.54105   -12.09502   0.
    72.98546    -9.89806   0.
    73.95065   -12.42481   0.
    75.47345   -10.49550   0.
    76.41072   -12.82515   0.
    78.00575   -10.87158   0.
    78.86461   -13.33843   0.
    80.44541   -11.18092   0.
    79.62400    -8.78377   0.
    81.90097    -9.28324   0.
    82.78457   -11.40609   0.
    84.23686    -9.20567   0.
    85.13906   -11.51883   0.
    86.53697    -9.61943   0.
    87.46038   -11.71172   0.
    88.72652    -9.83874   0.
    89.86125   -12.02942   0.
    91.08475    -9.72417   0.
    92.26438   -12.13842   0.
    93.66969    -9.80826   0.
    94.67546   -12.25550   0.
    96.05824   -10.29355   0.
    97.10596   -12.52009   0.
    98.40140   -10.47919   0.
    97.49242    -8.21522   0.
    99.70236    -8.57831   0.
   100.68433   -10.55947   0.
   101.79426    -8.67206   0.
   102.91226   -10.54844   0.
   103.98330    -8.36500   0.
   105.12413   -10.56250   0.
   106.31620    -8.33912   0.
   107.34401   -10.56679   0.
   108.47132    -8.70168   0.
   109.55216   -10.59655   0.
   110.64732    -8.77356   0.
   111.76408   -10.66081   0.
   112.78502    -8.79826   0.
   113.97359   -10.73780   0.
   115.02844    -8.49663   0.
   116.22636   -10.75117   0.
   117.41591    -8.47555   0.
   118.47036   -10.75072   0.
   119.61486    -8.86863   0.
   120.70730   -10.82244   0.
   121.82046    -8.94599   0.
   122.94709   -10.89741   0.
   124.05717    -8.77707   0.
   125.20593   -10.90614   0.
   126.32495    -8.98569   0.
   127.47415   -11.00848   0.
   128.66187    -8.99044   0.
   124.04318   -12.97154   0.
    74.77629    -8.39419   0.
    92.48259    -8.05388   0.
    58.93993    -7.96420   0.
    69.76243    -7.79272   0.
    87.84797    -7.91274   0.
    48.12021    -7.60896   0.
    70.04039   -14.07343   0.
    82.96603    -7.51177   0.
    65.31499    -7.16202   0.
    54.51310    -7.15102   0.
    33.65355    -7.16434   0.
   120.74697    -7.30117   0.
   125.44486    -7.10167   0.
   109.59871    -6.89986   0.
   101.76722   -12.32740   0.
   116.24788    -6.99208   0.
    83.82150   -13.64463   0.
    56.48236   -14.15441   0.
   105.18153    -6.86476   0.
    22.20939   -13.42735   0.
    24.66127   -14.70502   0.
    32.79818   -13.26931   0.
   129.92420   -11.10803   0.
   131.03601    -8.98963   0.
   100.74802    -6.65716   0.
    44.09444    -6.51120   0.
   112.66130   -12.64505   0.
    21.96198    -6.45480   0.
   129.85793    -6.98456   0.
   131.99657    -6.96588   0.
   117.35606   -12.44558   0.
   106.28497   -12.66884   0.
   133.34883    -8.84920   0.
   134.23519    -6.44544   0.
    88.52316   -14.34823   0.
    14.55295    -6.17056   0.
    13.82756   -13.83224   0.
    20.42591    -5.54792   0.
    16.18168    -5.26775   0.
   128.61568   -13.37938   0.
   131.43203   -13.49545   0.
    47.68125   -13.88636   0.
    22.03729    -4.47273   0.
   135.76692    -8.74531   0.
   136.72379    -6.45887   0.
   130.82106    -5.31560   0.
    95.67433   -14.71942   0.
   129.14648    -5.23024   0.
     7.73358    -6.12058   0.
     9.64900    -5.35795   0.
    63.32314    -6.87452   0.
    64.49595    -5.47869   0.
    62.90740    -5.14697   0.
    52.61540    -6.72306   0.
    53.84119    -5.42100   0.
    52.31183    -4.98330   0.
    63.98380    -4.00213   0.
    65.40998    -4.24638   0.
    62.55096    -3.72503   0.
    61.53490    -4.74452   0.
    14.84704    -4.35392   0.
   138.37983    -8.66483   0.
   137.10690   -11.21484   0.
    74.96722   -14.49735   0.
    61.20178    -3.39305   0.
    60.21646    -4.31713   0.
    53.44542    -3.94865   0.
    54.82769    -4.25578   0.
    52.04935    -3.56200   0.
    50.98504    -4.49858   0.
    20.55771    -3.85572   0.
    61.19075   -14.98368   0.
    63.98831   -15.59193   0.
   129.94636    -3.90982   0.
   128.54013    -3.85213   0.
   131.44332    -3.84887   0.
    11.14472   -15.11855   0.
    13.75325   -16.93987   0.
    16.27693    -3.69087   0.
    37.33438   -15.19292   0.
    23.42403    -5.42322   0.
    23.44093    -3.84529   0.
    24.69860    -4.55523   0.
   135.57236    -4.61484   0.
   137.51380    -4.42481   0.
    24.56110    -3.14917   0.
    25.88968    -3.56288   0.
     8.19346    -4.13026   0.
     6.49802    -4.38415   0.
    50.74425    -3.15596   0.
    49.72639    -3.99714   0.
     9.89456    -3.60827   0.
    59.91256    -3.04534   0.
    58.95512    -3.92306   0.
    54.45304    -2.97816   0.
    55.66992    -3.22891   0.
    56.45254    -4.37089   0.
    58.75364    -2.67055   0.
   129.92823   -16.11521   0.
   133.19159   -16.29114   0.
    22.21770   -16.29562   0.
    24.95906   -17.75944   0.
    11.32506    -4.40181   0.
    49.56954    -2.56084   0.
    48.51585    -3.53246   0.
    11.25345    -2.91654   0.
    64.92094    -2.89521   0.
    66.27063    -3.18568   0.
    66.77422    -4.41635   0.
    67.59412    -3.36042   0.
    68.10297    -4.55997   0.
    68.91338    -3.50543   0.
    69.45775    -4.70902   0.
    70.29531    -3.65167   0.
    70.82871    -4.90986   0.
    71.68402    -3.80697   0.
    72.22371    -5.08864   0.
    73.06949    -3.95158   0.
    69.64325    -2.37690   0.
    17.57451    -4.35444   0.
    17.49975    -2.98038   0.
    73.63857    -5.26385   0.
    74.47530    -4.11772   0.
    75.07705    -5.42621   0.
    75.95145    -4.05715   0.
    76.54646    -5.56575   0.
    77.38924    -4.35704   0.
    76.94704    -3.09300   0.
    78.21307    -3.27105   0.
    78.77800    -4.47072   0.
    79.53758    -3.36865   0.
    80.12376    -4.55605   0.
    80.85530    -3.42117   0.
    81.47005    -4.63318   0.
    82.23366    -3.50733   0.
    73.90834    -2.90142   0.
    82.83464    -4.70139   0.
    83.60497    -3.57702   0.
    84.20692    -4.79236   0.
    84.99924    -3.46350   0.
    85.59264    -4.84054   0.
    86.36002    -3.68251   0.
    15.07270    -2.86028   0.
     0.53057    -6.50569   0.
    86.98236    -4.94008   0.
    87.74442    -3.75962   0.
    88.38427    -5.02491   0.
    89.19644    -3.67222   0.
    89.80710    -5.08076   0.
    90.58679    -3.89535   0.
    88.50671    -2.64166   0.
    91.23091    -5.18394   0.
    92.05719    -3.79805   0.
    92.67602    -5.24251   0.
    93.46850    -4.04047   0.
    94.14422    -5.33143   0.
    94.87034    -4.10260   0.
    94.20880    -2.94692   0.
    95.51566    -2.77021   0.
    96.21188    -4.08790   0.
    96.81693    -2.95873   0.
    97.49330    -4.08495   0.
    98.13134    -2.95684   0.
    98.78173    -4.07765   0.
    99.43776    -2.97527   0.
   100.06897    -4.07153   0.
   100.67830    -2.97076   0.
   101.34395    -4.06181   0.
   101.97714    -2.92650   0.
   102.62550    -4.04482   0.
   103.27860    -2.94506   0.
   103.90748    -4.03743   0.
   104.51431    -2.94031   0.
   105.17737    -4.01553   0.
   105.91045    -2.78783   0.
   106.47107    -3.98990   0.
   107.18522    -2.91473   0.
   107.73267    -3.98686   0.
   108.34910    -2.90697   0.
   108.99860    -3.98890   0.
   109.72276    -2.77535   0.
   110.27983    -3.95923   0.
   111.01069    -2.90884   0.
   111.55748    -3.96842   0.
   112.18319    -2.86415   0.
   112.80953    -3.95440   0.
   113.40754    -2.86645   0.
   114.06484    -3.94430   0.
   114.69472    -2.64819   0.
   115.33005    -3.89843   0.
   115.95680    -2.81198   0.
   116.59065    -3.90019   0.
   117.18936    -2.82857   0.
   117.84631    -3.90440   0.
   118.47024    -2.62073   0.
   119.10713    -3.86231   0.
   119.72631    -2.78220   0.
   120.36355    -3.87399   0.
   120.95899    -2.79894   0.
   121.61428    -3.87061   0.
   122.23345    -2.59391   0.
   122.87005    -3.82794   0.
   123.48730    -2.75054   0.
   124.12281    -3.83923   0.
   124.71791    -2.76617   0.
   125.37380    -3.84000   0.
   125.86458    -2.70234   0.
   118.57009    -5.33940   0.
   112.07092    -5.43918   0.
   127.54125    -4.81912   0.
    91.34278    -2.66174   0.
   129.17187    -2.51852   0.
   123.24258    -5.27975   0.
    98.15118    -5.25463   0.
    80.72701    -5.86922   0.
    26.00611    -5.13869   0.
    27.14328    -4.27697   0.
    27.14977    -2.99207   0.
    28.25632    -3.47039   0.
    28.49991    -4.85470   0.
    29.49279    -3.93154   0.
    84.26055    -2.46452   0.
    29.29174    -2.48971   0.
    30.46227    -3.05214   0.
    30.74584    -4.35559   0.
    31.75275    -3.43778   0.
    32.04648    -4.72513   0.
    33.00704    -3.78536   0.
    32.65990    -2.42401   0.
    33.91596    -2.86443   0.
    34.26964    -4.11406   0.
    35.18858    -3.16282   0.
    35.55875    -4.39716   0.
    36.49199    -3.44289   0.
    36.87278    -4.72769   0.
    37.83255    -3.73429   0.
    38.21463    -5.03566   0.
    39.14632    -3.99891   0.
    36.92326    -6.44572   0.
    38.76534    -2.58841   0.
    39.99903    -3.00528   0.
    40.45705    -4.21320   0.
    41.30488    -3.22585   0.
    41.75869    -4.45031   0.
    42.55456    -3.41741   0.
    36.10053    -2.19820   0.
   107.08729    -5.24012   0.
    23.57474    -2.39373   0.
    60.82605    -2.13491   0.
    98.46983   -15.06862   0.
    96.66692   -17.68979   0.
   100.06053   -17.87386   0.
    93.36461   -16.97279   0.
    98.12461   -20.49401   0.
    27.59408   -15.86465   0.
    27.93135   -19.22608   0.
   103.28229    -5.26421   0.
    90.42889    -6.48289   0.
    65.80598    -2.04806   0.
    13.80414    -3.34336   0.
    81.61321    -2.30752   0.
    48.30682    -2.35121   0.
    47.35292    -3.10943   0.
    47.56554    -4.37635   0.
    46.38802    -3.83599   0.
    46.61884    -5.11446   0.
    46.25343    -2.49117   0.
    45.10233    -3.25333   0.
     8.60135    -2.54646   0.
   136.39668    -2.83595   0.
   134.77528    -3.09110   0.
    16.80899   -15.38872   0.
    67.38036    -5.86454   0.
   114.70904    -5.08293   0.
    39.82254    -1.93029   0.
    16.57805   -18.74977   0.
    49.90483    -5.34427   0.
    77.68594    -2.09629   0.
   138.14767    -2.58890   0.
   139.80000    -0.52479   0.
   139.41334    -3.97989   0.
    62.00378   -17.84185   0.
    65.13007   -18.56455   0.
    51.79326    -2.21863   0.
    96.38571    -2.09781   0.
   133.85242    -4.33179   0.
    24.65195    -1.97310   0.
   140.46049   -11.26331   0.
   141.67508    -7.98379   0.
    60.49081    -5.68787   0.
    72.76148    -6.47028   0.
   128.01346    -2.62763   0.
    45.29632    -2.22699   0.
    42.09942    -2.25779   0.
    43.22174    -2.44629   0.
    10.10610    -2.24817   0.
   100.02907    -2.03508   0.
     7.05591   -15.95541   0.
    30.71261   -17.29013   0.
    58.73692   -16.92500   0.
    12.66242    -7.10508   0.
    13.98772    -2.02036   0.
   126.39297   -15.54228   0.
   128.05748   -18.86709   0.
   124.53709   -18.67219   0.
    55.33415    -2.04611   0.
    56.42456    -2.27066   0.
    50.67608    -1.88844   0.
   126.10167   -21.87308   0.
   103.84819    -1.99274   0.
   104.99701    -1.79139   0.
    76.50506    -1.98987   0.
   101.19409    -1.99956   0.
   101.68724   -20.82448   0.
   103.80076   -17.84952   0.
    97.34625    -1.93318   0.
   105.97262    -1.75952   0.
    10.56562   -18.30670   0.
   107.80746    -2.05583   0.
   108.91915    -1.98097   0.
    30.90128   -20.74064   0.
    33.77603   -18.51336   0.
    34.84684    -2.09771   0.
    75.09440    -2.98193   0.
    98.90136    -2.11164   0.
   102.72350    -1.93941   0.
    30.38981    -1.83968   0.
     7.52337   -20.47534   0.
   109.99499    -1.77324   0.
   116.62485    -1.89541   0.
   115.57178    -1.65820   0.
   112.84841    -1.92235   0.
   111.72673    -1.92818   0.
   120.39174    -1.87286   0.
     3.36080    -5.88211   0.
     0.97293    -3.71149   0.
     1.95000    -0.53986   0.
     3.63957    -3.51816   0.
    18.86267    -6.46523   0.
    43.38521    -4.67573   0.
   130.55717    -2.47302   0.
   131.92686    -2.48967   0.
   129.83139    -1.59184   0.
    21.71650    -2.98459   0.
    20.56545    -2.32663   0.
    19.48973    -3.06671   0.
   122.57657   -21.72284   0.
   120.65970   -18.32032   0.
   122.78726    -7.12597   0.
    84.81875    -6.08815   0.
   124.14931    -1.84758   0.
    24.95769   -21.33811   0.
   113.91306    -1.81612   0.
    54.19687    -1.86404   0.
   119.37970    -1.58721   0.
    83.01116    -2.37575   0.
    90.07039    -2.66690   0.
    93.06813    -2.88789   0.
    92.19666    -1.78625   0.
    77.15681    -1.29566   0.
    21.64695    -1.89190   0.
    95.40670    -8.23754   0.
     7.12969    -2.89020   0.
    57.76541    -3.54041   0.
    57.93636    -4.87128   0.
    57.01130    -6.06346   0.
    25.52587    -2.38282   0.
    26.31398    -1.75894   0.
    35.68482    -8.08239   0.
    37.67896    -8.37053   0.
    77.03045    -8.48155   0.
    78.53270    -7.09522   0.
    16.26626    -2.20540   0.
    17.46345    -1.71302   0.
   117.64912    -1.74279   0.
    63.55286    -2.56314   0.
    64.38576    -1.81893   0.
    62.19183    -2.38543   0.
    37.42616    -2.38296   0.
   123.13423    -1.57308   0.
    30.95294    -5.72839   0.
    96.33005    -6.67927   0.
    74.54443    -2.06103   0.
    73.54445    -1.75905   0.
    50.76077    -8.09833   0.
   121.41180    -1.72562   0.
    61.89272    -8.04178   0.
    93.73995    -1.94357   0.
    94.69283    -2.07505   0.
    59.62399    -1.97420   0.
    58.57967    -1.52294   0.
   139.65019    -2.38568   0.
    72.58777    -2.58403   0.
    71.15788    -2.48921   0.
    40.89170    -2.18766   0.
    45.98026    -7.38009   0.
   125.25217    -1.87093   0.
   126.35771    -1.64452   0.
    89.32957    -1.79363   0.
    19.41827    -1.82727   0.
    53.11483    -2.50010   0.
    87.14449    -2.46756   0.
    85.85122    -2.48612   0.
    85.12584    -1.57886   0.
    80.24809    -2.19006   0.
    80.97688    -1.38711   0.
    78.92649    -2.31487   0.
   120.90852    -5.00383   0.
    68.30217    -2.39162   0.
    67.06091    -2.30602   0.
    31.37423    -2.25032   0.
   118.94157    -7.09904   0.
    48.88843    -1.50354   0.
    15.05032    -1.55657   0.
    20.93676    -1.34104   0.
    33.73440    -1.65437   0.
   127.32600    -7.49424   0.
   142.73887    -3.85034   0.
   137.17673    -1.64888   0.
    90.75176    -1.76082   0.
   135.41640    -1.86246   0.
   134.20767    -1.81789   0.
   133.40181    -2.90756   0.
   139.24217   -15.15543   0.
    87.84300    -1.70118   0.
    86.52840    -1.66682   0.
   111.77230   -24.33132   0.
   113.79976   -20.36091   0.
   109.47742   -20.46699   0.
   111.77245   -17.01809   0.
   107.66569   -17.16939   0.
   114.94469   -17.44095   0.
    56.26065   -24.24530   0.
    53.54822   -20.44998   0.
    49.56085   -20.22842   0.
    51.75685   -16.91678   0.
    47.02880   -23.17074   0.
    45.67577   -19.30173   0.
    41.73237   -23.62363   0.
    40.52945   -19.60560   0.
    15.21532   -23.38044   0.
    34.63591    -5.52926   0.
    23.59106    -7.17122   0.
   111.55046    -7.16752   0.
   113.54820    -6.74997   0.
    42.22427    -5.98658   0.
    44.64422    -5.08095   0.
    71.94049    -1.70230   0.
    43.83655    -3.37386   0.
    52.61585    -1.64912   0.
    11.25358    -1.72265   0.
    12.19873    -2.24599   0.
   109.31651    -1.06021   0.
    13.23246    -4.92325   0.
    70.50871    -1.65077   0.
    69.56636    -1.37714   0.
   113.34491    -1.07646   0.
    57.62601    -2.21966   0.
   117.10675    -1.05821   0.
    19.11725    -4.57198   0.
    38.29226    -1.70679   0.
    63.03903    -1.69825   0.
   107.70875    -6.88977   0.
   142.12294   -24.15403   0.
    28.11415    -2.31092   0.
    28.63485    -1.47803   0.
   120.86630    -1.04652   0.
    67.40129   -15.83296   0.
    68.67661   -19.17055   0.
    66.56697   -21.42840   0.
    69.82721   -22.41710   0.
    72.13946   -19.75340   0.
    27.90272    -7.46830   0.
   126.53497    -3.71927   0.
   125.79528    -5.23386   0.
    86.77979   -24.13625   0.
    88.57714   -20.25047   0.
    84.67590   -20.33709   0.
    82.37369   -24.00867   0.
    81.03038   -19.98721   0.
     2.42660   -19.59497   0.
    54.97562    -1.14711   0.
    67.16194    -7.65393   0.
    18.45134    -2.26366   0.
   103.41054    -1.25089   0.
   124.74731    -1.05723   0.
    83.05951   -16.93270   0.
    86.60149   -17.11944   0.
    79.81633   -16.34095   0.
    77.84223   -18.74736   0.
   128.50856    -1.75706   0.
   127.44738    -1.64461   0.
   110.26967   -14.39970   0.
    31.08399    -1.26212   0.
    32.80766    -1.43368   0.
    67.83489    -1.41345   0.
   109.79546    -5.20189   0.
   105.61584    -1.09255   0.
   102.62718    -6.85827   0.
   144.32429   -10.99860   0.
    48.21851    -5.78779   0.
    55.25341   -17.20959   0.
    38.75770    -6.68127   0.
    47.31566    -1.99754   0.
    56.17424    -7.48791   0.
    82.36910    -1.65976   0.
   137.13918   -24.29297   0.
   134.99485   -20.22454   0.
    51.32119    -1.33083   0.
    41.59993    -1.33489   0.
    98.96782    -6.87786   0.
    71.69651    -8.15710   0.
    89.99504   -17.08785   0.
     7.60263    -1.82652   0.
     6.38368    -1.63243   0.
     5.80691    -2.84445   0.
   131.11304    -1.70505   0.
     5.59215    -6.39031   0.
    96.03494   -24.45570   0.
    60.35883    -1.21556   0.
    85.87220    -7.66658   0.
    35.45055    -1.35043   0.
    36.89358    -1.64379   0.
    48.30018   -16.76296   0.
    45.02516   -15.20737   0.
    99.44996    -1.15895   0.
     7.91165    -0.82367   0.
   117.30951   -19.58903   0.
    61.66929    -1.63082   0.
    57.09238   -20.25225   0.
    75.64173    -6.87511   0.
   132.90702    -1.81507   0.
   133.56808    -1.09044   0.
    45.79320    -1.47177   0.
    42.82543    -1.54064   0.
    43.84986    -1.39546   0.
    43.20558    -0.78909   0.
    83.71582    -1.65877   0.
    66.55768    -1.43691   0.
    65.71835    -1.10446   0.
    69.76635    -5.98645   0.
    53.83600   -14.70852   0.
    58.34602    -6.34688   0.
    94.05956   -21.04556   0.
   100.71830    -5.02104   0.
    95.55328    -5.34143   0.
   139.11665    -6.15397   0.
    32.26891    -5.97452   0.
     5.04944   -24.33624   0.
    19.87627   -14.70057   0.
   129.37500    -0.64952   0.
   127.89941    -0.80755   0.
   126.23435    -0.71445   0.
    32.58728    -0.67523   0.
    64.25586    -0.84030   0.
    15.37500    -0.64952   0.
   130.13476    -0.70653   0.
   131.59837    -0.75874   0.
   132.09120    -1.44248   0.
   122.62346    -0.72458   0.
   135.43430    -0.85784   0.
   118.87176    -0.72848   0.
   115.11045    -0.74045   0.
   111.37483    -0.62911   0.
   107.69504    -0.64362   0.
    11.62915    -0.76150   0.
    13.13702    -0.66296   0.
    13.88127    -0.64517   0.
    17.65041    -0.69303   0.
    19.25387    -0.81405   0.
    21.36446    -0.63680   0.
    22.87500    -0.66459   0.
    23.19321    -1.41537   0.
    24.37500    -0.63999   0.
    26.62308    -0.62616   0.
    28.14694    -0.69249   0.
    28.87500    -0.64952   0.
    30.37556    -0.72648   0.
    34.12500    -0.64952   0.
    36.35844    -0.59692   0.
    37.87946    -0.69237   0.
    39.37500    -0.64952   0.
    45.38676    -0.68558   0.
    46.92273    -0.66975   0.
    47.63984    -0.65802   0.
    48.00000    -1.38454   0.
    49.12500    -0.64952   0.
    50.63173    -0.74063   0.
    52.76970    -0.76841   0.
    56.59597    -0.68331   0.
    56.98155    -1.44144   0.
    58.13828    -0.69018   0.
    61.05097    -0.64784   0.
    62.62908    -0.67907   0.
    66.29997    -0.62084   0.
    67.87173    -0.55091   0.
    70.09688    -0.73329   0.
    71.61446    -0.74872   0.
    73.13076    -0.75401   0.
    75.37500    -0.64952   0.
    75.75000    -1.38450   0.
    79.04637    -0.71579   0.
    79.45336    -1.45004   0.
    80.62500    -0.64952   0.
    82.87500    -0.64952   0.
    84.37975    -0.62855   0.
    86.59428    -0.76074   0.
    88.16409    -0.74559   0.
    88.91478    -0.78320   0.
    90.37755    -0.76619   0.
    91.86616    -0.75725   0.
    92.61464    -0.75701   0.
    94.12996    -0.63115   0.
    95.60827    -0.55842   0.
    96.33104    -0.66123   0.
    97.88787    -0.65149   0.
   100.07499    -0.60122   0.
   101.62278    -0.64492   0.
   101.97409    -1.39827   0.
    16.91481    -0.73919   0.
    85.12358    -0.74649   0.
    81.37500    -0.64952   0.
    73.87718    -0.67296   0.
    58.89473    -0.67232   0.
    40.13243    -0.64749   0.
    55.42917    -5.72541   0.
    25.12500    -0.64952   0.
    25.49883    -1.40143   0.
    65.46297   -13.31324   0.
    43.53570   -12.32992   0.
    39.68810    -5.38163   0.
    72.71371    -1.50607   0.
    81.31181    -7.52183   0.
    94.77370    -6.68469   0.
   122.89012   -15.54321   0.
   120.47017   -14.94522   0.
   131.52763   -19.07683   0.
    89.58198    -8.09017   0.
   139.02340   -19.94101   0.
    30.07918   -14.20356   0.
    10.12500    -0.64952   0.
   136.82957    -0.73607   0.
    16.08124   -12.49210   0.
    24.79998    -6.01963   0.
    62.88342   -21.14689   0.
    93.31480    -6.63964   0.
   105.47017   -20.56837   0.
   105.35443   -15.29301   0.
    26.59738   -13.06391   0.
   137.62500    -0.64952   0.
   132.51503    -5.13457   0.
    78.41525    -1.53693   0.
    19.44914   -17.59868   0.
    54.41353    -0.57297   0.
    51.04898    -6.09342   0.
    91.10545   -14.56949   0.
    30.60500   -25.01405   0.
    12.50973    -3.39830   0.
   141.20526    -5.20446   0.
    99.44612   -12.63082   0.
    27.51025    -5.83576   0.
    98.25000    -1.39867   0.
    56.07942    -1.45634   0.
    61.84946    -6.27485   0.
    48.78623    -4.60760   0.
    81.46532   -13.80729   0.
   101.84125   -14.78514   0.
    16.50000    -1.38611   0.
    69.37500    -0.64835   0.
    59.24619    -5.16634   0.
    13.40833   -19.73836   0.
    20.19566   -12.14098   0.
   118.46934    -1.48577   0.
    68.67384    -1.49059   0.
   122.22689    -1.47176   0.
    33.32549    -5.14279   0.
    77.95687    -5.68262   0.
   101.73000   -25.08239   0.
    29.81155    -5.10418   0.
    12.06955    -1.38307   0.
    87.60501    -6.26777   0.
     8.99227   -13.13775   0.
    27.75221    -1.38415   0.
   114.70119    -1.52404   0.
   116.08649    -5.38616   0.
   117.32561    -4.97805   0.
   104.56066    -5.26609   0.
   105.81482    -5.28233   0.
   113.44051    -5.03416   0.
   110.87691    -4.98652   0.
   108.48691    -5.36790   0.
   101.89087    -5.31789   0.
    99.43412    -5.17033   0.
   119.74327    -4.86578   0.
   122.06813    -4.82372   0.
     6.38370    -0.65332   0.
    18.75000    -1.38450   0.
   108.57565   -12.50498   0.
   115.07768   -12.66504   0.
   121.76810   -12.98731   0.
    83.53122    -6.02019   0.
   103.88071   -12.69755   0.
   139.12500    -0.64952   0.
   138.77533    -1.50178   0.
     0.05476    -1.86921   0.
     1.66096    -2.10086   0.
    21.93678   -19.69087   0.
    82.14013    -6.04293   0.
    86.17419    -5.96062   0.
    88.94253    -6.47654   0.
    91.86521    -6.57012   0.
   103.87725    -0.61925   0.
   124.60930    -4.88702   0.
    26.25802    -6.69764   0.
    91.45653    -1.54086   0.
     4.82379    -0.76682   0.
     5.25000    -1.67239   0.
     4.20393    -1.33610   0.
     3.07608    -1.81211   0.
    86.12245   -13.62865   0.
    96.91120    -5.32217   0.
     4.14411    -0.57166   0.
    71.17320    -6.40084   0.
    68.52236    -6.78751   0.
    74.17119    -6.71891   0.
    20.62500    -0.62917   0.
    72.43821   -14.29911   0.
    70.89988   -16.82257   0.
    77.10073   -15.59254   0.
   106.09662    -0.56056   0.
    79.35146    -5.78415   0.
    66.00118    -5.45948   0.
    77.56009    -0.62898   0.
   126.34638   -12.76156   0.
     2.66148    -0.75126   0.
   110.90799    -1.33836   0.
    59.01303   -14.06144   0.
    35.81060    -5.56921   0.
    50.54112   -14.46178   0.
     9.32718    -1.45217   0.
    43.87500    -0.58939   0.
    67.79732   -13.25906   0.
    27.92168   -22.29355   0.
    25.40329   -25.09518   0.
    40.50000    -1.37154   0.
    35.08529   -14.25763   0.
    33.17575   -15.95002   0.
    90.03350    -1.54581   0.
    40.95287    -5.39568   0.
    39.77348   -15.99353   0.
    37.22733   -18.40588   0.
    38.22263   -21.87305   0.
    93.09237    -1.40255   0.
   134.81960   -13.49646   0.
    41.62500    -0.61493   0.
    45.73266   -12.69309   0.
   126.95956    -2.64739   0.
    51.40100    -0.61793   0.
    96.75000    -1.35323   0.
   132.36707   -11.08028   0.
    63.75000    -1.34692   0.
    35.62500    -0.60410   0.
    49.61066    -6.58655   0.
    12.93325    -1.54140   0.
    71.22055    -1.46289   0.
    44.85790    -1.47065   0.
    39.07585    -1.43202   0.
   124.31624    -6.18529   0.
   119.55073   -12.74406   0.
    31.95905    -1.47179   0.
    60.37937    -7.27843   0.
    18.88080   -20.91018   0.
    95.53173    -1.45710   0.
    57.74010    -1.30776   0.
    44.31378    -2.37066   0.
    22.42982    -1.31864   0.
    88.60674    -1.41846   0.
    30.88056   -12.15225   0.
    31.10987    -0.54387   0.
    10.45773    -1.37488   0.
    77.11859    -6.90349   0.
   113.69682   -14.91429   0.
    56.78769    -3.12610   0.
   129.17105   -21.82528   0.
    11.17991    -6.15973   0.
   109.83163    -0.54574   0.
   120.40599    -0.54681   0.
   127.72894   -25.02380   0.
   124.17781    -0.54466   0.
    34.54322    -1.30316   0.
   115.00463    -6.49854   0.
   116.65517    -0.55203   0.
   106.41865    -6.46446   0.
    42.60524   -17.43260   0.
   136.39025   -17.17356   0.
    22.54610    -2.17397   0.
   136.25803    -1.50112   0.
     8.70252    -0.75524   0.
   100.47885    -1.27584   0.
    31.35925    -7.15358   0.
   117.45515   -15.31693   0.
    60.37373    -0.53169   0.
    18.42651    -3.44743   0.
   117.53452    -6.36011   0.
   121.70519    -6.13649   0.
   140.54463    -0.71513   0.
   112.90643    -0.55118   0.
   124.30112   -24.37481   0.
   120.49844   -24.75432   0.
    93.41684   -14.13113   0.
    76.83997    -0.64184   0.
     1.20568    -0.93829   0.
   140.77923    -1.74675   0.
   141.02094    -3.21077   0.
     4.90981    -4.24320   0.
    53.38797    -1.42913   0.
    72.85018   -22.56616   0.
    74.32864   -17.17112   0.
   130.50000    -1.28327   0.
    24.02023    -1.35992   0.
   103.92699    -6.52367   0.
    49.84187    -1.34636   0.
    91.64653   -19.54820   0.
    81.75000    -1.27474   0.
    14.22427    -1.24841   0.
    74.31821    -1.27741   0.
    35.13501    -6.69728   0.
   107.34289    -1.31515   0.
    37.57036    -1.39540   0.
    80.23567    -1.26525   0.
    66.26122   -24.90312   0.
   110.56457   -12.16142   0.
    46.65386    -1.38416   0.
    75.47653    -2.15459   0.
    91.05803    -7.81786   0.
    79.93255    -7.01661   0.
    71.57363   -25.73422   0.
   134.68186   -10.67722   0.
    60.11692   -20.10326   0.
    62.33192    -1.38645   0.
   104.19929    -1.26232   0.
    59.31596    -1.23927   0.
   106.82635    -2.00277   0.
   133.14451    -0.55031   0.
   132.66039    -3.78745   0.
    99.39544    -0.47502   0.
    39.45962    -8.40006   0.
    75.01486    -1.36112   0.
    17.52145    -5.76361   0.
    83.06987    -1.38493   0.
     2.38529    -3.11408   0.
     2.47303    -4.45864   0.
    76.45658    -1.25601   0.
    29.42389    -6.32949   0.
    45.58831    -5.85790   0.
    84.41926    -1.38175   0.
    18.07043    -1.29655   0.
    78.85626   -22.71343   0.
   129.10550    -1.43825   0.
    55.08051    -0.46911   0.
    97.47182    -1.19722   0.
   107.50414   -14.42052   0.
     4.52041    -2.50688   0.
    54.41036   -12.77277   0.
    85.84795    -1.29558   0.
    94.47156    -1.30305   0.
    18.24846   -13.07141   0.
    87.17460    -1.38429   0.
    65.65966    -0.46625   0.
    65.04251    -1.42322   0.
    84.90229   -15.57435   0.
    97.64743    -6.47717   0.
   128.20217    -6.33013   0.
    29.56729    -1.31426   0.
   143.22766    -5.95784   0.
    73.20661    -7.90621   0.
   133.84115    -0.48989   0.
   112.45191    -1.21181   0.
   108.27694    -1.38069   0.
   126.81547    -6.15394   0.
    -2.28323   -21.36894   0.
    11.24938    -7.61387   0.
    13.08671    -2.50988   0.
    24.73420    -1.20479   0.
    25.05149    -7.49773   0.
    34.24362   -21.61883   0.
    84.38187    -7.35994   0.
   116.36671    -1.16267   0.
   103.09490    -0.62257   0.
   119.93825    -6.10052   0.
   101.24452    -1.21455   0.
    13.63270    -1.22366   0.
   134.87659    -1.32327   0.
    68.66106    -5.58643   0.
    39.40133   -25.50669   0.
   128.51199    -7.44984   0.
    22.66311    -3.17406   0.
   106.45832    -1.21497   0.
   113.60377    -0.46760   0.
     2.19929    -1.33765   0.
   120.13375    -1.14058   0.
   110.70113    -2.10590   0.
    76.03986    -2.80035   0.
   142.57002   -14.31928   0.
   105.37500    -0.46052   0.
    47.32161    -1.25279   0.
    21.71471    -1.17906   0.
    98.15724    -2.10008   0.
   109.18431    -0.43715   0.
    39.75000    -1.20554   0.
    27.10593    -2.01141   0.
    66.44904    -6.60505   0.
   123.88897    -1.13521   0.
   110.13303    -1.06722   0.
   139.77906    -1.25394   0.
   132.81716    -1.10956   0.
    99.14287   -23.63495   0.
   117.37500    -0.44664   0.
    92.21304    -2.61997   0.
    46.90523    -6.34984   0.
    20.11888    -1.24291   0.
   124.08613    -7.38859   0.
    65.05913    -2.12165   0.
   138.00000    -1.32491   0.
   101.95489    -2.09125   0.
    36.25946    -1.23502   0.
   103.79860   -22.72385   0.
    93.75000    -1.19170   0.
    35.37204   -16.55412   0.
    57.64469    -7.49714   0.
    43.66168   -21.43147   0.
    60.41993    -8.72709   0.
   111.73433    -1.16412   0.
    26.90283    -1.26533   0.
    45.48348    -4.53307   0.
    58.61392   -22.41126   0.
    77.81942    -1.24798   0.
     8.41760    -1.53874   0.
   121.12500    -0.43365   0.
   119.41241   -22.00370   0.
    85.04868    -2.33392   0.
   127.53929    -3.54594   0.
    52.02503    -1.26521   0.
    26.36168    -2.49850   0.
    93.90264    -7.88038   0.
    59.48046    -6.48875   0.
    68.43623    -7.91708   0.
    61.09128    -1.30982   0.
    44.53410    -4.10230   0.
    75.30243   -20.89867   0.
   110.73036    -6.02266   0.
   125.65735    -1.21091   0.
    54.11996    -1.12737   0.
    92.87800    -2.09542   0.
    17.68558    -7.00728   0.
    10.92941   -21.31501   0.
    15.86332    -1.28812   0.
    89.27578    -2.69360   0.
   124.85950    -0.42682   0.
   102.68563    -1.21377   0.
    26.24274    -1.13882   0.
    44.39844   -25.45448   0.
 CELLS       2542     10168
         3       430       800       960
         3       668       798       799
         3       638       873       874
         3       760       227       992
         3       506       727       747
         3       456       922      1211
         3      1070      1169      1209
         3        95       258       306
         3       573       313       764
         3       782       280       886
         3       313       314       315
         3       920       272       981
         3       818       588      1202
         3       230       740       927
         3       713       498       830
         3       713       830       879
         3       962       224      1306
         3      1188      1044      1202
         3       925       240       968
         3      1096      1077      1131
         3      1180       751      1315
         3       744       860      1077
         3       828       234      1038
         3       830       783      1245
         3       793       526       794
         3       690       785       935
         3       526       793      1212
         3       769       455       876
         3       822       813      1061
         3       588       714      1202
         3       638       874      1118
         3       463       715      1080
         3       792       698       943
         3       827       221       982
         3       668      1167      1256
         3       782       618      1113
         3      1040       788      1041
         3       548       823       884
         3       851       224       962
         3       435       814      1192
         3       308       312       313
         3       455       769       875
         3       921       920       981
         3       858       857       859
         3       842       245      1015
         3       778       642      1234
         3       565       813       822
         3       376       954      1059
         3       934       795      1055
         3      1059       954      1185
         3       690       564       785
         3      1235       709      1344
         3       892       443      1120
         3       784       225       991
         3       442       904      1197
         3       221       827       921
         3       678       807       958
         3       245       842      1016
         3       860       744      1076
         3       802       550       803
         3       678       494       807
         3       548       885      1103
         3       805       536       806
         3       313       315       947
         3       870       705      1100
         3       517       698       792
         3       262       781      1136
         3       548       543       823
         3       777      1065      1230
         3       618       760      1113
         3       313       312       314
         3       957       777      1230
         3       740       230      1270
         3       430       380       800
         3       725       535       880
         3       649      1090      1283
         3       729       447       931
         3       804       279       888
         3       883       532      1214
         3       705       870      1201
         3       443       926      1120
         3       675       663       808
         3       737       938      1017
         3       447       729      1166
         3       355       349       875
         3       521       535       725
         3       838       548      1103
         3       255       880       995
         3       849       301      1039
         3      1028       813      1052
         3       727       506      1111
         3      1044      1043      1202
         3       955       303      1091
         3       706       930      1192
         3      1069       335      1078
         3       675       808       952
         3       707       558       836
         3       440       871      1105
         3       804       624      1102
         3       910       310       978
         3       308       313       573
         3       895      1005      1112
         3       435       354       814
         3       290       939       964
         3       243       911      1092
         3       834       690       835
         3       493      1156      1247
         3       918       916      1095
         3       285       999      1350
         3       809       222       989
         3       732       429      1064
         3       764       313       947
         3       131         5       956
         3       640       788      1144
         3       112       908      1287
         3       916       446      1095
         3       459       463      1080
         3      1181      1180      1315
         3       688       537       839
         3       439       934      1055
         3       513       514       699
         3       707       836      1081
         3       704       670       824
         3       624       784      1102
         3       641       772      1288
         3       899      1074      1260
         3       999       829      1350
         3       930       706      1094
         3       874       416      1220
         3       757       910       978
         3       815       277       896
         3       429       732      1163
         3       856       267       857
         3       668       799       932
         3       349       455       875
         3       268       862       863
         3       890       669      1196
         3       803       998      1049
         3       856       857       858
         3       756       653       840
         3       815       630      1104
         3       849       640      1144
         3      1115      1114      1233
         3      1032      1031      1081
         3       766      1241      1329
         3       904       442      1309
         3       440       977      1229
         3      1005       895      1006
         3       642       778      1197
         3       770       505       771
         3       920       641      1288
         3       513       699       700
         3       517       479       521
         3       731       572       843
         3       249       845      1008
         3       829       999      1126
         3      1156      1157      1247
         3       805       806      1190
         3       478       317       479
         3       737      1017      1251
         3       870      1100      1385
         3       246       965      1195
         3       698       521       725
         3       418       841      1233
         3       669       704      1196
         3       517       521       698
         3       630       809      1104
         3       922       859      1211
         3       478       479       517
         3       798       668      1256
         3      1031       237      1081
         3       533       737      1251
         3       527       819       820
         3      1074       264      1260
         3       508       550       802
         3       891       805      1190
         3       280       782      1113
         3       965       246      1170
         3       746       604      1272
         3       227       760      1317
         3       486       536       805
         3       532       883      1087
         3       444      1096      1131
         3       445       418      1233
         3       773       472      1326
         3       731       843      1254
         3       688       839       968
         3       831       580       854
         3       315       317       478
         3       756       923      1007
         3       300       854      1037
         3       950      1110      1138
         3       884       239      1026
         3       254       843       985
         3       700       699       850
         3       890       289      1010
         3       223       946       987
         3       414       416       874
         3       877       296      1027
         3       814       483      1084
         3       825       435      1349
         3       874       703      1118
         3       704       824      1174
         3       828      1038      1206
         3       278       990      1226
         3       355       875      1178
         3       756       840       923
         3       765       573      1281
         3       224       851      1322
         3      1195       965      1204
         3       891       241      1023
         3       971       358      1168
         3       454       974      1122
         3       463       513       715
         3       360       483       814
         3       454       928      1121
         3       112       113       908
         3       786       849      1177
         3       842       533      1251
         3       887       736      1212
         3       949       242      1271
         3       845       249       924
         3       352       435       825
         3       575       580       831
         3       562       690       834
         3       771       852       961
         3       444      1089      1096
         3       269       870      1385
         3       503       505       770
         3      1002       677      1249
         3       984       806      1299
         3       433       941      1152
         3       885       884      1026
         3       370       480       816
         3       970       433      1152
         3       490       508       572
         3       905       260       906
         3       816       480      1093
         3       541       548       838
         3       547       565       822
         3       524       783       830
         3       828       786      1177
         3       977       440      1105
         3       680       682       973
         3       465       468       490
         3       940       454      1122
         3       408       892      1222
         3       315       316       317
         3       882       229      1308
         3       490       468       508
         3       275       984      1299
         3       498       496       830
         3       572       508       802
         3       472       511      1326
         3       886       280      1328
         3      1114       445      1233
         3       699       708       848
         3       928       406      1250
         3       877       822      1061
         3       781       262      1173
         3       477       475       503
         3       465       323       468
         3      1089       679      1096
         3       850       990      1322
         3       463       474       513
         3       852       771      1274
         3       270       915      1381
         3       839       925       968
         3       533       519       737
         3       767       764      1244
         3       504       503       641
         3       943       256       944
         3       699       514       708
         3       879       830      1245
         3       500       773       774
         3       518       517       792
         3       225       784      1330
         3       641       770       772
         3       500       472       773
         3       953       471       954
         3       774       773       790
         3       677       716      1249
         3       236       935      1034
         3       458       459       475
         3       467       472       500
         3       714      1188      1202
         3       279       804      1102
         3      1041       788      1182
         3       527       522       819
         3       843       254      1254
         3       730       883      1214
         3       796       797      1057
         3       467       457       472
         3       119       267       856
         3       658       659       845
         3       321       323       465
         3       268       107       862
         3       269        99       870
         3       292      1016      1251
         3       221       921       981
         3       677       515       716
         3       315       314       316
         3       756      1007      1303
         3       889       549      1278
         3       749       610       758
         3       740       604       746
         3       963       291      1012
         3       587       588       818
         3       806       984      1190
         3       803      1049      1097
         3       826       636       827
         3       774       790       844
         3       747       727       757
         3       864       863       865
         3       793       887      1212
         3       573       764      1281
         3       367       816      1361
         3       873       414       874
         3       572       802       843
         3       794       526       795
         3       859       857       861
         3       858       859       860
         3       485       484       496
         3       658       845       924
         3      1128      1211      1230
         3       488       486       805
         3       482       481       486
         3       659       752       845
         3       448       408      1222
         3       458       475       477
         3       483       439       484
         3       480       438       481
         3       338       440      1229
         3       684      1069      1078
         3      1060       355      1178
         3       861       957      1230
         3       760       992      1113
         3       741       707       789
         3       383       918      1095
         3       327       457       467
         3       911       735      1092
         3       604       606      1272
         3       799       344      1276
         3       754       955      1091
         3       460      1128      1230
         3       691       842      1015
         3       676       892      1120
         3       772       770      1248
         3       800       385       801
         3       648       652       894
         3      1147      1148      1292
         3       521       532       535
         3       511       515       677
         3       878       697      1204
         3       791       401       811
         3       787       587       817
         3       261       112      1287
         3       494       488       807
         3      1108       649      1283
         3       974       454      1121
         3       436       897      1157
         3       722      1195      1204
         3       334       337       902
         3       683       680       973
         3       268       863       864
         3       477       503       504
         3       689       572       731
         3       894       652       895
         3       960       800      1210
         3       406       448      1250
         3       263       856       858
         3       854       300      1297
         3       262      1136      1201
         3       114       260       905
         3       565       753       812
         3       557       558       707
         3       742       598      1354
         3      1134      1135      1241
         3       518       792       945
         3       269       757       978
         3       939       247      1174
         3       486       487       536
         3       485       496       498
         3       519       498       713
         3       867       953       954
         3       536       537       688
         3       222       809      1342
         3       483       484       485
         3       519       713       737
         3       513       474       514
         3       865       971      1168
         3       522       494       678
         3       496       497       524
         3       932       355      1060
         3       504       641       721
         3       428       453       458
         3       669       670       704
         3       963       696      1262
         3       950       434      1110
         3       691       533       842
         3       370       371       438
         3       347       349       355
         3       488       805       807
         3       524       525       735
         3       482       486       488
         3      1090       902      1283
         3       416       445      1220
         3       318       321       730
         3       813      1028      1061
         3       480       481       482
         3       234       828      1177
         3       774       844      1350
         3       522       678       819
         3      1241      1135      1329
         3       277       815      1104
         3       428       458      1325
         3       496       524       830
         3       464       917       942
         3       954       471      1185
         3       360       439       483
         3       524       735       783
         3       917       464      1149
         3       342       344       799
         3       503       475       505
         3       491       718       976
         3       472       510       511
         3       321       322       323
         3       360       361       439
         3       641       503       770
         3       788      1040      1144
         3       784       991      1102
         3       786       640       849
         3       508       549       550
         3       832       831       855
         3       652       653       756
         3       696       933      1262
         3       990       850      1226
         3       370       438       480
         3       622       624       804
         3       826       827      1381
         3       616       618       782
         3       858       860      1076
         3       628       630       815
         3       608       610       749
         3       602       604       740
         3       596       598       742
         3       105       868      1324
         3       905       906       907
         3       653       655       840
         3       655       658       840
         3       310       910      1310
         3       630       632       809
         3       840       658      1199
         3       659       661       752
         3       349       350       455
         3       703       874      1220
         3       634       636       826
         3       624       626       784
         3       618       620       760
         3       598       600       755
         3       612       614       762
         3       592       594       754
         3       418       420       841
         3       328       330       872
         3       590       592       745
         3       564       567       785
         3       569       571       832
         3       577       579       786
         3       582       584       787
         3       396       398       791
         3       588       590       714
         3       663       665       808
         3       670       672       824
         3       543       545       823
         3       558       560       836
         3       906       260      1252
         3       380       382       800
         3       537       539       839
         3       939       723       964
         3       324       327       768
         3       626       628       763
         3       620       622       759
         3       614       616       761
         3       606       608       748
         3       600       602       739
         3       594       596       726
         3       347       348       349
         3       632       634       780
         3       402       404       454
         3       658       924      1199
         3       354       357       814
         3       422       424       778
         3       647       648       894
         3       424       426       442
         3       406       408       448
         3       410       412       443
         3       416       418       445
         3       420       422       441
         3      1287       919      1379
         3       557       707       741
         3       565       812       813
         3       661       675       752
         3       764       947      1244
         3       357       360       814
         3       665       669       808
         3       511       512       515
         3       560       562       834
         3       562       564       690
         3       567       569       651
         3       571       575       831
         3       575       577       580
         3       579       582       640
         3       584       586       587
         3       386       388       437
         3      1148       767      1292
         3       907       906       917
         3       412       414       873
         3       700       850       851
         3       652       756      1303
         3       390       392       434
         3       394       396       431
         3       770       946      1248
         3       398       400       401
         3       638      1119      1380
         3       367       370       816
         3       327       328       457
         3       849      1039      1177
         3       919      1158      1247
         3       318       320       321
         3       333       334       902
         3       672       723       824
         3       951       288      1219
         3       793       527       887
         3       895       652      1303
         3       749       758       882
         3       539       541       838
         3       753       554      1332
         3       930       435      1192
         3       541       543       548
         3       545       547       822
         3       547       552       565
         3       554       556       557
         3       301       849      1144
         3       775       774       829
         3       382       385       800
         3       857       267       957
         3       373       375       433
         3      1242      1235      1344
         3       378       380       430
         3       382       384       385
         3       672       674       723
         3       823       822       877
         3       545       822       823
         3       539       838       839
         3      1065      1064      1129
         3       829       774      1350
         3       106       268       866
         3       398       401       791
         3       408       410       892
         3       661       663       675
         3       817       587       818
         3       584       587       787
         3       579       640       786
         3       363       365       432
         3       571       831       832
         3       560       834       836
         3       567       651       785
         3       665       667       669
         3       925       295      1025
         3       745       592      1337
         3       771       505      1274
         3       778       424      1351
         3      1057       797      1390
         3       367       369       370
         3       426       428       846
         3       740       746       927
         3       976       718      1088
         3       229       882      1338
         3       770       771       946
         3       420       441       841
         3       836       834      1032
         3       763       628       815
         3       759       622       804
         3       761       616       782
         3       748       608       749
         3       739       602       740
         3       726       596       742
         3       714       590       745
         3       860       859       922
         3       780       634       826
         3       632       780       809
         3      1052       813      1255
         3       655       657       658
         3       783       735       911
         3       594       726       754
         3       600       739       755
         3       614       761       762
         3       620       759       760
         3       626       763       784
         3       552       554       753
         3       888       279      1347
         3       352       354       435
         3       696       692       933
         3       357       359       360
         3       441       422       778
         3       987       946       988
         3      1107       263      1356
         3       919       918      1158
         3       515       516       796
         3       648       650       652
         3       338       340       440
         3       963      1012      1195
         3         5       256       956
         3       445      1114      1220
         3      1169       283      1227
         3       404       406       928
         3       365       367      1361
         3       872       330      1314
         3       775       829       913
         3       587       586       588
         3       942       682      1085
         3       809       989      1104
         3       344       346       347
         3      1098       295      1103
         3       755       739       914
         3       401       402       940
         3       516       646       647
         3       334       336       337
         3        29       154       966
         3       900      1260      1266
         3       388       390       950
         3       535       532      1087
         3       324       326       327
         3       401       400       402
         3       897       898      1157
         3       880       255      1209
         3       995       880      1109
         3       697       722      1204
         3       823       877      1194
         3       736       887      1020
         3       761       782       886
         3       259      1134      1241
         3       478       517       518
         3       486       481       487
         3       807       805       891
         3       768       889      1278
         3       443       412       873
         3       442       426       846
         3       894       895      1112
         3      1116       448      1117
         3       758       610      1331
         3       808       669       890
         3       819       949      1271
         3       330       332       333
         3       565       552       753
         3       557       556       558
         3       802       803      1097
         3       730       465       883
         3       266      1066      1213
         3       536       487       537
         3       266       937      1066
         3       884       823      1194
         3       490       689       883
         3       496       484       497
         3       928       686      1121
         3       759       804       888
         3       580       828      1206
         3      1036       235      1294
         3      1016       842      1251
         3       385       384       386
         3      1034       935      1279
         3       263       118       856
         3       100       262       870
         3       108       264       862
         3       723       674       724
         3       721       641       920
         3       867       864       953
         3       344       347      1276
         3       873       638      1380
         3       458       453       459
         3       798       342       799
         3       697       696       722
         3      1035       299      1285
         3       803       550       913
         3       716       796      1057
         3       692       691       933
         3       708       821      1133
         3       865       863       931
         3       637       841      1319
         3      1234       837      1319
         3       521       479       532
         3       944       256      1125
         3       524       497       525
         3       735       525       736
         3      1018       244      1372
         3       499       498       519
         3       768       467       889
         3       763       815       896
         3       548       884       885
         3       854       580      1206
         3       481       438      1161
         3       385       386      1062
         3       983       273      1199
         3       296       877      1061
         3       843       802      1386
         3       370       369       371
         3       554       557      1332
         3       883       689      1087
         3       839       838       925
         3       248      1009      1355
         3       669       667       670
         3       698       725      1169
         3       375       378       941
         3       520       519       533
         3       534       533       691
         3      1169       725      1209
         3      1086      1172      1173
         3       820       819      1271
         3       890      1010      1258
         3       490       572       689
         3       317       316       318
         3       855       831      1297
         3       915       826      1381
         3       113       905       908
         3       737       713       938
         3       392       394      1067
         3       451      1069      1176
         3      1064       429      1129
         3      1077       461      1131
         3       272       920      1288
         3       489       488       494
         3      1008       845      1219
         3      1193       731      1321
         3       762      1307      1362
         3       500       775       889
         3       321       320       322
         3       841       637      1233
         3       582       787      1348
         3       802      1097      1386
         3       780       826       915
         3       360       359       361
         3       819       678       949
         3       891      1023      1269
         3       658       657       659
         3       831       854      1297
         3       980       772       986
         3       455       350       825
         3       862       264      1365
         3       824       723       939
         3       495       494       522
         3       523       522       527
         3       472       457       510
         3       349       348       350
         3       749       882      1308
         3       716       515       796
         3       440       340       798
         3       797       796      1373
         3       122       123       266
         3       111       112       261
         3       117       118       263
         3       103       104       265
         3       106       107       268
         3       100       101       262
         3       108       109       264
         3        98        99       269
         3       119       120       267
         3       114       115       260
         3       113       114       905
         3       931       447       971
         3       835       690      1253
         3       863       862       959
         3      1229       810      1283
         3       508       468       549
         3       846       428      1325
         3       410       443       892
         3       260       973      1252
         3       500       774       775
         3       103       265      1086
         3       652       650       653
         3       340       342       798
         3       764       767      1281
         3       250      1006      1303
         3       347       346       348
         3      1086       265      1315
         3       796       516      1373
         3       947       518      1244
         3        98       269       978
         3       694       692       696
         3       592       754      1337
         3       833       832      1294
         3       117       263      1107
         3       752       675       951
         3      1134       765      1135
         3       762       761      1307
         3       396       791      1374
         3       896       277      1368
         3       337       336       338
         3       511       510       512
         3       866       864       867
         3       104       105      1324
         3       371       373       912
         3       909       907       916
         3       321       465       730
         3       256       943       956
         3       647       646       648
         3       527       820       887
         3       754       726       955
         3      1067       394      1264
         3       318       730      1311
         3       388       950      1316
         3       806       536      1352
         3       598       755      1354
         3       327       467       768
         3       569       832      1370
         3       788       640      1348
         3       121      1237      1238
         3       515       512       516
         3       327       326       328
         3       941       378      1305
         3       465       490       883
         3       333       332       334
         3       908       907       909
         3       295       925      1103
         3       323       322       324
         3       769       876      1378
         3       852       851       961
         3       917       906       942
         3       610       612      1331
         3       299       967      1285
         3      1062       437      1137
         3      1085       682      1239
         3       814      1084      1192
         3       715       700       852
         3       350       352       825
         3       475       459      1080
         3       454       404       928
         3      1202       302      1295
         3       833      1285      1370
         3       438       371       912
         3       118       119       856
         3       361       363       934
         3       577       786      1387
         3       467       500       889
         3       879      1018      1372
         3       107       108       862
         3        99       100       870
         3       941       720      1152
         3       933       691      1015
         3       915       270      1388
         3       902       337      1283
         3       330       333      1314
         3       979       701      1082
         3       961       851       962
         3       964       965       966
         3       757       269      1385
         3       309       853      1068
         3       264       109      1260
         3       851       850      1322
         3       871       440      1256
         3       775       913      1232
         3       588       589       590
         3       239       884      1194
         3       402       454       940
         3      1032       834      1259
         3      1158       493      1247
         3       952       248      1355
         3       502       897      1058
         3       948       683       973
         3       484       439      1055
         3       834       835      1259
         3       776       734       777
         3       916       907       917
         3       385      1062      1265
         3       885      1098      1103
         3       335      1069      1207
         3      1037       854      1206
         3       643       940      1122
         3       402       403       404
         3       590       591       592
         3       922       456      1261
         3       154       290       966
         3       626       627       628
         3       624       625       626
         3       622       623       624
         3       620       621       622
         3       618       619       620
         3       616       617       618
         3       614       615       616
         3       612       613       614
         3       610       611       612
         3       608       609       610
         3       606       607       608
         3       604       605       606
         3       602       603       604
         3       600       601       602
         3       592       593       594
         3       598       599       600
         3       596       597       598
         3       594       595       596
         3       630       631       632
         3       628       629       630
         3       855      1036      1294
         3       324       768      1384
         3       289       890      1196
         3       516       647      1373
         3       390       434       950
         3       446       916      1300
         3       632       633       634
         3       911       243      1289
         3       312       311       910
         3       864       865       953
         3       994      1257      1308
         3       266       123       936
         3       404       405       406
         3       333       902      1143
         3       406       407       408
         3       408       409       410
         3       410       411       412
         3       412       413       414
         3       414       415       416
         3       416       417       418
         3       418       419       420
         3       420       421       422
         3       422       423       424
         3       716      1057      1313
         3       832       855      1294
         3       106       866      1391
         3       513       700       715
         3       261      1287      1379
         3       636       903      1186
         3       317       318      1311
         3       785       651       967
         3       479       317      1214
         3       558       559       560
         3       816      1093      1200
         3       424       425       426
         3       634       635       636
         3       240       925      1025
         3       305       944      1125
         3       433       375       941
         3       760       759      1317
         3       966       965      1170
         3       722       696       963
         3       241       891      1190
         3       386       387       388
         3       723       724       964
         3       485       498       499
         3       560       561       562
         3      1169      1227      1367
         3       562       563       564
         3       564       566       567
         3       567       568       569
         3       569       570       571
         3       571       574       575
         3       575       576       577
         3       577       578       579
         3       401       940      1301
         3       579       581       582
         3       582       583       584
         3      1043       302      1202
         3       584       585       586
         3       434      1067      1139
         3      1198       460      1230
         3       640       582      1348
         3       836      1032      1081
         3       924       983      1199
         3       378       430      1305
         3       877      1027      1194
         3       903       639      1371
         3       120       121      1238
         3       924       249       983
         3       824       939      1174
         3       388       389       390
         3       390       391       392
         3       392       393       394
         3       394       395       396
         3       439       361       934
         3       396       397       398
         3       398       399       400
         3       537       538       539
         3       314       312       727
         3       867       954      1223
         3       909       916       918
         3       867      1223      1360
         3       639       903       904
         3       102      1086      1173
         3       870       262      1201
         3       266       936       937
         3       923       273      1208
         3       853      1183      1224
         3       767      1148      1280
         3       482       488       489
         3       734       732      1064
         3       260       115       948
         3       371       372       373
         3       539       540       541
         3       694       696       697
         3       541       542       543
         3       543       544       545
         3       545       546       547
         3       878       769      1378
         3       547       551       552
         3       880       535       881
         3       552       553       554
         3       554       555       556
         3       457       328       872
         3       744       743      1076
         3       306       258       307
         3       708       710       821
         3       426       427       428
         3       744      1077      1096
         3       670       671       672
         3       859       861      1211
         3      1046       955      1228
         3       499       519       520
         3       373       374       375
         3       375       377       378
         3       378       379       380
         3       380       381       382
         3       382       383       384
         3       443       873      1380
         3       534       691       692
         3       612       762      1331
         3       520       533       534
         3       115       116       948
         3      1068       853      1224
         3       681       743       744
         3       672       673       674
         3       230       927      1334
         3       271      1022      1377
         3      1183       529      1224
         3       262       101      1173
         3       721       920       921
         3       273       923      1199
         3       361       362       363
         3       784       763      1330
         3       318       319       320
         3      1017       292      1251
         3       659       660       661
         3       290       964       966
         3       817       818      1295
         3      1019       243      1092
         3      1007       250      1303
         3       268       864       866
         3       489       494       495
         3       363       364       365
         3       853       492      1183
         3       365       366       367
         3       523       527       793
         3       367       368       369
         3       395       393      1085
         3       495       522       523
         3       752       951      1219
         3       314       727      1111
         3       536       688      1352
         3       373       433      1376
         3       790       773      1225
         3       661       662       663
         3       477       504       639
         3       663       664       665
         3       731      1193      1312
         3       665       666       667
         3       431       396      1374
         3       900       899      1260
         3       932       799      1276
         3       468       323      1278
         3       898       900       901
         3       913       550      1232
         3       699       848      1226
         3       917      1149      1300
         3       953       865      1168
         3       350       351       352
         3      1021       820      1053
         3       363       432      1359
         3      1006       895      1303
         3       729       931       959
         3       809       780      1342
         3       739       740      1270
         3       811       401      1301
         3       653       654       655
         3       939       290      1184
         3       948       116      1346
         3       352       353       354
         3       844       790      1336
         3       354       356       357
         3       868       869      1181
         3       247       939      1184
         3       893       309      1068
         3       750      1086      1315
         3       357       358       359
         3       394       431      1264
         3       502       712       897
         3       777      1064      1065
         3       905       907       908
         3       651       569      1370
         3       918       383      1158
         3       898       901      1157
         3       944       305      1146
         3       841       441      1319
         3       700       851       852
         3       655       656       657
         3       958       271      1377
         3       338       339       340
         3       865       931       971
         3       386       437      1062
         3       124       893       936
         3      1050      1035      1285
         3       897       436      1171
         3       679       681      1096
         3       964       724       965
         3       850       699      1226
         3       322       320      1072
         3       848       708      1353
         3       803       913      1286
         3       340       341       342
         3      1223       869      1360
         3       801       385      1265
         3       471       953      1168
         3       648       649       650
         3       342       343       344
         3       777       734      1064
         3       123       124       936
         3       998       803      1286
         3       263       858      1076
         3       344       345       346
         3       315       478       947
         3       748       749      1308
         3       702       912      1153
         3       954       376      1223
         3       459       462       463
         3       644      1062      1137
         3       334       335       336
         3       701       705      1082
         3       787       817      1383
         3       328       329       330
         3       518       945      1244
         3       111       261      1266
         3       869       868      1360
         3       808       890      1258
         3       946       223      1248
         3      1186       903      1371
         3       463       473       474
         3       325       322      1072
         3       861       857       957
         3      1069       728      1176
         3       735       736      1092
         3       934       363      1359
         3       324       325       326
         3       516       645       646
         3       647       894      1340
         3       807       891      1269
         3      1017       938      1187
         3       588       586       589
         3      1285       651      1370
         3       741       789      1282
         3       261      1246      1266
         3       434       392      1067
         3       813       812      1255
         3       728       750       751
         3       402       400       403
         3       684       685       728
         3       639       504      1371
         3       437       388      1316
         3       235      1050      1294
         3       330       331       332
         3      1245       783      1382
         3       726       742      1228
         3       242       949      1231
         3       845       752      1219
         3       580       577      1387
         3       791       811      1063
         3      1114       703      1220
         3       937       529      1066
         3       355       932      1276
         3       442       846      1309
         3       558       556       559
         3       800       801      1210
         3       810      1108      1283
         3      1020      1019      1092
         3       779       950      1138
         3       288       951      1191
         3       464       942      1085
         3       424       442      1351
         3       466       507       701
         3       868       105      1391
         3       386       384       387
         3       714       745      1188
         3       833      1050      1285
         3       450       531       684
         3       485       499      1084
         3       437      1130      1137
         3       771       961       988
         3       590       589       591
         3       912       702      1341
         3       892       676      1222
         3       772       980      1288
         3       626       625       627
         3       624       623       625
         3       622       621       623
         3       620       619       621
         3       618       617       619
         3       616       615       617
         3       592       591       593
         3       614       613       615
         3       612       611       613
         3       610       609       611
         3       608       607       609
         3       606       605       607
         3       604       603       605
         3       602       601       603
         3       600       599       601
         3       598       597       599
         3       596       595       597
         3       594       593       595
         3       628       627       629
         3        96        97       310
         3       630       629       631
         3       724       674       878
         3       684       728      1069
         3       441       778      1234
         3       537       487       538
         3       632       631       633
         3       909       918       919
         3       913       829      1126
         3       792       943       944
         3       393       464      1085
         3      1065      1198      1230
         3       404       403       405
         3       450       684      1078
         3       406       405       407
         3       408       407       409
         3       410       409       411
         3       412       411       413
         3       414       413       415
         3       416       415       417
         3       418       417       419
         3       420       419       421
         3       422       421       423
         3       866       867      1360
         3       528       469       732
         3       424       423       425
         3      1260       110      1266
         3       428       452       453
         3      1227       956      1367
         3       832       833      1370
         3       371       369       372
         3       310        97       978
         3       955       726      1228
         3       912       373      1376
         3       560       559       561
         3      1067       687      1139
         3       634       633       635
         3       562       561       563
         3       441      1234      1319
         3       564       563       566
         3       567       566       568
         3       569       568       570
         3       571       570       574
         3       670       667       671
         3      1157       901      1247
         3       575       574       576
         3       577       576       578
         3       579       578       581
         3       582       581       583
         3       584       583       585
         3       525       497       526
         3       853       309      1333
         3       482       489      1093
         3       636       635       903
         3      1050       833      1294
         3       758      1165      1343
         3       681       744      1096
         3       388       387       389
         3       674       769       878
         3       390       389       391
         3       392       391       393
         3       394       393       395
         3       396       395       397
         3       398       397       399
         3       291       963      1262
         3       124       125       893
         3       968       240      1024
         3       361       359       362
         3       795       526      1055
         3       260       948       973
         3       539       538       540
         3       794       795       972
         3       435       930      1349
         3       541       540       542
         3      1000       844      1336
         3       543       542       544
         3       545       544       546
         3       547       546       551
         3       552       551       553
         3       303       955      1275
         3      1117       448      1222
         3       554       553       555
         3       659       657       660
         3       996       284      1193
         3       967       299      1279
         3      1123       637      1319
         3        97        98       978
         3       373       372       374
         3       466       701      1072
         3       789       707      1366
         3       426       425       427
         3       323       324      1384
         3       375       374       377
         3       378       377       379
         3       880       881      1109
         3       380       379       381
         3       382       381       383
         3       350       348       351
         3      1009      1191      1355
         3       248       952      1258
         3       693       692       694
         3       432       365      1361
         3       229       994      1308
         3       935       236      1253
         3       713       879      1372
         3       672       671       673
         3      1084       706      1192
         3       674       673       769
         3       318       316       319
         3       952       808      1258
         3      1284       695      1364
         3       653       650       654
         3       897       712       898
         3       866      1360      1391
         3       837      1123      1319
         3       363       362       364
         3       338       336       339
         3       276       987       988
         3       688       968       969
         3       365       364       366
         3       367       366       368
         3       690       935      1253
         3       131       956      1227
         3       916       917      1300
         3       499       706      1084
         3       821      1242      1344
         3       440       798      1256
         3       122       266      1217
         3       530       449       979
         3       661       660       662
         3       663       662       664
         3       665       664       666
         3       403       400      1089
         3      1018       879      1245
         3       606       748      1272
         3       957       267      1369
         3       958       807      1269
         3       320       319       466
         3      1093       719      1200
         3       455       825      1284
         3       510       457       872
         3       725       880      1209
         3       686       928      1250
         3       648       646       649
         3       352       351       353
         3       777       957      1369
         3       334       332       335
         3       733       732       734
         3       328       326       329
         3       337       338      1229
         3       354       353       356
         3       448      1116      1250
         3        86       211       272
         3       168        42       241
         3        85       210       221
         3        22       147       983
         3       210        84       982
         3        84       209       270
         3       136        10       985
         3       169        43       275
         3       213        87       223
         3       208        82       222
         3        88       213       987
         3        82       207       989
         3       214        88       276
         3       207        81       277
         3        90       215       224
         3        80       205       225
         3       205        79       991
         3        79       204       279
         3       203        77       227
         3        77       202       992
         3       202        76       280
         3        75       200       228
         3       200        74       993
         3        74       199       281
         3        72       197       994
         3       198        72       229
         3       197        71       282
         3       133         7       255
         3         8       133       995
         3       134         8       284
         3        10       135       254
         3       138        12       253
         3        13       138       999
         3       139        13       285
         3        15       140       252
         3       141        15      1001
         3        16       141       286
         3       143        17       251
         3        18       143      1004
         3       144        18       287
         3        20       145       250
         3       148        22       249
         3        23       148      1008
         3       149        23       288
         3        25       150       248
         3       151        25      1010
         3        26       151       289
         3       153        27       247
         3       154        28       290
         3        30       155       246
         3       156        30      1012
         3        31       156       291
         3       158        32       245
         3        33       158      1016
         3       159        33       292
         3        35       160       244
         3       161        35      1018
         3        36       161       293
         3       163        37       243
         3        38       163      1019
         3       164        38       294
         3        40       165       242
         3       167        41       271
         3        42       167      1023
         3        45       170       240
         3       171        45      1025
         3        46       171       295
         3       173        47       239
         3        48       173      1027
         3       174        48       296
         3        50       175       238
         3       176        50      1029
         3        51       176       297
         3       178        52       237
         3        53       178      1031
         3       179        53       298
         3        55       180       236
         3       181        55      1034
         3        56       181       299
         3       183        57       235
         3        58       183      1036
         3       184        58       300
         3        60       185       234
         3       186        60      1039
         3        61       186       301
         3       188        62       233
         3        63       188      1042
         3       189        63       302
         3        65       190       232
         3       191        65      1045
         3        66       191       303
         3       193        67       231
         3        68       193      1047
         3       194        68       304
         3        70       195       230
         3        43       168       984
         3        11       136       274
         3       147        21       273
         3       211        85       981
         3        67       192      1046
         3       190        64      1044
         3        62       187      1041
         3        64       189      1043
         3       187        61      1040
         3        57       182      1050
         3       185        59      1038
         3       180        54      1051
         3       182        56      1035
         3        59       184      1037
         3        54       179      1033
         3       175        49      1052
         3        49       174      1028
         3        47       172      1026
         3       165        39      1053
         3       170        44      1024
         3        41       166      1022
         3        39       164      1021
         3       483       485      1084
         3        34       159      1017
         3        32       157      1014
         3       157        31      1013
         3        27       152      1054
         3       357       356       358
         3       152        26      1011
         3       150        24      1009
         3       145        19      1006
         3       146        20      1007
         3       708       514       710
         3       458       477      1302
         3        19       144      1005
         3        17       142      1056
         3       172        46      1098
         3      1058       897      1171
         3        87       212       986
         3       889       775      1232
         3       140        14      1000
         3       586       585       975
         3       142        16      1003
         3       137        11      1049
         3       655       654       656
         3       271       958      1269
         3      1071       278      1226
         3       135         9       997
         3       212        86       980
         3       887       820      1203
         3       869      1179      1180
         3      1161       438      1341
         3       931       863       959
         3       340       339       341
         3      1110       434      1139
         3       244      1187      1372
         3       812       753      1263
         3       516       512       645
         3       387       384      1095
         3        12       137       998
         3       324       322       325
         3      1071       848      1079
         3       342       341       343
         3       902      1090      1143
         3       776       777      1369
         3       711       501       729
         3       795       934      1359
         3         9       134       996
         3       344       343       345
         3       732       469      1163
         3       682       476      1239
         3       162        36      1083
         3       885      1026      1098
         3       480       482      1093
         3       346       345       376
         3       556       555      1106
         3       736      1020      1092
         3       529       937      1224
         3       489       719      1093
         3       701       507       705
         3       677      1002      1225
         3       724       878      1204
         3       783       911      1382
         3       738       734       776
         3       697       878      1378
         3       330       329       331
         3      1211       861      1230
         3       757       727       910
         3       491       717       718
         3       876      1284      1364
         3      1146      1145      1147
         3       369       368      1058
         3       728       685       750
         3       827       982      1381
         3       914       739      1270
         3       684       531       685
         3       667       666      1060
         3       550       549      1232
         3      1135      1148      1329
         3       680       476       682
         3       747       757      1385
         3       817      1295      1357
         3       682       942      1252
         3       727       312       910
         3         7       132      1070
         3       505       475      1080
         3       216        90       990
         3       708      1133      1353
         3       346       376      1059
         3       474       491       976
         3       969       968      1024
         3       265       104      1324
         3       337      1229      1283
         3       267       120      1238
         3       936       893      1068
         3      1036       855      1297
         3       921       827      1186
         3       729       501      1166
         3       909       919      1287
         3       102       103      1086
         3       967       651      1285
         3       284      1109      1193
         3       660       657      1105
         3       688       969      1299
         3        14       139      1155
         3       332       331      1078
         3       528       732       733
         3       820      1021      1203
         3       499       520       706
         3       534       692       693
         3       937       936      1068
         3       935       785      1279
         3       368       502      1058
         3       497       484      1055
         3       927       746      1327
         3       399       476       679
         3       646       645      1090
         3       275       969      1298
         3       979       449      1101
         3       489       495       719
         3       523       793       794
         3      1147       257      1148
         3       525       526      1212
         3       679       680       681
         3       681       683       743
         3       666       932      1060
         3      1038      1037      1206
         3       105       106      1391
         3       116      1107      1346
         3       654       650      1108
         3       348       346      1059
         3       116       117      1107
         3       869      1180      1181
         3       459       453       462
         3       689       731      1312
         3       400       399      1089
         3       466       319       506
         3       860       922      1291
         3       898       899       900
         3       913      1126      1286
         3       195        69      1141
         3       721      1186      1371
         3        28       153      1184
         3       329       326      1101
         3       973       682      1252
         3       507       506       747
         3       466       506       507
         3       487       481      1161
         3        52       177      1162
         3       132         6       283
         3       693       694       695
         3       792       944       945
         3       368       501       502
         3       384       383      1095
         3       444       403      1089
         3        91       216       278
         3       121       122      1217
         3       938       713      1372
         3       828       580      1387
         3       502       711       712
         3       666       668       932
         3       430       960      1154
         3       975       585      1063
         3       728       751      1176
         3       876       455      1284
         3       101       102      1173
         3       589       586       975
         3       946       771       988
         3        71       196      1159
         3       265      1181      1315
         3       733       734       738
         3       326       325      1101
         3       428       427       452
         3       160        34      1187
         3       940       643      1301
         3       693       695       930
         3       511       677      1326
         3       559       556      1106
         3       786       828      1387
         3       848      1071      1226
         3       625       623       637
         3       619       617       703
         3       615       613       638
         3       611       609       926
         3       593       591       643
         3       607       605       676
         3       601       599       686
         3       597       595       974
         3       629       627       837
         3       926       443      1380
         3       633       631       642
         3       530       979      1082
         3      1191       951      1355
         3       405       403       444
         3       409       407       461
         3       415       413       456
         3       419       417       460
         3       438       912      1341
         3       656       810       977
         3       331       449       450
         3       785       967      1279
         3       372       369      1058
         3       563       561       644
         3       570       568       779
         3       576       574      1110
         3       581       578       687
         3       585       583      1075
         3       685       531       781
         3       335       332      1078
         3       425       423       429
         3        24       149      1191
         3       320       466      1072
         3       526       497      1055
         3       657       656      1105
         3       389       387       446
         3       911      1083      1382
         3       393       391       464
         3       399       397       476
         3       336       335      1207
         3       671       667      1060
         3       299      1034      1279
         3       450       530       531
         3       446       387      1095
         3       351       348      1059
         3       540       538       702
         3      1165       758      1331
         3       544       542       970
         3       551       546       720
         3       555       553       960
         3       710      1088      1243
         3       217        91      1071
         3       331       329       449
         3       377       374       436
         3       381       379       493
         3       470       528       529
         3       745      1091      1290
         3       722       963      1195
         3       364       362       447
         3       898       712       899
         3       903       635       904
         3       368       366       501
         3       769       673       875
         3       650       649      1108
         3       972       795      1359
         3       345       343       509
         3       341       339       451
         3       356       353       471
         3       923       840      1199
         3       985       843      1386
         3       925       838      1103
         3       450       449       530
         3       666       664       668
         3       844      1000      1155
         3        29       966      1170
         3       662       660       871
         3       755       914      1389
         3       821       710      1243
         3       649       646      1090
         3       794       972      1099
         3       751      1180      1358
         3      1136      1082      1201
         3      1013       291      1262
         3       637      1115      1233
         3       656       654       810
         3       827       636      1186
         3      1007       923      1208
         3      1148       257      1164
         3       470       469       528
         3       478       518       947
         3       882       758      1343
         3       679       476       680
         3       681       680       683
         3      1133       821      1344
         3       712       711      1074
         3       950       779      1316
         3       399       679      1089
         3       502       501       711
         3       510       872      1073
         3      1263      1030      1277
         3       683       948      1346
         3       512       510      1073
         3       300      1036      1297
         3       359       358      1293
         3       155        29      1170
         3        84       270       982
         3       272       211       981
         3       221       210       982
         3       241        42      1023
         3       168       241       984
         3        85       221       981
         3       249        22       983
         3       213       223       987
         3       222        82       989
         3        10       254       985
         3       276        88       987
         3       207       277       989
         3       274       136       985
         3       225       205       991
         3        79       279       991
         3       227        77       992
         3       202       280       992
         3       288        23      1008
         3       291       156      1012
         3       292        33      1016
         3       285        13       999
         3       287        18      1004
         3       284         8       995
         3       228       200       993
         3        35       244      1018
         3        55       236      1034
         3        60       234      1039
         3       163       243      1019
         3       183       235      1036
         3       188       233      1042
         3       294        38      1019
         3       300        58      1036
         3       302        63      1042
         3       293       161      1018
         3       299       181      1034
         3       301       186      1039
         3        15       252      1001
         3        25       248      1010
         3       286       141      1001
         3       289       151      1010
         3       167       271      1023
         3       133       255       995
         3       138       253       999
         3       143       251      1004
         3       229        72       994
         3        74       281       993
         3       296        48      1027
         3       304        68      1047
         3       295       171      1025
         3        30       246      1012
         3       298        53      1031
         3       148       249      1008
         3       297       176      1029
         3       303       191      1045
         3       158       245      1016
         3       197       282       994
         3        45       240      1025
         3       173       239      1027
         3       193       231      1047
         3        50       238      1029
         3        65       232      1045
         3       178       237      1031
         3       147       273       983
         3       275        43       984
         3       231        67      1046
         3       232       190      1044
         3       233        62      1041
         3       189       302      1043
         3        61       301      1040
         3        64      1043      1044
         3       235        57      1050
         3       234       185      1038
         3       187      1040      1041
         3       236       180      1051
         3        56       299      1035
         3       184       300      1037
         3       182      1035      1050
         3        59      1037      1038
         3       179       298      1033
         3       238       175      1052
         3        54      1033      1051
         3       174       296      1028
         3       239        47      1026
         3        49      1028      1052
         3       242       165      1053
         3       240       170      1024
         3       271        41      1022
         3       164       294      1021
         3        39      1021      1053
         3       159       292      1017
         3       245        32      1014
         3        31       291      1013
         3       247        27      1054
         3       157      1013      1014
         3        26       289      1011
         3       433       970      1153
         3       152      1011      1054
         3       248       150      1009
         3       250       145      1006
         3        46       295      1098
         3      1026       172      1098
         3       881       535      1087
         3        20       250      1007
         3       144       287      1005
         3       251        17      1056
         3       223        87       986
         3        19      1005      1006
         3       463       462       473
         3       316       314      1111
         3       252       140      1000
         3        16       286      1003
         3        11       274      1049
         3      1187       938      1372
         3       254       135       997
         3        86       272       980
         3        36       293      1083
         3       142      1003      1056
         3       358       971      1293
         3       779      1130      1316
         3       253        12       998
         3       212       980       986
         3       720       941      1305
         3       305      1145      1146
         3       528       733      1066
         3      1141       914      1270
         3       134       284       996
         3      1106       555      1210
         3       998       137      1049
         3       715       852      1274
         3       303      1045      1091
         3      1063       585      1075
         3       549       889      1232
         3       474       473       491
         3       331       450      1078
         3       529       528      1066
         3         9       996       997
         3       871       660      1105
         3      1360       868      1391
         3        21       146      1208
         3       986       772      1248
         3       219        93       709
         3      1257       748      1308
         3       347       355      1276
         3        92       217      1079
         3      1318       304      1389
         3       759       888      1317
         3       761       886      1307
         3       139       285      1155
         3       763       896      1330
         3      1159       927      1327
         3      1069       451      1207
         3      1000        14      1155
         3       704      1174      1339
         3       818      1202      1295
         3       520       534      1094
         3       230       195      1141
         3       969       275      1299
         3       153       247      1184
         3       290        28      1184
         3       237        52      1162
         3       449       329      1101
         3      1179       869      1223
         3       453       452      1189
         3       276       988      1345
         3       282        71      1159
         3       255         7      1070
         3       810       654      1108
         3       811       975      1063
         3       495       523      1099
         3       244       160      1187
         3        34      1017      1187
         3        90       224       990
         3       949      1022      1231
         3      1020       887      1203
         3       982       270      1381
         3       721       921      1186
         3       149       288      1191
         3       741      1030      1263
         3       319       316      1111
         3      1009        24      1191
         3       645       512      1073
         3        93       218      1132
         3       514       474       976
         3       991       279      1102
         3       304      1047      1048
         3       298      1031      1032
         3       297      1029      1030
         3      1028       296      1061
         3       294      1019      1020
         3       245      1014      1015
         3       780       915      1342
         3       989       277      1104
         3      1002      1205      1225
         3      1244       945      1292
         3       943       698      1367
         3      1086       750      1172
         3       284       995      1109
         3       246       155      1170
         3      1005       287      1112
         3       452       427       469
         3       656       977      1105
         3       621       619      1114
         3       603       601      1116
         3       251      1056      1057
         3       286      1001      1002
         3       617       615      1118
         3       613       611      1119
         3       609       607      1120
         3       599       597      1121
         3       595       593      1122
         3       627       625      1123
         3       623       621      1115
         3       605       603      1117
         3       631       629      1124
         3       736       525      1212
         3       568       566      1130
         3      1010       248      1258
         3       273        21      1208
         3       127         1       766
         3       146      1007      1208
         3       199        73      1215
         3      1130       437      1316
         3       423       421      1129
         3       992       280      1113
         3       411       409      1127
         3       417       415      1128
         3       407       405      1131
         3         5       130       256
         3       470       529      1183
         3       999       253      1126
         3       899       712      1074
         3       506       319      1111
         3       206        80      1216
         3       591       589      1150
         3       218        92       226
         3       166        40      1231
         3      1049       274      1097
         3       281       199      1215
         3      1023       271      1269
         3       705       507      1100
         3        83       208      1218
         3       257      1147      1151
         3       538       487      1161
         3       421       419      1198
         3       130         4      1125
         3        80       225      1216
         3      1072       701      1296
         3        40       242      1231
         3      1022       166      1231
         3       266      1213      1217
         3       566       563      1137
         3       507       747      1100
         3       574       570      1138
         3       578       576      1139
         3       583       581      1140
         3       208       222      1218
         3       203       227      1221
         3        78       203      1221
         3       706       520      1094
         3       945       944      1146
         3       247      1054      1174
         3        51       297      1240
         3       695       694      1364
         3       635       633      1142
         3      1065      1129      1198
         3       109       110      1260
         3      1040       301      1144
         3      1081       237      1366
         3         4       129       305
         3        75       228      1236
         3         2       127      1164
         3       391       389      1149
         3       177        51      1240
         3       110       111      1266
         3       951       675      1355
         3       452       469       470
         3      1107       743      1346
         3       561       559      1160
         3       129         3      1145
         3       264      1074      1268
         3       719       495      1099
         3      1155       285      1350
         3       546       544      1152
         3       553       551      1154
         3        66       303      1275
         3      1046       192      1275
         3       534       693      1094
         3       972       432      1375
         3       993       281      1165
         3      1033       835      1051
         3       675       952      1355
         3       693       930      1094
         3       201        75      1236
         3       812      1263      1277
         3       243        37      1289
         3         3       128      1151
         3       169       275      1298
         3      1024        44      1298
         3       965       724      1204
         3       379       377      1156
         3       383       381      1158
         3      1147      1145      1151
         3       781       531      1136
         3      1278       323      1384
         3       194       304      1318
         3      1091       745      1337
         3         6       131      1227
         3       557       741      1332
         3       959       862      1365
         3      1172       781      1173
         3       280        76      1328
         3      1240       297      1282
         3       270       209      1388
         3        70       230      1334
         3       277        81      1368
         3       198       229      1338
         3       523       794      1099
         3       279       204      1347
         3       431      1075      1140
         3      1062       644      1265
         3       128         2       257
         3      1012       246      1195
         3       729       959      1268
         3       162      1083      1289
         3       339       336      1207
         3       233      1041      1182
         3      1039       234      1177
         3       132       283      1070
         3       532       479      1214
         3       975       811      1150
         3       949       678      1377
         3       374       372      1171
         3       711       729      1268
         3       504       721      1371
         3       278       216       990
         3       366       364      1166
         3       462       453      1189
         3       232      1044      1188
         3      1175       451      1176
         3      1179       509      1180
         3       214       276      1273
         3       937      1068      1224
         3       673       671      1178
         3       901       900      1246
         3      1193       881      1312
         3      1156       436      1157
         3       664       662      1167
         3       961       962      1345
         3       971       447      1293
         3      1162       177      1240
         3      1090       645      1143
         3       224       215      1306
         3       531       530      1136
         3       908       909      1287
         3       358       356      1168
         3       619       703      1114
         3       601       686      1116
         3       615       638      1118
         3       611       926      1119
         3       607       676      1120
         3       597       974      1121
         3       625       637      1123
         3       593       643      1122
         3       642       631      1124
         3       984       241      1190
         3       703       617      1118
         3       638       613      1119
         3       926       609      1120
         3       686       599      1121
         3       974       595      1122
         3       837       627      1123
         3       629       837      1124
         3       637       623      1115
         3       676       605      1117
         3       779       568      1130
         3       427       425      1163
         3       460       417      1128
         3       461       407      1131
         3       409       461      1127
         3       415       456      1128
         3       405       444      1131
         3       643       591      1150
         3       429       423      1129
         3       530      1082      1136
         3       343       341      1175
         3      1053       820      1271
         3       718       717       929
         3      1110       574      1138
         3       687       578      1139
         3      1075       583      1140
         3       419       460      1198
         3       121      1217      1237
         3       633       642      1142
         3       376       345      1179
         3       563       644      1137
         3       570       779      1138
         3       589       975      1150
         3       576      1110      1139
         3      1011       289      1196
         3       581       687      1140
         3       464       391      1149
         3       353       351      1185
         3       701       979      1296
         3       470      1183      1189
         3       733       738      1213
         3       430      1154      1305
         3       644       561      1160
         3      1225       773      1326
         3       767      1244      1292
         3       720       546      1152
         3       960       553      1154
         3       717       492       853
         3       750       685      1172
         3       509       343      1175
         3      1076       743      1356
         3       389       446      1149
         3       933      1015      1335
         3       461      1077      1291
         3       687      1067      1264
         3       192        66      1275
         3       493       379      1156
         3       451       339      1207
         3       702       538      1161
         3       904       635      1142
         3       501       366      1166
         3       491       473       492
         3       743      1107      1356
         3       678       958      1377
         3      1141        69      1318
         3       544       970      1152
         3       551       720      1154
         3       436       374      1171
         3       559      1106      1160
         3       743       683      1346
         3       255      1070      1209
         3       471       353      1185
         3       668       664      1167
         3       377       436      1156
         3       381       493      1158
         3       875       673      1178
         3      1027       239      1194
         3       643      1150      1301
         3        89       214      1273
         3       685       781      1172
         3      1159       196      1334
         3        37       162      1289
         3       491       492       717
         3       364       447      1166
         3      1340       797      1373
         3      1214       317      1311
         3       376      1179      1223
         3       372      1058      1171
         3       710       514       976
         3       356       471      1168
         3       969      1024      1298
         3       738       776      1237
         3        91       278      1071
         3        44       169      1298
         3       341       451      1175
         3       662       871      1167
         3       345       509      1179
         3       671      1060      1178
         3      1272      1257      1327
         3       621      1114      1115
         3       603      1116      1117
         3      1205       790      1225
         3       914      1318      1389
         3       425       429      1163
         3       555       960      1210
         3       645      1073      1143
         3       351      1059      1185
         3      1066       733      1213
         3       456       413      1261
         3       639       904      1309
         3       955      1046      1275
         3      1082       705      1201
         3      1130       566      1137
         3       476       397      1239
         3      1150       811      1301
         3        94       219      1235
         3      1129       421      1198
         3       237      1162      1366
         3       710       976      1088
         3      1106       801      1160
         3       688      1299      1352
         3       469       427      1163
         3       395      1085      1239
         3      1142       642      1197
         3       801      1106      1210
         3        69       194      1318
         3       215        89      1306
         3       264      1268      1365
         3       432      1200      1375
         3      1051       835      1253
         3      1148      1135      1280
         3       431      1140      1264
         3       447       362      1293
         3       288      1008      1219
         3       970       542      1323
         3      1079       848      1353
         3       283         6      1227
         3        76       201      1328
         3       988       961      1345
         3      1160       801      1265
         3      1165       281      1343
         3       762      1165      1331
         3       742      1048      1320
         3       196        70      1334
         3       942       906      1252
         3       922      1127      1291
         3         1       126      1241
         3       413       411      1261
         3       549       468      1278
         3      1154       720      1305
         3       977       810      1229
         3        73       198      1338
         3       647      1340      1373
         3       915      1218      1342
         3       452       470      1189
         3       540       702      1323
         3       702      1153      1323
         3       397       395      1239
         3      1021       294      1203
         3      1215        73      1338
         3       204        78      1347
         3       231      1046      1228
         3       307       258      1242
         3       881      1087      1312
         3      1128       456      1211
         3       896      1216      1330
         3      1022       949      1377
         3       206      1216      1368
         3       217      1071      1079
         3      1001       252      1205
         3        78      1221      1347
         3       325      1072      1296
         3       844      1155      1350
         3        83      1218      1388
         3        81       206      1368
         3      1153       970      1323
         3       411      1127      1261
         3       294      1020      1203
         3       201      1236      1328
         3      1135       765      1280
         3       209        83      1388
         3       707      1081      1366
         3      1213       738      1217
         3       254       997      1254
         3       644      1160      1265
         3      1217       738      1237
         3      1091      1045      1290
         3       751       750      1315
         3       505      1080      1274
         3      1003       286      1249
         3      1175      1176      1358
         3      1002      1001      1205
         3       238      1052      1255
         3      1074       711      1268
         3       286      1002      1249
         3      1119       926      1380
         3      1140       687      1264
         3      1030      1029      1277
         3       298      1032      1259
         3      1242       821      1243
         3       994       282      1257
         3       293      1018      1245
         3      1112       287      1363
         3       790      1205      1336
         3       477       639      1302
         3       789      1240      1282
         3       362       359      1293
         3      1048      1047      1320
         3       236      1051      1253
         3       223       986      1248
         3       458      1302      1325
         3       888      1221      1317
         3      1014      1013      1335
         3      1215       882      1343
         3       709        93      1132
         3      1048       742      1354
         3      1077       860      1291
         3      1109       881      1193
         3      1063      1075      1374
         3      1057      1056      1313
         3       676      1117      1222
         3        89      1273      1306
         3       230      1141      1270
         3      1124       837      1234
         3      1088       847      1243
         3       509      1175      1358
         3       755      1048      1354
         3      1083       911      1289
         3      1228       742      1320
         3      1126       253      1286
         3      1132       226      1133
         3      1340      1112      1363
         3      1030       741      1282
         3       251      1057      1390
         3       242      1053      1271
         3      1174      1054      1339
         3       694       697      1364
         3      1197       778      1351
         3       226        92      1079
         3       542       540      1323
         3       232      1188      1290
         3      1167       871      1256
         3      1029       238      1277
         3       993      1165      1362
         3       789      1162      1240
         3      1246       261      1379
         3       746      1272      1327
         3       847       307      1243
         3      1189      1183      1267
         3      1033       298      1259
         3      1148      1164      1329
         3      1302       639      1309
         3      1097       274      1386
         3      1307       228      1362
         3       297      1030      1282
         3       218       226      1132
         3       233      1182      1357
         3      1180       509      1358
         3       731      1254      1321
         3       741      1263      1332
         3       914      1141      1318
         3       220        94       258
         3      1236       228      1307
         3      1045       232      1290
         3      1237       776      1238
         3      1116       686      1250
         3      1101       325      1296
         3       927      1159      1334
         3      1127       922      1261
         3       432       972      1359
         3       979      1101      1296
         3       492       473      1267
         3       302      1042      1295
         3       126         0       259
         3       256       130      1125
         3       980       272      1288
         3      1011      1196      1339
         3       253       998      1286
         3       127       766      1164
         3      1221       227      1317
         3       996      1193      1321
         3         4       305      1125
         3      1200       719      1375
         3      1087       689      1312
         3      1183       492      1267
         3      1257       282      1327
         3      1056      1003      1313
         3      1015      1014      1335
         3       305       129      1145
         3      1216       225      1330
         3      1047       231      1320
         3       886      1236      1307
         3       263      1076      1356
         3      1013      1262      1335
         3       868      1181      1324
         3       307      1242      1243
         3       304      1048      1389
         3       282      1159      1327
         3       238      1255      1277
         3      1145         3      1151
         3       231      1228      1320
         3       257         2      1164
         3      1182       788      1383
         3       835      1033      1259
         3      1048       755      1389
         3       930       695      1349
         3       791      1063      1374
         3      1146      1147      1292
         3       882      1215      1338
         3      1216       896      1368
         3      1218       222      1342
         3       990       224      1322
         3       281      1215      1343
         3      1218       915      1388
         3       258      1235      1242
         3      1246       900      1266
         3       754      1091      1337
         3      1221       888      1347
         3       128       257      1151
         3      1273       276      1345
         3       252      1000      1336
         3       219       709      1235
         3      1236       886      1328
         3      1054      1011      1339
         3       717       853      1333
         3      1205       252      1336
         3      1003      1249      1313
         3      1080       715      1274
         3      1073       872      1314
         3       473       462      1267
         3       997       996      1321
         3      1149       446      1300
         3      1042       233      1357
         3       462      1189      1267
         3       293      1245      1382
         3       695      1284      1349
         3      1127       461      1291
         3      1099       972      1375
         3       228       993      1362
         3      1254       997      1321
         3      1188       745      1290
         3       929       717      1333
         3      1083       293      1382
         3       766         1      1241
         3       797      1340      1363
         3       287      1004      1363
         3      1004       251      1390
         3      1280       765      1281
         3      1295      1042      1357
         3      1100       747      1385
         3       274       985      1386
         3       333      1143      1314
         3       956       943      1367
         3       846      1302      1309
         3      1075       431      1374
         3      1143      1073      1314
         3      1181       265      1324
         3      1153       912      1376
         3      1165       762      1362
         3       847      1088      1304
         3       702      1161      1341
         3       817      1182      1383
         3      1182       817      1357
         3      1273       962      1306
         3       901      1246      1379
         3      1196       704      1339
         3       433      1153      1376
         3      1247       901      1379
         3       894      1112      1340
         3       719      1099      1375
         3       788      1348      1383
         3       748      1257      1272
         3      1238       776      1369
         3       730      1214      1311
         3       919      1247      1379
         3      1162       789      1366
         3      1263       753      1332
         3       267      1238      1369
         3       767      1280      1281
         3       698      1169      1367
         3      1255       812      1277
         3      1200       432      1361
         3       677      1225      1326
         3       945      1146      1292
         3      1176       751      1358
         3      1133       226      1353
         3      1132      1133      1344
         3      1284       825      1349
         3       816      1200      1361
         3      1249       716      1313
         3      1164       766      1329
         3      1363      1004      1390
         3      1088       718      1304
         3      1268       959      1365
         3       442      1197      1351
         3       226      1079      1353
         3       709      1132      1344
         3       962      1273      1345
         3      1262       933      1335
         3       258        94      1235
         3      1302       846      1325
         3      1299       806      1352
         3      1348       787      1383
         3       126       259      1241
         3       768      1278      1384
         3      1364       697      1378
         3       797      1363      1390
         3       876      1364      1378
         3        95       220       258
         3      1070       283      1169
         3       642      1124      1234
         3       904      1142      1197
CELL_TYPES      2542
  5  5  5  5  5  5  5  5  5  5  5  5  5  5  5  5  5  5  5  5  5  5  5  5  5  5  5  5  5  5  5  5  5  5  5  5  5  5  5  5  5  5  5  5  5  5  5  5  5  5  5  5  5  5  5  5  5  5  5  5  5  5  5  5  5  5  5  5  5  5  5  5  5  5  5  5  5  5  5  5  5  5  5  5  5  5  5  5  5  5  5  5  5  5  5  5  5  5  5  5  5  5  5  5  5  5  5  5  5  5  5  5  5  5  5  5  5  5  5  5  5  5  5  5  5  5  5  5  5  5  5  5  5  5  5  5  5  5  5  5  5  5  5  5  5  5  5  5  5  5  5  5  5  5  5  5  5  5  5  5  5  5  5  5  5  5  5  5  5  5  5  5  5  5  5  5  5  5  5  5  5  5  5  5  5  5  5  5  5  5  5  5  5  5  5  5  5  5  5  5  5  5  5  5  5  5  5  5  5  5  5  5  5  5  5  5  5  5  5  5  5  5  5  5  5  5  5  5  5  5  5  5  5  5  5  5  5  5  5  5  5  5  5  5  5  5  5  5  5  5  5  5  5  5  5  5  5  5  5  5  5  5  5  5  5  5  5  5  5  5  5  5  5  5  5  5  5  5  5  5  5  5  5  5  5  5  5  5  5  5  5  5  5  5  5  5  5  5  5  5  5  5  5  5  5  5  5  5  5  5  5  5  5  5  5  5  5  5  5  5  5  5  5  5  5  5  5  5  5  5  5  5  5  5  5  5  5  5  5  5  5  5  5  5  5  5  5  5  5  5  5  5  5  5  5  5  5  5  5  5  5  5  5  5  5  5  5  5  5  5  5  5  5  5  5  5  5  5  5  5  5  5  5  5  5  5  5  5  5  5  5  5  5  5  5  5  5  5  5  5  5  5  5  5  5  5  5  5  5  5  5  5  5  5  5  5  5  5  5  5  5  5  5  5  5  5  5  5  5  5  5  5  5  5  5  5  5  5  5  5  5  5  5  5  5  5  5  5  5  5  5  5  5  5  5  5  5  5  5  5  5  5  5  5  5  5  5  5  5  5  5  5  5  5  5  5  5  5  5  5  5  5  5  5  5  5  5  5  5  5  5  5  5  5  5  5  5  5  5  5  5  5  5  5  5  5  5  5  5  5  5  5  5  5  5  5  5  5  5  5  5  5  5  5  5  5  5  5  5  5  5  5  5  5  5  5  5  5  5  5  5  5  5  5  5  5  5  5  5  5  5  5  5  5  5  5  5  5  5  5  5  5  5  5  5  5  5  5  5  5  5  5  5  5  5  5  5  5  5  5  5  5  5  5  5  5  5  5  5  5  5  5  5  5  5  5  5  5  5  5  5  5  5  5  5  5  5  5  5  5  5  5  5  5  5  5  5  5  5  5  5  5  5  5  5  5  5  5  5  5  5  5  5  5  5  5  5  5  5  5  5  5  5  5  5  5  5  5  5  5  5  5  5  5  5  5  5  5  5  5  5  5  5  5  5  5  5  5  5  5  5  5  5  5  5  5  5  5  5  5  5  5  5  5  5  5  5  5  5  5  5  5  5  5  5  5  5  5  5  5  5  5  5  5  5  5  5  5  5  5  5  5  5  5  5  5  5  5  5  5  5  5  5  5  5  5  5  5  5  5  5  5  5  5  5  5  5  5  5  5  5  5  5  5  5  5  5  5  5  5  5  5  5  5  5  5  5  5  5  5  5  5  5  5  5  5  5  5  5  5  5  5  5  5  5  5  5  5  5  5  5  5  5  5  5  5  5  5  5  5  5  5  5  5  5  5  5  5  5  5  5  5  5  5  5  5  5  5  5  5  5  5  5  5  5  5  5  5  5  5  5  5  5  5  5  5  5  5  5  5  5  5  5  5  5  5  5  5  5  5  5  5  5  5  5  5  5  5  5  5  5  5  5  5  5  5  5  5  5  5  5  5  5  5  5  5  5  5  5  5  5  5  5  5  5  5  5  5  5  5  5  5  5  5  5  5  5  5  5  5  5  5  5  5  5  5  5  5  5  5  5  5  5  5  5  5  5  5  5  5  5  5  5  5  5  5  5  5  5  5  5  5  5  5  5  5  5  5  5  5  5  5  5  5  5  5  5  5  5  5  5  5  5  5  5  5  5  5  5  5  5  5  5  5  5  5  5  5  5  5  5  5  5  5  5  5  5  5  5  5  5  5  5  5  5  5  5  5  5  5  5  5  5  5  5  5  5  5  5  5  5  5  5  5  5  5  5  5  5  5  5  5  5  5  5  5  5  5  5  5  5  5  5  5  5  5  5  5  5  5  5  5  5  5  5  5  5  5  5  5  5  5  5  5  5  5  5  5  5  5  5  5  5  5  5  5  5  5  5  5  5  5  5  5  5  5  5  5  5  5  5  5  5  5  5  5  5  5  5  5  5  5  5  5  5  5  5  5  5  5  5  5  5  5  5  5  5  5  5  5  5  5  5  5  5  5  5  5  5  5  5  5  5  5  5  5  5  5  5  5  5  5  5  5  5  5  5  5  5  5  5  5  5  5  5  5  5  5  5  5  5  5  5  5  5  5  5  5  5  5  5  5  5  5  5  5  5  5  5  5  5  5  5  5  5  5  5  5  5  5  5  5  5  5  5  5  5  5  5  5  5  5  5  5  5  5  5  5  5  5  5  5  5  5  5  5  5  5  5  5  5  5  5  5  5  5  5  5  5  5  5  5  5  5  5  5  5  5  5  5  5  5  5  5  5  5  5  5  5  5  5  5  5  5  5  5  5  5  5  5  5  5  5  5  5  5  5  5  5  5  5  5  5  5  5  5  5  5  5  5  5  5  5  5  5  5  5  5  5  5  5  5  5  5  5  5  5  5  5  5  5  5  5  5  5  5  5  5  5  5  5  5  5  5  5  5  5  5  5  5  5  5  5  5  5  5  5  5  5  5  5  5  5  5  5  5  5  5  5  5  5  5  5  5  5  5  5  5  5  5  5  5  5  5  5  5  5  5  5  5  5  5  5  5  5  5  5  5  5  5  5  5  5  5  5  5  5  5  5  5  5  5  5  5  5  5  5  5  5  5  5  5  5  5  5  5  5  5  5  5  5  5  5  5  5  5  5  5  5  5  5  5  5  5  5  5  5  5  5  5  5  5  5  5  5  5  5  5  5  5  5  5  5  5  5  5  5  5  5  5  5  5  5  5  5  5  5  5  5  5  5  5  5  5  5  5  5  5  5  5  5  5  5  5  5  5  5  5  5  5  5  5  5  5  5  5  5  5  5  5  5  5  5  5  5  5  5  5  5  5  5  5  5  5  5  5  5  5  5  5  5  5  5  5  5  5  5  5  5  5  5  5  5  5  5  5  5  5  5  5  5  5  5  5  5  5  5  5  5  5  5  5  5  5  5  5  5  5  5  5  5  5  5  5  5  5  5  5  5  5  5  5  5  5  5  5  5  5  5  5  5  5  5  5  5  5  5  5  5  5  5  5  5  5  5  5  5  5  5  5  5  5  5  5  5  5  5  5  5  5  5  5  5  5  5  5  5  5  5  5  5  5  5  5  5  5  5  5  5  5  5  5  5  5  5  5  5  5  5  5  5  5  5  5  5  5  5  5  5  5  5  5  5  5  5  5  5  5  5  5  5  5  5  5  5  5  5  5  5  5  5  5  5  5  5  5  5  5  5  5  5  5  5  5  5  5  5  5  5  5  5  5  5  5  5  5  5  5  5  5  5  5  5  5  5  5  5  5  5  5  5  5  5  5  5  5  5  5  5  5  5  5  5  5  5  5  5  5  5  5  5  5  5  5  5  5  5  5  5  5  5  5  5  5  5  5  5  5  5  5  5  5  5  5  5  5  5  5  5  5  5  5  5  5  5  5  5  5  5  5  5  5  5  5  5  5  5  5  5  5  5  5  5  5  5  5  5  5  5  5  5  5  5  5  5  5  5  5  5  5  5  5  5  5  5  5  5  5  5  5  5  5  5  5  5  5  5  5  5  5  5  5  5  5  5  5  5  5  5  5  5  5  5  5  5  5  5  5  5  5  5  5  5  5  5  5  5  5  5  5  5  5  5  5  5  5  5  5  5  5  5  5  5  5  5  5  5  5  5  5  5  5  5  5  5  5  5  5  5  5  5  5  5  5  5  5  5  5  5  5  5  5  5  5  5  5  5  5  5  5  5  5  5  5  5  5  5  5  5  5  5  5  5  5  5  5  5  5  5  5  5  5  5  5  5  5  5  5  5  5  5  5  5  5  5  5  5  5  5  5  5  5  5  5  5  5  5  5  5  5  5  5  5  5  5  5  5  5  5  5  5  5  5  5  5  5  5  5  5  5  5  5  5  5  5  5  5  5  5  5  5  5  5  5  5  5  5  5  5  5  5  5  5  5  5  5  5  5  5  5  5  5  5  5  5  5  5  5  5  5  5  5  5  5  5  5  5  5  5  5  5  5  5  5  5  5  5  5  5  5  5  5  5  5  5  5  5  5  5  5  5  5  5  5  5  5  5  5  5  5  5  5  5  5  5  5  5  5  5  5  5  5  5  5  5  5  5  5  5  5  5  5  5  5  5  5  5  5  5  5  5  5  5  5  5  5  5  5  5  5  5  5  5  5  5  5  5  5  5  5  5  5  5  5  5  5  5  5  5  5  5  5  5  5  5  5  5  5  5  5  5  5  5  5  5  5  5  5  5  5  5  5  5  5  5  5  5  5  5  5  5  5  5  5  5  5  5  5  5  5  5  5  5  5  5  5  5  5  5  5  5  5  5  5  5  5  5  5  5  5  5  5  5  5  5  5  5  5  5  5  5  5  5  5  5  5  5  5  5  5  5  5  5  5  5  5  5  5  5  5  5  5  5  5  5  5  5  5  5  5  5  5  5  5  5  5  5  5  5  5  5  5  5  5  5  5  5  5  5  5  5  5  5  5  5  5  5  5  5  5  5  5  5  5  5  5  5  5  5  5  5  5  5  5  5  5  5  5  5  5  5  5  5  5  5  5  5  5  5  5  5  5  5  5  5  5  5  5  5  5  5  5  5  5  5  5  5  5  5  5  5  5  5  5  5  5  5  5  5  5  5  5  5  5  5  5  5  5  5  5  5  5  5  5  5  5  5  5  5  5  5  5  5  5  5  5  5  5  5  5  5  5  5  5  5  5  5  5  5  5  5  5  5  5  5  5  5  5  5  5  5  5  5  5  5  5  5  5  5  5  5  5  5  5  5  5  5  5  5  5  5  5  5  5  5  5  5  5  5  5  5  5  5  5  5  5  5  5  5  5  5  5  5  5  5  5  5  5  5  5  5  5  5  5  5  5  5  5  5  5  5  5  5  5  5  5  5  5  5  5  5  5  5  5  5  5  5  5  5  5  5  5  5  5  5  5  5  5  5  5  5  5  5  5  5  5  5  5  5  5  5  5  5  5  5  5  5  5  5  5  5  5  5  5  5  5  5  5  5  5  5  5  5  5  5  5  5  5  5  5  5  5  5  5  5  5  5  5  5  5  5  5  5  5  5  5  5  5  5  5  5  5  5  5  5  5  5  5  5  5  5  5  5  5  5  5  5  5  5  5  5  5  5  5  5  5  5  5  5  5  5  5  5  5  5  5  5  5  5  5  5  5  5  5  5  5  5  5  5  5  5  5  5  5  5  5  5  5  5  5  5  5  5  5  5  5  5  5  5  5  5  5  5  5  5  5  5  5  5  5  5  5  5  5  5  5  5  5  5  5  5  5
POINT_DATA      1392
CELL_DATA      2542
SCALARS Resistivity(ohm.m) double 1
LOOKUP_TABLE default
          1617.26828          2502.14453          1814.40840           886.90357           816.35356           863.29661           711.60850          1234.42658           861.17812           952.40319           947.14035          1265.25547           681.64172           820.80993          1199.36953           954.00205          1239.00428           477.27451           425.53801           808.27433           453.52228           650.22539           378.26742           917.20925          1508.79295           518.27685          1327.64880          2564.02577           519.21267           704.60928          1944.48871          1900.81976           829.55269          1151.04483          2800.89495          1185.86879           389.89105           592.64777          1315.76538          2107.21773           867.99981          2721.27042          1361.20566           554.66283           686.40470          2461.00857           652.22145           890.85001          1882.77493          1001.19564           678.88225          1246.49553          1510.89489           902.47968          2626.11984          1316.92204           677.66894           634.03387           559.73111          1578.22449           887.05635           496.86704           760.54925           946.72335           664.99381           922.80910           510.49343           810.46878           913.95782          1178.61096           896.78260           751.54337           803.74402          1589.74956           946.11739          2080.12592           596.82682           980.28157          1400.79769           616.88642          1618.65318          1916.36805           712.43547           740.48181          2731.65424          1026.55394           598.65562           716.43998           391.71055           375.77466           886.02443           418.44416           497.62962          2116.31605           879.66016          1460.80003           670.03405          2596.44513          1203.73787           712.38937           861.06522          1478.59252          1925.82746           844.53185           661.93489           513.73753           897.97322           876.35027          1054.11638          1003.31918          1164.20004           896.30250           734.80742           516.22993           358.44271           985.99418          1977.07237           388.18589           773.85439          1902.11157          1501.72941           523.25879          1549.84803          1194.77505          1533.55660           348.32374          1220.30160          1992.99525          1883.63198           716.15893          1006.02661          1313.69751           498.27891          2718.65424          2689.54046           279.00320          1256.07767          1059.94371           494.68417          1720.46448          1287.59415           505.37029          2135.07164           396.36642           727.82352          2650.45341          2217.62952          1406.88995          2535.72768          1892.93762          1547.22800          1595.32168          1103.74255          1298.02394          1094.27544          1223.72501           788.97736           624.44974          1141.83782           706.94737           667.96329           787.04320           958.16546          2063.59139          1318.77342           998.79270          1313.41059           734.16188          1086.47911          2612.65017           365.16838           839.20717           789.09724           298.18746          1771.64080           602.18230          1002.04707           721.35359          1069.24010           936.78308          1015.12353          1391.02626           912.13325          2015.41946          2048.08181          1049.25700           592.73404           546.29520          1071.78994          1334.43176           369.56920          1478.98315           400.07258           918.70589          1552.81151           941.50722          1229.89185          1680.04171           400.79123          2041.34890          2302.95813          2004.00558          1214.92177           405.73591          1447.19224          2886.37783          1463.07967           810.66313          1380.96031           985.75581           466.13978           829.62363          1447.67021          1740.07850          1922.46474          1406.10194           319.64535           498.22025           797.39353          1025.39765           529.80267          1165.51806          2139.38430           730.75301           674.71970          1582.83988           944.91417           636.04169          2103.84168          1487.38218           518.25582          1783.23925           422.92950          1873.47199          1756.43060          1764.58264           449.13334          1868.07092           804.87310           861.61454          1088.39226           500.29696          2433.01986           640.33615          1812.43201          1496.31721          1362.45696          1070.20282           832.59308          1889.35010           448.91087          1402.80642          1679.59079          2087.36736           827.96295          2082.11421          1407.77543          1341.53411           511.80317           449.34655          2423.47268          1782.76099           877.53419          1436.85687          1585.70799          1796.66174          1100.57020           535.38740          1056.65610           835.61998          2231.25680           735.58713          1415.75527           881.39679          1958.16076           932.41256           939.28118          1690.26871          2089.46557           701.57406          1718.02229          1587.74442           364.29140          2251.55718          2120.75700           597.79853          1022.13581           420.27869           915.50356           928.93738          1465.98679          1640.65024          2029.11242           453.65461          1658.85426          1590.73371           231.49827           575.01646           599.96436          1225.20593          1836.80467           993.65654          1399.66589          2056.94207          1157.53157          1024.03761           697.18230           801.86681           535.43932          1123.61871          1677.31154          1444.98410           763.16493           391.87292          1137.87211           829.94131          1743.27760          1677.22250          1404.12289          1722.23385           619.42521           574.85411          1797.54271          1368.80542           917.53553          1109.91721          1551.74131          1628.42780          1342.47059          2436.93973          1964.55376          1853.56857          1951.53636           741.47499          2947.31959           706.59060           975.68751           500.36900           978.22697          1862.40444           782.27176          1186.93987          2186.93343           616.50980          1081.11862           825.59482          1490.07026          1498.24160          1543.24003          1991.41903           756.17612          1168.37751          2022.46846          1549.73037          1632.38258           786.42224           336.08795          1033.90622          2175.58552          1419.31652           834.24776          1060.65559          1539.86181           561.70530           314.89697          2437.44017          1420.58356          1759.85710          1566.65143          1329.65752           450.61071           395.14303           553.73314           365.95450           705.24941           740.93709           900.21301           754.69424           870.78375           672.14629           872.26333          1192.92300          1651.72000          1244.48142           537.76362           849.57653          1087.18284          1951.06719          1031.95219          1487.63067           649.35698           975.95293          1489.41093          2933.10530          2100.46474          2077.29147          1656.56653           885.12475          1563.60467           925.55829          1866.88079          2455.53906           935.04049          1151.49503          1381.11350          1892.65141          1938.41690          1373.67891           420.45713          1760.01518           413.54366          1328.03809           844.79013           739.89691          1076.62533          2292.61235          1334.13947           851.51441           912.27209          1922.49833          1027.53500           971.81924          1896.14521          2273.17795          1244.13906          2104.04766          1452.80849          1793.67126          2035.81877           425.27107           991.63597           588.99163          1952.84301           532.22303          1796.03512           933.35717          1463.19691          1900.98604          1412.69411          1364.39674          1391.10099           527.09614          1493.30792          1278.29022          1087.99202           977.44410           270.29926           486.68149          1896.49605          1812.07452           744.78698          1603.93043          1490.55069          1895.58431          2437.56948          1999.67612          1841.15242          1417.72782          1395.99849          1024.99743          1411.65327           916.27758          1961.88189          1478.32580           881.82523           770.55712           768.43431           881.44447          1034.44371          1541.35258           846.23807          2202.59550          1797.96256           937.67442           759.99465           523.78880          1501.87730           900.82785          1084.74337          1702.78155          1495.05909          1453.88093          1431.79621          1259.00638          1061.93228           956.76747          2102.28018          1776.25397          1391.71583          1330.06649          1693.29514          2154.51972          2041.43417          2247.26662          1278.36091          1390.63794          1860.83499          2031.17150           476.89466           643.32135           606.82834          1802.30473           877.73364          1727.02266          2003.43646          2115.62996           763.66720           764.19335           756.65560           819.29319           838.26157           925.31165          1126.22706          1498.62875           780.08367           604.47574          1513.30103          1547.41865          1599.58759          1574.15534          1632.35463          1466.85315          1416.46501          1792.96724          1766.13931          1656.72192           418.03961           707.69720          1260.34155          1469.52520          1610.61593          1123.74881          1057.42044          1605.63241           996.15518           917.61138           840.32443          2202.21644           924.69330           962.17140           986.64284           988.01064           422.92425          1696.38753          1511.67583           568.48573          1769.50760          1243.33722          1589.31658          1426.15068          1805.17417           603.74726           826.42273           803.32792          1112.78274          1413.62175           253.32863          1546.51171          1315.66092          2073.84293           715.30762           982.20949           794.01455          1626.45950           702.17608           679.46390           687.12217          2321.16398           371.62455           776.82088          1929.93170          2342.16950          1458.52689          1618.38460          2220.68607           913.88563          1228.83448           754.91188          1591.42968          2082.75800           528.70051          1366.28424          1318.45582          1298.19014          1200.68167          1006.58462           886.03085           784.53182           669.07505          1669.41653          1552.08961           402.01972          2039.83397           850.49089           854.66433           983.40817          1303.94076          1307.35499          1328.65998           976.40951           868.24437          1903.45346          1151.57232          1526.19964          2188.28089          1258.42852           417.56352           743.46394          2008.10833          2103.95954          1844.24730           765.63192           687.63276          2041.42247           687.10238          1313.03777          1598.61983          1545.44722          1672.68677          1033.50347           845.51406          1084.67702          1669.05571           384.12278           858.15278          1499.94461          2143.32024          1408.88990           654.87547           309.97083          1537.20070          1245.58567          1479.62594          1413.31482           641.63065           733.38333           774.42788          1288.59542           512.39116           825.09067          1068.49494           756.36133           999.38494          1459.62922           692.46241          2013.46775          1525.73207          2354.74634          1658.84427          1377.11135          1189.30411          1479.03308           605.77659          1257.37765           888.00368           918.56412          1292.41045          1575.58973           797.68312          1096.80295           838.67740           509.74571          1619.73210          1720.03253          1387.15250          1092.61594           486.51954           351.56237           661.55145          1452.09784           394.60644           408.29715           496.55775           229.46260          1573.81637          1764.39351           436.89335          2090.26893          1770.85389          2074.89812          2097.52806          1273.15208           366.35951          1601.75531          1646.57677          1104.95636          1286.17282           438.08904          2234.69374          2349.88000          1198.64019           710.23441          1382.94674          1045.02545           663.11753          1508.43413          2029.02099          1120.75603           498.37402           473.03933          1790.81950          1499.91820          1110.80879           427.47929          1205.39442          1705.87594           843.96239          1464.05004           613.29820           974.65910          2143.31402           833.51559          1696.38921          1336.84996          1198.81356           784.89671           397.18550           640.34849          1039.81810          1628.21934          1136.45188           463.83819          1275.46677           353.60564           822.51100          1611.14548           791.46654          1223.72264           846.49150          1355.15202          1291.03003          1151.78910           965.67633           939.16033          2081.55366          1284.23183          2173.78941           845.65145          1189.45717          1384.69996          1581.69083           667.09147           501.60573          1996.36406           464.03454          1296.26746          2386.76801           277.58105          1243.73738          1212.90664          1137.48919          2021.12004          2129.01306           953.66018          1848.04591          2061.97705          1804.23048           679.08927           280.24281           377.35643           274.30459           221.35038           438.12669           215.58996           583.36744           466.67196           341.67878           328.66360           656.12817           445.55041           318.51863          2109.16013          1981.89102          2333.65418          1407.69478           521.59537          1949.47064           306.06055          2040.09936          1882.00940           819.37247          1348.54376          1714.36884           339.27527          1966.23511           904.35556           629.96831          1451.31768           790.59825           455.71441           382.83738          1432.89500           772.22994          1067.29025          1653.93676           869.03831          1518.97475          2108.84031           352.05636           255.14654          1835.42684           607.70112          1523.80861           714.32118          2153.19037           837.44610           700.56651          1675.04276          1336.55326          1521.24372           684.40551           917.99643          1875.49614           638.97539           637.80907           594.67215          2120.60345          1459.17405          1719.56911          1695.54026          1277.34936           485.15452           418.55168          1475.35990          2341.04008          1520.45365           683.04001          1344.67931           420.17092          1452.78553           951.45158          2103.99696          1727.32390          2137.97961          2162.71441          1380.16545           440.93930           485.30304          1891.23948           412.15298          1714.46936           732.28789          2116.87349           743.98960           211.60857           515.30260          1728.42161           894.49136          1004.41802          1766.90186          1460.26079           765.57630          1358.69041           829.36183           672.71147           963.64379           241.41273          1454.34019          2627.89429          1881.81290          1070.95482           435.94055          1476.16896           453.14816           860.74820          1099.67961           866.78041           477.70380          1923.02073           449.83699           769.34337           674.41292          1500.03256           416.33592           963.12620           397.99980          1507.51839          1295.79285          1092.76266           934.56366           685.74864          1786.22920          1732.25905          1720.18567          1727.37211          1696.69417          1679.90646          1669.10142          1619.81451          1542.44323          1458.99238          1387.23659          1307.72612          1227.81395          1191.72836          1111.31634          1168.24727          1142.83690          1129.67591          1941.48756          1830.74128           398.65549          1753.71173          1008.89919          2034.68894          1579.03990           944.44092          2084.42859           614.45359           816.03193           461.98191           917.02812           739.02440          1212.20024          1626.82414          1170.28835          1185.97105          1246.00512          1342.30823          1472.17657          1613.45471          1716.43056          1798.40791          1896.82989          1439.22197           458.07126           259.15219          1698.21482           389.33356          2148.99188          1257.38432           543.51998          1249.72773           939.92982          1860.40721          1964.76218          2156.44832           374.03306           715.83613          1774.80477          1073.86000           724.70579          1019.37595           509.54509          1436.85049          1219.53003          1704.45118           944.41915           718.35153           947.35664           953.19786           956.01187           977.99737          1027.30577          1072.60550          1126.71561          1572.18304          1187.38853          1276.54128           408.97855          1345.89511          1625.00152          1139.93533           799.85126           477.99481          1159.86876          1680.13779           437.32990          2468.05434           535.37629          1091.72441          1094.45390          1451.96681          1464.64898          1478.92832          1469.84830          1824.89286          1383.01199          1264.57477          1143.14638           874.34370           522.65264           696.21160           417.04062          2613.87991           357.61498           552.07031           808.57773          1124.75778          1053.88943           778.62458          1459.68236           985.58552           377.18487          1667.77684          1158.97461          1538.55454          1167.89879          1182.21282          1198.14376          2134.06575          1207.61669           993.62016          1199.80949          1197.98681          1659.10134           523.03674          1228.84042          1287.58359          1942.47795           697.06919          2234.72504           699.03833           557.86115          1554.03881          1607.36663          1532.14538          1439.93097          1350.17631          1274.55675          1667.06418          1289.18351          1284.62489          1405.21383           357.17166           978.61213           563.73956          2222.43649           776.36144           491.13422          1049.09866           416.09898          1641.04654          1179.79701          1482.67491          1086.00011          1120.53248           615.72453          2235.91156           772.19995           573.32028           629.81055          1308.44420           298.46821          1370.47885          1399.00836          1150.70817          1357.61124          1212.10070          1349.30223          1202.65251          1289.96352          1292.41739           908.42468           704.57137          1844.74751          1706.94964          2443.70540          2540.80802          2602.93295          1107.89839          2715.78905          1680.38666           351.56403          2552.56652          1881.87479           448.98677          1846.00524          1445.89059           939.75240           594.50994          1843.33693           538.59567          1765.43063          1444.39765           453.29728          1277.89962           870.91043          1616.17900          2121.57706           753.07547           391.32292          1612.41843          1287.39975          1416.30499           340.52122           772.86636           897.49226           392.15676          1274.31089          1686.84563           660.72527           966.53549           432.96126           640.84999           913.23372           557.18109           739.31716          2228.07401          1606.09471          2255.35761           531.02796          1529.31664           565.65334          1497.84830           793.25663           366.34812          1005.93999           736.25477          1051.90336          1493.41722          1156.17496          1360.26634          1340.86060          1512.95960           409.99012          1511.68085           722.00151          2195.43198          1449.37257           898.11398           740.62265          1143.23646           469.48650          1275.61285           997.99086          1051.12503          1841.84201           662.40786          1818.03038          1406.73568          1206.63458           718.23866           676.60141          1263.27075           864.36290           281.25390           343.67774          1250.20649          1311.99296          2265.35686          1524.34978          1159.64178           625.13747           665.70098           859.11774          1798.01333          1299.65753          2154.64564          1913.50999           587.99928           643.37737          1169.92900           536.66852           441.82727           328.08856          1621.91578           481.26814           503.90407          1290.51409           567.50266          2445.83223          1506.14546           350.36835          1086.78906           798.78756           729.50074           492.47644          1341.88075           721.01169          1673.79334          2051.31347           923.62367          2677.46978          2549.45457          1024.90764          1541.45910          2192.36557           656.73780          1442.71300          1054.92451           930.31026          2375.50546           846.29565           267.60940          1383.78609           636.61773           410.63500           648.73412          1907.93093          1411.79788          1428.14258          1187.98795          1850.46156          1425.71286          1359.96482          1890.44114          1862.96881          1848.18082          1837.32685          1812.40379          1782.65126          1198.64557          1740.08206          1660.92100          1574.32580          1478.95308          1391.76078          1312.72871          1257.74519          1234.73823          1220.60383          1209.63672          1205.23431          1942.80620           680.05937          2029.51550          1710.69130           648.13462          2342.02589          1250.39495          2158.15295           639.08903          1391.24572           792.86168          1113.10262          1065.45801          1193.94496           731.49610          1128.98153          1110.54692          1145.97878          1216.72129          1312.85996          1436.77309          1555.95964          1643.28961          1727.53215           347.46542          1166.08194          1810.29726           257.40096          1828.86445           716.11592           521.64643          1577.94103           676.54161           655.98858          1866.31084          1033.29062          1626.75057          2266.13640          1035.91238          2322.94575          1040.86333          1046.62395          1064.06762          1100.06972          2412.63183           609.97347          1154.12874          1214.57534          1272.71486          1348.37480          1417.68599          1486.97391          1024.75584          1672.66005          2306.17276           399.34840           915.18630           655.95532          1385.23302          2092.15992          1390.90329          1393.89682          1391.47796          1344.32530          1240.32332           736.11200           797.62898           403.18187          1408.11963          1805.10602           451.21015          1275.94464          1787.44793          2287.99684          1281.35578          1130.64955          1294.39512          1309.43051          1314.63524          1307.71477           470.87348          1380.70403          1298.19604          2254.57003           791.84918           418.25376          2246.16370           637.74591          1539.56646           938.02440           440.59379          1834.42814          1682.47561          1470.20690          1392.18349           891.19027          1307.44748          1223.12592          1808.15384           975.04862          1101.32968          1665.21886          1684.18633           836.89551           388.35012           814.64658          2432.16957          2076.73926          2372.38689          1084.94399          1264.57084          2280.20315          2152.16888           575.75046           296.44728          2281.88999          1315.40521          1397.70572          1163.39963           503.26468          1251.29101          1222.94402           446.75767           706.98600           842.73914          1947.08485          1247.17654          2443.46963           673.42224           782.00734          2487.14261          2674.15940          2812.74538          1159.03083           777.68741          1172.84594           602.92230           592.22108          1030.19695          1821.62086          2469.88478          1855.22215           814.05688          1369.71423          2188.12852          1573.40269           673.78186          1139.24776           927.49846          1269.05080          1778.45093          1367.84798          1360.92094          1116.32698           423.63618           999.91647          1007.98411           974.69860           947.18286           857.21913           395.40316          1170.06603           897.92616          1098.93883           840.93373          1096.72022           787.21704          1319.54306           805.82308           789.76067           812.81823           809.99923           773.11419           751.52102           720.85150           702.00529           727.59759           912.85403           715.05460           911.54597           638.54492           685.82423           687.57395           805.14007           900.64471           914.61770           950.55642           967.56220          1048.22641          1068.16182          1132.69039          1142.56116          1291.45768          1262.63433           998.04414           992.10913           986.64709           854.43990           826.07825           788.90093           733.71948           680.11694           657.88489           626.65023           603.98417           580.13909           565.25635           565.51705           609.93422           673.46253           677.50992           588.73015           569.64071           526.44093           476.20449           420.90704           415.95421           363.77739           338.01244           341.49343           370.52688           374.87354           337.49725           325.92406           341.43290           342.18658           325.18913           323.63687           344.71416           329.54716           335.08322           329.49515           320.08668           319.42412           325.41034           329.30269           341.28897           345.46499           331.07807           338.50757           368.25071           408.05155           390.70196           402.23437           527.74760           559.76522           669.17244           711.95413           416.95501           943.17353          1044.86447          1091.06248           496.56750           403.90481           334.55722           384.92005           339.03326           327.38718           324.86236           336.33807           334.37296           325.84212           343.87567           323.58865           332.50480           352.52936           491.11187           370.68444           469.83067           498.32622          1997.09266           567.24606           599.53353           611.83373           740.82853          1207.02657           782.28404           892.54250          1348.32226          1185.57896          1336.25216          2527.48665          1285.50561          1051.21208           342.67287          1023.60289          1170.48533          2042.53541           944.81905          1457.35663          1064.44800           899.27746          2251.27944           526.07072          1437.71423           727.30099          1207.31202           702.18391           489.43534          1833.90321           392.48525          1377.93283          1563.07463           639.78488           637.76755          2131.52453          1235.81367           936.91588          1307.04540          1391.09671          1320.28718          1821.63916           685.36202           607.69627          1859.68725           763.39843          1197.62674          1312.42179           919.54022           603.53848           392.29061          1792.60623          1027.68781          1288.22104           774.02934           963.70313          1712.70264           757.31776          1595.89309          1465.01544           769.25211           752.16331          1907.21706          1088.37328           763.01307           765.45710          1195.92495          2370.74721           736.53995          1209.34360           502.82612          1182.70636           824.12903           572.56880          2884.84417          1981.46142           743.08693           776.06009           713.06627           476.75637           683.53898           818.27136           693.33477          2188.03582          1372.84635          1315.13923          1087.85412          1327.98038           427.62433           273.35268          1885.92587           522.96559           847.73691           404.98178          1641.71927           737.61566           509.93270           316.68646           495.79166           809.15357          2455.52137           511.21815           960.16587           953.36642          1000.13085           592.94865          1793.20685          1571.82892           858.84724           456.93273           967.09863          1814.62502           917.99928           944.25528          2098.96447           411.39920           887.77569          1585.04476          1438.87720           736.26772          1321.20127           700.35674           531.76250          2990.41816           370.86377           242.84680           390.27968          2226.77083          1403.04216           365.06623           398.33931          1854.52570          1292.24987          1130.50299           939.82450           730.73095           414.03170          1287.83131           689.73067          2114.74840           694.07283          1119.20366           608.99947           803.42849           861.04326          1598.92143           333.21419           686.40164          1950.13370           813.13612           859.43616          1162.13948          1057.64386          1437.83068           621.85591           763.90052           599.45728           584.75350          2962.05386          1627.20029          1600.00423           585.62647          2503.41689           371.61564          1375.79787          1422.32846           821.79908           336.99041           817.08899          1140.94105          1770.16351           590.06948          1555.58150          2084.36880          2011.38790          1205.79461           606.15813          1427.19964          2072.44276          1976.10613          1861.73282          1662.64683          1365.53094          1451.73987          1321.95710          1329.14905          2158.06612          1686.14908          2378.90359           725.02290          1076.16108          1081.41888           997.92242          1147.23356          1349.34042          1876.63245          2333.84472           838.21687           469.29016          1334.62183          1206.15303          1239.40472          1338.33493          1471.47212          1581.87229           522.47147           979.45897          1565.81381           955.51016          1035.55023          1725.60464          2403.92719          1234.57827           679.67583          1216.52465          1074.71572          1106.30721          2768.61149           379.02170           664.58989          1151.43548          1471.33815          1507.54008          1062.46451          1510.12501          1509.75354          1458.26324          1237.42614          1403.73792           958.15551          1252.06756          1121.47285          1107.58275           555.51059           936.33366          1080.33585           459.63720          2533.07949           983.66251          2697.75369          2216.45214          1843.14899           933.09314          1133.14827          1110.81607          1366.53878          1030.11553           533.87997           754.06514          2964.04706          1061.85403           667.09415          2674.61562           782.23413          1251.65371          2141.54758          1736.88028           554.45426           610.67934           670.06635          2160.50265          2303.45388          1830.29587          1185.99534           727.12115          1213.85075           968.34905           894.40524           799.92811           591.27994          1262.67424           460.25662          1474.65887           979.53893           670.81939          1869.86810           473.03523           438.58155          2019.07277           368.21195          1112.37954           674.44713           972.80160          1137.66706          1018.93863           420.71053           432.52560          1066.41161          1003.85379          1152.52487           889.99819           840.03866          1092.57775           844.20872           923.36319           819.46052           813.81189           800.04684           787.89808           991.01028           630.08138           563.33207           953.38023          1223.89098           685.02584           725.94809           635.40173           333.24774           338.59223           590.37121           326.16152           343.21696           550.17043           326.12007           355.62360           689.29490           341.74855           352.94362          1023.69945           852.49993          1087.91169           835.30997           428.28267           669.13965           940.80289          1160.12458           800.60353           720.04389           359.68270           610.30683           345.72479           646.93770           335.98775          1013.83064           349.52729           404.84171           585.22884           923.53997           349.54461           381.83220           551.50874           337.03188           402.36432           331.97525          1040.89178           407.11493           512.82239           416.48279           335.44295           383.76473           346.21302           394.09986           323.72892           337.01401           346.99839           339.91969           333.98226           334.44396           338.24099           328.57489           352.04880           333.94257           341.26139           345.43053           363.29937           333.11367           490.40965           374.09053           448.53640           523.54396           495.82010           576.28010           591.43177           609.73228           741.45371           617.73788           794.55324          1799.84936           781.46553           893.97993          1315.95989           345.97949           356.26186          1147.73988          1229.33561          1313.52030          1105.98582          1177.17238          1327.90557          1605.48687           965.74020           978.45009          1086.27912           937.17468           673.09882           779.03292          1174.78715           638.45906          1083.89519           920.90582          1421.09496           938.73124          1213.69938          1725.99856           727.27303           934.35140           754.09589           739.68769          1430.86097           949.83380          1832.87055           447.80097          1646.64022          2064.73284          1381.65772           831.57063           982.45440           748.92265          2612.12008           298.19300          1094.30336          1345.28465          1249.34046          1008.36168          2428.08736          1357.67029           705.90241          1016.17366           986.50228           975.26480          1029.19574           858.10426           931.79009           968.20060          1054.27235           555.07074          1666.69949           706.73008           450.18366           725.34697           687.39800           331.78806           979.29264           499.57158          1639.30010          1190.41953           858.95128           658.84278          2256.33505          1640.01000          1507.61355           608.68938           584.04059          1349.69233           494.00685           706.70158          1069.55597          1804.57709           991.72738           512.03759           994.60393           919.96522          2037.91068          1255.08654          1372.93038           924.08349           639.45693           368.73863           376.97961           390.30241           597.52825           643.38000          1234.19191           980.34403          1435.49970           819.01719           776.60727           410.84284           746.21176           678.90726          1395.35284          1540.24714          2412.81459          2023.04471          1333.90685          1205.35520          1190.22737          1926.97160          1758.36240          1552.02914          1325.09118          1347.38181          2100.08009          2038.71387          1378.03730          2244.12830          1130.39474          1219.68775           977.59556          1064.83002           718.06920          1145.51593           709.19154          1458.58625          1493.45274           903.47667          1027.31865          1243.99057          1021.24048           648.71293          1146.26783          1081.08690           415.28003           939.79065           784.43432          1376.69333          1289.32747           481.94041          1031.37251           730.35251           476.25620           718.70140           922.78867           728.73437          1496.40309          1424.36237           696.63288           800.30468           944.46284           475.74286           480.98438           730.10563          1212.28658           741.08912          1275.53822          1410.22474          1533.37735           934.43008           831.88600           821.66255          1832.60936           777.34069           819.58014           342.96522          2056.47405          2476.06693          1169.28914           229.02907           390.71901           386.42108           697.85263           736.54020           711.89849          1231.35286           339.36051           248.54252          1248.58503          1391.08417           424.03441          1205.62160           715.18444           333.63278          1633.96148          1042.86710          1524.08534          1485.92671           440.78653           489.67476          1743.92195          1836.06295           774.73591           368.80744          1261.76346          1960.50116           742.87756           518.22980           586.38714           720.59343           397.27262           380.21440          1153.12955          1183.79786          1042.08992           727.83393           542.97780          1818.53321           691.82591           666.78639           692.21324           705.21049           307.60601           434.73096           767.27913           370.38263           957.67123           738.24656           804.45844           721.92572          1573.38989           821.63498          1696.06567          1447.73536           724.66517           717.05936           409.24758           601.15063          1181.46028           377.34195           382.54909           690.00962          1294.40108          1583.67651           587.87619          1313.91318           463.89279          2242.31755          1423.42141          1018.50615          1660.73309           451.54410           820.37526           612.74244          1110.97308           930.50416          2743.99922           400.58725          1069.85908           900.00949          2837.16948          1271.00425           849.24710           343.39306          1953.55936          1255.68751           611.58941           442.71175           970.52588          2048.22253          1347.75031          1937.66623          1736.78334          1508.30370          1366.55423          2161.71360          1419.58800          2377.37236           485.32318          1993.28962          1825.32194          1624.30357          1354.13185          1385.35148          2199.56842          2276.48402          2115.00787          1422.07601          1302.20699          1593.98693          1218.25472           947.75292           952.22519          1105.09383          1000.27474          1443.32621          1421.19064           643.80573          1051.14453           558.74533          1149.65110          1376.78504          1521.61004          1624.06934          1298.64458           628.34327          2511.55631           790.21221          1284.47893          1329.12712          1462.03751          1451.85218           891.60055          1576.12995          1138.55792          1289.24347           872.22900          1306.01368           791.10818          1677.48893          1280.33368          1885.96510           810.15173          1606.64903          1539.54424          1144.02355           456.26888           891.89052           464.05683          1159.66424           786.13113           801.02927          1674.17730           471.71808          1064.09694          1071.99365          1611.99090          2577.10763           903.04922          1309.71600           432.47102           593.66198           688.22238          1614.91818          1572.25517          1188.24494          1284.87256           459.87050           692.46925          1092.09594          2916.32051          1105.31244          1004.45360          2822.07216           414.68194          1544.96929          1109.73062           467.02026           795.96928           585.87657          1210.40492           931.93201          1784.96880          1295.00376           634.38657          1220.65693          1317.72765           915.88749           399.83832           683.89288          1429.64428           388.92353           987.64519          2795.31633           762.88029          2865.50400           993.96202          2092.03311          1369.17691          1482.35230           729.50673          1487.67963          1499.35044          1917.10929          1238.75325           836.19113          1048.25788          2674.86974           502.03695           644.96118          1290.81148          1049.72378          1597.00637          1242.07702          1355.50840           362.77951          1256.19746          1414.74965           598.23112          1478.40584          1103.84807          2581.98642          1474.51292           699.16806          1216.36364           312.29799          1832.13791           388.96038           763.45195          1700.07983          1023.92240          1072.22718          1587.41556          1359.15481           675.57656           764.82276          1287.33561          1453.66108           813.12412          1091.73351           697.66191           763.45986           623.29882           824.96695           734.17884          1082.92208          2000.34174          1673.11938          2231.83733           712.26094          1923.55477          1066.28217          1438.95716          1593.03185          1733.72591          1164.03511           569.42969           712.56722           804.84662           546.47561          1231.11215          1184.39657           952.90233           905.22547           517.85647           807.83225          1384.80657          1125.36582           810.86653          1039.31493          1132.09829           937.11410           801.30792          1720.33360          1002.54788           615.96940           768.90247           775.32038           938.20168           445.76418           729.62962           845.84766          1402.21244           677.79211           474.51163           443.57067          2036.87117          1193.48543           713.09665          1239.07351           370.76726           410.87613          1279.36871          1748.21100          1666.59734           401.03400           394.55844          1239.67851           928.85581           727.31934          1419.36402          1302.78231          2612.14811           389.31693          1172.75370           634.50797           368.08527          1267.23273          2441.36234           903.83179           662.29847           794.21197          1251.34423           804.85065           721.44205           917.55711          1697.24332          1266.67696          1415.14927          1153.22890           745.75111          2369.90880          1216.28279           733.49693           828.42429           624.27585           668.56682          1134.10620          1276.84837          1584.10774           445.56575          1294.37561           520.15326           895.68611          1885.95598          2475.97233          1323.70711          1494.98016           475.19053          2767.80071           370.82800           824.24826           368.96246           376.78407           991.66780          1217.28830          1355.39429           376.90124           729.55878          2654.60220          1067.79238           829.11046           393.37928          1271.58117           402.00588           625.33372           956.19130           635.12664           716.15909          1249.85691           792.04185           443.24676           632.95249          1366.02759          1028.30494           804.58388           914.66152          1829.99622           924.13667          1352.17322           393.64330           756.46821           683.53837          1279.75814           931.58662          1057.28231           716.19689           882.84084           846.45181           703.18764          1822.58760          1322.17106          1280.28153           927.53668          1188.67292           688.12374           712.00091           868.60756           586.28941           849.41193           447.54680           701.35067           299.51967          1227.78441           698.05704           875.76945           395.05458           720.46827           593.41241           720.13974           522.45874           393.71225           766.38671          2264.98356          1690.92193           757.63938           742.91098           851.50637          1018.21759          1386.84093           772.74763           988.19586          1240.39469           341.89298           687.67274           847.15331           724.06787          1153.39402          1075.05813          1245.57198           808.70153           857.54325          1087.65120          1157.96129          1258.66422          1939.76801          1718.39611          1480.73511           810.26692          1011.38707           378.39179          1494.54290           725.55577          2340.08093           854.06939          1795.21238           783.57852           864.00197           550.15071          1105.32027           673.44150           725.09824          1609.75787          1311.51072          1250.36916           792.99943           409.46735           706.05797           999.46442          1605.58638           731.75909          2574.62561          1706.79878          1746.19410           298.75220          1868.56762           943.90765          1203.08426          1779.60473           549.25619           469.83517          1179.15042           426.51080          1086.76866          1852.02541           522.42868          1724.17270          1766.17810           619.84492          1057.36276           629.49351          1368.10068           557.51654           386.43708           701.64589           581.35097           796.29380           774.99261           460.37296          1791.21963          1845.37196           783.66179           611.82586          1305.51650          1262.22674          2398.32603          1813.63901          1423.72828           722.89677          1332.18887          1201.37510           337.85810          2507.57830          1328.16015          1251.94672          1189.95650           798.47991          1244.68229          2461.06571           595.62505           710.91181           747.70089          1866.84949          2032.18708          1462.45003          2262.30200          1245.57154           693.07676          2426.77289          2623.60112
SCALARS Resistivity(log10) double 1
LOOKUP_TABLE default
             3.20878             3.39831             3.25874             2.94788             2.91188             2.93616             2.85224             3.09147             2.93509             2.97882             2.97641             3.10218             2.83356             2.91424             3.07895             2.97955             3.09307             2.67877             2.62894             2.90756             2.65660             2.81306             2.57780             2.96247             3.17863             2.71456             3.12308             3.40892             2.71535             2.84795             3.28881             3.27894             2.91884             3.06109             3.44730             3.07404             2.59094             2.77280             3.11918             3.32371             2.93852             3.43477             3.13392             2.74403             2.83658             3.39111             2.81440             2.94980             3.27480             3.00052             2.83179             3.09569             3.17923             2.95544             3.41931             3.11956             2.83102             2.80211             2.74798             3.19817             2.94795             2.69624             2.88113             2.97622             2.82282             2.96511             2.70799             2.90874             2.96093             3.07137             2.95269             2.87595             2.90512             3.20133             2.97595             3.31809             2.77585             2.99135             3.14638             2.79021             3.20915             3.28248             2.85275             2.86951             3.43643             3.01138             2.77718             2.85518             2.59297             2.57493             2.94745             2.62164             2.69691             3.32558             2.94431             3.16459             2.82610             3.41438             3.08053             2.85272             2.93504             3.16985             3.28462             2.92662             2.82082             2.71074             2.95326             2.94268             3.02289             3.00144             3.06603             2.95245             2.86617             2.71284             2.55442             2.99387             3.29602             2.58904             2.88866             3.27924             3.17659             2.71872             3.19029             3.07729             3.18570             2.54198             3.08647             3.29951             3.27500             2.85501             3.00261             3.11850             2.69747             3.43435             3.42968             2.44561             3.09902             3.02528             2.69433             3.23565             3.10978             2.70361             3.32941             2.59810             2.86203             3.42332             3.34589             3.14826             3.40410             3.27714             3.18955             3.20285             3.04287             3.11328             3.03913             3.08768             2.89706             2.79550             3.05760             2.84939             2.82475             2.89600             2.98144             3.31462             3.12017             2.99948             3.11840             2.86579             3.03602             3.41708             2.56249             2.92387             2.89713             2.47449             3.24838             2.77973             3.00089             2.85815             3.02908             2.97164             3.00652             3.14334             2.96006             3.30437             3.31135             3.02088             2.77286             2.73743             3.03011             3.12530             2.56770             3.16996             2.60214             2.96318             3.19112             2.97382             3.08987             3.22532             2.60292             3.30992             3.36229             3.30190             3.08455             2.60824             3.16053             3.46035             3.16527             2.90884             3.14018             2.99377             2.66852             2.91888             3.16067             3.24057             3.28386             3.14802             2.50467             2.69742             2.90167             3.01089             2.72411             3.06652             3.33029             2.86377             2.82912             3.19944             2.97539             2.80349             3.32301             3.17242             2.71454             3.25121             2.62627             3.27265             3.24463             3.24664             2.65238             3.27139             2.90573             2.93531             3.03679             2.69923             3.38615             2.80641             3.25826             3.17502             3.13432             3.02947             2.92043             3.27631             2.65216             3.14700             3.22520             3.31960             2.91801             3.31850             3.14853             3.12760             2.70910             2.65258             3.38444             3.25109             2.94326             3.15741             3.20022             3.25447             3.04162             2.72867             3.02393             2.92201             3.34855             2.86663             3.15099             2.94517             3.29185             2.96961             2.97280             3.22796             3.32004             2.84607             3.23503             3.20078             2.56145             3.35248             3.32649             2.77655             3.00951             2.62354             2.96166             2.96799             3.16613             3.21502             3.30731             2.65673             3.21981             3.20160             2.36455             2.75968             2.77813             3.08821             3.26406             2.99724             3.14602             3.31322             3.06353             3.01032             2.84335             2.90410             2.72871             3.05062             3.22461             3.15986             2.88262             2.59315             3.05609             2.91905             3.24137             3.22459             3.14741             3.23609             2.79199             2.75956             3.25468             3.13634             2.96262             3.04529             3.19082             3.21177             3.12790             3.38684             3.29326             3.26801             3.29038             2.87010             3.46943             2.84917             2.98931             2.69929             2.99044             3.27007             2.89336             3.07443             3.33984             2.78994             3.03387             2.91677             3.17321             3.17558             3.18843             3.29916             2.87862             3.06758             3.30588             3.19026             3.21282             2.89566             2.52645             3.01448             3.33758             3.15208             2.92130             3.02557             3.18748             2.74951             2.49817             3.38693             3.15247             3.24548             3.19497             3.12374             2.65380             2.59675             2.74330             2.56343             2.84834             2.86978             2.95435             2.87777             2.93991             2.82746             2.94065             3.07661             3.21794             3.09499             2.73059             2.92920             3.03630             3.29027             3.01366             3.17250             2.81248             2.98943             3.17301             3.46733             3.32232             3.31750             3.21921             2.94700             3.19413             2.96640             3.27112             3.39015             2.97083             3.06126             3.14023             3.27707             3.28745             3.13789             2.62372             3.24552             2.61652             3.12321             2.92675             2.86917             3.03206             3.36033             3.12520             2.93019             2.96012             3.28387             3.01180             2.98759             3.27787             3.35663             3.09487             3.32306             3.16221             3.25374             3.30874             2.62867             2.99635             2.77011             3.29067             2.72609             3.25431             2.97005             3.16530             3.27898             3.15005             3.13494             3.14336             2.72189             3.17415             3.10663             3.03663             2.99009             2.43184             2.68724             3.27795             3.25818             2.87203             3.20519             3.17335             3.27774             3.38696             3.30096             3.26509             3.15159             3.14488             3.01072             3.14973             2.96203             3.29267             3.16977             2.94538             2.88680             2.88561             2.94519             3.01471             3.18790             2.92749             3.34293             3.25478             2.97205             2.88081             2.71916             3.17663             2.95464             3.03533             3.23116             3.17466             3.16253             3.15588             3.10003             3.02610             2.98081             3.32269             3.24951             3.14355             3.12387             3.22873             3.33335             3.30994             3.35165             3.10665             3.14321             3.26971             3.30775             2.67842             2.80843             2.78307             3.25583             2.94336             3.23730             3.30178             3.32544             2.88290             2.88320             2.87890             2.91344             2.92338             2.96629             3.05163             3.17569             2.89214             2.78138             3.17993             3.18961             3.20401             3.19705             3.21281             3.16639             3.15121             3.25357             3.24702             3.21925             2.62122             2.84985             3.10049             3.16718             3.20699             3.05067             3.02425             3.20565             2.99833             2.96266             2.92445             3.34286             2.96600             2.98325             2.99416             2.99476             2.62626             3.22953             3.17946             2.75472             3.24785             3.09459             3.20121             3.15417             3.25652             2.78086             2.91720             2.90489             3.04641             3.15033             2.40368             3.18935             3.11914             3.31678             2.85449             2.99220             2.89983             3.21124             2.84645             2.83217             2.83703             3.36571             2.57010             2.89032             3.28554             3.36962             3.16391             3.20908             3.34649             2.96089             3.08949             2.87790             3.20179             3.31864             2.72321             3.13554             3.12007             3.11334             3.07943             3.00285             2.94745             2.89461             2.82547             3.22256             3.19092             2.60425             3.30959             2.92967             2.93180             2.99273             3.11526             3.11639             3.12341             2.98963             2.93864             3.27954             3.06129             3.18361             3.34010             3.09983             2.62072             2.87126             3.30279             3.32304             3.26582             2.88402             2.83736             3.30993             2.83702             3.11828             3.20375             3.18905             3.22341             3.01431             2.92712             3.03530             3.22247             2.58447             2.93356             3.17608             3.33109             3.14888             2.81616             2.49132             3.18673             3.09537             3.17015             3.15024             2.80729             2.86533             2.88898             3.11012             2.70960             2.91650             3.02877             2.87873             2.99973             3.16424             2.84040             3.30394             3.18348             3.37194             3.21981             3.13897             3.07529             3.16998             2.78231             3.09947             2.94841             2.96311             3.11140             3.19744             2.90183             3.04013             2.92359             2.70735             3.20944             3.23554             3.14212             3.03847             2.68710             2.54600             2.82056             3.16200             2.59616             2.61098             2.69597             2.36071             3.19695             3.24660             2.64038             3.32020             3.24818             3.31700             3.32171             3.10488             2.56391             3.20460             3.21658             3.04335             3.10930             2.64156             3.34922             3.37105             3.07869             2.85140             3.14081             3.01913             2.82159             3.17853             3.30729             3.04951             2.69756             2.67490             3.25305             3.17607             3.04564             2.63092             3.08113             3.23195             2.92632             3.16556             2.78767             2.98885             3.33109             2.92091             3.22953             3.12608             3.07875             2.89481             2.59899             2.80642             3.01696             3.21171             3.05555             2.66637             3.10567             2.54852             2.91514             3.20713             2.89843             3.08768             2.92762             3.13199             3.11094             3.06137             2.98483             2.97274             3.31839             3.10864             3.33722             2.92719             3.07535             3.14136             3.19912             2.82419             2.70036             3.30024             2.66655             3.11269             3.37781             2.44339             3.09473             3.08383             3.05595             3.30559             3.32818             2.97939             3.26671             3.31428             3.25629             2.83193             2.44753             2.57675             2.43823             2.34508             2.64160             2.33363             2.76594             2.66901             2.53362             2.51675             2.81699             2.64890             2.50313             3.32411             3.29708             3.36804             3.14851             2.71733             3.28992             2.48581             3.30965             3.27462             2.91348             3.12987             3.23410             2.53055             3.29364             2.95634             2.79932             3.16176             2.89796             2.65869             2.58301             3.15621             2.88775             3.02828             3.21852             2.93904             3.18155             3.32404             2.54661             2.40679             3.26374             2.78369             3.18293             2.85389             3.33308             2.92296             2.84545             3.22403             3.12599             3.18220             2.83531             2.96284             3.27312             2.80548             2.80469             2.77428             3.32646             3.16411             3.23542             3.22931             3.10631             2.68588             2.62175             3.16890             3.36941             3.18197             2.83445             3.12862             2.62343             3.16220             2.97839             3.32305             3.23737             3.33000             3.33500             3.13993             2.64438             2.68601             3.27675             2.61506             3.23413             2.86468             3.32569             2.87157             2.32553             2.71206             3.23765             2.95158             3.00191             3.24721             3.16443             2.88399             3.13312             2.91874             2.82783             2.98392             2.38276             3.16267             3.41961             3.27458             3.02977             2.63943             3.16914             2.65624             2.93488             3.04127             2.93791             2.67916             3.28398             2.65306             2.88612             2.82893             3.17610             2.61944             2.98368             2.59988             3.17826             3.11254             3.03853             2.97061             2.83616             3.25194             3.23861             3.23558             3.23739             3.22960             3.22529             3.22248             3.20947             3.18821             3.16405             3.14215             3.11652             3.08913             3.07618             3.04584             3.06753             3.05798             3.05295             3.28813             3.26263             2.60060             3.24396             3.00385             3.30850             3.19839             2.97517             3.31899             2.78849             2.91171             2.66462             2.96238             2.86866             3.08357             3.21134             3.06829             3.07407             3.09552             3.12785             3.16796             3.20776             3.23463             3.25489             3.27803             3.15813             2.66093             2.41355             3.22999             2.59032             3.33223             3.09947             2.73522             3.09682             2.97310             3.26961             3.29331             3.33374             2.57291             2.85481             3.24915             3.03095             2.86016             3.00833             2.70718             3.15741             3.08619             3.23158             2.97516             2.85634             2.97651             2.97918             2.98046             2.99034             3.01170             3.03044             3.05181             3.19650             3.07459             3.10603             2.61170             3.12901             3.21085             3.05688             2.90301             2.67942             3.06441             3.22534             2.64081             3.39235             2.72866             3.03811             3.03920             3.16196             3.16573             3.16995             3.16727             3.26124             3.14083             3.10194             3.05810             2.94168             2.71821             2.84274             2.62018             3.41729             2.55342             2.74199             2.90772             3.05106             3.02280             2.89133             3.16426             2.99369             2.57655             3.22214             3.06407             3.18711             3.06741             3.07270             3.07851             3.32921             3.08193             2.99722             3.07911             3.07845             3.21987             2.71853             3.08950             3.10978             3.28836             2.84328             3.34922             2.84450             2.74653             3.19146             3.20611             3.18530             3.15834             3.13039             3.10536             3.22195             3.11031             3.10878             3.14774             2.55288             2.99061             2.75108             3.34683             2.89006             2.69120             3.02082             2.61920             3.21512             3.07181             3.17105             3.03583             3.04942             2.78939             3.34945             2.88773             2.75840             2.79921             3.11676             2.47490             3.13687             3.14582             3.06097             3.13278             3.08354             3.13011             3.08014             3.11058             3.11140             2.95829             2.84792             3.26594             3.23222             3.38805             3.40497             3.41546             3.04450             3.43390             3.22541             2.54600             3.40698             3.27459             2.65223             3.26623             3.16014             2.97301             2.77416             3.26560             2.73126             3.24685             3.15969             2.65638             3.10650             2.93997             3.20849             3.32666             2.87684             2.59254             3.20748             3.10971             3.15116             2.53214             2.88810             2.95303             2.59346             3.10528             3.22708             2.82002             2.98522             2.63645             2.80676             2.96058             2.74600             2.86883             3.34793             3.20577             3.35322             2.72512             3.18450             2.75255             3.17547             2.89941             2.56389             3.00257             2.86703             3.02198             3.17418             3.06302             3.13362             3.12738             3.17983             2.61277             3.17946             2.85854             3.34152             3.16118             2.95333             2.86960             3.05814             2.67162             3.10572             2.99913             3.02165             3.26525             2.82113             3.25960             3.14821             3.08158             2.85627             2.83033             3.10150             2.93670             2.44910             2.53615             3.09698             3.11793             3.35514             3.18308             3.06432             2.79598             2.82328             2.93405             3.25479             3.11383             3.33338             3.28183             2.76938             2.80847             3.06816             2.72971             2.64525             2.51599             3.21003             2.68239             2.70235             3.11076             2.75397             3.38843             3.17787             2.54452             3.03615             2.90243             2.86303             2.69239             3.12771             2.85794             3.22370             3.31203             2.96550             3.42772             3.40645             3.01068             3.18793             3.34091             2.81739             3.15918             3.02322             2.96863             3.37576             2.92752             2.42750             3.14107             2.80388             2.61346             2.81207             3.28056             3.14977             3.15477             3.07481             3.26728             3.15403             3.13353             3.27656             3.27021             3.26674             3.26419             3.25825             3.25107             3.07869             3.24057             3.22035             3.19709             3.16995             3.14356             3.11817             3.09959             3.09157             3.08657             3.08265             3.08107             3.28843             2.83255             3.30739             3.23317             2.81167             3.36959             3.09705             3.33408             2.80556             3.14340             2.89920             3.04654             3.02754             3.07698             2.86421             3.05269             3.04554             3.05918             3.08519             3.11822             3.15739             3.19200             3.21571             3.23743             2.54091             3.06673             3.25775             2.41061             3.26218             2.85498             2.71738             3.19809             2.83029             2.81690             3.27098             3.01422             3.21132             3.35529             3.01532             3.36604             3.01739             3.01979             3.02697             3.04142             3.38249             2.78531             3.06225             3.08442             3.10473             3.12981             3.15158             3.17230             3.01062             3.22341             3.36289             2.60135             2.96151             2.81687             3.14152             3.32059             3.14330             3.14423             3.14348             3.12850             3.09353             2.86694             2.90180             2.60550             3.14864             3.25650             2.65438             3.10583             3.25223             3.35946             3.10767             3.05333             3.11207             3.11708             3.11881             3.11651             2.67290             3.14010             3.11334             3.35306             2.89864             2.62144             3.35144             2.80465             3.18740             2.97221             2.64404             3.26350             3.22595             3.16738             3.14370             2.94997             3.11642             3.08747             3.25724             2.98903             3.04192             3.22147             3.22639             2.92267             2.58922             2.91097             3.38599             3.31738             3.37519             3.03541             3.10194             3.35797             3.33288             2.76023             2.47195             3.35829             3.11906             3.14542             3.06573             2.70180             3.09736             3.08741             2.65007             2.84941             2.92569             3.28938             3.09593             3.38801             2.82829             2.89321             3.39570             3.42719             3.44913             3.06409             2.89081             3.06924             2.78026             2.77248             3.01292             3.26046             3.39268             3.26840             2.91065             3.13663             3.34007             3.19684             2.82852             3.05662             2.96731             3.10348             3.25004             3.13604             3.13383             3.04779             2.62699             2.99996             3.00345             2.98887             2.97643             2.93309             2.59704             3.06821             2.95324             3.04097             2.92476             3.04010             2.89609             3.12042             2.90624             2.89750             2.90999             2.90848             2.88824             2.87594             2.85785             2.84634             2.86189             2.96040             2.85434             2.95978             2.80519             2.83621             2.83732             2.90587             2.95455             2.96124             2.97798             2.98568             3.02046             3.02864             3.05411             3.05788             3.11108             3.10128             2.99915             2.99656             2.99416             2.93168             2.91702             2.89702             2.86553             2.83258             2.81815             2.79703             2.78103             2.76353             2.75225             2.75245             2.78528             2.82831             2.83092             2.76992             2.75560             2.72135             2.67779             2.62419             2.61905             2.56084             2.52893             2.53338             2.56882             2.57388             2.52827             2.51312             2.53331             2.53426             2.51214             2.51006             2.53746             2.51792             2.52515             2.51785             2.50527             2.50437             2.51243             2.51760             2.53312             2.53840             2.51993             2.52957             2.56614             2.61072             2.59185             2.60448             2.72243             2.74801             2.82554             2.85245             2.62009             2.97459             3.01906             3.03785             2.69598             2.60628             2.52447             2.58537             2.53024             2.51506             2.51170             2.52678             2.52423             2.51301             2.53640             2.50999             2.52180             2.54720             2.69118             2.56900             2.67194             2.69751             3.30040             2.75377             2.77781             2.78663             2.86972             3.08172             2.89336             2.95063             3.12979             3.07393             3.12589             3.40269             3.10907             3.02169             2.53488             3.01013             3.06837             3.31017             2.97535             3.16357             3.02712             2.95389             3.35243             2.72104             3.15767             2.86171             3.08182             2.84645             2.68970             3.26338             2.59382             3.13923             3.19398             2.80603             2.80466             3.32869             3.09195             2.97170             3.11629             3.14336             3.12067             3.26046             2.83592             2.78369             3.26944             2.88275             3.07832             3.11807             2.96357             2.78070             2.59361             3.25348             3.01186             3.10999             2.88876             2.98394             3.23368             2.87928             3.20300             3.16584             2.88607             2.87631             3.28040             3.03678             2.88253             2.88392             3.07770             3.37489             2.86720             3.08255             2.70142             3.07288             2.91600             2.75783             3.46012             3.29699             2.87104             2.88990             2.85313             2.67830             2.83476             2.91290             2.84094             3.34005             3.13762             3.11897             3.03657             3.12319             2.63106             2.43672             3.27552             2.71847             2.92826             2.60744             3.21530             2.86783             2.70751             2.50063             2.69530             2.90803             3.39014             2.70861             2.98235             2.97926             3.00006             2.77302             3.25363             3.19641             2.93392             2.65985             2.98547             3.25879             2.96284             2.97509             3.32201             2.61426             2.94830             3.20004             3.15802             2.86704             3.12097             2.84532             2.72572             3.47573             2.56921             2.38533             2.59138             3.34768             3.14707             2.56237             2.60025             3.26823             3.11135             3.05327             2.97305             2.86376             2.61703             3.10986             2.83868             3.32526             2.84141             3.04891             2.78462             2.90495             2.93502             3.20383             2.52272             2.83658             3.29006             2.91016             2.93421             3.06526             3.02434             3.15771             2.79369             2.88304             2.77776             2.76697             3.47159             3.21144             3.20412             2.76762             3.39853             2.57009             3.13855             3.15300             2.91477             2.52762             2.91227             3.05726             3.24801             2.77090             3.19189             3.31897             3.30350             3.08127             2.78259             3.15448             3.31648             3.29581             3.26992             3.22080             3.13530             3.16189             3.12122             3.12357             3.33406             3.22690             3.37638             2.86035             3.03188             3.03399             2.99910             3.05965             3.13012             3.27338             3.36807             2.92336             2.67144             3.12536             3.08140             3.09321             3.12656             3.16775             3.19917             2.71806             2.99099             3.19474             2.98024             3.01517             3.23694             3.38092             3.09152             2.83230             3.08512             3.03129             3.04388             3.44226             2.57866             2.82255             3.06124             3.16771             3.17827             3.02631             3.17901             3.17891             3.16384             3.09252             3.14729             2.98144             3.09763             3.04979             3.04438             2.74469             2.97143             3.03356             2.66242             3.40365             2.99285             3.43100             3.34566             3.26556             2.96992             3.05429             3.04564             3.13562             3.01289             2.72744             2.87741             3.47189             3.02606             2.82419             3.42726             2.89334             3.09748             3.33073             3.23977             2.74387             2.78581             2.82612             3.33455             3.36238             3.26252             3.07408             2.86161             3.08417             2.98603             2.95153             2.90305             2.77179             3.10129             2.66300             3.16869             2.99102             2.82661             3.27181             2.67489             2.64205             3.30515             2.56610             3.04625             2.82895             2.98802             3.05602             3.00815             2.62398             2.63601             3.02792             3.00167             3.06165             2.94939             2.92430             3.03845             2.92645             2.96537             2.91353             2.91052             2.90312             2.89647             2.99608             2.79940             2.75076             2.97927             3.08774             2.83571             2.86091             2.80305             2.52277             2.52968             2.77113             2.51343             2.53557             2.74050             2.51338             2.55099             2.83841             2.53371             2.54771             3.01017             2.93069             3.03659             2.92185             2.63173             2.82552             2.97350             3.06450             2.90342             2.85736             2.55592             2.78555             2.53873             2.81086             2.52632             3.00597             2.54348             2.60729             2.76733             2.96546             2.54350             2.58187             2.74155             2.52767             2.60462             2.52111             3.01741             2.60972             2.70997             2.61960             2.52562             2.58407             2.53934             2.59561             2.51018             2.52765             2.54033             2.53138             2.52372             2.52432             2.52923             2.51663             2.54660             2.52367             2.53309             2.53836             2.56026             2.52259             2.69056             2.57298             2.65180             2.71895             2.69532             2.76063             2.77190             2.78514             2.87008             2.79080             2.90012             3.25524             2.89291             2.95133             3.11924             2.53905             2.55177             3.05984             3.08967             3.11844             3.04375             3.07084             3.12317             3.20561             2.98486             2.99054             3.03594             2.97182             2.82808             2.89156             3.06996             2.80513             3.03499             2.96422             3.15262             2.97254             3.08411             3.23704             2.86170             2.97051             2.87743             2.86905             3.15560             2.97765             3.26313             2.65109             3.21660             3.31486             3.14040             2.91990             2.99231             2.87444             3.41699             2.47450             3.03914             3.12881             3.09668             3.00362             3.38526             3.13279             2.84874             3.00697             2.99410             2.98912             3.01250             2.93354             2.96932             2.98597             3.02295             2.74435             3.22186             2.84925             2.65339             2.86055             2.83721             2.52086             2.99091             2.69860             3.21466             3.07570             2.93397             2.81878             3.35340             3.21485             3.17829             2.78440             2.76644             3.13023             2.69373             2.84924             3.02920             3.25638             2.99639             2.70930             2.99765             2.96377             3.30919             3.09867             3.13765             2.96571             2.80581             2.56672             2.57632             2.59140             2.77636             2.80847             3.09138             2.99138             3.15700             2.91329             2.89020             2.61368             2.87286             2.83181             3.14468             3.18759             3.38252             3.30601             3.12513             3.08112             3.07563             3.28488             3.24511             3.19090             3.12225             3.12949             3.32224             3.30936             3.13926             3.35105             3.05323             3.08625             2.99016             3.02728             2.85617             3.05900             2.85076             3.16393             3.17419             2.95592             3.01171             3.09482             3.00913             2.81205             3.05929             3.03386             2.61834             2.97303             2.89456             3.13884             3.11036             2.68299             3.01342             2.86353             2.67784             2.85655             2.96510             2.86257             3.17505             3.15362             2.84300             2.90326             2.97518             2.67737             2.68213             2.86339             3.08361             2.86987             3.10569             3.14929             3.18565             2.97055             2.92006             2.91469             3.26307             2.89061             2.91359             2.53525             3.31312             3.39376             3.06792             2.35989             2.59186             2.58706             2.84376             2.86720             2.85242             3.09038             2.53066             2.39540             3.09642             3.14335             2.62740             3.08121             2.85442             2.52327             3.21324             3.01823             3.18301             3.17200             2.64423             2.68991             3.24153             3.26389             2.88915             2.56680             3.10098             3.29237             2.87092             2.71452             2.76818             2.85769             2.59909             2.58003             3.06188             3.07328             3.01791             2.86203             2.73478             3.25972             2.84000             2.82399             2.84024             2.84832             2.48799             2.63822             2.88495             2.56865             2.98122             2.86820             2.90550             2.85849             3.19684             2.91468             3.22944             3.16069             2.86014             2.85556             2.61199             2.77898             3.07242             2.57674             2.58269             2.83886             3.11207             3.19967             2.76929             3.11857             2.66642             3.35070             3.15333             3.00796             3.22030             2.65470             2.91401             2.78728             3.04570             2.96872             3.43838             2.60270             3.02933             2.95425             3.45289             3.10415             2.92903             2.53579             3.29083             3.09888             2.78646             2.64612             2.98701             3.31138             3.12961             3.28728             3.23975             3.17849             3.13563             3.33480             3.15216             3.37610             2.68603             3.29957             3.26134             3.21067             3.13166             3.14156             3.34234             3.35726             3.32531             3.15292             3.11468             3.20248             3.08574             2.97670             2.97874             3.04340             3.00012             3.15936             3.15265             2.80875             3.02166             2.74721             3.06057             3.13887             3.18230             3.21060             3.11349             2.79820             3.39994             2.89774             3.10873             3.12357             3.16496             3.16192             2.95017             3.19759             3.05636             3.11033             2.94063             3.11595             2.89824             3.22466             3.10732             3.27553             2.90857             3.20592             3.18739             3.05843             2.65922             2.95031             2.66657             3.06433             2.89549             2.90365             3.22380             2.67368             3.02698             3.03019             3.20736             3.41113             2.95571             3.11718             2.63596             2.77354             2.83773             3.20815             3.19652             3.07491             3.10886             2.66264             2.84040             3.03826             3.46484             3.04349             3.00193             3.45057             2.61772             3.18892             3.04522             2.66934             2.90090             2.76781             3.08293             2.96938             3.25163             3.11227             2.80235             3.08659             3.11983             2.96184             2.60188             2.83499             3.15523             2.58986             2.99460             3.44643             2.88246             3.45720             2.99737             3.32057             3.13646             3.17095             2.86303             3.17251             3.17590             3.28265             3.09298             2.92231             3.02047             3.42730             2.70074             2.80953             3.11086             3.02108             3.20331             3.09415             3.13210             2.55964             3.09906             3.15068             2.77687             3.16979             3.04291             3.41195             3.16865             2.84458             3.08506             2.49457             3.26296             2.58991             2.88278             3.23047             3.01027             3.03029             3.20069             3.13327             2.82967             2.88356             3.10969             3.16246             2.91016             3.03812             2.84365             2.88279             2.79470             2.91644             2.86580             3.03460             3.30110             3.22353             3.34866             2.85264             3.28410             3.02787             3.15805             3.20222             3.23898             3.06597             2.75544             2.85283             2.90571             2.73757             3.09030             3.07350             2.97905             2.95676             2.71421             2.90732             3.14139             3.05129             2.90895             3.01675             3.05388             2.97179             2.90380             3.23561             3.00111             2.78956             2.88587             2.88948             2.97230             2.64911             2.86310             2.92729             3.14681             2.83110             2.67625             2.64696             3.30896             3.07682             2.85315             3.09310             2.56910             2.61371             3.10700             3.24259             3.22183             2.60318             2.59611             3.09331             2.96795             2.86173             3.15209             3.11487             3.41700             2.59030             3.06921             2.80244             2.56595             3.10286             3.38763             2.95609             2.82105             2.89994             3.09738             2.90572             2.85820             2.96263             3.22974             3.10267             3.15080             3.06192             2.87259             3.37473             3.08503             2.86540             2.91825             2.79538             2.82514             3.05465             3.10614             3.19978             2.64891             3.11206             2.71613             2.95216             3.27553             3.39375             3.12179             3.17464             2.67687             3.44213             2.56917             2.91606             2.56698             2.57609             2.99637             3.08539             3.13207             2.57623             2.86306             3.42400             3.02849             2.91861             2.59481             3.10434             2.60423             2.79611             2.98054             2.80286             2.85501             3.09686             2.89875             2.64665             2.80137             3.13546             3.01212             2.90557             2.96126             3.26245             2.96574             3.13103             2.59510             2.87879             2.83476             3.10713             2.96922             3.02419             2.85503             2.94588             2.92760             2.84707             3.26069             3.12129             3.10731             2.96733             3.07506             2.83767             2.85248             2.93882             2.76811             2.92912             2.65084             2.84594             2.47643             3.08912             2.84389             2.94239             2.59666             2.85761             2.77336             2.85742             2.71805             2.59518             2.88445             3.35507             3.22812             2.87946             2.87094             2.93019             3.00784             3.14203             2.88804             2.99484             3.09356             2.53389             2.83738             2.92796             2.85978             3.06198             3.03143             3.09537             2.90779             2.93326             3.03649             3.06369             3.09991             3.28775             3.23512             3.17048             2.90863             3.00492             2.57794             3.17451             2.86067             3.36923             2.93149             3.25412             2.89408             2.93651             2.74048             3.04349             2.82830             2.86040             3.20676             3.11777             3.09704             2.89927             2.61222             2.84884             2.99977             3.20563             2.86437             3.41071             3.23218             3.24209             2.47531             3.27151             2.97493             3.08030             3.25032             2.73977             2.67195             3.07157             2.62993             3.03614             3.26765             2.71803             3.23658             3.24703             2.79228             3.02422             2.79899             3.13612             2.74626             2.58708             2.84612             2.76444             2.90107             2.88930             2.66311             3.25315             3.26608             2.89413             2.78663             3.11578             3.10114             3.37991             3.25855             3.15343             2.85908             3.12457             3.07968             2.52873             3.39925             3.12325             3.09759             3.07553             2.90226             3.09506             3.39112             2.77497             2.85182             2.87373             3.27111             3.30796             3.16508             3.35455             3.09537             2.84078             3.38503             3.41890
SCALARS Sensitivity(log10) double 1
LOOKUP_TABLE default
             0.76182             1.05200             1.06661             1.47285            -0.08483             0.80304             1.27924             0.20914             0.45719             1.47580             0.71055             1.46830             1.28495             1.56123             1.49921             1.24019             0.98018             1.58939             1.61369             1.00603             0.08051             0.74721             1.61740             1.37949             0.98021             1.17107             0.90412             0.75958             1.28010             1.32635             0.80363             0.85071             1.11217             1.49800             0.59554             1.08568             1.65982             1.32558             1.26994             1.03067             0.25519             1.05707             1.25175             0.82069             1.35427             0.52591             1.33176             0.92437             0.81586             0.50781             1.41861             0.24842             1.04516             1.47649             0.47704             1.30236             1.16624             1.63631             0.53756             1.33563             1.44540             1.37509             1.29231             0.52016            -0.32457             1.40881            -0.03631             1.46710             0.38262             1.21665            -0.13755             0.75808             1.37147             0.86224             1.23898             1.02895             0.91133             1.39276             1.01420            -0.33639             0.81211             1.36453             1.42747             0.59452             1.01626             1.10269             1.35327             1.42748             1.64960             1.61404            -0.28938             1.56613             1.57366             0.68965             0.97838             1.11254             1.30269             0.90571             1.09954            -1.32873             0.05155             1.23570             1.21801             1.59356             1.60678             1.42966             0.47645             0.85308             1.20954             1.35323             0.52195             0.71380             1.92951             1.17507             0.10541             0.63075             0.99164             0.31960             1.29471             0.82190             1.09829             1.11926             1.16613             1.23574             0.98774             0.03302             1.31255             0.68787             0.69940            -0.99511             1.28300             0.08287             0.57028             0.90407             1.01889             0.47987             1.20676             1.57321             0.41545             1.22039             1.03324             1.12923             0.46842             1.44856             0.07004             0.52285             0.98045             1.42301             0.60847             1.18689             0.75496             1.39731             1.28984             1.31574             1.72702             1.03433             0.78444             1.26293             1.11338             1.59124            -0.61513             1.51846             1.43726             0.78019             1.28045             1.24833             1.20066             0.61698             0.94667             0.72059             1.59671             1.47607             1.39158             0.39819             1.12554             1.23281             1.21322             1.64408             1.18587             1.26305             1.33673             1.10403             0.60316             0.55914             0.79404             0.99060             1.26075             1.25723             0.70359             1.44368             1.65575             0.67264             1.55928             1.37394             1.25321             1.71129             1.41179             1.11794             1.54381             1.02204             0.75734             0.75825             1.09930             1.08824             1.16806             0.70570             1.21387             0.16192             0.85262             1.44510             1.57668             0.88582             0.81147             1.22871             1.12303             0.97248             0.18249             1.15337             1.54915             1.13941             1.38196             1.32992             0.95331             1.32368             1.47201             1.08361             0.64569            -1.00095             1.06956             1.22400             1.31936             0.73245             1.38732             0.78150             0.65236             0.94514             0.51389             0.67552             1.31045             1.24171             1.41021             1.14396             0.94656             0.57711             0.78206             0.98683             0.76634             0.84592             1.50276             0.96636             1.45689             1.27792             1.21904             0.73364             1.12883             0.64103             1.03376             0.71011             1.21798            -0.03688             0.76238             0.99821             0.92778             0.67480             0.89724             1.06447             1.16403             1.56837             1.36704             0.67410             0.95366             1.26556             1.38627             1.29962             1.10152             1.02236             1.11322             1.08468             1.08547             0.74988             1.07877             1.07714             1.60844             0.81798             1.03111             1.36729             1.14864             1.36692             1.12274             1.10245             1.08166             1.04877             1.19473             0.09489             1.39252             0.77493             0.02494            -0.66947             1.47977             1.33548             1.13329             0.22923             1.53469             0.76456             1.19090             1.30845             1.56655             0.97685             1.16588             1.22792             1.06919             1.04272            -0.71400             0.72717             1.03665            -0.18244             0.68633             0.92417             1.35464             0.95089             0.34540             0.71641             0.93031             1.33689             0.92997             1.18496             0.85358             1.40588             0.67055             0.78637             0.96560             0.87069             0.99604             0.67395             0.63355             0.42016             1.17781             1.25274             0.65282             0.88201             1.48064             1.09947             0.76482             1.53455             0.50274             1.32126             0.85798             0.98634             0.86762             1.18589             0.79940             1.15791             1.01292             0.94187             0.79115             1.00720             0.06137             1.18372             0.71097             0.74680             0.76645             1.03964             0.81488             0.57317             0.23289             0.75998             1.07429             1.19819             0.48589             0.68977             0.67011             1.04898            -0.19739             0.10915             0.96729             1.14254             0.80130             0.16824             1.19743            -1.20795             1.49389             1.01750             1.07377             1.27935             0.61412             1.19754             1.14686             0.95057             1.43905             1.07272             0.56433             1.21928             1.03782             0.89568             0.95120             0.71486             1.17109             1.39563             0.77038             1.33407             0.95459             1.05156             1.40552             1.22729             0.98121             0.95863             0.60475             0.58664             1.30698             0.86118             1.19631             1.22713             1.36294             0.26666             1.10963             0.12617             1.39111             0.77493             0.59686             0.98910             1.43368             0.65899             1.08767             0.86759             0.12924             1.05001             0.93051             1.04925             1.23624             1.20699             1.14877             1.17307             0.94923             1.20112             1.32714             1.27943             1.11659             0.90188             1.07182             0.85610             1.07595             0.77048             1.01366             1.10074             1.40271             1.13824            -0.28596             0.28916             1.12584             1.28825            -1.56828             1.13101             1.26190             1.10447             1.09039             0.68385             0.75764             1.15201             1.17592             1.20466             0.95286             0.99263             0.79037             1.07061             1.16750             1.14213             1.07405             1.00131             0.88393             0.88019             0.97378             1.12880             1.01484             1.11536             1.04021             0.25821             0.98773             1.01771             1.46920             0.76213             0.85330             0.92522             0.97234             0.94920             1.11790             1.05322             0.99956             0.86675             1.08676             1.29832             1.13912             0.78952             0.98924             0.70176             1.03365             1.09705             0.89656             0.73469             0.42408             1.34197             1.22661             1.32126             0.61183             1.04777             1.31194             0.98176             1.19034             1.16612             1.07096             1.13694             1.01118             1.03887             0.86691             0.81574             0.94331             0.64977             0.91910             1.35556             1.40147             0.77018             0.85684             0.87692             1.00669             0.42265             0.88508             1.02737             1.14881             0.68609             0.82279             0.89143             1.18885             1.30530             1.27402             1.50784             1.28198             1.00274             0.89798             0.86801             1.12456             1.11110             0.94189             0.93783             1.15762             1.15906             1.04179             0.25408             0.85543             0.26148             0.86369             0.94814             1.01115             1.28503             1.41119             1.19215             0.18104             1.20443             0.07206             0.84126             1.04064             1.15999             1.02773             0.93553             1.20157             0.95305             1.32254             1.38474             1.31016             1.03580             1.66419             0.83945             0.89331             0.01655             0.84593             0.99036             0.50561             1.09542             0.15136             1.36801             0.91407             0.60941             1.32690             1.03622             1.11935             1.16886             1.14683             1.41215             1.25484             1.04656             0.97840             1.01993             1.15806             1.34263             1.11595             1.42059             1.14973             1.31809             1.13387             1.21137             1.14342             0.93760             1.17864             1.11497             1.21000             1.02371             0.65427             1.10181            -0.07108             0.41546             1.02877             1.16282             1.21617             1.39779             1.13931             0.48681             1.11593             1.04566             0.71620             0.62927             1.09605             1.13378             0.65165             1.10844             0.97839             1.48403             1.20796             0.89190             1.02178             0.92835             2.25111             0.14896             0.84376             0.94438             0.97028             0.93549             0.51662             1.00547             1.00801             1.02256             1.17570             1.25815             1.19156             0.44592             1.20243             0.90918             1.23444             0.97949             0.88396             0.49320             1.23786             0.78900             0.91521             1.18839             1.41243             1.02126             1.03166             1.02904             1.09227             0.84563            -0.83983             1.13347            -0.45519             1.16023             0.87396             0.98533             0.84403             1.10328             1.27743             1.46768             1.43468             0.87139             1.13538             0.19472            -0.27698            -0.06188             1.11147             0.79890             0.60966             0.79940             0.62081             0.71012             0.79173             1.02536             1.32444             1.09757             1.04705             1.16512             0.51840             0.50302             0.56396             0.50492             1.02054             1.19093             1.09179             1.30462             1.36434             1.06753             0.88498             1.02669             1.37620             1.29843             0.78753             0.75182             1.58910             1.24246             1.16499             0.80122             0.87777             1.00507             1.34871             1.29874             1.09910             1.28242             0.77734             1.17658             1.27227             1.25191            -0.06933             1.12496             1.17495             1.02979             0.54740             1.10567             1.11535             0.00740             1.22941             0.75888             0.62883             0.16647             0.67887             0.95626             0.98006             1.32420             0.96502             1.02470             0.91718             0.53130             0.54311             0.79844             0.89252             1.11789             0.86840             1.41078             1.16075             1.21228             1.14561             1.44834             0.99060            -0.20530             1.31209             1.02488             1.07081             1.00943             0.91577             1.38976             0.97254             0.96779             0.61137            -1.10911             0.06783             0.26022            -0.22320             0.09646            -0.30673             0.03508            -1.43810             0.08892             0.27962             0.16675             0.52597             1.34139             0.21414             0.94308             0.80655            -0.12083             0.94497             0.10291             1.08304            -0.32766             1.16334             0.96026             0.24081             1.61052             0.81022             0.10831             0.81609             0.98423            -1.42169             1.06846             0.72699             1.30951             0.04700             1.31402             0.48463             1.09428             0.55506             1.05473             0.78299             0.88112             0.18417            -0.35800             0.80329             0.64377             0.86540             1.22127             0.88764             1.38704             1.35466             0.49692             0.24311             0.55579             0.75690             0.85790             0.92164             0.91544             0.75297            -0.63270             1.01766             0.78023             0.51270             0.99341             0.84982             0.25452             1.38112             0.73522             0.40992             1.30194             0.44853             0.87719             1.19361             0.57506             0.42325             0.83817             1.16189             0.92539             0.78360             0.99153             1.43946             0.97402             0.77226             0.18918             1.02076             0.65458             1.04083             1.25019             0.08916            -0.58142             0.67720             1.17712             1.23064             1.12689             0.73646             0.28045             1.09223             1.34833            -1.11065            -0.52572            -0.06018             0.67265             0.67335             0.79619             1.12469             1.17162             0.86022             1.26200             0.45577             1.26748             0.81840             0.26188             0.87739             1.24197             0.08012             0.54758             0.53556             1.30591             0.39231             1.20090             0.77029             0.82471             1.05586             0.58029             1.68928             0.80156             0.94887             0.97093             0.85831             1.01312             1.03145             0.91413             0.89483             1.04524             1.16130             1.00090             1.17858             1.25495             1.07919             1.04070             1.13473             1.09831             1.02130             0.94892             0.91892             1.27549             0.27100             1.26854             0.78159             0.74483             0.30765             0.82825             1.35223            -0.45887             0.47648             1.31607            -1.08401             0.94218             0.74771             1.10278             0.95846             0.82345             0.76361             0.84136             0.92218             0.74497             0.59708             0.58144             0.99029             1.24529            -0.07220             0.97386            -0.00757             0.72509             0.37145             1.14787             0.74175             0.98230             0.69025             0.54841             0.78206             1.49760             1.02209             0.72699             1.03501             1.35507             1.07743             1.16279             0.83822             1.12020             0.89096             0.98016             1.00502             0.99266             0.95834             1.03996             0.99346             0.92501             0.98785             0.91256             0.61183             0.94151             0.87876             1.63670             0.79781             0.58845             0.50995             0.85564             1.32800             1.23286             0.60285             1.18892             0.42499            -0.31733             1.32350             1.43857             0.80312             0.66066             0.79462             0.91233             0.82230             0.79257             0.72568             0.96557            -0.00822             0.66293             0.56095             0.12522             0.79396            -0.38593            -0.06971            -1.03930             1.28095            -0.17639             0.33768             0.80042             0.27501             0.05442             0.77018             0.88972             1.16413             0.88807             0.88123             0.86419             0.58250             0.84274             1.00235             0.92929             0.91297             0.80420             0.52641             0.37411             0.84854             0.48763             0.73136             0.93430             0.49287             1.39838             0.91869             0.75005             0.79441             0.83762             0.76429             0.75631             0.64182             1.03262             0.95953             1.12866             0.14454            -0.93465             0.46550             0.85981             1.19192             1.24487            -0.58368            -0.51948             1.06306             1.32527             0.88691             0.93326             0.36116             1.55668             1.03285             1.62245             1.02551             1.76058             1.42774             0.31481             0.84250             0.83066            -0.24597             0.78842             0.99964             0.88583             0.61403             0.89351             1.28872            -0.14260             0.70172             0.22618             0.92655             0.93395             0.62381             0.86771             0.99225             0.77143             0.45198            -0.09133             0.86403             0.65120             0.12216             0.77897             1.13795             0.30574             0.72044             0.87018             1.49525             0.59118             1.37260             0.46717             0.93665             1.18925             0.54863             1.01622             1.35082            -0.05031             0.89646             0.90723             0.87875             0.08293             1.48042            -1.00605             0.02891             0.75104             0.45696             0.54075             0.26556             0.43929             0.93386             0.72722             0.46391             0.99253             0.41455             1.16152             0.87962             1.11813             0.72990             0.71645             0.59149            -1.51262             1.48895             0.52783             0.71821             1.41139             1.09720             0.63927             0.81013             0.98817             0.67910             0.28410             0.50649             0.56396             0.88837             0.72303             0.36290            -1.48674             0.96263             0.38422             0.74341             0.90310             1.02094             0.53006             0.50062             0.79472             0.61765             0.76887            -0.01524             0.82876             0.82499             0.82122            -0.29352            -0.14407             1.15591             0.75795             0.41728             0.91846             0.41894             0.35217             0.47651             1.15105             0.66059             0.69207             0.93005             1.00031             1.17207             1.35963             0.98842             1.05900             1.02206            -0.13650             0.58274             1.13448             0.21655             0.90838             0.38557             0.46495             0.50958             1.41039             0.86467             1.14490             1.22603             1.28434             1.20769             0.64726             0.56201             0.59425            -0.74388             0.79680             0.33275             0.83088             0.45314             0.65222             1.37028             0.61359             1.51682             0.42156             0.11191             0.00856            -0.66880             0.78233             0.96080             1.20380             0.40766             0.88563             0.53897             0.98860             0.81267             0.19280             0.68923             0.95671             0.63037             0.79335             0.66838             0.70020             0.88991             0.74420             0.84219             0.77545             0.80254             0.95225             0.87256             0.89268             1.04632             0.92154             0.92103             0.92619             0.86983             0.84586             0.60398            -1.80873             0.78311             0.86825             0.62745             0.49426             0.82776             0.60858             0.59301             0.86750             1.35759             0.70491             0.55049             0.89874             0.66012             1.08462             1.11879             0.92700             0.87293             0.84455             0.97655             0.93461             0.70909             0.62963             0.06883             0.08466             0.65246            -0.27645             0.47682             1.23287             0.75284             0.79913            -1.82268             1.45966             0.21024             0.77666             0.55049             0.60731             0.78030             0.42634             0.75802             0.75141             0.86903             0.73643             0.78782             0.37950             0.71425             0.80747             0.67600             0.78787             0.67019             1.00779            -1.04007             0.72179             0.56896             1.19508             1.08156             0.96035             0.87504             0.95194             0.73322             0.74491             0.86208             0.87520             0.76287             1.22612            -1.49246             1.67735             0.89027             0.95617             0.25990             0.71969             0.62913             0.75231             0.70277             0.96659             0.68748             0.67998             0.68308             0.66088             1.30113             0.62359             0.80073             0.91186             1.45674             1.09820             0.28886            -1.80694             0.81077             0.36694             1.09429             0.46520             0.39511             0.73693             0.87017             0.94963             0.76040             0.75940             0.92389             1.31033             1.07262             0.81002             0.53629             1.53895             1.06163             1.13365             0.73046             0.53690             0.87137             0.61859             1.05381             0.52155             0.95267             0.68913            -0.21341             0.31004             0.99978             0.83809             1.09359             1.33398             0.83069             0.91776             1.12708             1.28634             0.27745             0.70165             0.27266             0.70835            -0.89710             0.38897             0.82058             0.77557             0.71302             0.71090             1.32845             1.10750             0.00161             1.06953             0.42395             0.65715             0.81281             0.99741             0.95493             0.67022             0.96497             0.91274            -0.02996             1.01681             0.10033             0.88044             0.94426             0.92027             0.65380             2.03031             2.19098             2.07946             2.11329             2.09181             1.88695             2.04347             2.02180             2.08545             2.00552             1.95796             2.08298             1.91120             2.08827             1.85336             1.97374             2.08921             2.04444             2.05002             2.13232             2.19891             2.03647             2.08610             2.05434             2.16503             2.08647             2.17345             1.94952             2.14749             1.95771             2.17973             2.08245             2.25047             1.87035             2.11612             2.11284             2.15456             2.10081             2.15437             2.14018             1.96680             2.20650             2.14013             2.14773             2.25381             2.17121             2.20576             2.17364             2.23572             2.10711             2.19436             2.16833             2.11995             2.09617             1.96739             2.00407             2.30655             2.18881             2.19604             2.17350             2.19591             2.07750             2.25061             2.11417             2.14094             1.98353             2.09435             2.18426             2.21364             2.19751             2.13158             2.14526             2.14234             2.17542             2.19482             2.13117             2.17992             2.14546             2.26412             1.97524             2.21405             2.17131             2.18446             2.19215             2.18212             2.05922             2.10666             2.10346             2.12844             2.08969             2.11535             2.08031             2.17891             2.09569             2.28602             2.27656             2.13173             2.14360             2.10525             2.09485             2.12412             2.20391             2.02915             2.18676             2.22176             2.21104             2.16165             2.09339             2.18479             2.15729             2.14439             2.22300             2.17990             2.16153             2.11590             2.05351             2.14602             0.89329             2.21498             2.11532             2.14167             2.13629             0.94292             2.15206             2.12511             2.16112             2.23054             0.77118             0.49098             2.21782             2.14861             2.11383             0.49829             2.00718             0.81265             2.05083             0.62828             2.09284             2.14873             0.88421             1.06827             0.91959             1.98308             2.02390             1.30047             0.49762             0.25736             0.53613             0.81535             0.48170             1.56919             0.94848             1.03872             0.73874             2.17799             0.84721             0.94227             0.74780             0.89471             0.06432             0.66715             0.57667             2.11418             0.88211             0.19651             0.45030             2.11899             1.39829             0.69198             0.72490             0.62521             1.27857            -0.59559             0.63593             0.10756             1.02641             1.02041             1.32071            -0.22610             0.59883             1.01378             0.54656            -0.49914             0.12750             0.31866             0.62387             0.78424             0.23499             1.05532             1.14474             0.41689             0.75166             0.59783             0.05231             0.68683            -0.93262             1.05040             0.27048            -0.44201             1.94807             0.86354             2.04711             0.57507             0.57531             0.62953             1.31685            -0.57660             0.93310            -0.40045            -1.15611             1.13047             1.18657             0.49230             0.24145            -0.27374             1.14282             1.05140             0.82497             1.22321             2.07729             0.80389             0.08226             1.25594             0.77081             0.88752            -0.99189             1.11476             0.55429             0.88268             1.12601             0.72828             0.98816             1.35302             0.29392             0.70454             0.86255             0.61845             0.98370             0.70836             0.43669             0.76609             1.20969            -0.33594            -0.20277             0.65612             0.84377             0.04939             0.00110             0.59933             0.92799             0.74873            -0.07545             0.66476             0.11594             0.95248             2.11671             0.59359             2.07845             0.56156             0.28369            -0.46993             0.03928             0.64278             2.10679             1.72438             0.64390             1.11059             0.73177             0.83263             0.70108             1.18749            -0.91710             1.23798             0.73206             0.53628             0.99915             0.50691             0.57376             0.16966             0.59913            -0.38963             0.77136             1.06458             2.10306            -0.12617            -0.22474             0.66463             0.45245             2.06353             0.52575             0.73589             0.85879             0.77256             0.74241             0.77483             0.74015             0.63772             0.87831             0.81155             0.72692             0.87336             0.86385             0.61080             0.50768             0.61093             0.72110             0.11769             1.27086             0.57519             0.73505             0.56971             0.31415             0.18649             0.69068             0.67398             1.07444             0.64132             0.70819             0.66591             0.61430             0.60380             0.60636             0.13484             0.75763             0.28489             2.10270             0.18010             1.07511             0.80674             0.60604             1.20745             0.65888             0.57041             0.67875             0.74481             1.44687             0.41844             0.67806             0.67026             0.73151             0.88000             0.58484             0.59463             0.62816             0.28982             1.12958             0.57152             0.55995             0.39719            -0.18419             1.08780             1.18265             0.80170             0.06547             0.63502             0.60534             0.94924             0.74409             0.44060             0.41678             0.54606             0.70172             1.27510             1.15199             1.25554             0.36146             0.84848             1.25272             1.50176             0.78428             1.09836             0.30216             0.82524             0.67923             0.06677            -0.16649             1.31744             0.46260             0.78684             0.91981             1.44566             0.51686             0.02859             0.79945             1.16365             0.52556             0.29611             0.50486             0.20260             0.40973             0.56547             0.41584             0.73989             1.06306             0.08876             0.86518             1.32336             0.67865             2.07440             1.40555             1.28252             1.42514             1.42611             1.71575             1.50064             1.45138             1.22939             1.34606             1.27643             1.24431             1.52845             1.41458             1.34112             1.53615             1.38220             1.61358             1.48109             1.57086             1.35643             1.42636             1.35090             1.31985             1.43486             1.46241             1.46717             1.49803             1.63197             1.48346             1.49100             1.47339             1.59599             1.46639             1.68907             1.60755             1.48933             1.35854             1.63911             1.44446             1.51326             1.60996             1.27118             1.56370             1.46663             1.42216             1.32459             1.49854             1.32821             1.42408             1.46057             1.54374             1.52649             1.49006             1.53058             1.46218             1.59479             1.36854             1.53206             1.47765             1.43303             1.44037             1.51815             1.47009             1.66040             1.40977             1.56085             1.47932             1.39545             1.49474             1.36438             1.42888             1.46150             1.49343             1.48943             1.50667             1.48706             1.51113             1.52866             1.51536             1.49600             1.43194             1.55466             1.51635             1.48586             1.55304             1.58129             1.55140             1.54840             1.43559             1.46722             1.39443             1.47603             1.49417             1.47223             1.47749             0.50240             1.53994             1.51704             1.43686             1.40512             1.47298             0.93558             1.38379             1.51572             1.33760             1.23739             1.38256             0.67148             0.15988             1.41598             1.35524             1.44991             1.14345             1.39413             1.25209             1.43742             1.45115             0.43151             0.35553             1.35037             1.26236             0.42870             0.93681            -0.36737             1.12739             1.31133             0.50603             1.38127             0.68386             1.61699             0.49275             0.72803             0.32068             0.47642            -0.33082             1.29467             0.76095            -0.37102             1.97153             0.80598             0.63571             1.19952             0.85317             0.96190             1.42978             1.04923             1.24025             1.30767             0.98185             1.21001             0.47815             1.31177             1.02383             1.27736             0.63534             1.61642             1.29913             1.43913             1.43227             1.44178             0.59004             0.23515             0.32328             0.84122             1.34267             1.29855             0.67554             0.57382             0.70221             1.40801             1.48511             1.21257             1.44907             1.21675             1.08156             0.87354             1.43453             1.09228            -0.10845             1.34984             0.73262             0.84875             0.60400             1.35944             1.40954             1.49733             1.53958             1.47534             1.47114             1.36746             1.08664             1.39352             1.00314             1.05418             1.04073            -0.14712             1.08357             1.47588             1.52260             0.26618             0.59655             0.79652             0.87691             1.33983             1.47184             0.59634             0.63135             0.92006             0.87103             0.70019             0.41391             0.50781             0.92621             0.41136             0.87274             0.67444             1.36509             1.26867             0.64889             1.42905             2.03892             0.41740             0.37767             1.52361             0.64991             0.49837             0.75350             2.04395            -0.01257             1.35553             0.25863             0.02286             1.88048             0.73756             0.93012             1.99346             1.25921             1.46901             1.42525            -0.58025             1.92190             0.40243             0.64405             0.38400             1.26479             1.28867             0.06300             1.24994             1.38307            -0.78877             0.75763            -0.50017             0.49600             0.68283             0.60554             1.40284             1.40650             1.92155             0.60830             1.22536             1.44213             1.38968             0.56125             0.44785             0.11960            -0.13076             1.36548             1.05359             1.13506             1.30237             0.89075             0.51525             2.13588            -0.36105             1.33702             0.15783             0.02854             0.72355             1.07890            -0.04537             0.59153             1.38555             0.69064             0.62650             1.28471             1.34163             0.60966             0.40279             1.33137             1.39950             1.12979             0.68438             1.97647             0.99545             1.32254             0.77429             1.31475             1.21720             1.27089             0.50011             0.61249             0.36450             0.18116             0.35937             1.48115             0.83860             2.05897             0.81113            -0.27323            -0.39466             1.36023             1.21595             1.13187             1.37202             1.22144             1.31540             0.67538             1.29506             0.42966             0.42788             0.94144             1.49360             0.45018             1.35006             0.49602             1.34222             1.35372             1.16560             1.00992             0.56840             1.23707             0.39790             0.28185             0.44470             1.04260             0.52220             0.38084             1.55290             0.27465             0.25522             1.14638            -1.12394             0.55590            -0.02866             0.81685             0.40769             0.55885             0.80355             0.55466             1.44259             0.78706             1.07451             0.19033             0.25375             0.67929             0.68948             0.75900             0.73237             0.51966             0.87983             0.56480             0.46860             0.58681             0.38112             1.36337             0.52633             0.64308             0.80548             0.81791             0.54941             0.27679             0.24758             0.47787             0.79180             0.45769             0.08637             0.49880             0.87574             0.80134             0.66819             0.67916             0.56759             0.38133             0.15444             0.45018             1.19522            -0.23009             0.46674             0.56319             0.50141             0.41276            -0.68598             0.45423             0.31695             0.60118             0.42705             0.62816             0.47974             1.39257             0.49189             0.64601             0.50294             0.19462             0.13658            -0.69933             0.42788             0.57143             0.66099             0.52734             0.59494             0.50557            -0.02345            -0.11542             0.45657            -0.17681             0.57337             0.97815             0.55454             0.39155             1.84114             0.51985             0.53492             0.56874             0.33616             0.56771             0.25895            -0.12598             0.97639             1.37177             0.54892             0.47721             0.50956             0.59092             0.09098             1.05815             0.60126             0.69261             0.56344             0.46370             0.58450             1.45463             0.42836             1.70680            -0.10519             1.38262             1.93160            -0.29827             0.78561             0.66385             0.35963             0.46048             0.54730             0.81061             0.87773             1.18078            -0.69368             0.69390             1.86773             0.57427             0.49026             0.40206             0.51500             1.29402             0.60217             0.76832             0.93299             1.04562             0.22656             0.45848             0.86164             0.65367            -0.51292             0.52919             0.45957             1.48415            -0.18683             0.57552             0.47849             0.42585             0.76361             0.42620             1.19148             0.21988             0.53062             0.76811             0.04797             0.51517             0.27651             0.41486             2.15648             1.68830            -0.17725             0.36918             1.15668             0.46150             0.32458             0.71215             1.38022             0.25751             0.44332             0.92453             1.79676             0.68961             0.35209             1.10089             1.00100             1.09639             1.87017             0.34893             0.66858             1.01280             0.43932             0.73100             0.35807             0.57408             1.83720             0.71202             1.03173             0.12755             0.38686             0.28300             0.40867             1.42673             1.05554             1.79894             1.37294             0.25677             0.71491             0.45416             0.87890             1.14365             1.19788             0.65116             1.23020             1.11137             0.32802             1.06838             1.06470             1.61990             0.21054             0.53156             1.17074             1.29532            -0.13354             1.71645             0.96485            -0.87086             1.22230             0.39347            -0.88728             1.12989             0.07485             0.66170             1.28866             0.08668             1.04445             1.36280             0.19608             1.11912             0.24892             0.33249             1.15963             1.19743             0.33083             1.66757             1.71887             1.17812             0.87551             0.59387             1.04129             0.53243             1.08399             1.30365             0.88049             0.12020             0.92873             1.30984             1.02222            -0.09742             0.76774             0.42887             0.97277             0.29443             1.03548             0.57665             0.89388             1.46311             0.26034             0.01387             0.01689             0.80783             1.50091             1.14762             0.86739             0.49278             1.06261             1.02277             0.99862             1.44348             1.12087             0.82170             0.03794             0.35380             0.41476             1.04849             0.33759             1.37696             1.08073             1.41542            -0.10132             0.95795            -0.13383            -0.04338             1.41180             0.11387             0.40086             0.85865             0.93015             1.07089             0.31397             1.02254             0.04124             0.77286             0.91714             1.31118             0.73068             1.26164             1.16624            -0.49054             0.61729             0.16542             1.49368             0.43174             0.41175             0.19188            -0.19788             1.34583             0.81527             1.04855             1.19528             1.06969             1.10979             0.18260             1.28857             0.98693             0.79259             0.32101             0.64707             0.03401             1.24705             1.25126             1.02023             0.81744             1.05741             1.34385             1.18578            -0.07162             1.02236            -0.35948             0.22411             1.10133             1.33382             1.07213             0.33827             1.06094             0.24295             0.85580             1.13907             1.02937             0.62255             0.39482             0.85254             1.16685             1.23374             1.22564             0.83709             1.26843             1.11987             0.58887            -0.35876             0.69230             1.11824             0.33697             0.97024             1.19020             0.19923             1.33293             1.32887            -0.66917             0.93095             0.95353             0.76336             0.71478             0.20862             1.04020             0.21203             1.29361             0.11358             1.22404             0.45194             0.39070             0.36766             1.26542             0.65193             1.02049            -0.51302             1.26086             0.23656             0.79590             1.23225             1.20604            -0.22515             1.04899            -1.09832             1.33607             0.61735             0.94323             0.17807             0.28200             0.56719            -0.08566             0.05344             1.09368            -0.44010             0.25089             0.80679             0.93427             0.83748            -0.14582             0.95621             0.06984             0.49960             1.05745             0.44376             0.67135             1.05478            -0.51539             0.12481             0.46032             0.99249             0.63431            -0.44431             0.13120             1.14360             1.00799             0.42935             0.88051             0.74949            -0.20423             0.14968             0.25275             0.52900             0.43232             0.92990             0.21503             0.89246            -0.15443            -0.35253             0.13776             0.32199             0.04944             0.67901             0.96834             0.28313            -0.15874             0.74391             0.55279             0.26906             0.16680             0.47354             0.76622             0.19581             0.70066             1.43416             0.46671             0.37272
SCALARS Scaled_Sensitivity(log10) double 1
LOOKUP_TABLE default
             0.27578             0.53649             0.64880             2.33221            -1.68014            -0.31487             2.02680             0.71586            -0.87825             2.24431            -0.82004             2.28058             1.81085             2.34131             1.63871             1.85610             2.30167             2.29603             2.27126            -0.23734            -1.38172            -0.54206             2.47129             1.99459             1.02971             1.81121             1.24172             0.74945             1.94766             1.82097             0.64759             0.46056             1.42023             2.34802             0.66452             1.79476             2.48860             1.77144             2.00836             0.56237            -1.88374             0.68752             1.90839            -0.90975             2.26906             0.35025             1.64586            -0.28309             0.60940            -0.41409             1.59367             1.37461             0.72720             2.40472             0.30819             1.94559             1.86009             2.62530            -0.99256             1.56540             1.62617             2.06768             1.67002            -0.78023            -1.97222             1.32974            -1.74865             1.53126            -1.03646             1.83667            -1.94579            -0.93999             2.27578             0.12459             1.56766             0.88297            -0.51170             2.23050             0.54599            -2.00188             0.73360             1.57057             2.26198            -0.52062             0.55800             1.24287             1.79488             2.30331             2.49670             2.42779            -1.67863             2.53253             2.33545             0.70524            -0.17386             1.82419             1.64916             0.70418             1.76356            -3.47600            -1.87235             2.21522             0.38697             2.27403             2.38184             1.88669            -0.59775            -0.47177             2.34993             2.29536            -0.78516            -0.42811             2.94994             1.91066            -1.90907            -0.53148             0.42735            -1.34176             1.66371             0.56875             0.66412             1.85909             1.68232             1.80949             1.81236            -1.58511             2.10199             0.80964             0.37187            -3.07219             2.13046            -0.92938            -1.39204             0.45527             0.54645            -1.44939             1.98031             2.43484            -1.44064             1.69068             1.71121             1.96402             0.56100             2.24705             0.99047             0.42910             0.71500             2.47913             0.45210             1.24540             1.71005             1.14506             0.98277             1.62821             2.57528             2.07386            -0.54000             1.98967             0.42659             2.25309            -2.16251             2.30331             1.44445             0.40962             1.86686             1.06103             1.78764            -0.60863             0.47018             0.48763             2.57103             1.94865             1.89523            -1.53169             1.20554             2.03366             2.06974             2.68110             1.88621             2.23717             1.41600             0.89922            -0.22126             0.31574             1.13677             1.88945             1.89749             1.72620            -0.24106             2.26045             2.52639             0.46721             2.44229             2.35346             1.33106             2.56318             2.29010             0.44004             2.42933             0.58130             0.59307             0.68686             1.92641             2.17134             2.07911             0.63923             1.95340            -0.54670             1.90976             2.09340             2.43045            -0.18523             0.76682             0.73596             0.47823             0.69697            -1.93193             1.95219             2.05656             1.70216             2.36696             2.18266             0.43015             1.48782             1.66080             1.39056            -0.26812            -2.81383             1.02156             1.98761             2.23855             0.32257             2.23706             0.34738             0.44381             0.95120            -1.37758             0.45503             1.55876             1.40720             1.73980             1.94167             0.78502            -1.04545             0.52355             0.65314             0.58580            -0.26008             2.35054             0.88689             2.45257             1.32501             1.32027             1.02491             2.42894             0.57087             1.08481             0.54734             2.00437            -1.81773             0.64879             0.53558            -0.27003             1.79305             0.17879             1.25416             2.25516             2.07057             1.64733             0.26453             0.99284             1.79553             1.01744             2.13228             1.21002             0.87400             2.16260             1.49033             1.08378            -0.50260             1.51383             1.74574             2.45881             0.31926             0.80822             2.09105             2.02332             2.20560             1.61618             2.14551             0.53024             1.85524             0.81046            -1.97649             1.67789             0.12224            -2.02116            -2.84650             2.51310             2.21276             1.55648            -1.04814             2.22044             0.68751             1.77444             1.90943             2.59785             1.53333             2.27023             2.06964             1.62243             1.73196            -2.45037            -0.94365             1.45637            -0.90255             0.23700             0.37280             1.56451             0.85561            -1.03028            -0.96233             0.89686             1.98314            -0.37737             1.21033             0.78044             1.80333             0.55744             0.47054             0.61472             0.48515             0.42494            -0.59457             0.64838            -1.01315             2.04481             1.95686            -0.47916             0.49873             2.19231             1.60543             0.18118             2.12652            -0.52950             2.09326             0.76363             1.76808             0.25487             1.53376             1.06617             1.12893             1.24398             1.37671             0.37494             1.51330            -1.83358             1.33096             0.85015             0.78695            -0.51725             1.82891             0.36428            -0.99773            -1.53618             0.80318             1.27376             1.73833             0.35210             0.57184            -1.33788             2.20414            -1.76976            -1.95498             1.52865             1.45644             1.79999             0.27835             1.19523            -3.17177             2.32398             1.10537             1.12624             1.44684            -0.97046             1.50706             2.20484             0.74713             1.75287             0.51546            -0.61657             1.47416             1.20442             0.63875             1.21512            -0.03853             1.57751             2.07231             0.36479             1.78337             0.26692             0.39883             1.51684             1.56539             1.00828             0.62687             0.42057            -0.11954             2.18207             0.63116             2.15390             1.97802             1.77732             0.89221             1.99595             0.06607             1.49213            -0.56403            -0.31944             0.47268             1.86272            -0.54900             0.28642             0.80166            -1.04978             0.96555             0.12444             0.41441             1.25264             2.14342             2.02391             1.65420             1.07353             1.76329             1.65040             1.90060             1.87108             0.35016             1.44921             1.84860             1.49002            -0.88154             1.40464             1.54664             1.63513             1.55444            -1.99686            -1.46117             1.44411             1.56104            -3.49437             1.42785             1.77919             1.51028             0.51294             0.62669             1.36629             1.43432             1.49001             1.57984             1.45818             1.49752             0.27344             0.46799             1.51083             1.33274             1.31437             1.19907             1.11684             0.15774             1.54261             1.27349             1.41299             1.23220             1.39059            -1.35108             0.08026             1.39034             2.04706             0.30989             1.34762             1.41286             1.44951             1.55576             1.58056             1.52361             0.36046             1.36919             0.45968             2.05724             0.36590             0.20777             1.42214             0.08060             0.55533             0.49460             0.39416             0.23757            -1.15045             1.74631             1.80092             1.69478            -0.08170             0.31564             1.43983             1.13800             1.38941             1.35978             1.33443             1.25668             1.22885             1.15967             1.07221             0.20174             0.91233            -0.93404             0.44413             1.59756             1.91163             0.16283             0.16508             1.78229             0.18748             0.79449             0.22472             0.50520             2.14677            -0.70452            -0.15099             0.49747             1.61473             2.33180             1.56755             2.06676             1.96782             1.32456             1.36204             0.63550             1.28311             1.19061             1.12724             1.08678             2.14932             1.47748             0.10157            -1.49896             0.16698             0.93958             0.10119             0.05474             1.34487             1.72916             1.48628             1.59130            -0.69986             1.78909            -1.99768             0.17582             0.52326             1.40254             1.72671             1.31568             1.41418             0.30539             1.54019             1.65279             1.59059             1.15067             2.63595             1.75238             1.07391             0.10274             2.08546             0.14860             0.02198             2.05566            -0.83849             2.70186             1.46459             0.24039             1.86435             1.61414             1.68570             1.71660             1.76047             1.83957             1.76380             1.74212            -0.50078             1.62217             1.67868             2.27952             1.31693             2.06070             1.73887             1.83623             1.69147             1.71215             1.65454             1.11045             2.47665             0.44050             1.65408             0.28441             0.15735             1.89964            -1.44362            -0.78999             1.32791             1.30908             0.48252             2.26744             2.07769             0.52367             2.22651             0.50788             0.24522             0.33487             1.51856             1.31295            -0.59049             1.99810             0.13407             2.48623             1.99195             0.40802             1.20729             0.38617             3.30879            -1.66642             0.19587             1.02086             0.25533             0.19832            -0.91661             1.98680             1.97529             1.64169             2.02313             1.88858             1.93699             0.89686             0.77867             0.91758             1.76498             0.71309             0.42913             0.08534             2.05126             0.79121             1.71306             1.72083             2.23730             0.30275             1.34335             1.26651             1.81955             0.33700            -2.51386             1.28408            -2.29459             2.04907             0.78121             1.02367             0.76804             1.91673             1.95032             2.57452             2.25581             0.06722             2.22736            -1.88474            -2.58869            -2.03388             1.54389             1.44145            -0.96776             0.25042             0.61506             0.04319             0.18905             1.59874             2.46100             1.51838             1.79378             1.69323             0.76488            -1.04086             0.51141             0.51686             0.76058             2.09711             1.36469             1.73800             2.53684             1.23227             0.61596             1.85235             2.04966             1.98630             0.57667             0.21363             2.59073             2.19532             1.90422             0.09173             1.34642             0.99918             1.81131             2.58114             1.30314             1.57373             0.13980             1.37372             1.55293             1.88932            -1.78212             2.13041             2.21527             1.12820            -0.50303             2.02815             2.07450            -1.97453             1.98710             0.15130            -0.53548            -0.76319            -0.31533             1.99593             1.11471             2.26693             1.91486             2.14819             0.96105            -0.33888             0.45978             1.35885             2.02254             1.82546             0.21756             1.98715             2.21693             1.42973             2.01676             2.37280             0.50079            -1.49689             1.84765             1.25532             1.39561             0.71093             0.30024             2.15382             1.51988             0.32545             1.63907            -3.20557            -1.95878            -1.79544            -2.11184            -1.98563            -2.42098            -2.00122            -3.43726            -2.02783            -1.88608            -1.92264            -0.61092             2.15583            -1.47529             0.77628             0.76032            -0.04547             0.47980            -1.32174             1.25587            -2.18887             1.37104             0.33923             0.04857             2.68487             0.05741            -1.73724             1.46801             0.54561            -3.39763             1.38112             1.71964             2.04195            -1.88019             1.91824             0.20917             1.89092             0.20785             2.34771             0.23291             0.88263            -1.49212            -2.11997             0.21602            -0.90126             0.31201             2.01634             1.18213             1.81948             1.92905             0.19815             0.02140             0.26502             1.85836             1.84037             0.60509             1.59555             1.63288            -2.42796             1.10380             0.14281             0.17441             0.71187             0.19100            -1.44741             2.29069            -0.03607             0.86272             1.59969            -1.00718             1.48552             2.22978             0.40302            -0.60655             0.56423             1.21868             0.47153             0.42901             0.48682             2.30207             2.09737             0.27083            -1.86219             0.38305             1.47748             0.90328             2.32629            -1.97824            -2.80955             0.39962             1.92074             2.60654             0.67526             0.40768            -0.98602             1.74402             2.24211            -2.66440            -2.68486            -2.08783             1.67924             0.68935             1.20503             1.32756             2.23182             0.45491             2.14245            -0.55506             2.32359            -0.40000            -1.48545             0.66886             2.17396            -1.51292            -0.99091             0.30993             2.25301            -0.36008             2.19189             0.70693             0.21136             1.31646            -0.18657             2.66582             1.15255             1.22421             1.21242             1.21217             1.27828             1.26365             1.26626             1.29148             1.32432             1.37062             1.40770             1.45121             1.44754             1.41876             1.31867             1.41801             1.37969             1.35449             1.22970             1.16870             2.26383             0.32483             2.21058             1.32343             0.21172            -0.49241             1.18272             2.59290            -2.72413            -1.06411             2.29188            -3.13269             0.24738             0.49870             0.28020             0.26805             0.21155             0.16008             0.09743             0.05818             0.02369            -0.05247            -0.13349             2.03079             2.03157            -1.93747             0.81727            -1.54101             1.20548             0.07106             1.78689             0.22451             1.21280             0.44878            -0.17289             1.17433             2.51711             1.94958             0.18023             1.93407             2.50110             1.81647             2.24958             0.03761             1.77441             1.00272             1.21064             1.93192             1.17697             1.15458             1.14959             1.11247             1.06976             1.03554             0.99347             0.46917             0.96021             0.92856             2.66368             0.90503             0.33275            -0.48281             1.44159             2.06917             2.20639             0.18530             2.22250             0.81329            -2.27406             2.44296             2.12062             0.01646            -0.01997            -0.05124            -0.06216             0.39481            -0.06326            -0.07412             1.19214            -1.85042            -0.84544            -0.92819            -1.29873             0.65846            -2.29086            -1.92533            -3.02179             2.47560            -1.84501             0.37668             0.88801            -1.20270            -1.93230             0.02850             1.13456             1.33090             1.09080             1.04076             1.00655             0.99989             0.95860             1.49942             0.94331             0.91706             0.37642            -0.93134             0.51317             0.70950            -0.25850            -0.64641             1.19799            -0.65374             2.37876             1.12942            -0.01084            -0.05015            -0.07358            -0.12175            -0.16135             0.63534             1.41668             1.67409             1.28747            -1.87881            -2.57417            -1.02118             1.14318             2.46866             2.46200            -2.01367            -2.38607             1.68310             2.25962             0.14321             1.88655            -0.68761             2.59761             1.29160             2.55879             1.92931             2.70597             2.48599            -1.44999             1.01516             0.08584            -1.92901            -0.01168             1.30140            -0.09457            -0.33564             1.15246             2.19247            -1.56293             1.79576             0.22845             1.56146             1.18083             0.64008             1.05537             1.64094             0.96059             0.19220            -1.62048             0.50038             0.40237            -1.32407             1.29142             1.57745            -0.52277            -0.51556             0.23655             2.48791             0.37255             2.24420            -1.02317             1.91068             2.02011             0.44311             1.22498             2.52745            -1.80959             0.17406             2.03876             0.10066            -1.47311             2.67282            -3.23169            -1.69436             0.02041             0.19329            -0.84585            -0.94443            -1.39209             1.64322            -0.41403            -0.88273             1.59795             0.41274             1.33150             1.12222             2.28175             0.09864            -0.52279             0.26288            -3.56903             2.60149            -0.44019            -0.67175             2.02631             1.56027            -0.32453             1.33857             1.84515            -0.03513            -1.16416             0.33039            -0.62599             1.08255            -0.17387            -1.16042            -3.54435             2.09788            -1.37001            -0.23105             0.07950             1.91391             0.42966            -0.82197             0.01288             0.52164             0.04032            -1.35796             1.72594             0.03102             0.68190            -2.01722            -1.57516             1.99884             1.96697             1.01681             0.00833            -0.47729            -0.98874            -0.77530             1.93567             0.36999            -0.12517             0.97813             1.62383             2.02394             2.49911             1.09063             1.82016             2.20567            -1.67311             0.17890             2.02758            -1.21040             0.21489            -1.01253             0.85691             0.28462             2.51554            -0.01881             2.24681             1.95048             2.55891             2.06047             1.49142             0.39637             0.65715            -2.26836             0.43239             0.20352             1.02371             0.35145             0.82429             2.29504             0.50215             2.70967            -0.63484             0.16645            -1.33386            -2.07644             0.02794             1.93008             2.26755            -0.86055             0.84947             0.51242             1.66729             1.09490             0.43994             0.75044             1.98255             0.96260             0.99141             1.01099             1.02839             1.07781             1.07940             1.12222             1.10164             1.14473             1.18303             1.20223             1.23134             1.25685             1.24390             1.22771             1.20899             1.18116             1.14640             0.95016            -3.84812             0.98960             1.30051            -0.65178             0.40816             1.02521             0.94568            -0.81525             1.75520             1.67464            -0.28949            -0.53496             0.25579            -0.43522             0.31617             0.33327             0.29255             0.24886             0.20137             0.16980             0.12052             0.04579            -0.03248            -1.38577            -1.21400            -0.10782            -2.13901            -0.32399             2.27842             1.77333             0.07065            -3.84845             2.21963             0.22358             0.99922             0.39417             0.95331             0.98268             0.38712             0.95815             0.93819             0.92295             0.88492             1.04637            -0.98453             0.84549             0.82059             0.78298             0.76593             0.74483             1.11613            -2.79930             0.73326             0.96907             2.23838             2.14996            -0.55968             0.02128             1.11939            -0.00498            -0.03325            -0.04351            -0.04701            -0.05604             2.25322            -3.57830             2.62151             0.21188             0.76619            -1.43131             0.95759             0.69525             0.61725             0.92447             2.20874             0.87169             0.82553             0.79560             0.75989             2.53758             0.76264             0.74452             1.18430             2.44037             2.24534             0.51536            -3.85558             0.02424            -0.78151             2.20661            -0.23346             0.37574            -0.02547            -0.05014             1.80390            -0.09520            -0.13686             0.30123             2.57320             2.22453             1.13425             0.25779             2.51822             2.28624             2.10684             0.98836             0.70835             0.93467            -0.47879             2.05370             0.80495             1.19504            -0.79664            -1.78866             0.61251             0.16438             0.25635             2.16157             2.17114             0.07682             0.00523             2.04885             2.29212            -0.54500             0.80442             0.71967             0.58365            -2.77679            -0.66146             1.07837             0.99004             0.89147            -0.05460             2.30982             1.82486            -1.44525             2.07607            -0.65860             0.56399             0.60862             0.72780             1.73223             0.73663             1.08730             0.24565            -1.49133             0.19516            -1.40991             0.15413             0.56420             0.17690             0.74830             3.22456             3.32341             3.15915             3.30632             3.23580             3.24808             3.27022             3.30887             3.22931             3.23227             3.04971             3.21474             3.13795             3.19986             2.94952             3.20049             3.21631             3.14666             3.27678             3.24527             3.29236             3.32296             3.34059             3.32350             3.39970             3.41186             3.43900             3.05625             3.23608             3.12181             3.36812             3.30920             3.28111             3.29147             3.36081             3.31967             3.36371             3.33735             3.41295             3.37681             3.35965             3.30721             3.36688             3.37714             3.29454             3.34247             3.33723             3.38868             3.38110             3.33386             3.37418             3.30553             3.34671             3.32292             3.34664             3.43456             3.38730             3.45089             3.45558             3.35620             3.40274             3.35371             3.29695             3.30228             3.31321             3.35331             3.32110             3.31736             3.31694             3.32165             3.37158             3.37202             3.37137             3.35975             3.33719             3.35792             3.33475             3.37221             3.29519             3.37133             3.30352             3.32765             3.29613             3.27542             3.29768             3.29700             3.35833             3.30464             3.35519             3.31382             3.38960             3.32338             3.41184             3.35615             3.39174             3.27963             3.36725             3.36111             3.14285             3.38873             3.33536             3.29765             3.38716             3.28022             3.32765             3.27523             3.38840             3.34864             3.29173             3.38405             3.34034             3.32019             3.30129             3.35832             3.38187             3.28251             3.32003             0.68772             3.32772             3.33078             3.34179             3.36576             0.11434             3.37881             3.42521             3.38787             3.36003             0.36149             0.31856             3.38893             3.37537             3.34216            -0.45406             3.16085             1.08683             3.29475             0.74986             3.33243             3.26315             1.09677             2.24184             1.94840             3.21567             3.25065             2.10711            -0.98473             0.47956            -0.95615             0.11660             0.41910             2.73512             1.73689             1.04199            -0.20294             3.34843             0.01321             1.78714            -0.02437             0.74268            -1.44012            -0.59895             0.53334             3.32314            -0.11840            -0.79756            -0.56618             3.45467             2.58547             0.57190            -0.24275             0.71515             2.14244            -2.07555             0.68299            -1.28273             1.69851             1.57232             2.32571            -1.71064             1.19558             0.09244            -0.75925            -2.60628            -1.26867             0.78485             1.41547            -0.09230            -1.15964             2.10413             2.21975            -0.93617             0.81939             1.01408             0.72246            -0.62895            -2.32542             2.18184            -0.98429            -2.67077             3.17483             0.71539             3.03223             1.21813            -0.35833            -0.29278             2.36366            -2.14679             0.54459            -2.13417            -3.21599             2.22552             1.71159            -0.53022            -1.26933            -2.16976             2.03301             2.03682             1.01380             2.17878             3.33170            -0.03902            -1.38256             2.29566             0.96134             1.20768            -2.85062             2.05410            -0.44995             0.81960             2.29902            -0.31506             0.95041             2.72938            -0.59498             0.85083             1.10211             1.20560             1.32065            -0.61971            -0.95902             0.66886             2.43408            -2.11293            -1.79580             1.00774             0.07279            -1.82772            -1.41871            -0.11381             1.44556            -0.03305            -1.22873            -0.49543            -1.23258             1.96456             3.38491             1.23253             3.35274            -0.22119            -1.00194            -1.81145            -1.19069             0.71646             3.36145             3.06144             0.96576             1.28848            -0.33241            -0.17116             0.00992             2.52843            -2.80898             2.20644             1.65023            -0.71723             0.67915             0.35983             0.61807            -0.93303             0.70160            -2.26348             0.92696             1.68315             3.45775            -1.77035            -1.70257            -0.11961            -0.35422             3.33359             0.60954             0.81868             1.28895             0.87554             1.63744             1.58461             0.81269             0.90505             0.94666             1.01753             0.96996             1.07857             1.07517             1.04234             0.80825             0.72745             0.80561            -1.02654             2.34072            -0.01611            -0.00168            -0.09821            -0.24400             0.38764             0.89027            -0.33571             2.04255            -0.17344             0.83850             0.77392             0.70173             0.63375             0.60877            -1.31689            -0.16671            -0.45272             3.39242            -0.83686             0.94668             0.99884            -0.21614             2.44671            -0.29425            -0.34297             0.06156             0.88788             2.56178            -0.77885            -0.19156            -0.01519             0.80524             1.91025             0.73147             0.65738             0.60661            -0.15739             2.24768            -0.32074            -0.27247            -0.34340            -1.47245             2.13645             2.08598            -0.16361            -1.26813             0.79196            -0.33700             0.79311             1.01831             0.56454            -0.53386            -0.23582            -0.17294             2.06678             2.12787             2.06831            -0.72940             0.73095             2.41609             2.76067             0.91496             2.26072             0.15082             0.86856             0.76501            -0.96899            -1.51317             2.49305             0.63262             0.92341             1.41479             2.61121             1.28372            -1.12556             0.18623             2.24270            -0.67389            -1.03394             1.02096            -1.16860             0.39707            -0.36127            -0.73237             0.61641             2.14954            -1.35960             0.88517             2.45862             0.04410             3.38553             2.61536             2.40084             2.45524             2.58352             2.65803             2.44946             2.59377             2.34950             2.52233             2.51328             2.37295             2.50114             2.64570             2.51310             2.49847             2.53458             2.56556             2.64099             2.68160             2.63636             2.69389             2.59987             2.42581             2.69335             2.77758             2.63333             2.60818             2.75505             2.72782             2.72993             2.63554             2.64532             2.65248             2.75194             2.68402             2.59115             2.58409             2.65324             2.65245             2.66171             2.64744             2.36539             2.56359             2.71637             2.60278             2.57386             2.61177             2.58806             2.71532             2.65039             2.64469             2.64704             2.72047             2.70513             2.68893             2.76298             2.66306             2.66965             2.71820             2.66639             2.65105             2.65660             2.64215             2.71594             2.62022             2.73076             2.63116             2.73905             2.60969             2.67190             2.68088             2.57863             2.58880             2.70405             2.68479             2.61584             2.69600             2.61542             2.74211             2.71616             2.65869             2.64718             2.60488             2.63465             2.72472             2.68884             2.66315             2.72371             2.61299             2.71769             2.63277             2.64888             2.67490             2.71826             2.66303             0.40247             2.75948             2.73954             2.73558             2.63266             2.67731             1.31122             2.64201             2.69110             2.56923             2.42464             2.60599            -0.24132            -0.99061             2.64817             2.57948             2.58090             2.35361             2.58316             2.48047             2.69105             2.68430            -0.28516             0.51363             2.57747             2.44104             0.31486             1.76391            -1.76024             2.32538             2.50611             0.58799             2.53760             0.96172             2.63188             0.51656             0.93024            -0.61856            -0.44183            -1.67349             2.52175             0.89553            -1.71306             3.35248             2.01303             2.04767             2.16068             0.44301             2.18866             2.75969             2.14073             2.16690             2.69235             2.08645             2.40199            -0.28747             2.57314             2.17485             2.09038             1.09668             2.67401             2.41051             2.73463             2.67989             2.68951            -0.23362            -1.08474            -0.49728             2.07867             2.62323             2.46198             0.96230             0.53711             0.97945             2.80524             2.64759             2.00694             2.71647             2.15832             2.35417             1.43555             2.76478             1.94768            -1.10691             2.66425             0.79772             2.07551            -0.12442             2.30946             2.50949             2.49331             2.66047             2.54244             2.52006             2.50930             2.08759             2.35689             1.99053             1.01084             1.75961            -1.72296             2.28066             2.74380             2.63449            -0.64278             0.84349             0.85299             1.08466             2.43525             2.57189             0.93017             1.00084             1.03765             1.05459             1.00348             0.81983             0.84899             1.09056             0.84337             1.48045             0.79222             2.48034             2.61503             2.03627             2.69603             3.41689             0.40617            -0.37718             2.44287            -0.00341            -0.17192             0.00402             3.03130            -1.36310             2.42439            -1.15178            -1.06475             3.25675             0.94029             2.10562             3.39408             2.37921             2.75037             2.55025            -1.84003             3.30158             1.52836             0.86294            -0.29719             2.48648             2.54885            -0.87014             2.66987             2.77283            -2.41683             0.81229            -1.75173             0.74662             0.66808             0.62042             2.63859             2.66404             3.28956             0.93347             1.56612             2.53864             2.66186             0.92393             0.81510            -0.61457            -2.05228             2.42828             2.31144             2.20448             2.60258             1.99111            -0.22834             3.37297            -2.05436             2.17656            -0.87244            -1.44854             0.85525             2.16144            -1.53108             0.80569             2.60368             0.68271             0.62364             2.71671             2.81306             1.01798             0.51852             2.46141             2.51580             2.07230             0.89358             3.34582             1.91180             2.75158             2.11196             2.82665             2.72825             1.79013            -0.29839            -0.40278             1.55498            -1.28468             0.46134             2.76288             1.90735             3.15474             1.53276            -1.46327            -1.85219             2.75597             2.53476             2.72760             2.78711             2.66739             2.82720             0.90093             2.73297             0.38401             0.43490             2.03708             2.51494            -0.93184             2.87093            -0.08856             2.46972             2.42169             2.40056             0.71531             0.64478             2.24136            -0.21683            -1.03586             0.99265             2.20169            -0.22260            -0.41889             2.66743            -0.64382            -0.94043             2.41802            -2.67263             0.85240            -1.27484             1.59182            -0.60234             0.83407             1.95462            -0.20657             2.72496             0.71649             2.46029            -1.18284            -1.33140            -0.25943             0.77145             0.96956             0.85614             0.93518             0.95388             0.93200             0.73099             0.86204             0.61085             2.56440             0.82812             0.87935             0.93672             0.94291             0.91278             0.69108             0.70077             0.71380             0.97650             0.63709            -0.53540            -0.12649             0.06308             0.07006            -0.06182             0.03811             0.82048            -0.36745            -1.15524            -0.41246             2.33744            -1.81135             0.60360             0.52908             0.50976            -0.20057            -2.37285             0.63560            -0.63015             0.65690             0.62502             0.77470             0.55925             2.50006             0.52028            -0.24282            -0.07899            -0.77643            -1.08713            -2.01850             0.29360             0.68493             1.33121             0.56134             0.52926             0.48733            -1.65671            -1.43381            -0.43665            -1.35065            -0.19968             2.17188            -0.21117             0.33205             3.33965            -0.28295            -0.12009             0.68383             0.58204            -0.23018            -0.77286            -1.42356             2.07890             2.60106             0.56876             0.51321            -0.21528             0.69533            -1.37810             2.24027            -0.10279             0.75222            -0.24666            -0.35762             0.73692             2.60221             0.68878             3.07753            -1.42133             2.84866             3.44100            -1.56656            -0.11871             1.74863             0.18734            -0.68711            -0.15225             0.20904            -0.14185             2.57963            -2.00869             2.00479             3.38243            -0.28762             0.82095            -0.54303             0.77150             2.25699             0.77690             0.97394             1.80097             2.35338            -0.48029             0.47628             0.81835             0.01937            -1.91361            -0.01135             0.44683             2.76470            -1.47899             0.64304            -0.31297             0.58229             1.90677            -0.28629             2.52409            -0.43669             0.56992             1.93344            -0.68953            -0.29981             0.43874             0.46531             3.42004             3.16003            -1.40715             0.48360             2.31758             0.63229             0.33860            -0.07604             2.53202             0.63942             1.38354             2.26993             3.30894             1.82353             0.45774             2.34390             1.85245             2.16862             3.39561            -0.92921            -0.17384             1.92007            -0.02063             0.76905             0.39644             0.67750             3.40788             1.56256             2.26344            -0.80826             0.65440             0.53307            -0.32783             2.66346             2.65479             3.35097             2.53456             0.36055             1.36964            -0.41859             2.25674             2.38129             2.70136             1.77392             2.42885             2.59836            -0.39813             2.18715             2.62103             3.19756             0.53093             0.05542             2.31337             2.79534            -0.07226             3.30791             2.09567            -2.24668             2.51305             0.56273            -2.26270             2.31939            -1.32038             0.83906             2.43915            -0.68641             2.17795             2.62680            -1.03217             2.16715             0.77695             0.39432             2.31061             2.32140             0.41880             2.77007             2.68825             2.24584             2.04688             0.52952             2.34611            -0.05108             2.31442             2.63023             2.25523             0.28665             2.28066             2.65966             2.37018             1.31884             1.92292            -0.53262             1.85435             0.39388             2.23713             0.80948             2.37878             2.62598             0.53553            -0.42298            -0.76088             1.96181             2.81347             2.19631             2.13177             1.50254             2.09462             2.18491             2.26394             2.68300             2.35680             1.11718             0.21918             1.55455             0.78397             2.34519             0.67761             2.51868             2.27666             2.66428            -1.45577             2.02859            -0.36114            -1.07796             2.68495             0.98521             0.41008             2.18099             2.28705             2.32393             1.51471             2.33571            -0.93575             2.04467             1.76104             2.52823             1.85687             2.49297             2.52774            -1.95042             0.80632            -0.49258             2.82479            -0.24326             0.49490            -0.54782            -1.03916             2.52317             2.03095             2.17901             2.28182             2.34667             2.39472             1.48304             2.58753             2.10876             1.98500             0.56066             1.15203            -1.02417             2.34270             2.60645             2.32478             1.77686             2.38095             2.68142             2.34187            -1.33146             2.33410            -1.81536             0.24698             2.34299             2.56604             2.33008             1.61858             2.32897             1.30571             1.99571             2.33655             2.19392             0.72213             0.34852             1.35750             2.58909             2.60729             2.53330             2.01306             2.69718             2.48265             1.02758            -1.73624             1.85733             2.49061             1.58876             2.37281             2.56120             1.44529             2.72449             2.68050            -2.22066             2.23542             2.23201             0.91225             0.68217            -0.50703             2.38320            -0.48409             2.65057            -0.64118             2.39769             0.70996            -0.25628             0.63688             2.63168             2.16990             2.20461            -2.09542             2.61260             1.31009             1.93385             2.48264             2.65451            -0.20379             2.35087            -2.30580             2.57179             0.58962             1.82060             0.28484             0.34321             0.57390            -1.74938             0.32556             2.09699            -1.01882             0.56160             1.90527             2.15182             2.23137            -1.35887             2.15166             0.32710            -0.95507             1.82557             0.68002             1.77241             1.96412            -1.82262             0.08654            -1.06370             2.34286             1.53040            -1.79236             0.29777             1.80636             2.16648             0.38158             1.47996             1.11050            -1.04533             1.25635             1.08321             0.61484             0.36493             2.07397             1.39362             2.32019            -0.99549            -1.40995             0.34861             1.54058             1.27188             2.04771             2.17850             1.03109             0.18799             2.01056             1.56073             1.12524             0.38658             1.03258             2.16346             0.90725             1.82684             2.35346             0.60416             0.54437