    0.75816E+02   -0.79169E+01    0.16173E+04    0.32088E+01
    0.36762E+02   -0.76329E+01    0.25021E+04    0.33983E+01
    0.11239E+03   -0.64522E+01    0.18144E+04    0.32587E+01
    0.11552E+03   -0.10161E+01    0.88690E+03    0.29479E+01
    0.95887E+01   -0.16460E+02    0.81635E+03    0.29119E+01
    0.11221E+03   -0.13986E+02    0.86330E+03    0.29362E+01
    0.99700E+01   -0.11589E+01    0.71161E+03    0.28522E+01
    0.14241E+03   -0.56038E+00    0.12344E+04    0.30915E+01
    0.23806E+01   -0.71941E+01    0.86118E+03    0.29351E+01
    0.11382E+03   -0.12166E+01    0.95240E+03    0.29788E+01
    0.54440E+01   -0.99217E+01    0.94714E+03    0.29764E+01
    0.12835E+03   -0.10796E+01    0.12653E+04    0.31022E+01
    0.95247E+02   -0.21008E+01    0.68164E+03    0.28336E+01
    0.10512E+03   -0.12102E+01    0.82081E+03    0.29142E+01
    0.52319E+02   -0.27602E+01    0.11994E+04    0.30790E+01
    0.52508E+02   -0.21226E+01    0.95400E+03    0.29795E+01
    0.13395E+03   -0.77841E+00    0.12390E+04    0.30931E+01
    0.96204E+02   -0.11572E+01    0.47727E+03    0.26788E+01
    0.67180E+02   -0.11806E+01    0.42554E+03    0.26289E+01
    0.10369E+03   -0.14259E+02    0.80827E+03    0.29076E+01
    0.35082E+02   -0.19513E+02    0.45352E+03    0.26566E+01
    0.10561E+03   -0.16771E+02    0.65023E+03    0.28131E+01
    0.89294E+02   -0.11061E+01    0.37827E+03    0.25778E+01
    0.53567E+02   -0.19311E+01    0.91721E+03    0.29625E+01
    0.57385E+02   -0.42609E+01    0.15088E+04    0.31786E+01
    0.82331E+02   -0.21143E+01    0.51828E+03    0.27146E+01
    0.57002E+02   -0.36791E+01    0.13276E+04    0.31231E+01
    0.44041E+02   -0.54226E+01    0.25640E+04    0.34089E+01
    0.72949E+02   -0.19497E+01    0.51921E+03    0.27153E+01
    0.95811E+02   -0.21084E+01    0.70461E+03    0.28479E+01
    0.11302E+03   -0.57411E+01    0.19445E+04    0.32888E+01
    0.13353E+03   -0.53039E+01    0.19008E+04    0.32789E+01
    0.77779E+01   -0.24211E+01    0.82955E+03    0.29188E+01
    0.12655E+03   -0.10428E+01    0.11510E+04    0.30611E+01
    0.35956E+02   -0.62374E+01    0.28009E+04    0.34473E+01
    0.11444E+03   -0.19961E+01    0.11859E+04    0.30740E+01
    0.92226E+02   -0.11002E+01    0.38989E+03    0.25909E+01
    0.70437E+02   -0.21723E+01    0.59265E+03    0.27728E+01
    0.13407E+03   -0.12211E+01    0.13158E+04    0.31192E+01
    0.49497E+02   -0.74313E+01    0.21072E+04    0.33237E+01
    0.12538E+01   -0.11306E+02    0.86800E+03    0.29385E+01
    0.43235E+02   -0.57245E+01    0.27213E+04    0.34348E+01
    0.12795E+03   -0.14031E+01    0.13612E+04    0.31339E+01
    0.11168E+03   -0.19282E+02    0.55466E+03    0.27440E+01
    0.48421E+02   -0.11792E+01    0.68640E+03    0.28366E+01
    0.12258E+03   -0.61807E+01    0.24610E+04    0.33911E+01
    0.73347E+02   -0.24148E+01    0.65222E+03    0.28144E+01
    0.43455E+02   -0.13972E+02    0.89085E+03    0.29498E+01
    0.56205E+02   -0.64256E+01    0.18828E+04    0.32748E+01
    0.44765E+02   -0.13410E+02    0.10012E+04    0.30005E+01
    0.82286E+02   -0.27302E+01    0.67888E+03    0.28318E+01
    0.14004E+03   -0.83129E+00    0.12465E+04    0.30957E+01
    0.10860E+03   -0.63858E+01    0.15109E+04    0.31792E+01
    0.11929E+03   -0.98840E+00    0.90248E+03    0.29554E+01
    0.12519E+03   -0.61736E+01    0.26261E+04    0.34193E+01
    0.12695E+03   -0.13528E+01    0.13169E+04    0.31196E+01
    0.61562E+02   -0.20504E+01    0.67767E+03    0.28310E+01
    0.48796E+02   -0.93419E+00    0.63403E+03    0.28021E+01
    0.10565E+03   -0.18529E+02    0.55973E+03    0.27480E+01
    0.17076E+02   -0.22996E+01    0.15782E+04    0.31982E+01
    0.61407E+02   -0.26378E+01    0.88706E+03    0.29480E+01
    0.69294E+02   -0.17482E+01    0.49687E+03    0.26962E+01
    0.64287E+02   -0.24258E+01    0.76055E+03    0.28811E+01
    0.52490E+01   -0.80734E+01    0.94672E+03    0.29762E+01
    0.15067E+02   -0.20623E+02    0.66499E+03    0.28228E+01
    0.79748E+01   -0.31890E+01    0.92281E+03    0.29651E+01
    0.22678E+02   -0.21679E+02    0.51049E+03    0.27080E+01
    0.70365E+02   -0.28393E+01    0.81047E+03    0.29087E+01
    0.11953E+03   -0.16194E+02    0.91396E+03    0.29609E+01
    0.11499E+03   -0.19435E+01    0.11786E+04    0.30714E+01
    0.39649E+01   -0.11690E+02    0.89678E+03    0.29527E+01
    0.11847E+03   -0.17742E+02    0.75154E+03    0.28760E+01
    0.10465E+03   -0.12668E+01    0.80374E+03    0.29051E+01
    0.75760E+02   -0.91237E+01    0.15897E+04    0.32013E+01
    0.10871E+02   -0.22958E+01    0.94612E+03    0.29759E+01
    0.28478E+02   -0.56733E+01    0.20801E+04    0.33181E+01
    0.56824E+02   -0.16096E+02    0.59683E+03    0.27758E+01
    0.11758E+03   -0.11835E+01    0.98028E+03    0.29914E+01
    0.11912E+02   -0.51616E+01    0.14008E+04    0.31464E+01
    0.16891E+02   -0.21013E+02    0.61689E+03    0.27902E+01
    0.10929E+03   -0.58232E+01    0.16187E+04    0.32092E+01
    0.36673E+02   -0.26747E+01    0.19164E+04    0.32825E+01
    0.50876E+02   -0.13200E+01    0.71244E+03    0.28527E+01
    0.58077E+02   -0.15047E+02    0.74048E+03    0.28695E+01
    0.41805E+02   -0.69516E+01    0.27317E+04    0.34364E+01
    0.10418E+02   -0.29243E+01    0.10266E+04    0.30114E+01
    0.68873E+02   -0.20864E+01    0.59866E+03    0.27772E+01
    0.11253E+02   -0.10766E+01    0.71644E+03    0.28552E+01
    0.90752E+02   -0.10884E+01    0.39171E+03    0.25930E+01
    0.73517E+02   -0.10620E+01    0.37577E+03    0.25749E+01
    0.90643E+01   -0.14737E+02    0.88602E+03    0.29474E+01
    0.95824E+02   -0.89225E+00    0.41844E+03    0.26216E+01
    0.98801E+02   -0.10575E+01    0.49763E+03    0.26969E+01
    0.49245E+02   -0.59062E+01    0.21163E+04    0.33256E+01
    0.28483E+02   -0.12960E+02    0.87966E+03    0.29443E+01
    0.36807E+02   -0.20750E+01    0.14608E+04    0.31646E+01
    0.78275E+02   -0.25607E+01    0.67003E+03    0.28261E+01
    0.33872E+02   -0.59455E+01    0.25964E+04    0.34144E+01
    0.11820E+03   -0.19498E+01    0.12037E+04    0.30805E+01
    0.25174E+01   -0.22771E+02    0.71239E+03    0.28527E+01
    0.60828E+00   -0.88280E+01    0.86107E+03    0.29350E+01
    0.28178E+02   -0.11849E+01    0.14786E+04    0.31698E+01
    0.49281E+02   -0.84814E+01    0.19258E+04    0.32846E+01
    0.42255E+02   -0.11963E+01    0.84453E+03    0.29266E+01
    0.55606E+02   -0.10763E+01    0.66193E+03    0.28208E+01
    0.80946E+02   -0.19616E+01    0.51374E+03    0.27107E+01
    0.73911E+02   -0.15323E+02    0.89797E+03    0.29533E+01
    0.81447E+02   -0.15694E+02    0.87635E+03    0.29427E+01
    0.19762E+02   -0.85875E+00    0.10541E+04    0.30229E+01
    0.12304E+03   -0.98239E+00    0.10033E+04    0.30014E+01
    0.12444E+03   -0.14686E+02    0.11642E+04    0.30660E+01
    0.40678E+01   -0.71556E+01    0.89630E+03    0.29525E+01
    0.78872E+01   -0.27456E+00    0.73481E+03    0.28662E+01
    0.91665E+02   -0.19963E+01    0.51623E+03    0.27128E+01
    0.80033E+02   -0.25074E+02    0.35844E+03    0.25544E+01
    0.82782E+02   -0.14795E+02    0.98599E+03    0.29939E+01
    0.13292E+03   -0.61820E+01    0.19771E+04    0.32960E+01
    0.36565E+02   -0.20633E+02    0.38819E+03    0.25890E+01
    0.66379E+02   -0.25133E+01    0.77385E+03    0.28887E+01
    0.55372E+02   -0.67881E+01    0.19021E+04    0.32792E+01
    0.13649E+03   -0.39585E+01    0.15017E+04    0.31766E+01
    0.78343E+02   -0.19827E+01    0.52326E+03    0.27187E+01
    0.40238E+02   -0.23744E+01    0.15498E+04    0.31903E+01
    0.11877E+03   -0.18979E+01    0.11948E+04    0.30773E+01
    0.12937E+03   -0.18495E+01    0.15336E+04    0.31857E+01
    0.65237E+02   -0.22493E+02    0.34832E+03    0.25420E+01
    0.19597E+02   -0.12947E+01    0.12203E+04    0.30865E+01
    0.48970E+02   -0.52466E+01    0.19930E+04    0.32995E+01
    0.11453E+03   -0.72484E+01    0.18836E+04    0.32750E+01
    0.49998E+01   -0.21469E+02    0.71616E+03    0.28550E+01
    0.12134E+03   -0.11713E+01    0.10060E+04    0.30026E+01
    0.12559E+03   -0.13758E+02    0.13137E+04    0.31185E+01
    0.11411E+03   -0.22896E+02    0.49828E+03    0.26975E+01
    0.37787E+02   -0.71658E+01    0.27187E+04    0.34344E+01
    0.42958E+02   -0.68064E+01    0.26895E+04    0.34297E+01
    0.53720E+02   -0.22956E+02    0.27900E+03    0.24456E+01
    0.38711E+02   -0.19091E+01    0.12561E+04    0.30990E+01
    0.17343E+02   -0.10484E+01    0.10599E+04    0.30253E+01
    0.11168E+03   -0.21720E+02    0.49468E+03    0.26943E+01
    0.30742E+02   -0.23807E+01    0.17205E+04    0.32356E+01
    0.12196E+03   -0.19304E+01    0.12876E+04    0.31098E+01
    0.91184E+02   -0.19878E+01    0.50537E+03    0.27036E+01
    0.11698E+03   -0.55748E+01    0.21351E+04    0.33294E+01
    0.78972E+02   -0.12343E+01    0.39637E+03    0.25981E+01
    0.17850E+01   -0.93860E+00    0.72782E+03    0.28620E+01
    0.12602E+03   -0.61632E+01    0.26505E+04    0.34233E+01
    0.32427E+02   -0.67641E+01    0.22176E+04    0.33459E+01
    0.28552E+02   -0.94001E+00    0.14069E+04    0.31483E+01
    0.12345E+03   -0.61970E+01    0.25357E+04    0.34041E+01
    0.13131E+03   -0.29372E+01    0.18929E+04    0.32771E+01
    0.12893E+03   -0.19046E+01    0.15472E+04    0.31896E+01
    0.13558E+03   -0.35140E+01    0.15953E+04    0.32028E+01
    0.92457E+01   -0.43655E+01    0.11037E+04    0.30429E+01
    0.14704E+02   -0.21457E+01    0.12980E+04    0.31133E+01
    0.33732E+02   -0.10183E+01    0.10943E+04    0.30391E+01
    0.19141E+02   -0.13419E+01    0.12237E+04    0.30877E+01
    0.72556E+02   -0.16098E+02    0.78898E+03    0.28971E+01
    0.63896E+02   -0.19097E+01    0.62445E+03    0.27955E+01
    0.89861E+01   -0.63893E+01    0.11418E+04    0.30576E+01
    0.50383E+02   -0.13251E+01    0.70695E+03    0.28494E+01
    0.13184E+02   -0.21478E+02    0.66796E+03    0.28248E+01
    0.44444E+02   -0.11719E+01    0.78704E+03    0.28960E+01
    0.95340E+01   -0.28010E+01    0.95817E+03    0.29814E+01
    0.11796E+03   -0.73116E+01    0.20636E+04    0.33146E+01
    0.39221E+02   -0.19836E+01    0.13188E+04    0.31202E+01
    0.88965E+01   -0.34283E+01    0.99879E+03    0.29995E+01
    0.12253E+03   -0.18796E+01    0.13134E+04    0.31184E+01
    0.11191E+03   -0.15444E+02    0.73416E+03    0.28658E+01
    0.85253E+01   -0.52029E+01    0.10865E+04    0.30360E+01
    0.35914E+02   -0.70751E+01    0.26127E+04    0.34171E+01
    0.78580E+02   -0.97825E+00    0.36517E+03    0.25625E+01
    0.50029E+02   -0.19319E+01    0.83921E+03    0.29239E+01
    0.58986E+02   -0.20559E+01    0.78910E+03    0.28971E+01
    0.63346E+02   -0.23482E+02    0.29819E+03    0.24745E+01
    0.16681E+02   -0.29589E+01    0.17716E+04    0.32484E+01
    0.63447E+02   -0.18694E+01    0.60218E+03    0.27797E+01
    0.11428E+03   -0.13658E+01    0.10020E+04    0.30009E+01
    0.44117E+02   -0.87812E+00    0.72135E+03    0.28581E+01
    0.10624E+03   -0.21834E+01    0.10692E+04    0.30291E+01
    0.11594E+03   -0.11568E+01    0.93678E+03    0.29716E+01
    0.64153E+02   -0.31535E+01    0.10151E+04    0.30065E+01
    0.12356E+02   -0.42411E+01    0.13910E+04    0.31433E+01
    0.10250E+03   -0.13270E+02    0.91213E+03    0.29601E+01
    0.11707E+03   -0.72759E+01    0.20154E+04    0.33044E+01
    0.22139E+02   -0.35438E+01    0.20481E+04    0.33113E+01
    0.14421E+02   -0.16084E+01    0.10493E+04    0.30209E+01
    0.66475E+02   -0.19303E+01    0.59273E+03    0.27729E+01
    0.87831E+02   -0.22701E+01    0.54630E+03    0.27374E+01
    0.80713E+01   -0.74819E+01    0.10718E+04    0.30301E+01
    0.30616E+02   -0.12761E+01    0.13344E+04    0.31253E+01
    0.87806E+02   -0.10504E+01    0.36957E+03    0.25677E+01
    0.86550E+02   -0.66317E+01    0.14790E+04    0.31700E+01
    0.70496E+02   -0.10358E+01    0.40007E+03    0.26021E+01
    0.15025E+02   -0.96165E+00    0.91871E+03    0.29632E+01
    0.13553E+03   -0.25965E+01    0.15528E+04    0.31911E+01
    0.38268E+02   -0.10413E+01    0.94151E+03    0.29738E+01
    0.13119E+03   -0.10594E+01    0.12299E+04    0.30899E+01
    0.11379E+03   -0.80150E+01    0.16800E+04    0.32253E+01
    0.71973E+02   -0.10607E+01    0.40079E+03    0.26029E+01
    0.51475E+02   -0.69716E+01    0.20413E+04    0.33099E+01
    0.47002E+02   -0.71130E+01    0.23030E+04    0.33623E+01
    0.11390E+03   -0.56224E+01    0.20040E+04    0.33019E+01
    0.40405E+02   -0.18298E+01    0.12149E+04    0.30845E+01
    0.88950E+02   -0.13318E+01    0.40574E+03    0.26082E+01
    0.13595E+03   -0.97616E+00    0.14472E+04    0.31605E+01
    0.41271E+02   -0.61097E+01    0.28864E+04    0.34604E+01
    0.30949E+02   -0.17840E+01    0.14631E+04    0.31653E+01
    0.13255E+01   -0.48919E+01    0.81066E+03    0.29088E+01
    0.13451E+03   -0.12987E+01    0.13810E+04    0.31402E+01
    0.44341E+02   -0.17456E+01    0.98576E+03    0.29938E+01
    0.63017E+02   -0.10338E+01    0.46614E+03    0.26685E+01
    0.52170E+02   -0.13889E+02    0.82962E+03    0.29189E+01
    0.10030E+03   -0.56162E+01    0.14477E+04    0.31607E+01
    0.13455E+03   -0.51307E+01    0.17401E+04    0.32406E+01
    0.52120E+02   -0.78458E+01    0.19225E+04    0.32839E+01
    0.10176E+03   -0.62778E+01    0.14061E+04    0.31480E+01
    0.81731E+02   -0.27003E+02    0.31965E+03    0.25047E+01
    0.90285E+02   -0.19912E+01    0.49822E+03    0.26974E+01
    0.49433E+02   -0.18036E+01    0.79739E+03    0.29017E+01
    0.56946E+02   -0.25388E+01    0.10254E+04    0.30109E+01
    0.59791E+02   -0.10228E+01    0.52980E+03    0.27241E+01
    0.33293E+02   -0.12797E+01    0.11655E+04    0.30665E+01
    0.46931E+02   -0.80507E+01    0.21394E+04    0.33303E+01
    0.87799E+02   -0.29563E+01    0.73075E+03    0.28638E+01
    0.80906E+02   -0.26396E+01    0.67472E+03    0.28291E+01
    0.13275E+03   -0.24041E+01    0.15828E+04    0.31994E+01
    0.10102E+03   -0.13248E+02    0.94491E+03    0.29754E+01
    0.12005E+02   -0.23087E+02    0.63604E+03    0.28035E+01
    0.13065E+03   -0.34106E+01    0.21038E+04    0.33230E+01
    0.23596E+02   -0.17230E+01    0.14874E+04    0.31724E+01
    0.64561E+02   -0.13608E+01    0.51826E+03    0.27145E+01
    0.70877E+02   -0.74502E+01    0.17832E+04    0.32512E+01
    0.70057E+02   -0.12537E+01    0.42293E+03    0.26263E+01
    0.62989E+02   -0.79158E+01    0.18735E+04    0.32726E+01
    0.70234E+02   -0.67267E+01    0.17564E+04    0.32446E+01
    0.15399E+02   -0.36350E+01    0.17646E+04    0.32466E+01
    0.88955E+02   -0.22707E+02    0.44913E+03    0.26524E+01
    0.62355E+02   -0.70637E+01    0.18681E+04    0.32714E+01
    0.68953E+02   -0.27580E+01    0.80487E+03    0.29057E+01
    0.73189E+02   -0.31457E+01    0.86161E+03    0.29353E+01
    0.53922E+02   -0.24474E+01    0.10884E+04    0.30368E+01
    0.89811E+02   -0.20021E+01    0.50030E+03    0.26992E+01
    0.33083E+02   -0.60939E+01    0.24330E+04    0.33861E+01
    0.94697E+02   -0.18569E+02    0.64034E+03    0.28064E+01
    0.15194E+02   -0.52641E+01    0.18124E+04    0.32583E+01
    0.99717E+02   -0.62351E+01    0.14963E+04    0.31750E+01
    0.10681E+03   -0.72311E+01    0.13625E+04    0.31343E+01
    0.85355E+01   -0.89495E+01    0.10702E+04    0.30295E+01
    0.10871E+03   -0.10069E+01    0.83259E+03    0.29204E+01
    0.15769E+02   -0.44375E+01    0.18894E+04    0.32763E+01
    0.64776E+02   -0.95649E+00    0.44891E+03    0.26522E+01
    0.52870E+02   -0.33369E+01    0.14028E+04    0.31470E+01
    0.15872E+02   -0.29188E+01    0.16796E+04    0.32252E+01
    0.22714E+02   -0.38307E+01    0.20874E+04    0.33196E+01
    0.11372E+03   -0.76711E+00    0.82796E+03    0.29180E+01
    0.11662E+03   -0.62461E+01    0.20821E+04    0.33185E+01
    0.13724E+03   -0.23579E+01    0.14078E+04    0.31485E+01
    0.10351E+03   -0.72490E+01    0.13415E+04    0.31276E+01
    0.72414E+02   -0.19308E+01    0.51180E+03    0.27091E+01
    0.23833E+02   -0.23481E+02    0.44935E+03    0.26526E+01
    0.12997E+03   -0.48185E+01    0.24235E+04    0.33844E+01
    0.15676E+02   -0.62452E+01    0.17828E+04    0.32511E+01
    0.99919E+02   -0.14162E+02    0.87753E+03    0.29433E+01
    0.13524E+03   -0.13479E+01    0.14369E+04    0.31574E+01
    0.13551E+03   -0.58397E+01    0.15857E+04    0.32002E+01
    0.13266E+03   -0.30616E+01    0.17967E+04    0.32545E+01
    0.12530E+03   -0.94152E+00    0.11006E+04    0.30416E+01
    0.67151E+02   -0.17188E+01    0.53539E+03    0.27287E+01
    0.50330E+02   -0.25351E+01    0.10567E+04    0.30239E+01
    0.39701E+01   -0.45478E+01    0.83562E+03    0.29220E+01
    0.12922E+03   -0.34268E+01    0.22313E+04    0.33485E+01
    0.70299E+01   -0.14382E+01    0.73559E+03    0.28666E+01
    0.13735E+03   -0.32832E+01    0.14158E+04    0.31510E+01
    0.53040E+02   -0.18595E+01    0.88140E+03    0.29452E+01
    0.20947E+02   -0.30556E+01    0.19582E+04    0.32918E+01
    0.72737E+01   -0.38015E+01    0.93241E+03    0.29696E+01
    0.11971E+03   -0.11258E+01    0.93928E+03    0.29728E+01
    0.12985E+03   -0.21945E+01    0.16903E+04    0.32280E+01
    0.21437E+02   -0.37710E+01    0.20895E+04    0.33200E+01
    0.47002E+02   -0.15286E+02    0.70157E+03    0.28461E+01
    0.21310E+02   -0.24010E+01    0.17180E+04    0.32350E+01
    0.24082E+02   -0.19089E+01    0.15877E+04    0.32008E+01
    0.82449E+02   -0.10050E+01    0.36429E+03    0.25614E+01
    0.13089E+03   -0.64220E+01    0.22516E+04    0.33525E+01
    0.21007E+02   -0.46255E+01    0.21208E+04    0.33265E+01
    0.96222E+02   -0.16360E+01    0.59780E+03    0.27766E+01
    0.11803E+03   -0.13261E+01    0.10221E+04    0.30095E+01
    0.92635E+02   -0.13153E+01    0.42028E+03    0.26235E+01
    0.59430E+02   -0.25634E+01    0.91550E+03    0.29617E+01
    0.14642E+02   -0.11613E+01    0.92894E+03    0.29680E+01
    0.12358E+02   -0.60627E+01    0.14660E+04    0.31661E+01
    0.25780E+02   -0.18477E+01    0.16407E+04    0.32150E+01
    0.21475E+02   -0.54918E+01    0.20291E+04    0.33073E+01
    0.11433E+03   -0.25609E+02    0.45365E+03    0.26567E+01
    0.33437E+02   -0.23143E+01    0.16589E+04    0.32198E+01
    0.15006E+02   -0.72758E+01    0.15907E+04    0.32016E+01
    0.53694E+02   -0.25639E+02    0.23150E+03    0.23645E+01
    0.12635E+02   -0.25482E+02    0.57502E+03    0.27597E+01
    0.49619E+02   -0.84694E+00    0.59996E+03    0.27781E+01
    0.12747E+03   -0.10738E+01    0.12252E+04    0.30882E+01
    0.24263E+02   -0.25053E+01    0.18368E+04    0.32641E+01
    0.74026E+01   -0.10365E+02    0.99366E+03    0.29972E+01
    0.30111E+02   -0.12935E+01    0.13997E+04    0.31460E+01
    0.18071E+02   -0.48967E+01    0.20569E+04    0.33132E+01
    0.10955E+03   -0.21765E+01    0.11575E+04    0.30635E+01
    0.10563E+03   -0.21129E+01    0.10240E+04    0.30103E+01
    0.45787E+02   -0.95914E+00    0.69718E+03    0.28433E+01
    0.94806E+02   -0.25974E+01    0.80187E+03    0.29041E+01
    0.64131E+02   -0.13354E+01    0.53544E+03    0.27287E+01
    0.16959E+02   -0.12794E+01    0.11236E+04    0.30506E+01
    0.12582E+03   -0.20726E+01    0.16773E+04    0.32246E+01
    0.21050E+02   -0.18532E+01    0.14450E+04    0.31599E+01
    0.83816E+01   -0.18246E+02    0.76316E+03    0.28826E+01
    0.51622E+02   -0.19198E+02    0.39187E+03    0.25931E+01
    0.57393E+02   -0.29621E+01    0.11379E+04    0.30561E+01
    0.21215E+01   -0.56155E+01    0.82994E+03    0.29190E+01
    0.61392E+02   -0.90340E+01    0.17433E+04    0.32414E+01
    0.11263E+03   -0.75719E+01    0.16772E+04    0.32246E+01
    0.15463E+02   -0.22074E+01    0.14041E+04    0.31474E+01
    0.57133E+02   -0.51019E+01    0.17222E+04    0.32361E+01
    0.11351E+03   -0.18273E+02    0.61943E+03    0.27920E+01
    0.10964E+03   -0.18218E+02    0.57485E+03    0.27596E+01
    0.53199E+02   -0.47843E+01    0.17975E+04    0.32547E+01
    0.33067E+02   -0.18374E+01    0.13688E+04    0.31363E+01
    0.11541E+03   -0.14299E+02    0.91754E+03    0.29626E+01
    0.63363E+02   -0.34301E+01    0.11099E+04    0.30453E+01
    0.63796E+02   -0.48759E+01    0.15517E+04    0.31908E+01
    0.34166E+02   -0.22055E+01    0.16284E+04    0.32118E+01
    0.10597E+03   -0.72228E+01    0.13425E+04    0.31279E+01
    0.12994E+03   -0.58435E+01    0.24369E+04    0.33868E+01
    0.53657E+02   -0.64317E+01    0.19646E+04    0.32933E+01
    0.64378E+02   -0.65051E+01    0.18536E+04    0.32680E+01
    0.32352E+02   -0.77190E+01    0.19515E+04    0.32904E+01
    0.28090E+02   -0.14377E+02    0.74147E+03    0.28701E+01
    0.40426E+02   -0.59080E+01    0.29473E+04    0.34694E+01
    0.11657E+03   -0.17449E+02    0.70659E+03    0.28492E+01
    0.11513E+03   -0.13076E+01    0.97569E+03    0.29893E+01
    0.77116E+02   -0.17939E+01    0.50037E+03    0.26993E+01
    0.80049E+02   -0.14496E+02    0.97823E+03    0.29904E+01
    0.20886E+02   -0.64945E+01    0.18624E+04    0.32701E+01
    0.55463E+02   -0.15499E+01    0.78227E+03    0.28934E+01
    0.10664E+03   -0.25684E+01    0.11869E+04    0.30744E+01
    0.38668E+02   -0.91200E+01    0.21869E+04    0.33398E+01
    0.98867E+02   -0.15564E+01    0.61651E+03    0.27899E+01
    0.11663E+03   -0.13476E+02    0.10811E+04    0.30339E+01
    0.48398E+02   -0.17464E+01    0.82559E+03    0.29168E+01
    0.10776E+03   -0.58326E+01    0.14901E+04    0.31732E+01
    0.13030E+03   -0.17827E+01    0.14982E+04    0.31756E+01
    0.78396E+02   -0.81202E+01    0.15432E+04    0.31884E+01
    0.28554E+02   -0.27570E+01    0.19914E+04    0.32992E+01
    0.39335E+01   -0.18850E+01    0.75618E+03    0.28786E+01
    0.10824E+02   -0.36422E+01    0.11684E+04    0.30676E+01
    0.23859E+02   -0.31294E+01    0.20225E+04    0.33059E+01
    0.44418E+02   -0.29993E+01    0.15497E+04    0.31903E+01
    0.96410E+02   -0.77107E+01    0.16324E+04    0.32128E+01
    0.93672E+02   -0.25928E+01    0.78642E+03    0.28957E+01
    0.77841E+02   -0.25218E+02    0.33609E+03    0.25265E+01
    0.61982E+02   -0.31678E+01    0.10339E+04    0.30145E+01
    0.29245E+02   -0.54295E+01    0.21756E+04    0.33376E+01
    0.10112E+03   -0.56654E+01    0.14193E+04    0.31521E+01
    0.69447E+02   -0.15576E+02    0.83425E+03    0.29213E+01
    0.44823E+02   -0.20228E+01    0.10607E+04    0.30256E+01
    0.28709E+02   -0.82963E+01    0.15399E+04    0.31875E+01
    0.96284E+02   -0.19743E+02    0.56171E+03    0.27495E+01
    0.51487E+02   -0.21617E+02    0.31490E+03    0.24982E+01
    0.12921E+03   -0.43307E+01    0.24374E+04    0.33869E+01
    0.14288E+02   -0.27413E+01    0.14206E+04    0.31525E+01
    0.28680E+02   -0.20929E+01    0.17599E+04    0.32455E+01
    0.76597E+02   -0.74201E+01    0.15667E+04    0.31950E+01
    0.10436E+03   -0.72511E+01    0.13297E+04    0.31237E+01
    0.10926E+03   -0.23034E+02    0.45061E+03    0.26538E+01
    0.87476E+02   -0.12633E+01    0.39514E+03    0.25968E+01
    0.20652E+02   -0.21537E+02    0.55373E+03    0.27433E+01
    0.89106E+02   -0.25457E+02    0.36595E+03    0.25634E+01
    0.74516E+02   -0.26481E+01    0.70525E+03    0.28483E+01
    0.77615E+02   -0.28201E+01    0.74094E+03    0.28698E+01
    0.10171E+03   -0.23391E+01    0.90021E+03    0.29543E+01
    0.97380E+00   -0.16361E+01    0.75469E+03    0.28778E+01
    0.64782E+01   -0.33729E+01    0.87078E+03    0.29399E+01
    0.74811E+01   -0.23126E+02    0.67215E+03    0.28275E+01
    0.41006E+02   -0.11216E+01    0.87226E+03    0.29406E+01
    0.64772E+02   -0.37146E+01    0.11929E+04    0.30766E+01
    0.52602E+02   -0.41646E+01    0.16517E+04    0.32179E+01
    0.51529E+02   -0.29789E+01    0.12445E+04    0.30950E+01
    0.46334E+02   -0.17091E+02    0.53776E+03    0.27306E+01
    0.65666E+02   -0.27096E+01    0.84958E+03    0.29292E+01
    0.12347E+03   -0.11193E+01    0.10872E+04    0.30363E+01
    0.52923E+02   -0.57091E+01    0.19511E+04    0.32903E+01
    0.51071E+02   -0.24210E+01    0.10320E+04    0.30137E+01
    0.13660E+03   -0.51662E+01    0.14876E+04    0.31725E+01
    0.52045E+02   -0.15362E+02    0.64936E+03    0.28125E+01
    0.60647E+02   -0.28578E+01    0.97595E+03    0.29894E+01
    0.54242E+02   -0.37275E+01    0.14894E+04    0.31730E+01
    0.39694E+02   -0.63365E+01    0.29331E+04    0.34673E+01
    0.12858E+03   -0.29994E+01    0.21005E+04    0.33223E+01
    0.12985E+03   -0.83215E+01    0.20773E+04    0.33175E+01
    0.39529E+02   -0.25080E+01    0.16566E+04    0.32192E+01
    0.46233E+02   -0.17824E+01    0.88512E+03    0.29470E+01
    0.87108E+02   -0.72824E+01    0.15636E+04    0.31941E+01
    0.48922E+02   -0.21385E+01    0.92556E+03    0.29664E+01
    0.65016E+02   -0.84207E+01    0.18669E+04    0.32711E+01
    0.41374E+02   -0.80586E+01    0.24555E+04    0.33901E+01
    0.62765E+02   -0.28912E+01    0.93504E+03    0.29708E+01
    0.55152E+02   -0.27511E+01    0.11515E+04    0.30613E+01
    0.63147E+02   -0.42914E+01    0.13811E+04    0.31402E+01
    0.28279E+02   -0.65445E+01    0.18927E+04    0.32771E+01
    0.11543E+03   -0.73291E+01    0.19384E+04    0.32874E+01
    0.12841E+02   -0.82492E+01    0.13737E+04    0.31379E+01
    0.73130E+02   -0.13397E+01    0.42046E+03    0.26237E+01
    0.63575E+02   -0.58334E+01    0.17600E+04    0.32455E+01
    0.89667E+02   -0.13603E+01    0.41354E+03    0.26165E+01
    0.20540E+02   -0.16369E+01    0.13280E+04    0.31232E+01
    0.60121E+02   -0.23848E+01    0.84479E+03    0.29267E+01
    0.16886E+01   -0.14589E+01    0.73990E+03    0.28692E+01
    0.12179E+03   -0.13130E+01    0.10766E+04    0.30321E+01
    0.12901E+03   -0.78083E+01    0.22926E+04    0.33603E+01
    0.53671E+02   -0.31423E+01    0.13341E+04    0.31252E+01
    0.88373E+02   -0.16185E+02    0.85151E+03    0.29302E+01
    0.46146E+02   -0.13929E+02    0.91227E+03    0.29601E+01
    0.53371E+02   -0.75300E+01    0.19225E+04    0.32839E+01
    0.54661E+02   -0.22961E+01    0.10275E+04    0.30118E+01
    0.87082E+02   -0.15032E+02    0.97182E+03    0.29876E+01
    0.37642E+02   -0.97169E+01    0.18961E+04    0.32779E+01
    0.13074E+03   -0.43581E+01    0.22732E+04    0.33566E+01
    0.13972E+03   -0.76009E+01    0.12441E+04    0.30949E+01
    0.22967E+02   -0.45804E+01    0.21040E+04    0.33231E+01
    0.15531E+02   -0.84738E+01    0.14528E+04    0.31622E+01
    0.54206E+02   -0.83703E+01    0.17937E+04    0.32537E+01
    0.12989E+03   -0.29671E+01    0.20358E+04    0.33087E+01
    0.91840E+02   -0.13615E+01    0.42527E+03    0.26287E+01
    0.11891E+03   -0.12672E+01    0.99164E+03    0.29964E+01
    0.90722E+02   -0.23632E+01    0.58899E+03    0.27701E+01
    0.17117E+02   -0.36752E+01    0.19528E+04    0.32907E+01
    0.86508E+02   -0.22068E+01    0.53222E+03    0.27261E+01
    0.30048E+02   -0.24605E+01    0.17960E+04    0.32543E+01
    0.46741E+02   -0.19576E+01    0.93336E+03    0.29700E+01
    0.13570E+03   -0.14071E+01    0.14632E+04    0.31653E+01
    0.64129E+02   -0.76226E+01    0.19010E+04    0.32790E+01
    0.11777E+03   -0.23974E+01    0.14127E+04    0.31500E+01
    0.12576E+03   -0.15755E+01    0.13644E+04    0.31349E+01
    0.11401E+03   -0.24436E+01    0.13911E+04    0.31434E+01
    0.10754E+03   -0.19402E+02    0.52710E+03    0.27219E+01
    0.12153E+03   -0.23728E+01    0.14933E+04    0.31741E+01
    0.10900E+03   -0.25544E+01    0.12783E+04    0.31066E+01
    0.10514E+03   -0.25065E+01    0.10880E+04    0.30366E+01
    0.10128E+03   -0.26323E+01    0.97744E+03    0.29901E+01
    0.41481E+02   -0.25877E+02    0.27030E+03    0.24318E+01
    0.86678E+02   -0.21575E+02    0.48668E+03    0.26872E+01
    0.31196E+02   -0.29134E+01    0.18965E+04    0.32780E+01
    0.31929E+02   -0.27040E+01    0.18121E+04    0.32582E+01
    0.73173E-01   -0.21781E+02    0.74479E+03    0.28720E+01
    0.12295E+03   -0.23058E+01    0.16039E+04    0.32052E+01
    0.31998E+02   -0.20487E+01    0.14906E+04    0.31733E+01
    0.34650E+02   -0.27083E+01    0.18956E+04    0.32777E+01
    0.43741E+02   -0.76764E+01    0.24376E+04    0.33870E+01
    0.11442E+03   -0.61105E+01    0.19997E+04    0.33010E+01
    0.12528E+03   -0.24465E+01    0.18412E+04    0.32651E+01
    0.11919E+03   -0.23300E+01    0.14177E+04    0.31516E+01
    0.11541E+03   -0.23728E+01    0.13960E+04    0.31449E+01
    0.10266E+03   -0.26037E+01    0.10250E+04    0.30107E+01
    0.11164E+03   -0.25671E+01    0.14117E+04    0.31497E+01
    0.98823E+02   -0.26813E+01    0.91628E+03    0.29620E+01
    0.11866E+03   -0.81477E+01    0.19619E+04    0.32927E+01
    0.23321E+02   -0.83141E+01    0.14783E+04    0.31698E+01
    0.97432E+02   -0.26163E+01    0.88183E+03    0.29454E+01
    0.82950E+02   -0.31534E+01    0.77056E+03    0.28868E+01
    0.85737E+02   -0.32107E+01    0.76843E+03    0.28856E+01
    0.89951E+02   -0.34115E+01    0.88144E+03    0.29452E+01
    0.92865E+02   -0.35755E+01    0.10344E+04    0.30147E+01
    0.95045E+02   -0.94465E+01    0.15414E+04    0.31879E+01
    0.96239E+02   -0.26089E+01    0.84624E+03    0.29275E+01
    0.37250E+02   -0.31867E+01    0.22026E+04    0.33429E+01
    0.40732E+02   -0.28063E+01    0.17980E+04    0.32548E+01
    0.71046E+02   -0.33159E+01    0.93767E+03    0.29721E+01
    0.78892E+02   -0.29849E+01    0.75999E+03    0.28808E+01
    0.90577E+02   -0.21178E+02    0.52379E+03    0.27192E+01
    0.76837E+02   -0.99495E+01    0.15019E+04    0.31766E+01
    0.66975E+02   -0.29507E+01    0.90083E+03    0.29546E+01
    0.42175E+02   -0.17111E+01    0.10847E+04    0.30353E+01
    0.19108E+02   -0.74391E+01    0.17028E+04    0.32312E+01
    0.12036E+03   -0.24847E+01    0.14951E+04    0.31747E+01
    0.11659E+03   -0.25120E+01    0.14539E+04    0.31625E+01
    0.11281E+03   -0.25510E+01    0.14318E+04    0.31559E+01
    0.10778E+03   -0.26258E+01    0.12590E+04    0.31000E+01
    0.10388E+03   -0.26260E+01    0.10619E+04    0.30261E+01
    0.10005E+03   -0.26604E+01    0.95677E+03    0.29808E+01
    0.42171E+02   -0.91065E+01    0.21023E+04    0.33227E+01
    0.12412E+03   -0.24548E+01    0.17763E+04    0.32495E+01
    0.10075E+03   -0.79692E+01    0.13917E+04    0.31436E+01
    0.32476E+02   -0.17765E+01    0.13301E+04    0.31239E+01
    0.50335E+02   -0.93895E+01    0.16933E+04    0.32287E+01
    0.12289E+03   -0.82830E+01    0.21545E+04    0.33334E+01
    0.27840E+02   -0.29245E+01    0.20414E+04    0.33099E+01
    0.12528E+03   -0.82881E+01    0.22473E+04    0.33517E+01
    0.10516E+03   -0.78563E+01    0.12784E+04    0.31067E+01
    0.10957E+03   -0.81250E+01    0.13906E+04    0.31432E+01
    0.11623E+03   -0.79881E+01    0.18608E+04    0.32697E+01
    0.12073E+03   -0.83719E+01    0.20312E+04    0.33077E+01
    0.77334E+02   -0.20786E+02    0.47689E+03    0.26784E+01
    0.77046E+02   -0.23931E+01    0.64332E+03    0.28084E+01
    0.73999E+02   -0.22405E+01    0.60683E+03    0.27831E+01
    0.35379E+02   -0.24862E+01    0.18023E+04    0.32558E+01
    0.46209E+01   -0.55052E+01    0.87773E+03    0.29434E+01
    0.51675E+02   -0.90492E+01    0.17270E+04    0.32373E+01
    0.38008E+02   -0.29019E+01    0.20034E+04    0.33018E+01
    0.24234E+02   -0.38499E+01    0.21156E+04    0.33254E+01
    0.80214E+02   -0.29933E+01    0.76367E+03    0.28829E+01
    0.81567E+02   -0.30787E+01    0.76419E+03    0.28832E+01
    0.84288E+02   -0.31683E+01    0.75666E+03    0.28789E+01
    0.87083E+02   -0.33032E+01    0.81929E+03    0.29134E+01
    0.88483E+02   -0.33578E+01    0.83826E+03    0.29234E+01
    0.91329E+02   -0.34517E+01    0.92531E+03    0.29663E+01
    0.94183E+02   -0.36967E+01    0.11262E+04    0.30516E+01
    0.83035E+02   -0.86669E+01    0.14986E+04    0.31757E+01
    0.37454E+01   -0.26124E+01    0.78008E+03    0.28921E+01
    0.86618E+02   -0.19236E+02    0.60448E+03    0.27814E+01
    0.11166E+03   -0.82464E+01    0.15133E+04    0.31799E+01
    0.13480E+03   -0.22572E+01    0.15474E+04    0.31896E+01
    0.29750E+02   -0.18812E+01    0.15996E+04    0.32040E+01
    0.87704E+02   -0.91236E+01    0.15742E+04    0.31970E+01
    0.92412E+02   -0.91954E+01    0.16324E+04    0.32128E+01
    0.13072E+03   -0.18204E+01    0.14669E+04    0.31664E+01
    0.97317E+02   -0.96627E+01    0.14165E+04    0.31512E+01
    0.11123E+03   -0.54828E+01    0.17930E+04    0.32536E+01
    0.62502E+02   -0.90687E+01    0.17661E+04    0.32470E+01
    0.21446E+02   -0.74873E+01    0.16567E+04    0.32192E+01
    0.90388E+02   -0.13576E+01    0.41804E+03    0.26212E+01
    0.76424E+02   -0.17170E+02    0.70770E+03    0.28498E+01
    0.13248E+02   -0.95266E+01    0.12603E+04    0.31005E+01
    0.27512E+02   -0.83609E+01    0.14695E+04    0.31672E+01
    0.41432E+02   -0.25571E+01    0.16106E+04    0.32070E+01
    0.34977E+02   -0.11004E+01    0.11237E+04    0.30507E+01
    0.58048E+02   -0.28102E+01    0.10574E+04    0.30242E+01
    0.29165E+02   -0.17607E+01    0.16056E+04    0.32056E+01
    0.10941E+03   -0.16048E+01    0.99616E+03    0.29983E+01
    0.68270E+02   -0.30858E+01    0.91761E+03    0.29627E+01
    0.75695E+02   -0.32798E+01    0.84032E+03    0.29244E+01
    0.48650E+02   -0.66611E+01    0.22022E+04    0.33429E+01
    0.69617E+02   -0.31780E+01    0.92469E+03    0.29660E+01
    0.72447E+02   -0.34475E+01    0.96217E+03    0.29833E+01
    0.73818E+02   -0.36569E+01    0.98664E+03    0.29942E+01
    0.76763E+02   -0.38357E+01    0.98801E+03    0.29948E+01
    0.91111E+02   -0.13466E+01    0.42292E+03    0.26263E+01
    0.19824E+02   -0.24069E+01    0.16964E+04    0.32295E+01
    0.78220E+02   -0.93790E+01    0.15117E+04    0.31795E+01
    0.11596E+03   -0.21316E+02    0.56849E+03    0.27547E+01
    0.69548E+02   -0.90384E+01    0.17695E+04    0.32479E+01
    0.14037E+03   -0.12386E+01    0.12433E+04    0.30946E+01
    0.74412E+02   -0.95959E+01    0.15893E+04    0.32012E+01
    0.79358E+02   -0.10279E+02    0.14262E+04    0.31542E+01
    0.41986E+02   -0.29670E+01    0.18052E+04    0.32565E+01
    0.71895E+02   -0.22585E+01    0.60375E+03    0.27809E+01
    0.71810E+02   -0.29601E+01    0.82642E+03    0.29172E+01
    0.67652E+02   -0.26860E+01    0.80333E+03    0.29049E+01
    0.12171E+03   -0.14492E+02    0.11128E+04    0.30464E+01
    0.20034E+02   -0.17989E+01    0.14136E+04    0.31503E+01
    0.48923E+02   -0.25281E+02    0.25333E+03    0.24037E+01
    0.96319E+02   -0.89154E+01    0.15465E+04    0.31894E+01
    0.10750E+03   -0.79769E+01    0.13157E+04    0.31191E+01
    0.35927E+02   -0.29346E+01    0.20738E+04    0.33168E+01
    0.94214E+02   -0.23218E+01    0.71531E+03    0.28545E+01
    0.93582E+02   -0.32918E+01    0.98221E+03    0.29922E+01
    0.90667E+02   -0.30747E+01    0.79401E+03    0.28998E+01
    0.58631E+02   -0.91669E+01    0.16265E+04    0.32112E+01
    0.86452E+02   -0.28787E+01    0.70218E+03    0.28464E+01
    0.79571E+02   -0.26245E+01    0.67946E+03    0.28322E+01
    0.83626E+02   -0.28058E+01    0.68712E+03    0.28370E+01
    0.38581E+02   -0.34405E+01    0.23212E+04    0.33657E+01
    0.68111E+02   -0.87129E+00    0.37162E+03    0.25701E+01
    0.97878E+02   -0.23300E+01    0.77682E+03    0.28903E+01
    0.13201E+03   -0.33753E+01    0.19299E+04    0.32855E+01
    0.12364E+03   -0.77639E+01    0.23422E+04    0.33696E+01
    0.26019E+02   -0.14331E+01    0.14585E+04    0.31639E+01
    0.63379E+02   -0.10058E+02    0.16184E+04    0.32091E+01
    0.12744E+03   -0.84901E+01    0.22207E+04    0.33465E+01
    0.10553E+03   -0.15478E+01    0.91389E+03    0.29609E+01
    0.14067E+03   -0.64474E+01    0.12288E+04    0.30895E+01
    0.10901E+03   -0.69238E+00    0.75491E+03    0.28779E+01
    0.13120E+03   -0.22226E+01    0.15914E+04    0.32018E+01
    0.11977E+03   -0.77563E+01    0.20828E+04    0.33186E+01
    0.79543E+02   -0.19850E+01    0.52870E+03    0.27232E+01
    0.12092E+03   -0.21325E+01    0.13663E+04    0.31355E+01
    0.11715E+03   -0.21556E+01    0.13185E+04    0.31201E+01
    0.11339E+03   -0.22016E+01    0.12982E+04    0.31133E+01
    0.10836E+03   -0.23146E+01    0.12007E+04    0.30794E+01
    0.10445E+03   -0.22415E+01    0.10066E+04    0.30029E+01
    0.10063E+03   -0.23351E+01    0.88603E+03    0.29474E+01
    0.96850E+02   -0.23299E+01    0.78453E+03    0.28946E+01
    0.10990E+03   -0.16196E+02    0.66908E+03    0.28255E+01
    0.12471E+03   -0.21616E+01    0.16694E+04    0.32226E+01
    0.12359E+03   -0.20571E+01    0.15521E+04    0.31909E+01
    0.73913E+02   -0.12365E+01    0.40202E+03    0.26042E+01
    0.32473E+02   -0.32157E+01    0.20398E+04    0.33096E+01
    0.54836E+02   -0.16858E+01    0.85049E+03    0.29297E+01
    0.99456E+02   -0.23740E+01    0.85466E+03    0.29318E+01
    0.10328E+03   -0.22924E+01    0.98341E+03    0.29927E+01
    0.11225E+03   -0.22382E+01    0.13039E+04    0.31153E+01
    0.11605E+03   -0.21219E+01    0.13074E+04    0.31164E+01
    0.11983E+03   -0.20808E+01    0.13287E+04    0.31234E+01
    0.75174E+02   -0.37189E+01    0.97641E+03    0.29896E+01
    0.11749E+03   -0.75150E+00    0.86824E+03    0.29386E+01
    0.47925E+02   -0.88363E+01    0.19035E+04    0.32795E+01
    0.46974E+02   -0.25327E+01    0.11516E+04    0.30613E+01
    0.52631E+02   -0.99679E+01    0.15262E+04    0.31836E+01
    0.12178E+03   -0.77910E+01    0.21883E+04    0.33401E+01
    0.13160E+03   -0.13021E+01    0.12584E+04    0.30998E+01
    0.10402E+03   -0.24036E+02    0.41756E+03    0.26207E+01
    0.78253E+02   -0.16894E+02    0.74346E+03    0.28713E+01
    0.25326E+02   -0.30316E+01    0.20081E+04    0.33028E+01
    0.29014E+02   -0.32972E+01    0.21040E+04    0.33230E+01
    0.33302E+02   -0.84938E+01    0.18442E+04    0.32658E+01
    0.45346E+02   -0.12093E+01    0.76563E+03    0.28840E+01
    0.75050E+01   -0.55977E+00    0.68763E+03    0.28374E+01
    0.11578E+03   -0.62923E+01    0.20414E+04    0.33099E+01
    0.91223E+01   -0.92649E+00    0.68710E+03    0.28370E+01
    0.10280E+03   -0.79651E+01    0.13130E+04    0.31183E+01
    0.60611E+02   -0.97335E+01    0.15986E+04    0.32037E+01
    0.24304E+02   -0.79713E+01    0.15454E+04    0.31891E+01
    0.19120E+02   -0.23859E+01    0.16727E+04    0.32234E+01
    0.94865E+02   -0.32732E+01    0.10335E+04    0.30143E+01
    0.91488E+02   -0.16210E+02    0.84551E+03    0.29271E+01
    0.12266E+03   -0.12565E+01    0.10847E+04    0.30353E+01
    0.40339E+02   -0.10528E+02    0.16691E+04    0.32225E+01
    0.68891E+02   -0.92949E+00    0.38412E+03    0.25845E+01
    0.10333E+03   -0.17277E+01    0.85815E+03    0.29336E+01
    0.98721E+02   -0.78905E+01    0.14999E+04    0.31761E+01
    0.26728E+02   -0.36106E+01    0.21433E+04    0.33311E+01
    0.29553E+02   -0.91756E+01    0.14089E+04    0.31489E+01
    0.43152E+02   -0.26303E+00    0.65488E+03    0.28162E+01
    0.69221E+02   -0.24351E+02    0.30997E+03    0.24913E+01
    0.85549E+02   -0.88306E+01    0.15372E+04    0.31867E+01
    0.11696E+02   -0.35722E+01    0.12456E+04    0.30954E+01
    0.19550E+02   -0.85195E+01    0.14796E+04    0.31702E+01
    0.98532E+02   -0.90909E+01    0.14133E+04    0.31502E+01
    0.68993E+02   -0.17275E+02    0.64163E+03    0.28073E+01
    0.10862E+02   -0.12811E+01    0.73338E+03    0.28653E+01
    0.11651E+02   -0.12891E+01    0.77443E+03    0.28890E+01
    0.44904E+02   -0.26170E+01    0.12886E+04    0.31101E+01
    0.71440E+02   -0.18848E+01    0.51239E+03    0.27096E+01
    0.57011E+02   -0.19773E+01    0.82509E+03    0.29165E+01
    0.11337E+03   -0.16050E+01    0.10685E+04    0.30288E+01
    0.51150E+00   -0.11551E+01    0.75636E+03    0.28787E+01
    0.74750E+01   -0.48783E+01    0.99938E+03    0.29997E+01
    0.64630E+02   -0.45757E+01    0.14596E+04    0.31642E+01
    0.62928E+02   -0.22156E+01    0.69246E+03    0.28404E+01
    0.18500E+02   -0.56003E+01    0.20135E+04    0.33039E+01
    0.11060E+03   -0.76136E+01    0.15257E+04    0.31835E+01
    0.12637E+03   -0.78605E+01    0.23547E+04    0.33719E+01
    0.28167E+02   -0.17244E+01    0.16588E+04    0.32198E+01
    0.10519E+03   -0.58044E+01    0.13771E+04    0.31390E+01
    0.11014E+03   -0.22182E+01    0.11893E+04    0.30753E+01
    0.38161E+02   -0.22261E+01    0.14790E+04    0.31700E+01
    0.59766E+02   -0.14763E+01    0.60578E+03    0.27823E+01
    0.25659E+02   -0.93843E+01    0.12574E+04    0.30995E+01
    0.74493E+02   -0.33337E+01    0.88800E+03    0.29484E+01
    0.77516E+02   -0.35737E+01    0.91856E+03    0.29631E+01
    0.16743E+02   -0.17682E+01    0.12924E+04    0.31114E+01
    0.13483E+02   -0.60663E+01    0.15756E+04    0.31974E+01
    0.13097E+03   -0.21668E+02    0.79768E+03    0.29018E+01
    0.65534E+02   -0.34424E+01    0.10968E+04    0.30401E+01
    0.13291E+03   -0.21134E+02    0.83868E+03    0.29236E+01
    0.70962E+02   -0.18676E+01    0.50975E+03    0.27074E+01
    0.13961E+02   -0.42068E+01    0.16197E+04    0.32094E+01
    0.54038E+02   -0.45418E+01    0.17200E+04    0.32355E+01
    0.10260E+03   -0.58135E+01    0.13872E+04    0.31421E+01
    0.11713E+03   -0.15655E+01    0.10926E+04    0.30385E+01
    0.88814E+02   -0.19512E+01    0.48652E+03    0.26871E+01
    0.86102E+02   -0.86360E+00    0.35156E+03    0.25460E+01
    0.49285E+02   -0.11665E+01    0.66155E+03    0.28206E+01
    0.80657E+02   -0.97493E+01    0.14521E+04    0.31620E+01
    0.82771E+02   -0.12314E+01    0.39461E+03    0.25962E+01
    0.10922E+03   -0.25711E+02    0.40830E+03    0.26110E+01
    0.18085E+02   -0.25297E+02    0.49656E+03    0.26960E+01
    0.58568E+02   -0.25713E+02    0.22946E+03    0.23607E+01
    0.42625E+02   -0.27072E+01    0.15738E+04    0.31970E+01
    0.12856E+03   -0.23011E+01    0.17644E+04    0.32466E+01
    0.47846E+02   -0.18764E+02    0.43689E+03    0.26404E+01
    0.39752E+02   -0.94323E+01    0.20903E+04    0.33202E+01
    0.11145E+03   -0.62098E+01    0.17709E+04    0.32482E+01
    0.13096E+03   -0.76467E+01    0.20749E+04    0.33170E+01
    0.36583E+02   -0.88812E+01    0.20975E+04    0.33217E+01
    0.45551E+02   -0.26572E+01    0.12732E+04    0.31049E+01
    0.84157E+02   -0.94131E+00    0.36636E+03    0.25639E+01
    0.17805E+02   -0.23190E+01    0.16018E+04    0.32046E+01
    0.25226E+02   -0.19191E+01    0.16466E+04    0.32166E+01
    0.47658E+02   -0.24861E+01    0.11050E+04    0.30433E+01
    0.13886E+03   -0.21588E+01    0.12862E+04    0.31093E+01
    0.53519E+02   -0.18192E+02    0.43809E+03    0.26416E+01
    0.11915E+03   -0.61797E+01    0.22347E+04    0.33492E+01
    0.12085E+03   -0.57469E+01    0.23499E+04    0.33710E+01
    0.10290E+02   -0.44560E+01    0.11986E+04    0.30787E+01
    0.66236E+01   -0.10471E+01    0.71023E+03    0.28514E+01
    0.54984E+02   -0.34876E+01    0.13829E+04    0.31408E+01
    0.55810E+02   -0.25152E+01    0.10450E+04    0.30191E+01
    0.52301E+02   -0.84911E+00    0.66312E+03    0.28216E+01
    0.51260E+02   -0.37388E+01    0.15084E+04    0.31785E+01
    0.19469E+02   -0.55284E+01    0.20290E+04    0.33073E+01
    0.12089E+03   -0.15483E+01    0.11208E+04    0.30495E+01
    0.69906E+02   -0.18016E+01    0.49837E+03    0.26976E+01
    0.88319E+02   -0.19204E+01    0.47304E+03    0.26749E+01
    0.65271E+02   -0.60334E+01    0.17908E+04    0.32531E+01
    0.80946E+02   -0.85296E+01    0.14999E+04    0.31761E+01
    0.32119E+02   -0.93449E+00    0.11108E+04    0.30456E+01
    0.72340E+02   -0.13131E+01    0.42748E+03    0.26309E+01
    0.15727E+02   -0.16834E+01    0.12054E+04    0.30811E+01
    0.64753E+02   -0.97031E+01    0.17059E+04    0.32319E+01
    0.76313E+02   -0.33168E+01    0.84396E+03    0.29263E+01
    0.13182E+02   -0.38883E+01    0.14641E+04    0.31656E+01
    0.67733E+02   -0.20370E+01    0.61330E+03    0.27877E+01
    0.36553E+02   -0.87886E+00    0.97466E+03    0.29889E+01
    0.39304E+02   -0.31975E+01    0.21433E+04    0.33311E+01
    0.93449E+01   -0.20823E+01    0.83352E+03    0.29209E+01
    0.71756E+02   -0.93145E+01    0.16964E+04    0.32295E+01
    0.50013E+02   -0.32380E+01    0.13368E+04    0.31261E+01
    0.48797E+02   -0.28148E+01    0.11988E+04    0.30788E+01
    0.99637E+01   -0.16917E+01    0.78490E+03    0.28948E+01
    0.27977E+02   -0.24134E+02    0.39719E+03    0.25990E+01
    0.59173E+02   -0.15788E+01    0.64035E+03    0.28064E+01
    0.37914E+02   -0.12649E+01    0.10398E+04    0.30170E+01
    0.14575E+02   -0.35192E+01    0.16282E+04    0.32117E+01
    0.10130E+02   -0.91652E+01    0.11365E+04    0.30556E+01
    0.86949E+02   -0.18396E+01    0.46384E+03    0.26664E+01
    0.12522E+03   -0.13797E+01    0.12755E+04    0.31057E+01
    0.84368E+02   -0.25548E+02    0.35361E+03    0.25485E+01
    0.51264E+02   -0.18126E+01    0.82251E+03    0.29151E+01
    0.89798E+02   -0.92177E+01    0.16111E+04    0.32071E+01
    0.32018E+02   -0.14474E+02    0.79147E+03    0.28984E+01
    0.12290E+03   -0.13834E+02    0.12237E+04    0.30877E+01
    0.10517E+03   -0.13553E+02    0.84649E+03    0.29276E+01
    0.12875E+03   -0.12899E+01    0.13552E+04    0.31320E+01
    0.61763E+02   -0.39542E+01    0.12910E+04    0.31109E+01
    0.34134E+02   -0.12024E+01    0.11518E+04    0.30614E+01
    0.13518E+02   -0.15951E+01    0.96568E+03    0.29848E+01
    0.11197E+03   -0.14347E+01    0.93916E+03    0.29727E+01
    0.19722E+02   -0.38315E+01    0.20816E+04    0.33184E+01
    0.14728E+02   -0.96871E+01    0.12842E+04    0.31086E+01
    0.11835E+03   -0.62662E+01    0.21738E+04    0.33372E+01
    0.92446E+02   -0.31020E+01    0.84565E+03    0.29272E+01
    0.16210E+02   -0.16265E+01    0.11895E+04    0.30753E+01
    0.12472E+03   -0.15919E+01    0.13847E+04    0.31414E+01
    0.53911E+02   -0.96047E+01    0.15817E+04    0.31991E+01
    0.60270E+02   -0.17749E+01    0.66709E+03    0.28242E+01
    0.62667E+02   -0.12546E+01    0.50161E+03    0.27004E+01
    0.33194E+02   -0.30246E+01    0.19964E+04    0.33002E+01
    0.87387E+02   -0.18510E+01    0.46403E+03    0.26666E+01
    0.12978E+03   -0.98263E+00    0.12963E+04    0.31127E+01
    0.44883E+02   -0.74959E+01    0.23868E+04    0.33778E+01
    0.58589E+02   -0.23684E+02    0.27758E+03    0.24434E+01
    0.41530E+02   -0.19268E+01    0.12437E+04    0.30947E+01
    0.60444E+02   -0.35852E+01    0.12129E+04    0.30838E+01
    0.59207E+02   -0.32130E+01    0.11375E+04    0.30559E+01
    0.22474E+02   -0.54503E+01    0.20211E+04    0.33056E+01
    0.43385E+02   -0.88694E+01    0.21290E+04    0.33282E+01
    0.10884E+03   -0.14740E+01    0.95366E+03    0.29794E+01
    0.24913E+02   -0.25017E+01    0.18480E+04    0.32667E+01
    0.34516E+02   -0.82415E+01    0.20620E+04    0.33143E+01
    0.26067E+02   -0.22134E+01    0.18042E+04    0.32563E+01
    0.13222E+03   -0.27034E+02    0.67909E+03    0.28319E+01
    0.76153E+02   -0.27147E+02    0.28024E+03    0.24475E+01
    0.10672E+03   -0.27101E+02    0.37736E+03    0.25768E+01
    0.35631E+02   -0.27346E+02    0.27430E+03    0.24382E+01
    0.51070E+02   -0.27058E+02    0.22135E+03    0.23451E+01
    0.20673E+02   -0.27003E+02    0.43813E+03    0.26416E+01
    0.61024E+02   -0.27132E+02    0.21559E+03    0.23336E+01
    0.10144E+02   -0.27189E+02    0.58337E+03    0.27659E+01
    0.11691E+03   -0.26999E+02    0.46667E+03    0.26690E+01
    0.91549E+02   -0.26912E+02    0.34168E+03    0.25336E+01
    0.86587E+02   -0.27045E+02    0.32866E+03    0.25168E+01
    0.55191E+02   -0.15358E+02    0.65613E+03    0.28170E+01
    0.81447E+02   -0.16565E+01    0.44555E+03    0.26489E+01
    0.55634E+02   -0.21649E+02    0.31852E+03    0.25031E+01
    0.30579E+02   -0.64038E+01    0.21092E+04    0.33241E+01
    0.16678E+02   -0.44377E+01    0.19819E+04    0.32971E+01
    0.12817E+03   -0.79782E+01    0.23337E+04    0.33680E+01
    0.10859E+03   -0.74971E+01    0.14077E+04    0.31485E+01
    0.92405E+02   -0.21443E+02    0.52160E+03    0.27173E+01
    0.20204E+02   -0.30830E+01    0.19495E+04    0.32899E+01
    0.33089E+02   -0.26184E+02    0.30606E+03    0.24858E+01
    0.29749E+02   -0.31578E+01    0.20401E+04    0.33097E+01
    0.35426E+02   -0.92503E+01    0.18820E+04    0.32746E+01
    0.31578E+01   -0.46196E+01    0.81937E+03    0.29135E+01
    0.29358E+02   -0.83341E+00    0.13485E+04    0.31299E+01
    0.41726E+02   -0.10361E+02    0.17144E+04    0.32341E+01
    0.33453E+02   -0.23890E+02    0.33928E+03    0.25306E+01
    0.25926E+02   -0.28147E+01    0.19662E+04    0.32936E+01
    0.56667E+01   -0.50059E+01    0.90436E+03    0.29563E+01
    0.75533E+01   -0.25801E+02    0.62997E+03    0.27993E+01
    0.46665E+02   -0.31455E+01    0.14513E+04    0.31618E+01
    0.98397E+02   -0.23895E+01    0.79060E+03    0.28980E+01
    0.85608E+02   -0.17869E+01    0.45571E+03    0.26587E+01
    0.10418E+03   -0.25962E+02    0.38284E+03    0.25830E+01
    0.35466E+02   -0.18821E+01    0.14329E+04    0.31562E+01
    0.89621E+00   -0.25605E+01    0.77223E+03    0.28877E+01
    0.11234E+03   -0.16874E+01    0.10673E+04    0.30283E+01
    0.94326E+02   -0.86421E+01    0.16539E+04    0.32185E+01
    0.12124E+03   -0.74059E+00    0.86904E+03    0.29390E+01
    0.30803E+02   -0.90356E+01    0.15190E+04    0.31816E+01
    0.23855E+02   -0.46079E+01    0.21088E+04    0.33240E+01
    0.47422E+02   -0.20900E+02    0.35206E+03    0.25466E+01
    0.40314E+02   -0.27502E+02    0.25515E+03    0.24068E+01
    0.67148E+02   -0.87857E+01    0.18354E+04    0.32637E+01
    0.82922E+02   -0.19086E+02    0.60770E+03    0.27837E+01
    0.13796E+02   -0.72117E+01    0.15238E+04    0.31829E+01
    0.75392E+01   -0.11686E+01    0.71432E+03    0.28539E+01
    0.27516E+02   -0.35798E+01    0.21532E+04    0.33331E+01
    0.58320E+02   -0.21377E+01    0.83745E+03    0.29230E+01
    0.99460E+02   -0.17686E+01    0.70057E+03    0.28454E+01
    0.90575E+02   -0.85441E+01    0.16750E+04    0.32240E+01
    0.11867E+02   -0.80006E+01    0.13366E+04    0.31260E+01
    0.84830E+02   -0.80774E+01    0.15212E+04    0.31822E+01
    0.64789E+02   -0.22786E+01    0.68441E+03    0.28353E+01
    0.10222E+03   -0.23191E+01    0.91800E+03    0.29628E+01
    0.19853E+02   -0.64980E+01    0.18755E+04    0.32731E+01
    0.85300E+02   -0.27612E+01    0.63898E+03    0.28055E+01
    0.91917E+02   -0.23560E+01    0.63781E+03    0.28047E+01
    0.12313E+03   -0.25876E+02    0.59467E+03    0.27743E+01
    0.25050E+02   -0.37558E+01    0.21206E+04    0.33265E+01
    0.20855E+02   -0.85712E+01    0.14592E+04    0.31641E+01
    0.72630E+02   -0.86538E+01    0.17196E+04    0.32354E+01
    0.14211E+02   -0.51492E+01    0.16955E+04    0.32293E+01
    0.27001E+02   -0.93890E+01    0.12773E+04    0.31063E+01
    0.82693E+02   -0.21444E+02    0.48515E+03    0.26859E+01
    0.68378E+02   -0.11845E+01    0.41855E+03    0.26217E+01
    0.16871E+02   -0.84777E+01    0.14754E+04    0.31689E+01
    0.44188E+02   -0.46197E+01    0.23410E+04    0.33694E+01
    0.13351E+03   -0.21802E+01    0.15205E+04    0.31820E+01
    0.88391E+02   -0.18153E+02    0.68304E+03    0.28344E+01
    0.11048E+03   -0.25967E+01    0.13447E+04    0.31286E+01
    0.83936E+02   -0.12847E+01    0.42017E+03    0.26234E+01
    0.82139E+02   -0.70255E+01    0.14528E+04    0.31622E+01
    0.92629E+02   -0.15224E+02    0.95145E+03    0.29784E+01
    0.50473E+02   -0.69261E+01    0.21040E+04    0.33230E+01
    0.13401E+03   -0.34435E+01    0.17273E+04    0.32374E+01
    0.45749E+02   -0.83799E+01    0.21380E+04    0.33300E+01
    0.13178E+03   -0.58053E+01    0.21627E+04    0.33350E+01
    0.10172E+03   -0.73958E+01    0.13802E+04    0.31399E+01
    0.94973E+02   -0.11430E+01    0.44094E+03    0.26444E+01
    0.84865E+02   -0.17648E+01    0.48530E+03    0.26860E+01
    0.66154E+02   -0.80283E+01    0.18912E+04    0.32767E+01
    0.11185E+03   -0.27110E+02    0.41215E+03    0.26151E+01
    0.56233E+02   -0.87093E+01    0.17145E+04    0.32341E+01
    0.89514E+02   -0.30109E+01    0.73229E+03    0.28647E+01
    0.20034E+02   -0.46585E+01    0.21169E+04    0.33257E+01
    0.52470E+02   -0.12276E+01    0.74399E+03    0.28716E+01
    0.56094E+02   -0.27082E+02    0.21161E+03    0.23255E+01
    0.15312E+02   -0.26793E+02    0.51530E+03    0.27121E+01
    0.71877E+02   -0.70094E+01    0.17284E+04    0.32376E+01
    0.47874E+02   -0.19111E+01    0.89449E+03    0.29516E+01
    0.12503E+03   -0.68015E+00    0.10044E+04    0.30019E+01
    0.29086E+02   -0.73198E+01    0.17669E+04    0.32472E+01
    0.25220E+02   -0.83660E+01    0.14603E+04    0.31644E+01
    0.18711E+02   -0.15896E+02    0.76558E+03    0.28840E+01
    0.13356E+03   -0.15745E+01    0.13587E+04    0.31331E+01
    0.43294E+02   -0.12417E+01    0.82936E+03    0.29187E+01
    0.94411E+01   -0.22119E+02    0.67271E+03    0.28278E+01
    0.14079E+03   -0.17861E+02    0.96364E+03    0.29839E+01
    0.63595E+02   -0.25933E+02    0.24141E+03    0.23828E+01
    0.13483E+03   -0.16679E+01    0.14543E+04    0.31627E+01
    0.34475E+02   -0.64636E+01    0.26279E+04    0.34196E+01
    0.18789E+02   -0.29259E+01    0.18818E+04    0.32746E+01
    0.96181E+02   -0.32723E+01    0.10710E+04    0.30298E+01
    0.70870E+02   -0.12790E+01    0.43594E+03    0.26394E+01
    0.99806E+02   -0.73711E+01    0.14762E+04    0.31691E+01
    0.79979E+02   -0.16351E+01    0.45315E+03    0.26562E+01
    0.75466E+02   -0.15754E+02    0.86075E+03    0.29349E+01
    0.36732E+02   -0.12278E+01    0.10997E+04    0.30413E+01
    0.65618E+02   -0.14913E+02    0.86678E+03    0.29379E+01
    0.96073E+02   -0.21998E+02    0.47770E+03    0.26792E+01
    0.54594E+02   -0.60991E+01    0.19230E+04    0.32840E+01
    0.80487E+02   -0.16141E+01    0.44984E+03    0.26531E+01
    0.12259E+03   -0.19572E+02    0.76934E+03    0.28861E+01
    0.84779E+02   -0.18130E+02    0.67441E+03    0.28289E+01
    0.80289E+02   -0.77741E+01    0.15000E+04    0.31761E+01
    0.69205E+02   -0.11720E+01    0.41634E+03    0.26194E+01
    0.29911E+02   -0.12656E+02    0.96313E+03    0.29837E+01
    0.88205E+02   -0.12884E+01    0.39800E+03    0.25999E+01
    0.98851E+02   -0.57676E+01    0.15075E+04    0.31783E+01
    0.10073E+03   -0.92699E+01    0.12958E+04    0.31125E+01
    0.97481E+02   -0.33335E+01    0.10928E+04    0.30385E+01
    0.11117E+03   -0.13069E+02    0.93456E+03    0.29706E+01
    0.42765E+02   -0.50080E+00    0.68575E+03    0.28362E+01
    0.12035E+03   -0.31517E+01    0.17862E+04    0.32519E+01
    0.11910E+03   -0.30884E+01    0.17323E+04    0.32386E+01
    0.11784E+03   -0.31179E+01    0.17202E+04    0.32356E+01
    0.11658E+03   -0.31802E+01    0.17274E+04    0.32374E+01
    0.11533E+03   -0.31195E+01    0.16967E+04    0.32296E+01
    0.11406E+03   -0.31530E+01    0.16799E+04    0.32253E+01
    0.11280E+03   -0.32283E+01    0.16691E+04    0.32225E+01
    0.11158E+03   -0.32471E+01    0.16198E+04    0.32095E+01
    0.11034E+03   -0.32145E+01    0.15424E+04    0.31882E+01
    0.10902E+03   -0.32237E+01    0.14590E+04    0.31641E+01
    0.10776E+03   -0.32695E+01    0.13872E+04    0.31422E+01
    0.10652E+03   -0.32308E+01    0.13077E+04    0.31165E+01
    0.10520E+03   -0.32479E+01    0.12278E+04    0.30891E+01
    0.10390E+03   -0.33076E+01    0.11917E+04    0.30762E+01
    0.98784E+02   -0.33366E+01    0.11113E+04    0.30458E+01
    0.10263E+03   -0.33055E+01    0.11682E+04    0.30675E+01
    0.10133E+03   -0.33197E+01    0.11428E+04    0.30580E+01
    0.10006E+03   -0.33392E+01    0.11297E+04    0.30530E+01
    0.12286E+03   -0.30575E+01    0.19415E+04    0.32881E+01
    0.12160E+03   -0.30878E+01    0.18307E+04    0.32626E+01
    0.86324E+02   -0.12410E+01    0.39866E+03    0.26006E+01
    0.18247E+02   -0.72813E+01    0.17537E+04    0.32440E+01
    0.38667E+02   -0.12879E+01    0.10089E+04    0.30038E+01
    0.26467E+02   -0.30178E+01    0.20347E+04    0.33085E+01
    0.86752E+02   -0.83996E+01    0.15790E+04    0.31984E+01
    0.83928E+02   -0.15384E+02    0.94444E+03    0.29752E+01
    0.12411E+03   -0.31186E+01    0.20844E+04    0.33190E+01
    0.55273E+02   -0.74722E+00    0.61445E+03    0.27885E+01
    0.84677E+00   -0.16753E+02    0.81603E+03    0.29117E+01
    0.49873E+02   -0.17969E+02    0.46198E+03    0.26646E+01
    0.10777E+03   -0.11132E+01    0.91703E+03    0.29624E+01
    0.13471E+03   -0.25631E+02    0.73902E+03    0.28687E+01
    0.10290E+03   -0.91952E+01    0.12122E+04    0.30836E+01
    0.26833E+02   -0.75071E+01    0.16268E+04    0.32113E+01
    0.10514E+03   -0.90889E+01    0.11703E+04    0.30683E+01
    0.10738E+03   -0.92025E+01    0.11860E+04    0.30741E+01
    0.10956E+03   -0.93573E+01    0.12460E+04    0.30955E+01
    0.11173E+03   -0.94109E+01    0.13423E+04    0.31279E+01
    0.11393E+03   -0.93442E+01    0.14722E+04    0.31680E+01
    0.11622E+03   -0.92411E+01    0.16135E+04    0.32078E+01
    0.11850E+03   -0.93650E+01    0.17164E+04    0.32346E+01
    0.12071E+03   -0.95457E+01    0.17984E+04    0.32549E+01
    0.12294E+03   -0.95402E+01    0.18968E+04    0.32780E+01
    0.24962E+02   -0.15264E+01    0.14392E+04    0.31581E+01
    0.86076E+02   -0.18162E+01    0.45807E+03    0.26609E+01
    0.46606E+02   -0.25708E+02    0.25915E+03    0.24136E+01
    0.13473E+03   -0.40126E+01    0.16982E+04    0.32300E+01
    0.76652E+02   -0.22684E+02    0.38933E+03    0.25903E+01
    0.12645E+03   -0.30230E+01    0.21490E+04    0.33322E+01
    0.10838E+02   -0.81954E+01    0.12574E+04    0.30995E+01
    0.83663E+02   -0.21663E+01    0.54352E+03    0.27352E+01
    0.10135E+02   -0.64024E+01    0.12497E+04    0.30968E+01
    0.78843E+02   -0.37035E+01    0.93993E+03    0.29731E+01
    0.61374E+02   -0.71984E+01    0.18604E+04    0.32696E+01
    0.12520E+03   -0.95563E+01    0.19648E+04    0.32933E+01
    0.12532E+03   -0.31028E+01    0.21564E+04    0.33337E+01
    0.67618E+02   -0.88531E+00    0.37403E+03    0.25729E+01
    0.61496E+01   -0.10214E+01    0.71584E+03    0.28548E+01
    0.70681E+02   -0.86127E+01    0.17748E+04    0.32492E+01
    0.11619E+03   -0.15721E+01    0.10739E+04    0.30309E+01
    0.43643E+02   -0.92465E+00    0.72471E+03    0.28602E+01
    0.45781E+02   -0.20633E+01    0.10194E+04    0.30083E+01
    0.63390E+02   -0.12564E+01    0.50955E+03    0.27072E+01
    0.82974E+02   -0.99650E+01    0.14369E+04    0.31574E+01
    0.42716E+02   -0.20816E+01    0.12195E+04    0.30862E+01
    0.51782E+02   -0.43480E+01    0.17045E+04    0.32316E+01
    0.80172E+02   -0.37820E+01    0.94442E+03    0.29752E+01
    0.88158E+01   -0.12487E+01    0.71835E+03    0.28563E+01
    0.81520E+02   -0.38539E+01    0.94736E+03    0.29765E+01
    0.82891E+02   -0.39286E+01    0.95320E+03    0.29792E+01
    0.84270E+02   -0.39443E+01    0.95601E+03    0.29805E+01
    0.85651E+02   -0.39955E+01    0.97800E+03    0.29903E+01
    0.87029E+02   -0.41274E+01    0.10273E+04    0.30117E+01
    0.88442E+02   -0.41522E+01    0.10726E+04    0.30304E+01
    0.89863E+02   -0.42161E+01    0.11267E+04    0.30518E+01
    0.98036E+02   -0.71901E+01    0.15722E+04    0.31965E+01
    0.91292E+02   -0.42924E+01    0.11874E+04    0.30746E+01
    0.92734E+02   -0.43603E+01    0.12765E+04    0.31060E+01
    0.95352E+02   -0.89482E+00    0.40898E+03    0.26117E+01
    0.94161E+02   -0.44915E+01    0.13459E+04    0.31290E+01
    0.88791E+02   -0.74932E+01    0.16250E+04    0.32109E+01
    0.11812E+03   -0.13502E+02    0.11399E+04    0.30569E+01
    0.91871E+02   -0.30266E+01    0.79985E+03    0.29030E+01
    0.78932E+02   -0.17673E+01    0.47799E+03    0.26794E+01
    0.32451E+02   -0.11936E+01    0.11599E+04    0.30644E+01
    0.73656E+02   -0.87328E+01    0.16801E+04    0.32253E+01
    0.71592E+02   -0.13046E+01    0.43733E+03    0.26408E+01
    0.12721E+03   -0.40281E+01    0.24681E+04    0.33924E+01
    0.12154E+03   -0.27251E+02    0.53538E+03    0.27287E+01
    0.32910E+02   -0.95329E+00    0.10917E+04    0.30381E+01
    0.40997E+02   -0.16314E+01    0.10945E+04    0.30392E+01
    0.85304E+02   -0.10115E+02    0.14520E+04    0.31620E+01
    0.87575E+02   -0.10390E+02    0.14646E+04    0.31657E+01
    0.89891E+02   -0.10531E+02    0.14789E+04    0.31699E+01
    0.92340E+02   -0.10557E+02    0.14698E+04    0.31673E+01
    0.55270E+02   -0.79610E+01    0.18249E+04    0.32612E+01
    0.94801E+02   -0.10786E+02    0.13830E+04    0.31408E+01
    0.97189E+02   -0.11098E+02    0.12646E+04    0.31019E+01
    0.66880E+02   -0.36542E+01    0.11431E+04    0.30581E+01
    0.52334E+01   -0.13944E+02    0.87434E+03    0.29417E+01
    0.44435E+02   -0.17314E+02    0.52265E+03    0.27182E+01
    0.81302E+02   -0.17754E+02    0.69621E+03    0.28427E+01
    0.43981E+02   -0.19389E+02    0.41704E+03    0.26202E+01
    0.12662E+03   -0.45908E+01    0.26139E+04    0.34173E+01
    0.28023E+02   -0.26203E+02    0.35761E+03    0.25534E+01
    0.18411E+02   -0.22767E+02    0.55207E+03    0.27420E+01
    0.13478E+03   -0.22873E+02    0.80858E+03    0.29077E+01
    0.31334E+02   -0.82082E+00    0.11248E+04    0.30511E+01
    0.13682E+03   -0.15275E+02    0.10539E+04    0.30228E+01
    0.30336E+01   -0.28148E+01    0.77862E+03    0.28913E+01
    0.62331E+02   -0.45388E+01    0.14597E+04    0.31643E+01
    0.12461E+03   -0.16586E+02    0.98559E+03    0.29937E+01
    0.93884E+02   -0.25564E+02    0.37718E+03    0.25766E+01
    0.67056E+02   -0.10022E+02    0.16678E+04    0.32221E+01
    0.68203E+02   -0.38086E+01    0.11590E+04    0.30641E+01
    0.45915E+02   -0.31935E+01    0.15386E+04    0.31871E+01
    0.69555E+02   -0.39554E+01    0.11679E+04    0.30674E+01
    0.70936E+02   -0.41228E+01    0.11822E+04    0.30727E+01
    0.72326E+02   -0.42824E+01    0.11981E+04    0.30785E+01
    0.43919E+02   -0.40506E+01    0.21341E+04    0.33292E+01
    0.73728E+02   -0.44444E+01    0.12076E+04    0.30819E+01
    0.11569E+02   -0.22951E+01    0.99362E+03    0.29972E+01
    0.75168E+02   -0.45337E+01    0.11998E+04    0.30791E+01
    0.76629E+02   -0.46600E+01    0.11980E+04    0.30785E+01
    0.22552E+02   -0.73841E+01    0.16591E+04    0.32199E+01
    0.10365E+03   -0.19747E+02    0.52304E+03    0.27185E+01
    0.14230E+03   -0.12694E+01    0.12288E+04    0.30895E+01
    0.13907E+03   -0.29848E+01    0.12876E+04    0.31098E+01
    0.12749E+03   -0.96615E+01    0.19425E+04    0.32884E+01
    0.10367E+03   -0.15976E+02    0.69707E+03    0.28433E+01
    0.40587E+02   -0.34814E+01    0.22347E+04    0.33492E+01
    0.11347E+03   -0.16458E+02    0.69904E+03    0.28445E+01
    0.10000E+03   -0.10120E+01    0.55786E+03    0.27465E+01
    0.50485E+02   -0.38839E+01    0.15540E+04    0.31915E+01
    0.69359E+02   -0.10345E+02    0.16074E+04    0.32061E+01
    0.71704E+02   -0.10627E+02    0.15321E+04    0.31853E+01
    0.74137E+02   -0.10939E+02    0.14399E+04    0.31583E+01
    0.76630E+02   -0.11397E+02    0.13502E+04    0.31304E+01
    0.79105E+02   -0.11797E+02    0.12746E+04    0.31054E+01
    0.11063E+03   -0.66967E+01    0.16671E+04    0.32220E+01
    0.48059E+02   -0.29977E+01    0.12892E+04    0.31103E+01
    0.11115E+03   -0.23143E+01    0.12846E+04    0.31088E+01
    0.49271E+02   -0.33635E+01    0.14052E+04    0.31477E+01
    0.96445E+02   -0.27152E+02    0.35717E+03    0.25529E+01
    0.13822E+03   -0.17423E+02    0.97861E+03    0.29906E+01
    0.10185E+03   -0.18849E+02    0.56374E+03    0.27511E+01
    0.41873E+02   -0.36979E+01    0.22224E+04    0.33468E+01
    0.10525E+03   -0.76657E+00    0.77636E+03    0.28901E+01
    0.61316E+02   -0.91904E+00    0.49113E+03    0.26912E+01
    0.13480E+03   -0.15654E+02    0.10491E+04    0.30208E+01
    0.23174E+02   -0.25868E+02    0.41610E+03    0.26192E+01
    0.12799E+03   -0.20098E+01    0.16410E+04    0.32151E+01
    0.31618E+02   -0.11301E+01    0.11798E+04    0.30718E+01
    0.56133E+02   -0.99992E+01    0.14827E+04    0.31710E+01
    0.11997E+03   -0.15336E+01    0.10860E+04    0.30358E+01
    0.12343E+02   -0.10792E+02    0.11205E+04    0.30494E+01
    0.50121E+02   -0.87731E+00    0.61572E+03    0.27894E+01
    0.34458E+02   -0.33804E+01    0.22359E+04    0.33495E+01
    0.42790E+02   -0.10143E+01    0.77220E+03    0.28877E+01
    0.94301E+02   -0.17739E+01    0.57332E+03    0.27584E+01
    0.56146E+02   -0.92170E+00    0.62981E+03    0.27992E+01
    0.29858E+02   -0.85907E+00    0.13084E+04    0.31168E+01
    0.49314E+02   -0.22524E+02    0.29847E+03    0.24749E+01
    0.60984E+02   -0.41516E+01    0.13705E+04    0.31369E+01
    0.58369E+02   -0.10464E+02    0.13990E+04    0.31458E+01
    0.13706E+03   -0.13289E+02    0.11507E+04    0.30610E+01
    0.60637E+02   -0.10954E+02    0.13576E+04    0.31328E+01
    0.58491E+02   -0.33780E+01    0.12121E+04    0.30835E+01
    0.63104E+02   -0.11423E+02    0.13493E+04    0.31301E+01
    0.91077E+02   -0.12912E+02    0.12027E+04    0.30801E+01
    0.59695E+02   -0.37618E+01    0.12900E+04    0.31106E+01
    0.34947E+02   -0.15838E+01    0.12924E+04    0.31114E+01
    0.74084E+01   -0.13676E+02    0.90842E+03    0.29583E+01
    0.65262E+02   -0.23550E+01    0.70457E+03    0.28479E+01
    0.68832E+02   -0.83813E+01    0.18447E+04    0.32659E+01
    0.21970E+02   -0.23502E+01    0.17069E+04    0.32322E+01
    0.35746E+02   -0.36676E+01    0.24437E+04    0.33880E+01
    0.12841E+03   -0.46338E+01    0.25408E+04    0.34050E+01
    0.37066E+02   -0.39683E+01    0.26029E+04    0.34155E+01
    0.13336E+02   -0.20239E+01    0.11079E+04    0.30445E+01
    0.38398E+02   -0.42563E+01    0.27158E+04    0.34339E+01
    0.93352E+02   -0.85808E+01    0.16804E+04    0.32254E+01
    0.67552E+02   -0.22916E+02    0.35156E+03    0.25460E+01
    0.38632E+02   -0.78173E+01    0.25526E+04    0.34070E+01
    0.16666E+02   -0.61095E+01    0.18819E+04    0.32746E+01
    0.70214E+02   -0.20447E+02    0.44899E+03    0.26522E+01
    0.18126E+02   -0.28972E+01    0.18460E+04    0.32662E+01
    0.13661E+03   -0.19953E+01    0.14459E+04    0.31601E+01
    0.85875E+02   -0.15441E+02    0.93975E+03    0.29730E+01
    0.50199E+02   -0.16047E+02    0.59451E+03    0.27742E+01
    0.45466E+02   -0.94879E+01    0.18433E+04    0.32656E+01
    0.58538E+02   -0.96181E+00    0.53860E+03    0.27313E+01
    0.57996E+02   -0.82858E+01    0.17654E+04    0.32469E+01
    0.29026E+02   -0.11473E+01    0.14444E+04    0.31597E+01
    0.57028E+02   -0.18129E+02    0.45330E+03    0.26564E+01
    0.12372E+03   -0.15186E+01    0.12779E+04    0.31065E+01
    0.10435E+03   -0.16822E+01    0.87091E+03    0.29400E+01
    0.97157E+02   -0.71239E+01    0.16162E+04    0.32085E+01
    0.30987E+02   -0.36152E+01    0.21216E+04    0.33267E+01
    0.41854E+02   -0.88771E+00    0.75308E+03    0.28768E+01
    0.98123E+02   -0.25530E+02    0.39132E+03    0.25925E+01
    0.47648E+02   -0.10079E+02    0.16124E+04    0.32075E+01
    0.21433E+02   -0.14707E+01    0.12874E+04    0.31097E+01
    0.49927E+02   -0.10689E+02    0.14163E+04    0.31512E+01
    0.40161E+02   -0.21701E+02    0.34052E+03    0.25321E+01
    0.41381E+02   -0.86938E+00    0.77287E+03    0.28881E+01
    0.14175E+03   -0.20861E+02    0.89749E+03    0.29530E+01
    0.31917E+02   -0.22458E+02    0.39216E+03    0.25935E+01
    0.52348E+02   -0.11229E+02    0.12743E+04    0.31053E+01
    0.91542E+02   -0.85320E+01    0.16868E+04    0.32271E+01
    0.65507E+02   -0.16663E+02    0.66073E+03    0.28200E+01
    0.12134E+03   -0.16270E+02    0.96654E+03    0.29852E+01
    0.84610E+02   -0.22827E+02    0.43296E+03    0.26364E+01
    0.84769E+02   -0.27540E+01    0.64085E+03    0.28068E+01
    0.78594E+02   -0.15091E+02    0.91323E+03    0.29606E+01
    0.70572E+02   -0.18582E+02    0.55718E+03    0.27460E+01
    0.57717E+01   -0.13611E+01    0.73932E+03    0.28688E+01
    0.11988E+03   -0.68336E+01    0.22281E+04    0.33479E+01
    0.13413E+03   -0.26055E+01    0.16061E+04    0.32058E+01
    0.32269E+02   -0.39828E+01    0.22554E+04    0.33532E+01
    0.61522E+02   -0.12467E+01    0.53103E+03    0.27251E+01
    0.32924E+02   -0.97359E+01    0.15293E+04    0.31845E+01
    0.53615E+02   -0.16278E+02    0.56565E+03    0.27526E+01
    0.82060E+02   -0.81056E+01    0.14978E+04    0.31755E+01
    0.13970E+03   -0.25649E+02    0.79326E+03    0.28994E+01
    0.84641E+02   -0.91893E+00    0.36635E+03    0.25639E+01
    0.68413E+02   -0.14388E+02    0.10059E+04    0.30026E+01
    0.10012E+03   -0.15909E+02    0.73625E+03    0.28670E+01
    0.43299E+02   -0.17941E+01    0.10519E+04    0.30220E+01
    0.13602E+03   -0.20665E+01    0.14934E+04    0.31742E+01
    0.15364E+02   -0.11065E+02    0.11562E+04    0.30630E+01
    0.13777E+03   -0.18542E+01    0.13603E+04    0.31336E+01
    0.17995E+02   -0.17577E+01    0.13409E+04    0.31274E+01
    0.35093E+02   -0.10465E+02    0.15130E+04    0.31798E+01
    0.42265E+02   -0.19490E+02    0.40999E+03    0.26128E+01
    0.79363E+02   -0.76319E+01    0.15117E+04    0.31795E+01
    0.48841E+02   -0.15037E+02    0.72200E+03    0.28585E+01
    0.28750E+02   -0.40855E+01    0.21954E+04    0.33415E+01
    0.37399E+02   -0.11109E+02    0.14494E+04    0.31612E+01
    0.12270E+03   -0.17512E+02    0.89811E+03    0.29533E+01
    0.13725E+03   -0.27098E+02    0.74062E+03    0.28696E+01
    0.17728E+02   -0.12342E+01    0.11432E+04    0.30581E+01
    0.10716E+03   -0.21779E+02    0.46949E+03    0.26716E+01
    0.39806E+02   -0.11897E+02    0.12756E+04    0.31057E+01
    0.67434E+01   -0.70488E+01    0.99799E+03    0.29991E+01
    0.10833E+03   -0.18058E+01    0.10511E+04    0.30217E+01
    0.67688E+02   -0.67687E+01    0.18418E+04    0.32653E+01
    0.43145E+02   -0.15673E+02    0.66241E+03    0.28211E+01
    0.13319E+03   -0.74202E+01    0.18180E+04    0.32596E+01
    0.81393E+02   -0.64780E+01    0.14067E+04    0.31482E+01
    0.29167E+02   -0.10326E+02    0.12066E+04    0.30816E+01
    0.17612E+02   -0.17246E+02    0.71824E+03    0.28563E+01
    0.93229E+02   -0.23090E+01    0.67660E+03    0.28303E+01
    0.22863E+02   -0.95461E+01    0.12633E+04    0.31015E+01
    0.57382E+01   -0.38239E+01    0.86436E+03    0.29367E+01
    0.73720E+02   -0.26225E+02    0.28125E+03    0.24491E+01
    0.41974E+02   -0.21554E+02    0.34368E+03    0.25362E+01
    0.37763E+02   -0.18284E+01    0.12502E+04    0.30970E+01
    0.13082E+03   -0.12343E+01    0.13120E+04    0.31179E+01
    0.12701E+03   -0.33042E+01    0.22654E+04    0.33551E+01
    0.13558E+03   -0.72165E+01    0.15243E+04    0.31831E+01
    0.16791E+02   -0.11059E+02    0.11596E+04    0.30643E+01
    0.11535E+03   -0.19130E+02    0.62514E+03    0.27960E+01
    0.31323E+02   -0.15815E+02    0.66570E+03    0.28233E+01
    0.55946E+02   -0.19244E+01    0.85912E+03    0.29341E+01
    0.57074E+02   -0.81271E+01    0.17980E+04    0.32548E+01
    0.18848E+02   -0.96660E+01    0.12997E+04    0.31138E+01
    0.26346E+02   -0.43262E+01    0.21546E+04    0.33334E+01
    0.27457E+02   -0.24381E+01    0.19135E+04    0.32818E+01
    0.62521E+02   -0.18234E+01    0.58800E+03    0.27694E+01
    0.51118E+02   -0.89646E+00    0.64338E+03    0.28085E+01
    0.95533E+02   -0.36536E+01    0.11699E+04    0.30682E+01
    0.84576E+02   -0.20601E+01    0.53667E+03    0.27297E+01
    0.76706E+02   -0.15138E+01    0.44183E+03    0.26453E+01
    0.73407E+02   -0.24247E+02    0.32809E+03    0.25160E+01
    0.88719E+02   -0.86139E+01    0.16219E+04    0.32100E+01
    0.74136E+02   -0.16992E+01    0.48127E+03    0.26824E+01
    0.31797E+02   -0.18848E+02    0.50390E+03    0.27023E+01
    0.99596E+02   -0.98723E+01    0.12905E+04    0.31108E+01
    0.28746E+02   -0.17460E+02    0.56750E+03    0.27540E+01
    0.12787E+03   -0.40724E+01    0.24458E+04    0.33884E+01
    0.83862E+02   -0.80258E+01    0.15061E+04    0.31779E+01
    0.85612E+02   -0.85885E+00    0.35037E+03    0.25445E+01
    0.25011E+02   -0.10585E+02    0.10868E+04    0.30361E+01
    0.53902E+02   -0.14735E+01    0.79879E+03    0.29024E+01
    0.10057E+03   -0.17702E+01    0.72950E+03    0.28630E+01
    0.60143E+02   -0.78694E+00    0.49248E+03    0.26924E+01
    0.34375E+02   -0.16851E+01    0.13419E+04    0.31277E+01
    0.88993E+02   -0.30025E+01    0.72101E+03    0.28579E+01
    0.95503E+02   -0.72005E+01    0.16738E+04    0.32237E+01
    0.11527E+03   -0.56559E+01    0.20513E+04    0.33120E+01
    0.13324E+03   -0.18531E+02    0.92362E+03    0.29655E+01
    0.39618E+02   -0.73427E+01    0.26775E+04    0.34277E+01
    0.12653E+03   -0.69166E+01    0.25495E+04    0.34064E+01
    0.78127E+02   -0.40329E+01    0.10249E+04    0.30107E+01
    0.77561E+02   -0.74934E+01    0.15415E+04    0.31879E+01
    0.30063E+02   -0.57207E+01    0.21924E+04    0.33409E+01
    0.56552E+02   -0.11937E+01    0.65674E+03    0.28174E+01
    0.85622E+02   -0.65718E+01    0.14427E+04    0.31592E+01
    0.35337E+02   -0.86735E+00    0.10549E+04    0.30232E+01
    0.89875E+02   -0.15335E+02    0.93031E+03    0.29686E+01
    0.12453E+03   -0.77558E+01    0.23755E+04    0.33758E+01
    0.14797E+02   -0.15387E+02    0.84630E+03    0.29275E+01
    0.43147E+02   -0.25859E+02    0.26761E+03    0.24275E+01
    0.81710E+02   -0.10623E+02    0.13838E+04    0.31411E+01
    0.96827E+02   -0.17947E+01    0.63662E+03    0.28039E+01
    0.84890E+02   -0.12357E+01    0.41063E+03    0.26135E+01
    0.25738E+02   -0.16110E+02    0.64873E+03    0.28121E+01
    0.51449E+02   -0.51918E+01    0.19079E+04    0.32806E+01
    0.82879E+02   -0.65250E+01    0.14118E+04    0.31498E+01
    0.13231E+03   -0.19157E+01    0.14281E+04    0.31548E+01
    0.96841E+02   -0.37105E+01    0.11880E+04    0.30748E+01
    0.66997E+02   -0.67078E+01    0.18505E+04    0.32673E+01
    0.10707E+03   -0.61981E+01    0.14257E+04    0.31540E+01
    0.12944E+03   -0.12265E+01    0.13600E+04    0.31335E+01
    0.11973E+03   -0.35062E+01    0.18904E+04    0.32766E+01
    0.11847E+03   -0.34625E+01    0.18630E+04    0.32702E+01
    0.11721E+03   -0.35444E+01    0.18482E+04    0.32667E+01
    0.11596E+03   -0.35369E+01    0.18373E+04    0.32642E+01
    0.11470E+03   -0.34970E+01    0.18124E+04    0.32583E+01
    0.11343E+03   -0.35884E+01    0.17827E+04    0.32511E+01
    0.98135E+02   -0.37065E+01    0.11986E+04    0.30787E+01
    0.11218E+03   -0.35957E+01    0.17401E+04    0.32406E+01
    0.11095E+03   -0.36122E+01    0.16609E+04    0.32203E+01
    0.10967E+03   -0.35745E+01    0.15743E+04    0.31971E+01
    0.10836E+03   -0.36276E+01    0.14790E+04    0.31700E+01
    0.10713E+03   -0.36305E+01    0.13918E+04    0.31436E+01
    0.10585E+03   -0.35978E+01    0.13127E+04    0.31182E+01
    0.10453E+03   -0.36644E+01    0.12577E+04    0.30996E+01
    0.10327E+03   -0.36758E+01    0.12347E+04    0.30916E+01
    0.10198E+03   -0.36777E+01    0.12206E+04    0.30866E+01
    0.10070E+03   -0.37014E+01    0.12096E+04    0.30827E+01
    0.99429E+02   -0.37082E+01    0.12052E+04    0.30811E+01
    0.12098E+03   -0.35145E+01    0.19428E+04    0.32884E+01
    0.10538E+00   -0.27127E+02    0.68006E+03    0.28325E+01
    0.12224E+03   -0.34308E+01    0.20295E+04    0.33074E+01
    0.43204E+02   -0.30792E+01    0.17107E+04    0.32332E+01
    0.29462E+02   -0.15786E+02    0.64813E+03    0.28117E+01
    0.12175E+03   -0.68545E+01    0.23420E+04    0.33696E+01
    0.66152E+02   -0.39495E+01    0.12504E+04    0.30970E+01
    0.12349E+03   -0.34726E+01    0.21582E+04    0.33341E+01
    0.79563E+02   -0.18359E+02    0.63909E+03    0.28056E+01
    0.18873E+02   -0.18251E+01    0.13912E+04    0.31434E+01
    0.70387E+01   -0.21164E+01    0.79286E+03    0.28992E+01
    0.89830E+02   -0.13649E+02    0.11131E+04    0.30465E+01
    0.11916E+03   -0.14335E+02    0.10655E+04    0.30275E+01
    0.10180E+03   -0.99267E+01    0.11939E+04    0.30770E+01
    0.26284E+02   -0.14545E+02    0.73150E+03    0.28642E+01
    0.10401E+03   -0.98253E+01    0.11290E+04    0.30527E+01
    0.10626E+03   -0.98228E+01    0.11105E+04    0.30455E+01
    0.10846E+03   -0.99550E+01    0.11460E+04    0.30592E+01
    0.11065E+03   -0.10010E+02    0.12167E+04    0.30852E+01
    0.11284E+03   -0.10066E+02    0.13129E+04    0.31182E+01
    0.11508E+03   -0.99952E+01    0.14368E+04    0.31574E+01
    0.11737E+03   -0.99925E+01    0.15560E+04    0.31920E+01
    0.11960E+03   -0.10147E+02    0.16433E+04    0.32157E+01
    0.12182E+03   -0.10222E+02    0.17275E+04    0.32374E+01
    0.45455E+02   -0.21301E+02    0.34747E+03    0.25409E+01
    0.12831E+03   -0.15012E+02    0.11661E+04    0.30667E+01
    0.12407E+03   -0.10194E+02    0.18103E+04    0.32577E+01
    0.68848E+02   -0.26379E+02    0.25740E+03    0.24106E+01
    0.12987E+03   -0.96960E+01    0.18289E+04    0.32622E+01
    0.83439E+01   -0.10392E+01    0.71612E+03    0.28550E+01
    0.85342E+02   -0.21330E+01    0.52165E+03    0.27174E+01
    0.65798E+02   -0.10547E+02    0.15779E+04    0.31981E+01
    0.25952E+01   -0.25739E+02    0.67654E+03    0.28303E+01
    0.99986E+02   -0.14900E+01    0.65599E+03    0.28169E+01
    0.67965E+02   -0.83351E+01    0.18663E+04    0.32710E+01
    0.79480E+02   -0.41318E+01    0.10333E+04    0.30142E+01
    0.89651E+02   -0.70165E+01    0.16268E+04    0.32113E+01
    0.12474E+03   -0.34818E+01    0.22661E+04    0.33553E+01
    0.80816E+02   -0.42035E+01    0.10359E+04    0.30153E+01
    0.12080E+03   -0.65127E+01    0.23229E+04    0.33660E+01
    0.82179E+02   -0.42806E+01    0.10409E+04    0.30174E+01
    0.83549E+02   -0.43569E+01    0.10466E+04    0.30198E+01
    0.84933E+02   -0.43655E+01    0.10641E+04    0.30270E+01
    0.86312E+02   -0.44877E+01    0.11001E+04    0.30414E+01
    0.39867E+02   -0.37391E+01    0.24126E+04    0.33825E+01
    0.72456E+02   -0.17916E+02    0.60997E+03    0.27853E+01
    0.87704E+02   -0.45749E+01    0.11541E+04    0.30623E+01
    0.89129E+02   -0.45926E+01    0.12146E+04    0.30844E+01
    0.90542E+02   -0.47200E+01    0.12727E+04    0.31047E+01
    0.91988E+02   -0.47415E+01    0.13484E+04    0.31298E+01
    0.93430E+02   -0.48715E+01    0.14177E+04    0.31516E+01
    0.55650E+02   -0.39519E+01    0.14870E+04    0.31723E+01
    0.14197E+03   -0.15987E+02    0.10248E+04    0.30106E+01
    0.62097E+02   -0.53888E+01    0.16727E+04    0.32234E+01
    0.12592E+03   -0.34205E+01    0.23062E+04    0.33629E+01
    0.85366E+02   -0.12070E+01    0.39935E+03    0.26014E+01
    0.11035E+03   -0.13929E+01    0.91519E+03    0.29615E+01
    0.10190E+03   -0.16836E+02    0.65596E+03    0.28169E+01
    0.84053E+02   -0.10710E+02    0.13852E+04    0.31415E+01
    0.43259E+02   -0.38223E+01    0.20922E+04    0.33206E+01
    0.86379E+02   -0.10950E+02    0.13909E+04    0.31433E+01
    0.88683E+02   -0.11193E+02    0.13939E+04    0.31442E+01
    0.91070E+02   -0.11297E+02    0.13915E+04    0.31435E+01
    0.93537E+02   -0.11401E+02    0.13443E+04    0.31285E+01
    0.95947E+02   -0.11690E+02    0.12403E+04    0.30935E+01
    0.46209E+02   -0.11920E+01    0.73611E+03    0.28669E+01
    0.14229E+03   -0.27051E+02    0.79763E+03    0.29018E+01
    0.66669E+02   -0.91644E+00    0.40318E+03    0.26055E+01
    0.54875E+02   -0.10485E+02    0.14081E+04    0.31486E+01
    0.56298E+02   -0.53866E+01    0.18051E+04    0.32565E+01
    0.93867E+02   -0.23079E+02    0.45121E+03    0.26544E+01
    0.67490E+02   -0.41122E+01    0.12759E+04    0.31058E+01
    0.57765E+02   -0.57605E+01    0.17874E+04    0.32522E+01
    0.47748E+02   -0.65822E+01    0.22880E+04    0.33595E+01
    0.68825E+02   -0.42581E+01    0.12814E+04    0.31077E+01
    0.21339E+02   -0.10523E+01    0.11306E+04    0.30533E+01
    0.70194E+02   -0.44235E+01    0.12944E+04    0.31121E+01
    0.71579E+02   -0.46018E+01    0.13094E+04    0.31171E+01
    0.72977E+02   -0.47680E+01    0.13146E+04    0.31188E+01
    0.74397E+02   -0.49359E+01    0.13077E+04    0.31165E+01
    0.99183E+02   -0.74964E+00    0.47087E+03    0.26729E+01
    0.10580E+03   -0.62039E+01    0.13807E+04    0.31401E+01
    0.75858E+02   -0.50164E+01    0.12982E+04    0.31133E+01
    0.33731E+02   -0.35880E+01    0.22546E+04    0.33531E+01
    0.12822E+02   -0.96749E+00    0.79185E+03    0.28986E+01
    0.83486E+02   -0.12858E+01    0.41825E+03    0.26214E+01
    0.11942E+03   -0.54352E+01    0.22462E+04    0.33514E+01
    0.51498E+01   -0.27112E+02    0.63775E+03    0.28046E+01
    0.68127E+02   -0.10837E+02    0.15396E+04    0.31874E+01
    0.15573E+02   -0.13904E+02    0.93802E+03    0.29722E+01
    0.77554E+02   -0.15466E+01    0.44059E+03    0.26440E+01
    0.12634E+03   -0.10300E+02    0.18344E+04    0.32635E+01
    0.17390E+02   -0.75586E+01    0.16825E+04    0.32259E+01
    0.70440E+02   -0.11232E+02    0.14702E+04    0.31674E+01
    0.72826E+02   -0.11473E+02    0.13922E+04    0.31437E+01
    0.11841E+02   -0.17839E+01    0.89119E+03    0.29500E+01
    0.75278E+02   -0.11915E+02    0.13074E+04    0.31164E+01
    0.77760E+02   -0.12345E+02    0.12231E+04    0.30875E+01
    0.44245E+02   -0.97970E+01    0.18082E+04    0.32572E+01
    0.36081E+02   -0.81201E+00    0.97505E+03    0.29890E+01
    0.37169E+02   -0.12813E+01    0.11013E+04    0.30419E+01
    0.47102E+02   -0.37739E+01    0.16652E+04    0.32215E+01
    0.59636E+02   -0.89439E+01    0.16842E+04    0.32264E+01
    0.10817E+03   -0.86804E+00    0.83690E+03    0.29227E+01
    0.82074E+02   -0.12134E+01    0.38835E+03    0.25892E+01
    0.52145E+02   -0.17110E+01    0.81465E+03    0.29110E+01
    0.41174E+02   -0.39631E+01    0.24322E+04    0.33860E+01
    0.50188E+02   -0.60081E+01    0.20767E+04    0.33174E+01
    0.42566E+02   -0.41812E+01    0.23724E+04    0.33752E+01
    0.10757E+02   -0.10654E+02    0.10849E+04    0.30354E+01
    0.37297E+02   -0.18074E+01    0.12646E+04    0.31019E+01
    0.45897E+02   -0.51685E+01    0.22802E+04    0.33580E+01
    0.30234E+02   -0.37798E+01    0.21522E+04    0.33329E+01
    0.67069E+02   -0.17856E+02    0.57575E+03    0.27602E+01
    0.45030E+02   -0.23352E+02    0.29645E+03    0.24719E+01
    0.12020E+03   -0.53234E+01    0.22819E+04    0.33583E+01
    0.57145E+02   -0.10869E+02    0.13154E+04    0.31191E+01
    0.31666E+02   -0.99453E+01    0.13977E+04    0.31454E+01
    0.13202E+03   -0.95025E+00    0.11634E+04    0.30657E+01
    0.66027E+02   -0.15298E+01    0.50326E+03    0.27018E+01
    0.59401E+02   -0.11461E+02    0.12513E+04    0.30974E+01
    0.61763E+02   -0.11883E+02    0.12229E+04    0.30874E+01
    0.81911E+02   -0.17473E+01    0.44676E+03    0.26501E+01
    0.82881E+01   -0.52630E+00    0.70699E+03    0.28494E+01
    0.84854E+02   -0.16542E+02    0.84274E+03    0.29257E+01
    0.50646E+02   -0.53121E+01    0.19471E+04    0.32894E+01
    0.14007E+03   -0.17955E+01    0.12472E+04    0.30959E+01
    0.34824E+02   -0.73147E+01    0.24435E+04    0.33880E+01
    0.12988E+03   -0.25875E+02    0.67342E+03    0.28283E+01
    0.21434E+02   -0.14808E+02    0.78201E+03    0.28932E+01
    0.35006E+02   -0.38913E+01    0.24871E+04    0.33957E+01
    0.36308E+02   -0.41892E+01    0.26742E+04    0.34272E+01
    0.37640E+02   -0.44992E+01    0.28127E+04    0.34491E+01
    0.99511E+02   -0.11223E+02    0.11590E+04    0.30641E+01
    0.52925E+02   -0.12822E+01    0.77769E+03    0.28908E+01
    0.10727E+03   -0.23244E+01    0.11728E+04    0.30692E+01
    0.11783E+03   -0.21863E+02    0.60292E+03    0.27803E+01
    0.62064E+02   -0.18009E+01    0.59222E+03    0.27725E+01
    0.13056E+02   -0.12309E+02    0.10302E+04    0.30129E+01
    0.60907E+02   -0.64137E+01    0.18216E+04    0.32605E+01
    0.45221E+02   -0.65831E+01    0.24699E+04    0.33927E+01
    0.22992E+02   -0.63497E+01    0.18552E+04    0.32684E+01
    0.10606E+02   -0.17819E+01    0.81406E+03    0.29107E+01
    0.10328E+03   -0.62154E+01    0.13697E+04    0.31366E+01
    0.27967E+02   -0.42007E+01    0.21881E+04    0.33401E+01
    0.46371E+02   -0.10402E+02    0.15734E+04    0.31968E+01
    0.11913E+03   -0.19971E+02    0.67378E+03    0.28285E+01
    0.27812E+02   -0.10474E+02    0.11392E+04    0.30566E+01
    0.12633E+03   -0.17694E+02    0.92750E+03    0.29673E+01
    0.21502E+02   -0.97000E+01    0.12691E+04    0.31035E+01
    0.31111E+02   -0.80514E+01    0.17785E+04    0.32500E+01
    0.48597E+02   -0.11024E+02    0.13678E+04    0.31360E+01
    0.10456E+03   -0.62182E+01    0.13609E+04    0.31338E+01
    0.12863E+03   -0.22476E+00    0.11163E+04    0.30478E+01
    0.63377E+02   -0.24134E+00    0.42364E+03    0.26270E+01
    0.12710E+03   -0.25645E+00    0.99992E+03    0.30000E+01
    0.32612E+02   -0.22508E+00    0.10080E+04    0.30035E+01
    0.12633E+03   -0.23815E+00    0.97470E+03    0.29889E+01
    0.12558E+03   -0.18547E+00    0.94718E+03    0.29764E+01
    0.15375E+02   -0.21651E+00    0.85722E+03    0.29331E+01
    0.64927E+02   -0.20198E+00    0.39540E+03    0.25970E+01
    0.13087E+03   -0.23819E+00    0.11701E+04    0.30682E+01
    0.12338E+03   -0.21651E+00    0.89793E+03    0.29532E+01
    0.13162E+03   -0.25291E+00    0.10989E+04    0.30410E+01
    0.12262E+03   -0.24153E+00    0.84093E+03    0.29248E+01
    0.13238E+03   -0.21651E+00    0.10967E+04    0.30401E+01
    0.12183E+03   -0.24720E+00    0.78722E+03    0.28961E+01
    0.13457E+03   -0.25163E+00    0.13195E+04    0.31204E+01
    0.11962E+03   -0.21651E+00    0.80582E+03    0.29062E+01
    0.11887E+03   -0.24283E+00    0.78976E+03    0.28975E+01
    0.11808E+03   -0.24988E+00    0.81282E+03    0.29100E+01
    0.11588E+03   -0.21651E+00    0.81000E+03    0.29085E+01
    0.11512E+03   -0.24682E+00    0.77311E+03    0.28882E+01
    0.11432E+03   -0.25242E+00    0.75152E+03    0.28759E+01
    0.11213E+03   -0.20212E+00    0.72085E+03    0.28578E+01
    0.11137E+03   -0.20970E+00    0.70201E+03    0.28463E+01
    0.11062E+03   -0.20619E+00    0.72760E+03    0.28619E+01
    0.10765E+03   -0.21454E+00    0.91285E+03    0.29604E+01
    0.10842E+03   -0.19326E+00    0.71505E+03    0.28543E+01
    0.10687E+03   -0.20705E+00    0.91155E+03    0.29598E+01
    0.10875E+02   -0.24859E+00    0.63854E+03    0.28052E+01
    0.11626E+02   -0.25383E+00    0.68582E+03    0.28362E+01
    0.12382E+02   -0.23270E+00    0.68757E+03    0.28373E+01
    0.14634E+02   -0.22628E+00    0.80514E+03    0.29059E+01
    0.18375E+02   -0.21651E+00    0.90064E+03    0.29546E+01
    0.19168E+02   -0.27135E+00    0.91462E+03    0.29612E+01
    0.19888E+02   -0.17310E+00    0.95056E+03    0.29780E+01
    0.22125E+02   -0.21208E+00    0.96756E+03    0.29857E+01
    0.22875E+02   -0.22153E+00    0.10482E+04    0.30205E+01
    0.23625E+02   -0.22094E+00    0.10682E+04    0.30286E+01
    0.25875E+02   -0.21408E+00    0.11327E+04    0.30541E+01
    0.26624E+02   -0.20872E+00    0.11426E+04    0.30579E+01
    0.27374E+02   -0.21406E+00    0.12915E+04    0.31111E+01
    0.29627E+02   -0.17882E+00    0.12626E+04    0.31013E+01
    0.33362E+02   -0.25032E+00    0.99804E+03    0.29991E+01
    0.34125E+02   -0.21651E+00    0.99211E+03    0.29966E+01
    0.34895E+02   -0.21584E+00    0.98665E+03    0.29942E+01
    0.37097E+02   -0.26822E+00    0.85444E+03    0.29317E+01
    0.37876E+02   -0.23079E+00    0.82608E+03    0.29170E+01
    0.38627E+02   -0.24161E+00    0.78890E+03    0.28970E+01
    0.40890E+02   -0.21945E+00    0.73372E+03    0.28655E+01
    0.42363E+02   -0.23777E+00    0.68012E+03    0.28326E+01
    0.44625E+02   -0.21651E+00    0.65788E+03    0.28181E+01
    0.45379E+02   -0.22853E+00    0.62665E+03    0.27970E+01
    0.46144E+02   -0.24002E+00    0.60398E+03    0.27810E+01
    0.48375E+02   -0.21651E+00    0.58014E+03    0.27635E+01
    0.49125E+02   -0.21651E+00    0.56526E+03    0.27522E+01
    0.49880E+02   -0.18164E+00    0.56552E+03    0.27524E+01
    0.52119E+02   -0.17124E+00    0.60993E+03    0.27853E+01
    0.52840E+02   -0.25614E+00    0.67346E+03    0.28283E+01
    0.53625E+02   -0.20788E+00    0.67751E+03    0.28309E+01
    0.55838E+02   -0.20849E+00    0.58873E+03    0.27699E+01
    0.56615E+02   -0.22777E+00    0.56964E+03    0.27556E+01
    0.57375E+02   -0.22153E+00    0.52644E+03    0.27213E+01
    0.59649E+02   -0.20452E+00    0.47620E+03    0.26778E+01
    0.61851E+02   -0.26649E+00    0.42091E+03    0.26242E+01
    0.62626E+02   -0.22636E+00    0.41595E+03    0.26190E+01
    0.67133E+02   -0.23052E+00    0.36378E+03    0.25608E+01
    0.67874E+02   -0.18364E+00    0.33801E+03    0.25289E+01
    0.68625E+02   -0.21651E+00    0.34149E+03    0.25334E+01
    0.70877E+02   -0.24115E+00    0.37053E+03    0.25688E+01
    0.71621E+02   -0.24957E+00    0.37487E+03    0.25739E+01
    0.72372E+02   -0.24366E+00    0.33750E+03    0.25283E+01
    0.74625E+02   -0.21323E+00    0.32592E+03    0.25131E+01
    0.75375E+02   -0.21651E+00    0.34143E+03    0.25333E+01
    0.76124E+02   -0.21594E+00    0.34219E+03    0.25343E+01
    0.78343E+02   -0.22734E+00    0.32519E+03    0.25121E+01
    0.79099E+02   -0.23860E+00    0.32364E+03    0.25101E+01
    0.79875E+02   -0.21651E+00    0.34471E+03    0.25375E+01
    0.82118E+02   -0.23520E+00    0.32955E+03    0.25179E+01
    0.82875E+02   -0.21651E+00    0.33508E+03    0.25252E+01
    0.83641E+02   -0.27121E+00    0.32950E+03    0.25178E+01
    0.85871E+02   -0.17816E+00    0.32009E+03    0.25053E+01
    0.86615E+02   -0.25358E+00    0.31942E+03    0.25044E+01
    0.87387E+02   -0.23479E+00    0.32541E+03    0.25124E+01
    0.89629E+02   -0.24718E+00    0.32930E+03    0.25176E+01
    0.90376E+02   -0.25540E+00    0.34129E+03    0.25331E+01
    0.91125E+02   -0.24608E+00    0.34546E+03    0.25384E+01
    0.93375E+02   -0.21378E+00    0.33108E+03    0.25199E+01
    0.94127E+02   -0.21038E+00    0.33851E+03    0.25296E+01
    0.94889E+02   -0.22298E+00    0.36825E+03    0.25661E+01
    0.97125E+02   -0.21651E+00    0.40805E+03    0.26107E+01
    0.97879E+02   -0.21716E+00    0.39070E+03    0.25918E+01
    0.98651E+02   -0.20498E+00    0.40223E+03    0.26045E+01
    0.10088E+03   -0.21248E+00    0.52775E+03    0.27224E+01
    0.10162E+03   -0.21497E+00    0.55977E+03    0.27480E+01
    0.10237E+03   -0.20826E+00    0.66917E+03    0.28255E+01
    0.10467E+03   -0.24888E+00    0.71195E+03    0.28525E+01
    0.64169E+02   -0.28010E+00    0.41696E+03    0.26201E+01
    0.16125E+02   -0.21433E+00    0.94317E+03    0.29746E+01
    0.31853E+02   -0.21882E+00    0.10449E+04    0.30191E+01
    0.12788E+03   -0.26918E+00    0.10911E+04    0.30378E+01
    0.10011E+03   -0.20041E+00    0.49657E+03    0.26960E+01
    0.96360E+02   -0.22041E+00    0.40390E+03    0.26063E+01
    0.92622E+02   -0.25234E+00    0.33456E+03    0.25245E+01
    0.95619E+02   -0.18614E+00    0.38492E+03    0.25854E+01
    0.91872E+02   -0.25242E+00    0.33903E+03    0.25302E+01
    0.85125E+02   -0.24883E+00    0.32739E+03    0.25151E+01
    0.88888E+02   -0.26107E+00    0.32486E+03    0.25117E+01
    0.81375E+02   -0.21651E+00    0.33634E+03    0.25268E+01
    0.84377E+02   -0.20952E+00    0.33437E+03    0.25242E+01
    0.88138E+02   -0.24853E+00    0.32584E+03    0.25130E+01
    0.80625E+02   -0.21651E+00    0.34388E+03    0.25364E+01
    0.73876E+02   -0.22432E+00    0.32359E+03    0.25100E+01
    0.73127E+02   -0.25134E+00    0.33250E+03    0.25218E+01
    0.70116E+02   -0.24443E+00    0.35253E+03    0.25472E+01
    0.58882E+02   -0.22411E+00    0.49111E+03    0.26912E+01
    0.66350E+02   -0.20695E+00    0.37068E+03    0.25690E+01
    0.61100E+02   -0.21595E+00    0.46983E+03    0.26719E+01
    0.58129E+02   -0.23006E+00    0.49833E+03    0.26975E+01
    0.51992E+02   -0.59333E+01    0.19971E+04    0.33004E+01
    0.50627E+02   -0.24688E+00    0.56725E+03    0.27538E+01
    0.47630E+02   -0.21934E+00    0.59953E+03    0.27778E+01
    0.46891E+02   -0.22325E+00    0.61183E+03    0.27866E+01
    0.40127E+02   -0.21583E+00    0.74083E+03    0.28697E+01
    0.50984E+02   -0.11610E+02    0.12070E+04    0.30817E+01
    0.39375E+02   -0.21651E+00    0.78228E+03    0.28934E+01
    0.36369E+02   -0.19897E+00    0.89254E+03    0.29506E+01
    0.28875E+02   -0.21651E+00    0.13483E+04    0.31298E+01
    0.30375E+02   -0.24216E+00    0.11856E+04    0.30739E+01
    0.13836E+03   -0.36645E+01    0.13363E+04    0.31259E+01
    0.12907E+03   -0.61816E+01    0.25275E+04    0.34027E+01
    0.28132E+02   -0.23083E+00    0.12855E+04    0.31091E+01
    0.25125E+02   -0.21651E+00    0.10512E+04    0.30217E+01
    0.69375E+02   -0.21612E+00    0.34267E+03    0.25349E+01
    0.66887E+02   -0.14135E+02    0.10236E+04    0.30101E+01
    0.13013E+03   -0.23551E+00    0.11705E+04    0.30684E+01
    0.19011E+02   -0.36954E+01    0.20425E+04    0.33102E+01
    0.21371E+02   -0.21227E+00    0.94482E+03    0.29753E+01
    0.94856E+02   -0.49252E+01    0.14574E+04    0.31636E+01
    0.24375E+02   -0.21333E+00    0.10644E+04    0.30271E+01
    0.16888E+02   -0.24640E+00    0.89928E+03    0.29539E+01
    0.31515E+02   -0.41728E+01    0.22513E+04    0.33524E+01
    0.61935E+02   -0.12722E+01    0.52607E+03    0.27210E+01
    0.13641E+03   -0.93557E+00    0.14377E+04    0.31577E+01
    0.13877E+02   -0.21506E+00    0.72730E+03    0.28617E+01
    0.12938E+03   -0.21651E+00    0.12073E+04    0.30818E+01
    0.57982E+02   -0.16835E+01    0.70218E+03    0.28465E+01
    0.39177E+02   -0.18002E+02    0.48944E+03    0.26897E+01
    0.65922E+02   -0.64088E+01    0.18339E+04    0.32634E+01
    0.55298E+02   -0.19304E+02    0.39249E+03    0.25938E+01
    0.33805E+02   -0.10698E+02    0.13779E+04    0.31392E+01
    0.88132E+02   -0.68857E+01    0.15631E+04    0.31940E+01
    0.51845E+02   -0.79895E+00    0.63978E+03    0.28060E+01
    0.75038E+02   -0.23992E+01    0.63777E+03    0.28047E+01
    0.25531E+02   -0.44189E+01    0.21315E+04    0.33287E+01
    0.81565E+02   -0.12131E+02    0.12358E+04    0.30920E+01
    0.17633E+02   -0.23101E+00    0.93692E+03    0.29717E+01
    0.17495E+02   -0.96853E+01    0.13070E+04    0.31163E+01
    0.13721E+03   -0.10115E+01    0.13911E+04    0.31434E+01
    0.36007E+02   -0.11488E+02    0.13203E+04    0.31207E+01
    0.27224E+02   -0.66672E+01    0.18216E+04    0.32605E+01
    0.12088E+03   -0.20682E+02    0.68536E+03    0.28359E+01
    0.60644E+02   -0.16584E+02    0.60770E+03    0.27837E+01
    0.56943E+02   -0.70162E+01    0.18597E+04    0.32694E+01
    0.13129E+02   -0.22099E+00    0.76340E+03    0.28828E+01
    0.38382E+02   -0.12183E+02    0.11976E+04    0.30783E+01
    0.12712E+03   -0.13894E+02    0.13124E+04    0.31181E+01
    0.94152E+02   -0.15274E+02    0.91954E+03    0.29636E+01
    0.54388E+02   -0.19099E+00    0.60354E+03    0.27807E+01
    0.69679E+02   -0.91959E+00    0.39229E+03    0.25936E+01
    0.62693E+02   -0.60988E+01    0.17926E+04    0.32535E+01
    0.40786E+02   -0.13160E+02    0.10277E+04    0.30119E+01
    0.77298E+02   -0.52018E+01    0.12882E+04    0.31100E+01
    0.56495E+02   -0.17228E+01    0.77403E+03    0.28888E+01
    0.13486E+03   -0.17896E+02    0.96370E+03    0.29839E+01
    0.61292E+02   -0.55691E+01    0.17127E+04    0.32337E+01
    0.15713E+02   -0.17026E+02    0.75732E+03    0.28793E+01
    0.23105E+02   -0.19944E+01    0.15959E+04    0.32030E+01
    0.43791E+02   -0.27303E+01    0.14650E+04    0.31658E+01
    0.54431E+02   -0.13795E+01    0.76925E+03    0.28861E+01
    0.12441E+03   -0.20756E+02    0.75216E+03    0.28763E+01
    0.44491E+02   -0.35765E+01    0.19072E+04    0.32804E+01
    0.23626E+02   -0.10690E+02    0.10884E+04    0.30368E+01
    0.11537E+03   -0.15891E+02    0.76301E+03    0.28825E+01
    0.56686E+01   -0.18675E+02    0.76546E+03    0.28839E+01
    0.14017E+03   -0.93040E+01    0.11959E+04    0.30777E+01
    0.45239E+02   -0.51573E+01    0.23707E+04    0.33749E+01
    0.47592E+01   -0.12584E+01    0.73654E+03    0.28672E+01
    0.64304E+02   -0.12416E+02    0.12093E+04    0.30825E+01
    0.29848E+02   -0.19086E+02    0.50283E+03    0.27014E+01
    0.12608E+03   -0.11900E+01    0.11827E+04    0.30729E+01
    0.10382E+03   -0.15020E+01    0.82413E+03    0.29160E+01
    0.26828E+02   -0.17617E+02    0.57257E+03    0.27578E+01
    0.39016E+02   -0.48054E+01    0.28848E+04    0.34601E+01
    0.17834E+02   -0.35941E+01    0.19815E+04    0.32970E+01
    0.23121E+01   -0.17502E+01    0.74309E+03    0.28710E+01
    0.95235E+02   -0.16461E+02    0.77606E+03    0.28899E+01
    0.96728E+01   -0.20032E+02    0.71307E+03    0.28531E+01
    0.93987E+02   -0.14794E+01    0.47676E+03    0.26783E+01
    0.91669E+02   -0.17870E+02    0.68354E+03    0.28348E+01
    0.39832E+01   -0.16497E+02    0.81827E+03    0.29129E+01
    0.10125E+02   -0.21651E+00    0.69333E+03    0.28409E+01
    0.13159E+03   -0.47663E+01    0.21880E+04    0.33401E+01
    0.13539E+03   -0.28595E+00    0.13728E+04    0.31376E+01
    0.13831E+03   -0.18052E+01    0.13151E+04    0.31190E+01
    0.42187E+02   -0.12798E+02    0.10879E+04    0.30366E+01
    0.13807E+03   -0.70926E+01    0.13280E+04    0.31232E+01
    0.66192E+02   -0.10541E+01    0.42762E+03    0.26311E+01
    0.37714E+02   -0.26348E+02    0.27335E+03    0.24367E+01
    0.30238E+02   -0.72149E+01    0.18859E+04    0.32755E+01
    0.11893E+03   -0.25750E+02    0.52297E+03    0.27185E+01
    0.13943E+03   -0.22796E+02    0.84774E+03    0.29283E+01
    0.86766E+02   -0.12706E+01    0.40498E+03    0.26074E+01
    0.12692E+03   -0.19788E+01    0.16417E+04    0.32153E+01
    0.59647E+02   -0.15323E+02    0.73762E+03    0.28678E+01
    0.79243E+02   -0.20483E+02    0.50993E+03    0.27075E+01
    0.30605E+02   -0.27338E+02    0.31669E+03    0.25006E+01
    0.84132E+02   -0.18350E+01    0.49579E+03    0.26953E+01
    0.12466E+02   -0.12075E+01    0.80915E+03    0.29080E+01
    0.33534E+02   -0.43474E+01    0.24555E+04    0.33901E+01
    0.65522E+02   -0.15252E+01    0.51122E+03    0.27086E+01
    0.20625E+02   -0.20972E+00    0.96017E+03    0.29823E+01
    0.25787E+02   -0.11858E+02    0.95337E+03    0.29793E+01
    0.12813E+03   -0.16842E+02    0.10001E+04    0.30001E+01
    0.58153E+02   -0.11736E+01    0.59295E+03    0.27730E+01
    0.50205E+02   -0.46133E+01    0.17932E+04    0.32536E+01
    0.47811E+02   -0.36727E+01    0.15718E+04    0.31964E+01
    0.13705E+03   -0.21486E+02    0.85885E+03    0.29339E+01
    0.82817E+02   -0.18068E+01    0.45693E+03    0.26599E+01
    0.64125E+02   -0.13944E+02    0.96710E+03    0.29855E+01
    0.54699E+02   -0.51341E+01    0.18146E+04    0.32588E+01
    0.10602E+03   -0.13557E+01    0.91800E+03    0.29628E+01
    0.97083E+02   -0.14103E+02    0.94426E+03    0.29751E+01
    0.26887E+02   -0.50838E+01    0.20990E+04    0.33220E+01
    0.65469E+02   -0.72555E+00    0.41140E+03    0.26143E+01
    0.20760E+02   -0.13423E+02    0.88778E+03    0.29483E+01
    0.60747E+02   -0.49165E+01    0.15850E+04    0.32000E+01
    0.58219E+02   -0.41116E+01    0.14389E+04    0.31580E+01
    0.35743E+01   -0.13012E+01    0.73627E+03    0.28670E+01
    0.56303E+02   -0.35753E+01    0.13212E+04    0.31210E+01
    0.98399E+02   -0.16877E+02    0.70036E+03    0.28453E+01
    0.99957E+02   -0.19731E+02    0.53176E+03    0.27257E+01
    0.38887E+02   -0.56995E+01    0.29904E+04    0.34757E+01
    0.88562E+02   -0.98242E+00    0.37086E+03    0.25692E+01
    0.45366E+02   -0.27485E+02    0.24285E+03    0.23853E+01
    0.10002E+03   -0.25739E+02    0.39028E+03    0.25914E+01
    0.30017E+02   -0.44638E+01    0.22268E+04    0.33477E+01
    0.42594E+02   -0.11369E+02    0.14030E+04    0.31471E+01
    0.10173E+03   -0.27361E+02    0.36507E+03    0.25624E+01
    0.38660E+02   -0.19962E+02    0.39834E+03    0.26003E+01
    0.13213E+03   -0.82682E+01    0.18545E+04    0.32682E+01
    0.13626E+02   -0.26245E+01    0.12922E+04    0.31113E+01
    0.98318E+02   -0.11877E+02    0.11305E+04    0.30533E+01
    0.12143E+02   -0.13702E+02    0.93982E+03    0.29730E+01
    0.10848E+03   -0.15330E+02    0.73073E+03    0.28638E+01
    0.68357E+02   -0.21005E+02    0.41403E+03    0.26170E+01
    0.18424E+02   -0.16482E+01    0.12878E+04    0.31099E+01
    0.10388E+03   -0.20642E+00    0.68973E+03    0.28387E+01
    0.12750E+03   -0.29403E+01    0.21147E+04    0.33253E+01
    0.41625E+02   -0.20498E+00    0.69407E+03    0.28414E+01
    0.20866E+02   -0.10905E+02    0.11192E+04    0.30489E+01
    0.93024E+02   -0.19189E+02    0.60900E+03    0.27846E+01
    0.11821E+02   -0.16788E+02    0.80343E+03    0.29049E+01
    0.12909E+02   -0.15297E+02    0.86104E+03    0.29350E+01
    0.65302E+02   -0.50615E+01    0.15989E+04    0.32038E+01
    0.77603E+02   -0.20966E+00    0.33321E+03    0.25227E+01
    0.93624E+01   -0.19068E+00    0.68640E+03    0.28366E+01
    0.46857E+02   -0.44423E+01    0.19501E+04    0.32901E+01
    0.64401E+01   -0.24557E+01    0.81314E+03    0.29102E+01
    0.62701E+02   -0.14501E+02    0.85944E+03    0.29342E+01
    0.80258E+02   -0.12776E+02    0.11621E+04    0.30653E+01
    0.10063E+03   -0.11839E+02    0.10576E+04    0.30243E+01
    0.13613E+03   -0.18984E+00    0.14378E+04    0.31577E+01
    0.12734E+03   -0.27341E+02    0.62186E+03    0.27937E+01
    0.51713E+02   -0.16049E+01    0.76390E+03    0.28830E+01
    0.89037E+02   -0.23763E+01    0.59946E+03    0.27778E+01
    0.63707E+02   -0.17333E+02    0.58475E+03    0.27670E+01
    0.37965E+02   -0.60542E+01    0.29621E+04    0.34716E+01
    0.74863E+02   -0.73294E+01    0.16272E+04    0.32114E+01
    0.94824E+02   -0.57859E+01    0.16000E+04    0.32041E+01
    0.32555E+02   -0.17251E+02    0.58563E+03    0.27676E+01
    0.44776E+02   -0.58167E+01    0.25034E+04    0.33985E+01
    0.25481E+02   -0.27365E+02    0.37162E+03    0.25701E+01
    0.95545E+02   -0.45106E+01    0.13758E+04    0.31386E+01
    0.13171E+03   -0.18791E+01    0.14223E+04    0.31530E+01
    0.10612E+03   -0.18685E+00    0.82180E+03    0.29148E+01
    0.35993E+02   -0.22843E+02    0.33699E+03    0.25276E+01
    0.12623E+03   -0.19804E+02    0.81709E+03    0.29123E+01
    0.19517E+02   -0.10923E+02    0.11409E+04    0.30573E+01
    0.12869E+03   -0.10369E+02    0.17702E+04    0.32480E+01
    0.51384E+02   -0.20598E+00    0.59007E+03    0.27709E+01
    0.98255E+02   -0.62032E+01    0.15556E+04    0.31919E+01
    0.47468E+02   -0.50929E+01    0.20844E+04    0.33190E+01
    0.23226E+02   -0.31377E+01    0.20114E+04    0.33035E+01
    0.78041E+02   -0.48368E+01    0.12058E+04    0.30813E+01
    0.89559E+02   -0.23847E+01    0.60616E+03    0.27826E+01
    0.13675E+03   -0.12954E+01    0.14272E+04    0.31545E+01
    0.11851E+03   -0.43687E+01    0.20724E+04    0.33165E+01
    0.11470E+03   -0.43086E+01    0.19761E+04    0.32958E+01
    0.11215E+03   -0.44540E+01    0.18617E+04    0.32699E+01
    0.10969E+03   -0.43833E+01    0.16626E+04    0.32208E+01
    0.98142E+02   -0.44724E+01    0.13655E+04    0.31353E+01
    0.10710E+03   -0.44056E+01    0.14517E+04    0.31619E+01
    0.10327E+03   -0.44488E+01    0.13220E+04    0.31212E+01
    0.10071E+03   -0.43848E+01    0.13291E+04    0.31236E+01
    0.12096E+03   -0.42495E+01    0.21581E+04    0.33341E+01
    0.11004E+03   -0.60415E+01    0.16861E+04    0.32269E+01
    0.12341E+03   -0.43156E+01    0.23789E+04    0.33764E+01
    0.20514E+02   -0.16198E+02    0.72502E+03    0.28604E+01
    0.35778E+02   -0.10632E+01    0.10762E+04    0.30319E+01
    0.10179E+03   -0.11145E+02    0.10814E+04    0.30340E+01
    0.10625E+03   -0.11266E+02    0.99792E+03    0.29991E+01
    0.11280E+03   -0.11348E+02    0.11472E+04    0.30597E+01
    0.11735E+03   -0.11316E+02    0.13493E+04    0.31301E+01
    0.66309E+02   -0.71403E+01    0.18766E+04    0.32734E+01
    0.31756E+02   -0.54760E+01    0.23338E+04    0.33681E+01
    0.23755E+02   -0.13363E+02    0.83822E+03    0.29234E+01
    0.83266E+02   -0.18065E+01    0.46929E+03    0.26714E+01
    0.65625E+02   -0.11895E+02    0.13346E+04    0.31254E+01
    0.80774E+02   -0.50195E+01    0.12062E+04    0.30814E+01
    0.84873E+02   -0.52404E+01    0.12394E+04    0.30932E+01
    0.87657E+02   -0.54109E+01    0.13383E+04    0.31266E+01
    0.90489E+02   -0.55825E+01    0.14715E+04    0.31678E+01
    0.93378E+02   -0.57379E+01    0.15819E+04    0.31992E+01
    0.25949E+02   -0.19441E+02    0.52247E+03    0.27181E+01
    0.27246E+02   -0.11743E+02    0.97946E+03    0.29910E+01
    0.12407E+03   -0.11592E+02    0.15658E+04    0.31947E+01
    0.35625E+02   -0.20137E+00    0.95551E+03    0.29802E+01
    0.14597E+02   -0.12421E+02    0.10356E+04    0.30152E+01
    0.55570E+02   -0.47840E+01    0.17256E+04    0.32369E+01
    0.32793E+02   -0.45511E+01    0.24039E+04    0.33809E+01
    0.83915E+02   -0.12190E+02    0.12346E+04    0.30915E+01
    0.54503E+02   -0.94915E+00    0.67968E+03    0.28323E+01
    0.88615E+02   -0.12696E+02    0.12165E+04    0.30851E+01
    0.95819E+02   -0.13165E+02    0.10747E+04    0.30313E+01
    0.30029E+02   -0.11290E+02    0.11063E+04    0.30439E+01
    0.39764E+02   -0.45312E+01    0.27686E+04    0.34423E+01
    0.83206E+02   -0.94936E+00    0.37902E+03    0.25787E+01
    0.23946E+02   -0.16253E+02    0.66459E+03    0.28226E+01
    0.82690E+02   -0.12953E+02    0.11514E+04    0.30612E+01
    0.43898E+02   -0.11042E+02    0.14713E+04    0.31677E+01
    0.67419E+02   -0.49470E+01    0.15075E+04    0.31783E+01
    0.11053E+03   -0.17392E+01    0.10625E+04    0.30263E+01
    0.70018E+02   -0.52018E+01    0.15101E+04    0.31790E+01
    0.72875E+02   -0.56076E+01    0.15098E+04    0.31789E+01
    0.75755E+02   -0.59557E+01    0.14583E+04    0.31638E+01
    0.14055E+03   -0.41317E+01    0.12374E+04    0.30925E+01
    0.13686E+03   -0.24536E+00    0.14037E+04    0.31473E+01
    0.22940E+02   -0.12084E+02    0.95816E+03    0.29814E+01
    0.70259E+02   -0.12627E+02    0.12521E+04    0.30976E+01
    0.75110E+02   -0.13249E+02    0.11215E+04    0.30498E+01
    0.13152E+03   -0.15301E+02    0.11076E+04    0.30444E+01
    0.97689E+02   -0.15097E+01    0.55551E+03    0.27447E+01
    0.45316E+02   -0.17231E+01    0.93633E+03    0.29714E+01
    0.56838E+02   -0.12455E+02    0.10803E+04    0.30336E+01
    0.66791E+02   -0.19721E+02    0.45964E+03    0.26624E+01
    0.12590E+03   -0.42644E+01    0.25331E+04    0.34036E+01
    0.61538E+02   -0.13433E+02    0.98366E+03    0.29928E+01
    0.42456E+02   -0.50375E+01    0.26978E+04    0.34310E+01
    0.29268E+02   -0.46301E+01    0.22165E+04    0.33457E+01
    0.57667E+02   -0.66358E+01    0.18431E+04    0.32656E+01
    0.37872E+02   -0.13718E+02    0.93309E+03    0.29699E+01
    0.33335E+02   -0.11962E+02    0.11331E+04    0.30543E+01
    0.48169E+02   -0.12407E+02    0.11108E+04    0.30456E+01
    0.31472E+02   -0.16614E+01    0.13665E+04    0.31356E+01
    0.15430E+02   -0.11647E+01    0.10301E+04    0.30129E+01
    0.68270E+02   -0.17652E+01    0.53388E+03    0.27274E+01
    0.23029E+02   -0.14809E+02    0.75407E+03    0.28774E+01
    0.37337E+02   -0.54030E+01    0.29640E+04    0.34719E+01
    0.20975E+02   -0.86900E+00    0.10619E+04    0.30261E+01
    0.43527E+02   -0.45949E+00    0.66709E+03    0.28242E+01
    0.34821E+02   -0.46802E+01    0.26746E+04    0.34273E+01
    0.10294E+03   -0.14680E+01    0.78223E+03    0.28933E+01
    0.14003E+03   -0.31921E+01    0.12517E+04    0.30975E+01
    0.27718E+02   -0.49891E+01    0.21415E+04    0.33307E+01
    0.58510E+02   -0.54615E+01    0.17369E+04    0.32398E+01
    0.35458E+02   -0.17824E+02    0.55445E+03    0.27439E+01
    0.20089E+02   -0.19400E+02    0.61068E+03    0.27858E+01
    0.46586E+02   -0.92466E+00    0.67007E+03    0.28261E+01
    0.11781E+03   -0.55592E+01    0.21605E+04    0.33346E+01
    0.31248E+02   -0.49364E+01    0.23035E+04    0.33624E+01
    0.12639E+03   -0.23314E+01    0.18303E+04    0.32625E+01
    0.30856E+02   -0.84416E+00    0.11860E+04    0.30741E+01
    0.30601E+01   -0.11062E+01    0.72712E+03    0.28616E+01
    0.12999E+03   -0.14330E+02    0.12139E+04    0.30842E+01
    0.66079E+01   -0.56317E+01    0.96835E+03    0.29860E+01
    0.10981E+03   -0.13002E+01    0.89441E+03    0.29515E+01
    0.96937E+02   -0.15826E+02    0.79993E+03    0.29031E+01
    0.98284E+02   -0.18686E+02    0.59128E+03    0.27718E+01
    0.13940E+03   -0.17138E+01    0.12627E+04    0.31013E+01
    0.63339E+02   -0.19184E+02    0.46026E+03    0.26630E+01
    0.85024E+02   -0.70382E+01    0.14747E+04    0.31687E+01
    0.98341E+02   -0.13407E+02    0.97954E+03    0.29910E+01
    0.62394E+02   -0.16139E+02    0.67082E+03    0.28266E+01
    0.23938E+02   -0.62047E+01    0.18699E+04    0.32718E+01
    0.75414E+02   -0.16334E+01    0.47304E+03    0.26749E+01
    0.97767E+02   -0.22862E+02    0.43858E+03    0.26421E+01
    0.24308E+02   -0.53327E+01    0.20191E+04    0.33052E+01
    0.87060E+02   -0.94980E+00    0.36821E+03    0.25661E+01
    0.53391E+02   -0.12042E+02    0.11124E+04    0.30463E+01
    0.43875E+02   -0.19646E+00    0.67445E+03    0.28289E+01
    0.12591E+03   -0.42362E+00    0.97280E+03    0.29880E+01
    0.12826E+03   -0.49395E+00    0.11377E+04    0.30560E+01
    0.12668E+03   -0.49460E+00    0.10189E+04    0.30081E+01
    0.63004E+02   -0.46770E+00    0.42071E+03    0.26240E+01
    0.63796E+02   -0.52144E+00    0.43253E+03    0.26360E+01
    0.12748E+03   -0.52563E+00    0.10664E+04    0.30279E+01
    0.32974E+02   -0.47540E+00    0.10039E+04    0.30017E+01
    0.13123E+03   -0.49110E+00    0.11525E+04    0.30617E+01
    0.12300E+03   -0.45803E+00    0.89000E+03    0.29494E+01
    0.15009E+02   -0.44279E+00    0.84004E+03    0.29243E+01
    0.13199E+03   -0.46942E+00    0.10926E+04    0.30385E+01
    0.12220E+03   -0.48873E+00    0.84421E+03    0.29264E+01
    0.15750E+02   -0.43084E+00    0.92336E+03    0.29654E+01
    0.11925E+03   -0.45933E+00    0.81946E+03    0.29135E+01
    0.11845E+03   -0.49271E+00    0.81381E+03    0.29105E+01
    0.11550E+03   -0.46332E+00    0.80005E+03    0.29031E+01
    0.11469E+03   -0.49924E+00    0.78790E+03    0.28965E+01
    0.34520E+02   -0.43235E+00    0.99101E+03    0.29961E+01
    0.45772E+02   -0.46855E+00    0.63008E+03    0.27994E+01
    0.49505E+02   -0.39815E+00    0.56333E+03    0.27508E+01
    0.19556E+02   -0.44444E+00    0.95338E+03    0.29793E+01
    0.26998E+02   -0.42278E+00    0.12239E+04    0.30877E+01
    0.12008E+02   -0.48654E+00    0.68503E+03    0.28357E+01
    0.11175E+03   -0.41182E+00    0.72595E+03    0.28609E+01
    0.52459E+02   -0.42738E+00    0.63540E+03    0.28030E+01
    0.82493E+02   -0.45170E+00    0.33325E+03    0.25228E+01
    0.90005E+02   -0.50257E+00    0.33859E+03    0.25297E+01
    0.56203E+02   -0.43626E+00    0.59037E+03    0.27711E+01
    0.86236E+02   -0.43174E+00    0.32616E+03    0.25134E+01
    0.93752E+02   -0.42416E+00    0.34322E+03    0.25356E+01
    0.56990E+02   -0.44930E+00    0.55017E+03    0.27405E+01
    0.87001E+02   -0.48837E+00    0.32612E+03    0.25134E+01
    0.94516E+02   -0.43336E+00    0.35562E+03    0.25510E+01
    0.53215E+02   -0.46401E+00    0.68929E+03    0.28384E+01
    0.83266E+02   -0.48772E+00    0.34175E+03    0.25337E+01
    0.90751E+02   -0.50147E+00    0.35294E+03    0.25477E+01
    0.22500E+02   -0.43361E+00    0.10237E+04    0.30102E+01
    0.37474E+02   -0.49901E+00    0.85250E+03    0.29307E+01
    0.23250E+02   -0.44247E+00    0.10879E+04    0.30366E+01
    0.38254E+02   -0.47240E+00    0.83531E+03    0.29218E+01
    0.62228E+02   -0.49284E+00    0.42828E+03    0.26317E+01
    0.11252E+02   -0.50242E+00    0.66914E+03    0.28255E+01
    0.18793E+02   -0.48786E+00    0.94080E+03    0.29735E+01
    0.26249E+02   -0.42280E+00    0.11601E+04    0.30645E+01
    0.10807E+03   -0.40781E+00    0.80060E+03    0.29034E+01
    0.11100E+03   -0.41589E+00    0.72004E+03    0.28574E+01
    0.71993E+02   -0.49323E+00    0.35968E+03    0.25559E+01
    0.10199E+03   -0.42324E+00    0.61031E+03    0.27855E+01
    0.68249E+02   -0.40014E+00    0.34572E+03    0.25387E+01
    0.45004E+02   -0.44503E+00    0.64694E+03    0.28109E+01
    0.79474E+02   -0.45510E+00    0.33599E+03    0.25263E+01
    0.33737E+02   -0.46683E+00    0.10138E+04    0.30060E+01
    0.75749E+02   -0.43245E+00    0.34953E+03    0.25435E+01
    0.98280E+02   -0.42215E+00    0.40484E+03    0.26073E+01
    0.48750E+02   -0.43301E+00    0.58523E+03    0.27673E+01
    0.10727E+03   -0.42159E+00    0.92354E+03    0.29655E+01
    0.67507E+02   -0.41416E+00    0.34954E+03    0.25435E+01
    0.71249E+02   -0.49073E+00    0.38183E+03    0.25819E+01
    0.10125E+03   -0.42745E+00    0.55151E+03    0.27416E+01
    0.75000E+02   -0.42974E+00    0.33703E+03    0.25277E+01
    0.97504E+02   -0.43367E+00    0.40236E+03    0.26046E+01
    0.78692E+02   -0.46594E+00    0.33198E+03    0.25211E+01
    0.32216E+02   -0.44390E+00    0.10409E+04    0.30174E+01
    0.64595E+02   -0.48208E+00    0.40711E+03    0.26097E+01
    0.10048E+03   -0.41288E+00    0.51282E+03    0.27100E+01
    0.96735E+02   -0.43692E+00    0.41648E+03    0.26196E+01
    0.92997E+02   -0.46611E+00    0.33544E+03    0.25256E+01
    0.95258E+02   -0.40912E+00    0.38376E+03    0.25841E+01
    0.91497E+02   -0.49849E+00    0.34621E+03    0.25393E+01
    0.95980E+02   -0.40655E+00    0.39410E+03    0.25956E+01
    0.85496E+02   -0.42699E+00    0.32373E+03    0.25102E+01
    0.89268E+02   -0.50825E+00    0.33701E+03    0.25276E+01
    0.92244E+02   -0.50475E+00    0.34700E+03    0.25403E+01
    0.81743E+02   -0.45170E+00    0.33992E+03    0.25314E+01
    0.84017E+02   -0.48073E+00    0.33398E+03    0.25237E+01
    0.87775E+02   -0.48332E+00    0.33444E+03    0.25243E+01
    0.84751E+02   -0.45835E+00    0.33824E+03    0.25292E+01
    0.88526E+02   -0.50960E+00    0.32857E+03    0.25166E+01
    0.80250E+02   -0.43301E+00    0.35205E+03    0.25466E+01
    0.74251E+02   -0.43755E+00    0.33394E+03    0.25237E+01
    0.81000E+02   -0.43301E+00    0.34126E+03    0.25331E+01
    0.72749E+02   -0.49499E+00    0.34543E+03    0.25384E+01
    0.70493E+02   -0.48558E+00    0.36330E+03    0.25603E+01
    0.73503E+02   -0.47566E+00    0.33311E+03    0.25226E+01
    0.59281E+02   -0.42863E+00    0.49041E+03    0.26906E+01
    0.66733E+02   -0.43747E+00    0.37409E+03    0.25730E+01
    0.61452E+02   -0.48243E+00    0.44854E+03    0.26518E+01
    0.57754E+02   -0.45159E+00    0.52354E+03    0.27190E+01
    0.58511E+02   -0.45416E+00    0.49582E+03    0.26953E+01
    0.50258E+02   -0.42852E+00    0.57628E+03    0.27606E+01
    0.48005E+02   -0.43585E+00    0.59143E+03    0.27719E+01
    0.46534E+02   -0.46327E+00    0.60973E+03    0.27851E+01
    0.40517E+02   -0.43528E+00    0.74145E+03    0.28701E+01
    0.47271E+02   -0.44259E+00    0.61774E+03    0.27908E+01
    0.39002E+02   -0.45812E+00    0.79455E+03    0.29001E+01
    0.69350E+02   -0.68556E+01    0.17998E+04    0.32552E+01
    0.39752E+02   -0.43234E+00    0.78147E+03    0.28929E+01
    0.36717E+02   -0.46719E+00    0.89398E+03    0.29513E+01
    0.29252E+02   -0.39533E+00    0.13160E+04    0.31192E+01
    0.69000E+02   -0.43262E+00    0.34598E+03    0.25391E+01
    0.69741E+02   -0.46054E+00    0.35626E+03    0.25518E+01
    0.11987E+02   -0.28536E+01    0.11477E+04    0.30598E+01
    0.30002E+02   -0.42098E+00    0.12293E+04    0.30897E+01
    0.27756E+02   -0.44489E+00    0.13135E+04    0.31184E+01
    0.25500E+02   -0.43059E+00    0.11060E+04    0.30437E+01
    0.13050E+03   -0.47370E+00    0.11772E+04    0.30708E+01
    0.28507E+02   -0.44734E+00    0.13279E+04    0.31232E+01
    0.13445E+03   -0.80133E+01    0.16055E+04    0.32056E+01
    0.80985E+01   -0.11865E+02    0.96574E+03    0.29849E+01
    0.21746E+02   -0.42435E+00    0.97845E+03    0.29905E+01
    0.24000E+02   -0.43427E+00    0.10863E+04    0.30359E+01
    0.16513E+02   -0.46073E+00    0.93717E+03    0.29718E+01
    0.51582E+02   -0.10713E+01    0.67310E+03    0.28281E+01
    0.14261E+02   -0.44134E+00    0.77903E+03    0.28916E+01
    0.12901E+03   -0.44127E+00    0.11748E+04    0.30700E+01
    0.54013E+02   -0.39887E+00    0.63846E+03    0.28051E+01
    0.24750E+02   -0.42984E+00    0.10839E+04    0.30350E+01
    0.53460E+02   -0.13326E+02    0.92091E+03    0.29642E+01
    0.84244E+02   -0.64894E+01    0.14211E+04    0.31526E+01
    0.18008E+02   -0.44751E+00    0.93873E+03    0.29725E+01
    0.12975E+03   -0.45202E+00    0.12137E+04    0.30841E+01
    0.72555E+02   -0.75112E+01    0.17260E+04    0.32370E+01
    0.52518E+01   -0.10726E+01    0.72727E+03    0.28617E+01
    0.12984E+03   -0.18020E+02    0.93435E+03    0.29705E+01
    0.10383E+03   -0.10442E+01    0.75410E+03    0.28774E+01
    0.12761E+02   -0.45369E+00    0.73969E+03    0.28690E+01
    0.77207E+02   -0.60506E+01    0.14309E+04    0.31556E+01
    0.17272E+02   -0.47741E+00    0.94983E+03    0.29776E+01
    0.13330E+03   -0.36756E+01    0.18329E+04    0.32631E+01
    0.98280E+02   -0.88837E+00    0.44780E+03    0.26511E+01
    0.94078E+02   -0.62186E+01    0.16466E+04    0.32166E+01
    0.18373E+02   -0.41246E+01    0.20647E+04    0.33149E+01
    0.13696E+03   -0.79563E+01    0.13817E+04    0.31404E+01
    0.25218E+02   -0.13242E+02    0.83157E+03    0.29199E+01
    0.13155E+03   -0.17161E+02    0.98245E+03    0.29923E+01
    0.13506E+02   -0.43604E+00    0.74892E+03    0.28744E+01
    0.34077E+02   -0.49287E+01    0.26121E+04    0.34170E+01
    0.43264E+02   -0.23503E+02    0.29819E+03    0.24745E+01
    0.31120E+02   -0.18129E+00    0.10943E+04    0.30391E+01
    0.13016E+03   -0.11939E+01    0.13453E+04    0.31288E+01
    0.13985E+03   -0.17493E+00    0.12493E+04    0.30967E+01
    0.10781E+03   -0.15839E+01    0.10084E+04    0.30036E+01
    0.40343E+02   -0.82181E+01    0.24281E+04    0.33853E+01
    0.13762E+03   -0.21651E+00    0.13577E+04    0.31328E+01
    0.10271E+03   -0.82038E+00    0.70590E+03    0.28487E+01
    0.11670E+03   -0.13721E+01    0.10162E+04    0.30070E+01
    0.11288E+03   -0.14035E+01    0.98650E+03    0.29941E+01
    0.20263E+02   -0.38282E+00    0.97526E+03    0.29891E+01
    0.12046E+03   -0.13533E+01    0.10292E+04    0.30125E+01
    0.10606E+03   -0.95603E+00    0.85810E+03    0.29335E+01
    0.31253E+02   -0.13208E+02    0.93179E+03    0.29693E+01
    0.20996E+02   -0.42199E+00    0.96820E+03    0.29860E+01
    0.40024E+02   -0.15025E+01    0.10543E+04    0.30230E+01
    0.94899E+02   -0.16117E+01    0.55507E+03    0.27443E+01
    0.49009E+02   -0.40457E+01    0.16667E+04    0.32219E+01
    0.10429E+03   -0.45530E+00    0.70673E+03    0.28493E+01
    0.65264E+02   -0.10445E+01    0.45018E+03    0.26534E+01
    0.41265E+02   -0.42442E+00    0.72535E+03    0.28605E+01
    0.41988E+02   -0.44275E+00    0.68740E+03    0.28372E+01
    0.77946E+02   -0.43700E+00    0.33179E+03    0.25209E+01
    0.21540E+02   -0.12145E+02    0.97929E+03    0.29909E+01
    0.40969E+02   -0.17677E+02    0.49957E+03    0.26986E+01
    0.13111E+03   -0.10393E+02    0.16393E+04    0.32147E+01
    0.13243E+03   -0.10672E+01    0.11904E+04    0.30757E+01
    0.10649E+03   -0.39390E+00    0.85895E+03    0.29340E+01
    0.10500E+02   -0.46509E+00    0.65884E+03    0.28188E+01
    0.30503E+02   -0.50627E+01    0.22563E+04    0.33534E+01
    0.95552E+02   -0.62351E+01    0.16400E+04    0.32148E+01
    0.59473E+02   -0.44688E+01    0.15076E+04    0.31783E+01
    0.51753E+02   -0.37722E+00    0.60869E+03    0.27844E+01
    0.51011E+02   -0.45285E+00    0.58404E+03    0.27664E+01
    0.13496E+03   -0.53758E+00    0.13497E+04    0.31302E+01
    0.60595E+02   -0.79836E+00    0.49401E+03    0.26937E+01
    0.57449E+02   -0.16563E+01    0.70670E+03    0.28492E+01
    0.12579E+03   -0.82726E+00    0.10696E+04    0.30292E+01
    0.12747E+03   -0.23065E+01    0.18046E+04    0.32564E+01
    0.35270E+02   -0.41721E+00    0.99173E+03    0.29964E+01
    0.75911E+02   -0.18430E+01    0.51204E+03    0.27093E+01
    0.98587E+01   -0.11939E+02    0.99460E+03    0.29977E+01
    0.35994E+02   -0.40034E+00    0.91997E+03    0.29638E+01
    0.25168E+02   -0.52379E+01    0.20379E+04    0.33092E+01
    0.13912E+03   -0.21651E+00    0.12551E+04    0.30987E+01
    0.13778E+03   -0.56792E+01    0.13729E+04    0.31376E+01
    0.11844E+03   -0.98797E+00    0.92408E+03    0.29657E+01
    0.10199E+03   -0.88933E+00    0.63946E+03    0.28058E+01
    0.79458E+02   -0.93845E+00    0.36874E+03    0.25667E+01
    0.75749E+02   -0.89394E+00    0.37698E+03    0.25763E+01
    0.72737E+02   -0.99702E+00    0.39030E+03    0.25914E+01
    0.56984E+02   -0.92978E+00    0.59753E+03    0.27764E+01
    0.48005E+02   -0.89736E+00    0.64338E+03    0.28085E+01
    0.12426E+03   -0.13467E+01    0.12342E+04    0.30914E+01
    0.12219E+03   -0.97932E+00    0.98034E+03    0.29914E+01
    0.22723E+02   -0.16360E+01    0.14355E+04    0.31570E+01
    0.50790E+01   -0.31982E+01    0.81902E+03    0.29133E+01
    0.82072E+01   -0.19706E+01    0.77661E+03    0.28902E+01
    0.29809E+02   -0.22683E+02    0.41084E+03    0.26137E+01
    0.12031E+02   -0.94756E+00    0.74621E+03    0.28729E+01
    0.44250E+02   -0.41297E+00    0.67891E+03    0.28318E+01
    0.27757E+02   -0.90627E+00    0.13954E+04    0.31447E+01
    0.12867E+03   -0.11832E+02    0.15402E+04    0.31876E+01
    0.32547E+02   -0.52808E+01    0.24128E+04    0.33825E+01
    0.11600E+03   -0.43949E+01    0.20230E+04    0.33060E+01
    0.10455E+03   -0.44397E+01    0.13339E+04    0.31251E+01
    0.25500E+02   -0.89773E+00    0.12054E+04    0.30811E+01
    0.23231E+02   -0.91426E+00    0.11902E+04    0.30756E+01
    0.11344E+03   -0.43110E+01    0.19270E+04    0.32849E+01
    0.11090E+03   -0.43047E+01    0.17584E+04    0.32451E+01
    0.10841E+03   -0.44479E+01    0.15520E+04    0.31909E+01
    0.10195E+03   -0.44748E+01    0.13251E+04    0.31222E+01
    0.99428E+02   -0.44398E+01    0.13474E+04    0.31295E+01
    0.11974E+03   -0.42007E+01    0.21001E+04    0.33222E+01
    0.11725E+03   -0.42609E+01    0.20387E+04    0.33094E+01
    0.10582E+03   -0.44293E+01    0.13780E+04    0.31393E+01
    0.12218E+03   -0.41741E+01    0.22441E+04    0.33510E+01
    0.56294E+02   -0.28752E+01    0.11304E+04    0.30532E+01
    0.83524E+02   -0.51713E+01    0.12197E+04    0.30862E+01
    0.37497E+02   -0.96414E+00    0.97760E+03    0.29902E+01
    0.31473E+02   -0.40011E+00    0.10648E+04    0.30273E+01
    0.19000E+01   -0.17995E+00    0.71807E+03    0.28562E+01
    0.30745E+02   -0.42345E+00    0.11455E+04    0.30590E+01
    0.10986E+03   -0.18191E+00    0.70919E+03    0.28508E+01
    0.83626E+02   -0.69640E+01    0.14586E+04    0.31639E+01
    0.12181E+03   -0.11569E+02    0.14935E+04    0.31742E+01
    0.11468E+03   -0.10072E+01    0.90348E+03    0.29559E+01
    0.10849E+03   -0.11223E+02    0.10273E+04    0.30117E+01
    0.11509E+03   -0.11385E+02    0.12440E+04    0.30948E+01
    0.10397E+03   -0.11269E+02    0.10212E+04    0.30091E+01
    0.71178E+01   -0.28522E+00    0.64871E+03    0.28121E+01
    0.13315E+03   -0.14428E+02    0.11463E+04    0.30593E+01
    0.18793E+02   -0.94935E+00    0.10811E+04    0.30339E+01
    0.64860E+02   -0.20380E+02    0.41528E+03    0.26183E+01
    0.10531E+02   -0.13471E+02    0.93979E+03    0.29730E+01
    0.12039E+03   -0.18227E+00    0.78443E+03    0.28946E+01
    0.96872E+02   -0.44983E+01    0.13767E+04    0.31388E+01
    0.13838E+03   -0.22967E+00    0.12893E+04    0.31104E+01
    0.60375E+02   -0.17723E+00    0.48194E+03    0.26830E+01
    0.16513E+02   -0.92277E+00    0.10314E+04    0.30134E+01
    0.11023E+03   -0.38810E+00    0.73035E+03    0.28635E+01
    0.62255E+02   -0.95500E+00    0.47626E+03    0.26778E+01
    0.14580E+02   -0.18476E+02    0.71870E+03    0.28565E+01
    0.12414E+03   -0.18155E+00    0.92279E+03    0.29651E+01
    0.39303E+01   -0.88770E+00    0.72873E+03    0.28626E+01
    0.66062E+02   -0.47074E+01    0.14964E+04    0.31750E+01
    0.11958E+03   -0.11439E+02    0.14244E+04    0.31536E+01
    0.63779E+01   -0.21777E+00    0.69663E+03    0.28430E+01
    0.12001E+03   -0.39878E+00    0.80030E+03    0.29033E+01
    0.17046E+02   -0.13651E+02    0.94446E+03    0.29752E+01
    0.60024E+02   -0.38175E+00    0.47574E+03    0.26774E+01
    0.60725E+02   -0.39318E+00    0.48098E+03    0.26821E+01
    0.12971E+03   -0.23650E+02    0.73011E+03    0.28634E+01
    0.82148E+02   -0.51258E+01    0.12123E+04    0.30836E+01
    0.12576E+02   -0.18328E+02    0.74109E+03    0.28699E+01
    0.86250E+02   -0.52471E+01    0.12755E+04    0.31057E+01
    0.89045E+02   -0.55274E+01    0.14102E+04    0.31493E+01
    0.91924E+02   -0.56655E+01    0.15334E+04    0.31856E+01
    0.12377E+03   -0.39806E+00    0.93443E+03    0.29705E+01
    0.11626E+03   -0.40052E+00    0.83189E+03    0.29201E+01
    0.11664E+03   -0.18401E+00    0.82166E+03    0.29147E+01
    0.49472E+02   -0.46497E+01    0.18326E+04    0.32631E+01
    0.58135E+01   -0.20498E+01    0.77734E+03    0.28906E+01
    0.40517E+02   -0.89246E+00    0.81958E+03    0.29136E+01
    0.76488E+02   -0.42988E+00    0.34297E+03    0.25353E+01
    0.46163E+02   -0.44945E+01    0.20565E+04    0.33131E+01
    0.12470E+03   -0.41888E+01    0.24761E+04    0.33938E+01
    0.12060E+03   -0.13559E+02    0.11693E+04    0.30679E+01
    0.66200E+02   -0.27301E+02    0.22903E+03    0.23599E+01
    0.91483E+02   -0.10121E+01    0.39072E+03    0.25919E+01
    0.78171E+02   -0.11556E+01    0.38642E+03    0.25871E+01
    0.56438E+01   -0.25950E+00    0.69785E+03    0.28438E+01
    0.11251E+03   -0.38584E+00    0.73654E+03    0.28672E+01
    0.26372E+01   -0.25042E+00    0.71190E+03    0.28524E+01
    0.86241E+02   -0.12286E+02    0.12314E+04    0.30904E+01
    0.76863E+02   -0.21395E+00    0.33936E+03    0.25307E+01
    0.71358E+02   -0.27578E+02    0.24854E+03    0.23954E+01
    0.35937E+02   -0.15946E+01    0.12486E+04    0.30964E+01
    0.12999E+03   -0.12661E+02    0.13911E+04    0.31434E+01
    0.10085E+03   -0.23181E+02    0.42403E+03    0.26274E+01
    0.79418E+02   -0.49370E+01    0.12056E+04    0.30812E+01
    0.48579E+01   -0.25561E+00    0.71518E+03    0.28544E+01
    0.61298E+02   -0.21882E+02    0.33363E+03    0.25233E+01
    0.59984E+02   -0.50571E+01    0.16340E+04    0.32132E+01
    0.20219E+02   -0.79712E+00    0.10429E+04    0.30182E+01
    0.71409E+02   -0.54664E+01    0.15241E+04    0.31830E+01
    0.74296E+02   -0.58030E+01    0.14859E+04    0.31720E+01
    0.99033E+02   -0.36332E+00    0.44079E+03    0.26442E+01
    0.99740E+02   -0.35875E+00    0.48967E+03    0.26899E+01
    0.48289E+02   -0.41721E+01    0.17439E+04    0.32415E+01
    0.58922E+02   -0.69333E+01    0.18361E+04    0.32639E+01
    0.11097E+03   -0.86201E+00    0.77474E+03    0.28892E+01
    0.80992E+02   -0.89538E+00    0.36881E+03    0.25668E+01
    0.36418E+02   -0.16923E+01    0.12618E+04    0.31010E+01
    0.48190E+02   -0.49239E+01    0.19605E+04    0.32924E+01
    0.11289E+03   -0.18373E+00    0.74288E+03    0.28709E+01
    0.75012E+02   -0.18589E+01    0.51823E+03    0.27145E+01
    0.55448E+02   -0.36485E+00    0.58639E+03    0.27682E+01
    0.41314E+01   -0.19055E+00    0.72059E+03    0.28577E+01
    0.65313E+02   -0.35740E+00    0.39727E+03    0.25991E+01
    0.65987E+02   -0.36236E+00    0.38021E+03    0.25800E+01
    0.43795E+02   -0.20708E+01    0.11531E+04    0.30619E+01
    0.72643E+02   -0.12940E+02    0.11838E+04    0.30733E+01
    0.77459E+02   -0.13919E+02    0.10421E+04    0.30179E+01
    0.43906E+01   -0.89153E+00    0.72783E+03    0.28620E+01
    0.23951E+02   -0.19596E+02    0.54298E+03    0.27348E+01
    0.17167E+02   -0.66894E+01    0.18185E+04    0.32597E+01
    0.10274E+03   -0.41579E+00    0.69183E+03    0.28400E+01
    0.97918E+02   -0.18106E+01    0.66679E+03    0.28240E+01
    0.86508E+01   -0.25175E+00    0.69221E+03    0.28402E+01
    0.76497E+02   -0.26277E+01    0.70521E+03    0.28483E+01
    0.57322E+02   -0.22303E+02    0.30761E+03    0.24880E+01
    0.26094E+02   -0.22909E+02    0.43473E+03    0.26382E+01
    0.11394E+03   -0.40829E+00    0.76728E+03    0.28850E+01
    0.76473E+02   -0.84855E+00    0.37038E+03    0.25687E+01
    0.12520E+03   -0.32775E+00    0.95767E+03    0.29812E+01
    0.10504E+03   -0.40239E+00    0.73825E+03    0.28682E+01
    0.12145E+03   -0.39175E+00    0.80446E+03    0.29055E+01
    0.10882E+03   -0.33898E+00    0.72193E+03    0.28585E+01
    0.58713E+02   -0.46536E+01    0.15734E+04    0.31968E+01
    0.11770E+03   -0.39876E+00    0.82163E+03    0.29147E+01
    0.92554E+02   -0.70879E+01    0.16961E+04    0.32294E+01
    0.80657E+02   -0.68026E+01    0.14477E+04    0.31607E+01
    0.33976E+01   -0.25178E+00    0.72467E+03    0.28601E+01
    0.44957E+02   -0.93525E+00    0.71706E+03    0.28556E+01
    0.58649E+02   -0.19094E+02    0.40925E+03    0.26120E+01
    0.54748E+02   -0.34736E+00    0.60115E+03    0.27790E+01
    0.31278E+02   -0.11050E+02    0.11815E+04    0.30724E+01
    0.93027E+02   -0.93363E+00    0.37734E+03    0.25767E+01
    0.90016E+02   -0.10178E+01    0.38255E+03    0.25827E+01
    0.97374E+01   -0.40719E+00    0.69001E+03    0.28389E+01
    0.10718E+02   -0.53065E+01    0.12944E+04    0.31121E+01
    0.96265E+02   -0.57810E+01    0.15837E+04    0.31997E+01
    0.60759E+02   -0.15534E+01    0.58788E+03    0.27693E+01
    0.67960E+02   -0.12112E+02    0.13139E+04    0.31186E+01
    0.60286E+02   -0.18290E+02    0.46389E+03    0.26664E+01
    0.12803E+03   -0.33419E+01    0.22423E+04    0.33507E+01
    0.13578E+03   -0.47578E+00    0.14234E+04    0.31533E+01
    0.59223E+02   -0.12769E+02    0.10185E+04    0.30080E+01
    0.13225E+03   -0.96397E+01    0.16607E+04    0.32203E+01
    0.96735E+02   -0.88799E+00    0.45154E+03    0.26547E+01
    0.33686E+02   -0.14492E+02    0.82038E+03    0.29140E+01
    0.38112E+02   -0.16531E+02    0.61274E+03    0.27873E+01
    0.13276E+03   -0.39994E+00    0.11110E+04    0.30457E+01
    0.13680E+03   -0.19113E+02    0.93050E+03    0.29687E+01
    0.41056E+02   -0.46864E+01    0.27440E+04    0.34384E+01
    0.71606E+02   -0.21579E+02    0.40059E+03    0.26027E+01
    0.12740E+02   -0.20991E+01    0.10699E+04    0.30293E+01
    0.71126E+02   -0.15065E+02    0.90001E+03    0.29542E+01
    0.36081E+02   -0.48980E+01    0.28372E+04    0.34529E+01
    0.13310E+03   -0.13384E+01    0.12710E+04    0.31041E+01
    0.54910E+02   -0.13879E+02    0.84925E+03    0.29290E+01
    0.77217E+02   -0.42361E+00    0.34339E+03    0.25358E+01
    0.26591E+02   -0.58907E+01    0.19536E+04    0.32908E+01
    0.13418E+03   -0.41493E+00    0.12557E+04    0.30989E+01
    0.23038E+02   -0.17915E+02    0.61159E+03    0.27865E+01
    0.80753E+02   -0.22236E+02    0.44271E+03    0.26461E+01
    0.50738E+02   -0.12986E+02    0.97053E+03    0.29870E+01
    0.11538E+03   -0.47892E+01    0.20482E+04    0.33114E+01
    0.10392E+03   -0.48559E+01    0.13478E+04    0.31296E+01
    0.11277E+03   -0.48092E+01    0.19377E+04    0.32873E+01
    0.11032E+03   -0.47159E+01    0.17368E+04    0.32397E+01
    0.10777E+03   -0.48650E+01    0.15083E+04    0.31785E+01
    0.10132E+03   -0.48002E+01    0.13666E+04    0.31356E+01
    0.11914E+03   -0.46892E+01    0.21617E+04    0.33348E+01
    0.98789E+02   -0.48342E+01    0.14196E+04    0.31522E+01
    0.12273E+03   -0.46438E+01    0.23774E+04    0.33761E+01
    0.63796E+02   -0.97042E+00    0.48532E+03    0.26860E+01
    0.11407E+03   -0.46871E+01    0.19933E+04    0.32996E+01
    0.11150E+03   -0.47980E+01    0.18253E+04    0.32613E+01
    0.10909E+03   -0.48529E+01    0.16243E+04    0.32107E+01
    0.10260E+03   -0.48756E+01    0.13541E+04    0.31317E+01
    0.10007E+03   -0.47543E+01    0.13854E+04    0.31416E+01
    0.12034E+03   -0.45812E+01    0.21996E+04    0.33423E+01
    0.12153E+03   -0.45661E+01    0.22765E+04    0.33573E+01
    0.11791E+03   -0.47406E+01    0.21150E+04    0.33253E+01
    0.10646E+03   -0.48375E+01    0.14221E+04    0.31529E+01
    0.84186E+02   -0.56336E+01    0.13022E+04    0.31147E+01
    0.12634E+03   -0.11559E+02    0.15940E+04    0.32025E+01
    0.11622E+03   -0.11954E+02    0.12183E+04    0.30857E+01
    0.10510E+03   -0.11976E+02    0.94775E+03    0.29767E+01
    0.10740E+03   -0.11914E+02    0.95223E+03    0.29787E+01
    0.11390E+03   -0.12016E+02    0.11051E+04    0.30434E+01
    0.10285E+03   -0.11858E+02    0.10003E+04    0.30001E+01
    0.97519E+02   -0.48872E+01    0.14433E+04    0.31594E+01
    0.12292E+03   -0.12285E+02    0.14212E+04    0.31527E+01
    0.21201E+02   -0.17862E+02    0.64381E+03    0.28088E+01
    0.35574E+02   -0.12843E+02    0.10511E+04    0.30217E+01
    0.58930E+02   -0.11448E+01    0.55875E+03    0.27472E+01
    0.14215E+03   -0.10082E+02    0.11497E+04    0.30606E+01
    0.86921E+02   -0.57228E+01    0.13768E+04    0.31389E+01
    0.89726E+02   -0.60134E+01    0.15216E+04    0.31823E+01
    0.92619E+02   -0.61508E+01    0.16241E+04    0.32106E+01
    0.11846E+03   -0.11980E+02    0.12986E+04    0.31135E+01
    0.12554E+03   -0.25966E+02    0.62834E+03    0.27982E+01
    0.12399E+03   -0.46687E+01    0.25116E+04    0.33999E+01
    0.40304E+02   -0.14596E+02    0.79021E+03    0.28977E+01
    0.81446E+02   -0.55151E+01    0.12845E+04    0.31087E+01
    0.85529E+02   -0.56298E+01    0.13291E+04    0.31236E+01
    0.96225E+02   -0.49172E+01    0.14620E+04    0.31650E+01
    0.88311E+02   -0.59231E+01    0.14519E+04    0.31619E+01
    0.39028E+02   -0.93546E+00    0.89160E+03    0.29502E+01
    0.91175E+02   -0.60790E+01    0.15761E+04    0.31976E+01
    0.87369E+02   -0.13230E+02    0.11386E+04    0.30564E+01
    0.46051E+02   -0.11578E+02    0.12892E+04    0.31103E+01
    0.18311E+02   -0.14387E+02    0.87223E+03    0.29406E+01
    0.13287E+03   -0.12691E+02    0.13060E+04    0.31159E+01
    0.12778E+03   -0.20855E+02    0.79111E+03    0.28982E+01
    0.74051E+02   -0.76731E+01    0.16775E+04    0.32247E+01
    0.80067E+02   -0.54031E+01    0.12803E+04    0.31073E+01
    0.22309E+02   -0.27775E+01    0.18860E+04    0.32755E+01
    0.43566E+01   -0.34227E+01    0.81015E+03    0.29086E+01
    0.72053E+02   -0.59866E+01    0.16066E+04    0.32059E+01
    0.74963E+02   -0.63401E+01    0.15395E+04    0.31874E+01
    0.13894E+03   -0.12545E+02    0.11440E+04    0.30584E+01
    0.28918E+02   -0.20753E+02    0.45627E+03    0.26592E+01
    0.36456E+02   -0.13999E+02    0.89189E+03    0.29503E+01
    0.10365E+03   -0.21372E+02    0.46406E+03    0.26666E+01
    0.85028E+02   -0.12931E+02    0.11597E+04    0.30643E+01
    0.47546E+02   -0.15450E+01    0.78613E+03    0.28955E+01
    0.10638E+03   -0.14127E+02    0.80103E+03    0.29036E+01
    0.90356E+02   -0.74636E+01    0.16742E+04    0.32238E+01
    0.99382E+02   -0.15834E+00    0.47172E+03    0.26737E+01
    0.73785E+02   -0.13740E+02    0.10641E+04    0.30270E+01
    0.32067E+02   -0.12104E+02    0.10720E+04    0.30302E+01
    0.66719E+02   -0.52468E+01    0.16120E+04    0.32074E+01
    0.12526E+03   -0.46536E+01    0.25771E+04    0.34111E+01
    0.60234E+02   -0.13812E+02    0.90305E+03    0.29557E+01
    0.13708E+03   -0.95417E+01    0.13097E+04    0.31172E+01
    0.10241E+03   -0.22877E+02    0.43247E+03    0.26360E+01
    0.61196E+02   -0.16919E+01    0.59366E+03    0.27735E+01
    0.10349E+03   -0.41394E+00    0.68822E+03    0.28377E+01
    0.70589E+02   -0.57657E+01    0.16149E+04    0.32082E+01
    0.73524E+02   -0.61510E+01    0.15723E+04    0.31965E+01
    0.69011E+02   -0.13015E+02    0.11882E+04    0.30749E+01
    0.78695E+02   -0.53125E+01    0.12849E+04    0.31089E+01
    0.99652E+02   -0.21651E+02    0.45987E+03    0.26626E+01
    0.10486E+02   -0.92339E+00    0.69247E+03    0.28404E+01
    0.46901E+02   -0.12639E+02    0.10921E+04    0.30383E+01
    0.36536E+02   -0.55809E+01    0.29163E+04    0.34648E+01
    0.71340E+02   -0.13489E+02    0.11053E+04    0.30435E+01
    0.76160E+02   -0.14305E+02    0.10045E+04    0.30019E+01
    0.41645E+02   -0.52775E+01    0.28221E+04    0.34506E+01
    0.71239E+02   -0.97836E+00    0.41468E+03    0.26177E+01
    0.97570E+02   -0.56847E+01    0.15450E+04    0.31889E+01
    0.13313E+03   -0.18344E+00    0.11097E+04    0.30452E+01
    0.26937E+02   -0.20953E+02    0.46702E+03    0.26693E+01
    0.10574E+03   -0.34036E+00    0.79597E+03    0.29009E+01
    0.55110E+02   -0.15637E+00    0.58588E+03    0.27678E+01
    0.13865E+03   -0.10381E+02    0.12104E+04    0.30829E+01
    0.57884E+02   -0.13357E+02    0.93193E+03    0.29694E+01
    0.26594E+02   -0.20896E+01    0.17850E+04    0.32516E+01
    0.10668E+02   -0.71543E+01    0.12950E+04    0.31123E+01
    0.41395E+02   -0.15935E+02    0.63439E+03    0.28024E+01
    0.66716E+02   -0.12645E+02    0.12207E+04    0.30866E+01
    0.13868E+03   -0.48529E+01    0.13177E+04    0.31198E+01
    0.49254E+02   -0.13449E+02    0.91589E+03    0.29618E+01
    0.65893E+02   -0.73052E+00    0.39984E+03    0.26019E+01
    0.12433E+03   -0.22657E+02    0.68389E+03    0.28350E+01
    0.13649E+03   -0.43519E+00    0.14296E+04    0.31552E+01
    0.65637E+02   -0.15542E+00    0.38892E+03    0.25899E+01
    0.34190E+02   -0.13085E+02    0.98765E+03    0.29946E+01
    0.35335E+02   -0.51652E+01    0.27953E+04    0.34464E+01
    0.38814E+02   -0.14867E+02    0.76288E+03    0.28825E+01
    0.40366E+02   -0.49968E+01    0.28655E+04    0.34572E+01
    0.10688E+03   -0.15110E+01    0.99396E+03    0.29974E+01
    0.11667E+03   -0.47548E+01    0.20920E+04    0.33206E+01
    0.10518E+03   -0.48546E+01    0.13692E+04    0.31365E+01
    0.22208E+02   -0.17948E+01    0.14824E+04    0.31710E+01
    0.10306E+03   -0.10291E+01    0.72951E+03    0.28630E+01
    0.12520E+03   -0.12213E+02    0.14877E+04    0.31725E+01
    0.76436E+02   -0.64481E+01    0.14994E+04    0.31759E+01
    0.25688E+02   -0.59520E+01    0.19171E+04    0.32826E+01
    0.44800E+02   -0.11909E+02    0.12388E+04    0.30930E+01
    0.12959E+03   -0.19923E+02    0.83619E+03    0.29223E+01
    0.11166E+03   -0.11822E+02    0.10483E+04    0.30205E+01
    0.12672E+03   -0.54023E+01    0.26749E+04    0.34273E+01
    0.99640E+02   -0.74506E+00    0.50204E+03    0.27007E+01
    0.18303E+02   -0.19086E+02    0.64496E+03    0.28095E+01
    0.82835E+02   -0.55882E+01    0.12908E+04    0.31109E+01
    0.94589E+02   -0.13702E+02    0.10497E+04    0.30211E+01
    0.96963E+02   -0.61595E+01    0.15970E+04    0.32033E+01
    0.14060E+03   -0.23838E+00    0.12421E+04    0.30941E+01
    0.12068E+03   -0.12185E+02    0.13555E+04    0.31321E+01
    0.77886E+02   -0.85300E+00    0.36278E+03    0.25596E+01
    0.13991E+03   -0.51128E+01    0.12562E+04    0.30991E+01
    0.78614E+02   -0.61873E+01    0.14147E+04    0.31507E+01
    0.65303E+02   -0.18643E+01    0.59823E+03    0.27769E+01
    0.12748E+03   -0.12383E+02    0.14784E+04    0.31698E+01
    0.92262E+02   -0.13613E+02    0.11038E+04    0.30429E+01
    0.12406E+03   -0.54507E+01    0.25820E+04    0.34120E+01
    0.77869E+02   -0.65604E+01    0.14745E+04    0.31686E+01
    0.10311E+03   -0.20752E+00    0.69917E+03    0.28446E+01
    0.13386E+03   -0.16330E+00    0.12164E+04    0.30851E+01
    0.59875E+02   -0.22303E+02    0.31230E+03    0.24946E+01
    0.59600E+02   -0.72438E+01    0.18321E+04    0.32630E+01
    0.81367E+02   -0.11038E+01    0.38896E+03    0.25899E+01
    0.23741E+01   -0.23424E+01    0.76345E+03    0.28828E+01
    0.91802E+02   -0.74806E+01    0.17001E+04    0.32305E+01
    0.55589E+02   -0.12762E+02    0.10239E+04    0.30103E+01
    0.34535E+02   -0.86674E+00    0.10722E+04    0.30303E+01
    0.69295E+02   -0.54273E+01    0.15874E+04    0.32007E+01
    0.13760E+03   -0.12078E+01    0.13592E+04    0.31333E+01
    0.90133E+01   -0.44243E+00    0.67558E+03    0.28297E+01
    0.11362E+03   -0.15587E+00    0.76482E+03    0.28836E+01
    0.13261E+03   -0.14557E+01    0.12873E+04    0.31097E+01
    0.79272E+02   -0.66320E+01    0.14537E+04    0.31625E+01
    0.11055E+03   -0.10081E+01    0.81312E+03    0.29102E+01
    0.11111E+03   -0.17908E+01    0.10917E+04    0.30381E+01
    0.10147E+03   -0.15375E+01    0.69766E+03    0.28436E+01
    0.10538E+03   -0.15351E+00    0.76346E+03    0.28828E+01
    0.90073E+02   -0.18962E+02    0.62330E+03    0.27947E+01
    0.10878E+03   -0.13775E+02    0.82497E+03    0.29164E+01
    0.11519E+01   -0.31276E+00    0.73418E+03    0.28658E+01
    0.11063E+03   -0.11140E+02    0.10829E+04    0.30346E+01
    0.17093E+02   -0.51286E+01    0.20003E+04    0.33011E+01
    0.73380E+02   -0.70318E+01    0.16731E+04    0.32235E+01
    0.31527E+02   -0.62855E+01    0.22318E+04    0.33487E+01
    0.10914E+03   -0.14572E+00    0.71226E+03    0.28526E+01
    0.26872E+02   -0.25007E+01    0.19236E+04    0.32841E+01
    0.12427E+03   -0.91237E+00    0.10663E+04    0.30279E+01
    0.13124E+03   -0.11895E+02    0.14390E+04    0.31580E+01
    0.68048E+02   -0.53370E+01    0.15930E+04    0.32022E+01
    0.68188E+02   -0.60795E+01    0.17337E+04    0.32390E+01
    0.93452E+02   -0.12842E+02    0.11640E+04    0.30660E+01
    0.57751E+02   -0.88751E+00    0.56943E+03    0.27554E+01
    0.10951E+03   -0.32763E+00    0.71257E+03    0.28528E+01
    0.11738E+03   -0.14888E+00    0.80485E+03    0.29057E+01
    0.10048E+03   -0.83816E+00    0.54648E+03    0.27376E+01
    0.14156E+03   -0.15344E+01    0.12311E+04    0.30903E+01
    0.12598E+02   -0.27181E+01    0.11844E+04    0.30735E+01
    0.11381E+03   -0.13408E+02    0.95290E+03    0.29790E+01
    0.12047E+03   -0.91131E+00    0.90523E+03    0.29568E+01
    0.60834E+02   -0.10577E+01    0.51786E+03    0.27142E+01
    0.12076E+03   -0.32682E+00    0.80783E+03    0.29073E+01
    0.13723E+03   -0.46186E+00    0.13848E+04    0.31414E+01
    0.22477E+02   -0.87316E+00    0.11254E+04    0.30513E+01
    0.11701E+03   -0.33289E+00    0.81087E+03    0.29089E+01
    0.17498E+02   -0.12161E+02    0.10393E+04    0.30167E+01
    0.20560E+02   -0.10710E+01    0.11321E+04    0.30539E+01
    0.12451E+03   -0.32383E+00    0.93711E+03    0.29718E+01
    0.12112E+03   -0.14455E+00    0.80131E+03    0.29038E+01
    0.68983E+02   -0.61201E+01    0.17203E+04    0.32356E+01
    0.10956E+03   -0.11754E+02    0.10025E+04    0.30011E+01
    0.57366E+02   -0.11379E+01    0.61597E+03    0.27896E+01
    0.11325E+03   -0.33959E+00    0.76890E+03    0.28859E+01
    0.16731E+01   -0.29755E+01    0.77532E+03    0.28895E+01
    0.12487E+03   -0.14227E+00    0.93820E+03    0.29723E+01
    0.77974E+02   -0.16271E+01    0.44576E+03    0.26491E+01
    0.12767E+03   -0.22907E+02    0.72963E+03    0.28631E+01
    0.14252E+02   -0.85748E+00    0.84585E+03    0.29273E+01
    0.80004E+02   -0.62233E+01    0.14022E+04    0.31468E+01
    0.12604E+03   -0.23757E+02    0.67779E+03    0.28311E+01
    0.97870E+02   -0.10825E+01    0.47451E+03    0.26762E+01
    0.32974E+02   -0.20291E+02    0.44357E+03    0.26470E+01
    0.13221E+03   -0.42570E+01    0.20369E+04    0.33090E+01
    0.24007E+02   -0.88757E+00    0.11935E+04    0.30768E+01
    0.34544E+02   -0.15587E+02    0.71310E+03    0.28531E+01
    0.22833E+02   -0.11329E+01    0.12391E+04    0.30931E+01
    0.74273E+02   -0.86336E+00    0.37077E+03    0.25691E+01
    0.61668E+02   -0.19697E+02    0.41088E+03    0.26137E+01
    0.23613E+02   -0.11460E+01    0.12794E+04    0.31070E+01
    0.11047E+03   -0.54037E+01    0.17482E+04    0.32426E+01
    0.91117E+02   -0.69570E+01    0.16666E+04    0.32218E+01
    0.75380E+02   -0.11317E+01    0.40103E+03    0.26032E+01
    0.79855E+02   -0.11216E+01    0.39456E+03    0.25961E+01
    0.14048E+03   -0.24477E+01    0.12397E+04    0.30933E+01
    0.10730E+03   -0.85997E+00    0.92886E+03    0.29679E+01
    0.53261E+02   -0.94039E+00    0.72732E+03    0.28617E+01
    0.27342E+02   -0.10972E+01    0.14194E+04    0.31521E+01
    0.21930E+02   -0.14632E+01    0.13028E+04    0.31149E+01
    0.12830E+03   -0.54598E+01    0.26121E+04    0.34170E+01
    0.76818E+02   -0.10645E+01    0.38932E+03    0.25903E+01
    0.54638E+02   -0.11661E+02    0.11728E+04    0.30692E+01
    0.10161E+03   -0.10859E+01    0.63451E+03    0.28024E+01
    0.81743E+02   -0.87662E+00    0.36809E+03    0.25659E+01
    0.13050E+03   -0.90145E+00    0.12672E+04    0.31029E+01
    0.12886E+03   -0.69215E+01    0.24414E+04    0.33876E+01
    0.11671E+03   -0.92430E+00    0.90383E+03    0.29561E+01
    0.47295E+02   -0.86019E+00    0.66230E+03    0.28211E+01
    0.10976E+03   -0.89106E+00    0.79421E+03    0.28999E+01
    0.13947E+03   -0.39144E+00    0.12513E+04    0.30974E+01
    0.10171E+03   -0.18297E+01    0.80485E+03    0.29057E+01
    0.10684E+03   -0.15628E+02    0.72144E+03    0.28582E+01
    0.12401E+02   -0.17235E+01    0.91756E+03    0.29626E+01
    0.93997E+02   -0.70682E+01    0.16972E+04    0.32297E+01
    0.25119E+02   -0.10852E+01    0.12667E+04    0.31027E+01
    0.10644E+03   -0.56623E+01    0.14151E+04    0.31508E+01
    0.13350E+03   -0.34673E+00    0.11532E+04    0.30619E+01
    0.10428E+03   -0.87607E+00    0.74575E+03    0.28726E+01
    0.12156E+03   -0.53213E+01    0.23699E+04    0.33747E+01
    0.14166E+03   -0.40885E+01    0.12163E+04    0.30850E+01
    0.35931E+02   -0.15335E+02    0.73350E+03    0.28654E+01
    0.10222E+03   -0.18096E+01    0.82842E+03    0.29183E+01
    0.54823E+02   -0.72973E+00    0.62428E+03    0.27954E+01
    0.10097E+03   -0.14966E+01    0.66857E+03    0.28251E+01
    0.18398E+02   -0.11102E+01    0.11341E+04    0.30547E+01
    0.13876E+03   -0.94677E+00    0.12768E+04    0.31061E+01
    0.27254E+02   -0.15536E+01    0.15841E+04    0.31998E+01
    0.76237E+02   -0.15435E+01    0.44557E+03    0.26489E+01
    0.25872E+02   -0.10608E+01    0.12944E+04    0.31121E+01
    0.59303E+02   -0.84172E+00    0.52015E+03    0.27161E+01
    0.40127E+02   -0.10749E+01    0.89569E+03    0.29522E+01
    0.45658E+02   -0.38741E+01    0.18860E+04    0.32755E+01
    0.12373E+03   -0.68999E+01    0.24760E+04    0.33937E+01
    0.13800E+03   -0.44617E+00    0.13237E+04    0.31218E+01
    0.68741E+02   -0.49518E+01    0.14950E+04    0.31746E+01
    0.97116E+02   -0.10667E+01    0.47519E+03    0.26769E+01
    0.35194E+02   -0.59319E+01    0.27678E+04    0.34421E+01
    0.75005E+02   -0.88344E+00    0.37083E+03    0.25692E+01
    0.11134E+03   -0.10439E+01    0.82425E+03    0.29161E+01
    0.77186E+02   -0.85549E+00    0.36896E+03    0.25670E+01
    0.74650E+02   -0.22635E+02    0.37678E+03    0.25761E+01
    0.10642E+03   -0.16591E+01    0.99167E+03    0.29964E+01
    0.14198E+03   -0.30627E+01    0.12173E+04    0.30854E+01
    0.13396E+03   -0.11751E+02    0.13554E+04    0.31321E+01
    0.80245E+02   -0.85476E+00    0.37690E+03    0.25762E+01
    0.26456E+01   -0.13003E+01    0.72956E+03    0.28631E+01
    0.12752E+03   -0.57677E+01    0.26546E+04    0.34240E+01
    0.16163E+02   -0.11057E+01    0.10678E+04    0.30285E+01
    0.11211E+03   -0.99409E+00    0.82911E+03    0.29186E+01
    0.76110E+02   -0.10961E+01    0.39338E+03    0.25948E+01
    0.13875E+03   -0.44617E+00    0.12716E+04    0.31043E+01
    0.93406E+02   -0.10785E+01    0.40201E+03    0.26042E+01
    0.36645E+02   -0.16718E+02    0.62533E+03    0.27961E+01
    0.13948E+02   -0.14975E+01    0.95619E+03    0.29805E+01
    0.76007E+02   -0.23149E+01    0.63513E+03    0.28029E+01
    0.10346E+03   -0.83090E+00    0.71616E+03    0.28550E+01
    0.14149E+03   -0.24308E+00    0.12499E+04    0.30969E+01
    0.11250E+03   -0.78978E+00    0.79204E+03    0.28987E+01
    0.97495E+02   -0.83274E+00    0.44325E+03    0.26466E+01
    0.12246E+03   -0.23617E+02    0.63295E+03    0.28014E+01
    0.10392E+03   -0.56847E+01    0.13660E+04    0.31355E+01
    0.18870E+02   -0.12044E+02    0.10283E+04    0.30121E+01
    0.10570E+03   -0.70455E+00    0.80458E+03    0.29056E+01
    0.10980E+03   -0.13022E+02    0.91466E+03    0.29613E+01
    0.58310E+02   -0.72694E+01    0.18300E+04    0.32625E+01
    0.19440E+02   -0.13304E+02    0.92414E+03    0.29657E+01
    0.13585E+03   -0.10212E+02    0.13522E+04    0.31310E+01
    0.94506E+02   -0.86771E+00    0.39364E+03    0.25951E+01
    0.34135E+00   -0.21928E+00    0.75647E+03    0.28788E+01
    0.67457E+01   -0.50299E+00    0.68354E+03    0.28348E+01
    0.12904E+03   -0.92068E+00    0.12798E+04    0.31071E+01
    0.39400E+02   -0.10957E+01    0.93159E+03    0.29692E+01
    0.18032E+02   -0.87970E+00    0.10573E+04    0.30242E+01
    0.22872E+01   -0.43037E+00    0.71620E+03    0.28550E+01
    0.11630E+03   -0.78808E+00    0.88284E+03    0.29459E+01
    0.13234E+02   -0.11427E+01    0.84645E+03    0.29276E+01
    0.60217E+01   -0.47727E+00    0.70319E+03    0.28471E+01
    0.60117E+02   -0.64850E+01    0.18226E+04    0.32607E+01
    0.13134E+02   -0.30839E+01    0.13222E+04    0.31213E+01
    0.13554E+03   -0.11796E+02    0.12803E+04    0.31073E+01
    0.10689E+03   -0.10504E+01    0.92754E+03    0.29673E+01
    0.24745E+02   -0.83143E+00    0.11887E+04    0.30751E+01
    0.47654E+02   -0.10985E+01    0.68812E+03    0.28377E+01
    0.52518E+01   -0.51511E+00    0.71200E+03    0.28525E+01
    0.12005E+03   -0.77897E+00    0.86861E+03    0.29388E+01
    0.10125E+03   -0.83230E+00    0.58629E+03    0.27681E+01
    0.11290E+03   -0.94648E+00    0.84941E+03    0.29291E+01
    0.10527E+03   -0.22532E+02    0.44755E+03    0.26508E+01
    0.46966E+02   -0.11022E+01    0.70135E+03    0.28459E+01
    0.39785E+02   -0.23668E+02    0.29952E+03    0.24764E+01
    0.14132E+03   -0.23615E+01    0.12278E+04    0.30891E+01
    0.10234E+03   -0.10789E+01    0.69806E+03    0.28439E+01
    0.10647E+03   -0.79889E+00    0.87577E+03    0.29424E+01
    0.74653E+02   -0.10927E+01    0.39505E+03    0.25967E+01
    0.44893E+01   -0.44616E+00    0.72047E+03    0.28576E+01
    0.10087E+03   -0.10426E+01    0.59341E+03    0.27734E+01
    0.30348E+01   -0.50220E+00    0.72014E+03    0.28574E+01
    0.92722E+02   -0.17614E+01    0.52246E+03    0.27181E+01
    0.80613E+02   -0.11006E+01    0.39371E+03    0.25952E+01
    0.10246E+03   -0.15172E+01    0.76639E+03    0.28844E+01
    0.47248E+02   -0.57507E+01    0.22650E+04    0.33551E+01
    0.94694E+02   -0.76009E+01    0.16909E+04    0.32281E+01
    0.46581E+01   -0.18385E+01    0.75764E+03    0.28795E+01
    0.10944E+03   -0.68103E+00    0.74291E+03    0.28709E+01
    0.12080E+03   -0.67566E+00    0.85151E+03    0.29302E+01
    0.12381E+03   -0.77647E+00    0.10182E+04    0.30078E+01
    0.13492E+03   -0.97867E+00    0.13868E+04    0.31420E+01
    0.11019E+03   -0.74384E+00    0.77275E+03    0.28880E+01
    0.12459E+03   -0.67624E+00    0.98820E+03    0.29948E+01
    0.14101E+03   -0.10637E+01    0.12404E+04    0.30936E+01
    0.71417E+02   -0.23572E+02    0.34189E+03    0.25339E+01
    0.98436E+02   -0.18701E+01    0.68767E+03    0.28374E+01
    0.11705E+03   -0.68562E+00    0.84715E+03    0.29280E+01
    0.37790E+01   -0.44233E+00    0.72407E+03    0.28598E+01
    0.13278E+03   -0.76980E+00    0.11534E+04    0.30620E+01
    0.21735E+02   -0.81737E+00    0.10751E+04    0.30314E+01
    0.14020E+03   -0.41331E+00    0.12456E+04    0.30954E+01
    0.11329E+03   -0.69841E+00    0.80870E+03    0.29078E+01
    0.39752E+02   -0.83418E+00    0.85754E+03    0.29333E+01
    0.14076E+03   -0.13579E+02    0.10877E+04    0.30365E+01
    0.22090E+02   -0.10446E+01    0.11580E+04    0.30637E+01
    0.24376E+02   -0.10682E+01    0.12587E+04    0.30999E+01
    0.13301E+03   -0.44179E+01    0.19398E+04    0.32877E+01
    0.24481E+02   -0.68962E+01    0.17184E+04    0.32351E+01
    0.13460E+03   -0.94239E+01    0.14807E+04    0.31705E+01
    0.13550E+02   -0.84393E+00    0.81027E+03    0.29086E+01
    0.84949E+02   -0.14283E+02    0.10114E+04    0.30049E+01
    0.93752E+02   -0.82139E+00    0.37839E+03    0.25779E+01
    0.13347E+03   -0.10202E+02    0.14945E+04    0.31745E+01
    0.53711E+02   -0.10600E+01    0.72556E+03    0.28607E+01
    0.46371E+02   -0.57741E+01    0.23401E+04    0.33692E+01
    0.10745E+03   -0.13198E+02    0.85407E+03    0.29315E+01
    0.59024E+02   -0.60007E+01    0.17952E+04    0.32541E+01
    0.11175E+03   -0.79986E+00    0.78358E+03    0.28941E+01
    0.13913E+02   -0.10391E+01    0.86400E+03    0.29365E+01
    0.97189E+02   -0.14945E+01    0.55015E+03    0.27405E+01
    0.14245E+03   -0.12194E+02    0.11053E+04    0.30435E+01
    0.54053E+02   -0.77466E+00    0.67344E+03    0.28283E+01
    0.15519E+01   -0.49272E+00    0.72510E+03    0.28604E+01
    0.26774E+02   -0.16786E+01    0.16098E+04    0.32068E+01
    0.26966E+02   -0.84455E+00    0.13115E+04    0.31178E+01
    0.26247E+02   -0.80241E+00    0.12504E+04    0.30970E+01
    0.19438E+01   -0.37614E+01    0.79300E+03    0.28993E+01
    0.94117E+02   -0.10420E+01    0.40947E+03    0.26122E+01
    0.11634E+02   -0.19787E+02    0.70606E+03    0.28488E+01
    0.15788E+02   -0.86021E+00    0.99946E+03    0.29998E+01
    0.25883E+02   -0.75169E+01    0.16056E+04    0.32056E+01
    0.79773E+01   -0.13963E+01    0.73176E+03    0.28644E+01
    0.12745E+03   -0.66594E+01    0.25746E+04    0.34107E+01
    0.93233E+02   -0.75246E+01    0.17068E+04    0.32322E+01
    0.25370E+02   -0.67383E+01    0.17462E+04    0.32421E+01
    0.37712E+02   -0.24139E+02    0.29875E+03    0.24753E+01
    0.68040E+02   -0.74528E+01    0.18686E+04    0.32715E+01
    0.11146E+03   -0.14769E+01    0.94391E+03    0.29749E+01
    0.14239E+03   -0.50042E+01    0.12031E+04    0.30803E+01
    0.66610E+02   -0.59764E+01    0.17796E+04    0.32503E+01
    0.93237E+02   -0.18138E+01    0.54926E+03    0.27398E+01
    0.93527E+02   -0.15126E+01    0.46984E+03    0.26719E+01
    0.13352E+03   -0.71021E+00    0.11792E+04    0.30716E+01
    0.73431E+02   -0.21073E+02    0.42651E+03    0.26299E+01
    0.39549E+02   -0.15226E+01    0.10868E+04    0.30361E+01
    0.68907E+02   -0.74991E+01    0.18520E+04    0.32676E+01
    0.73924E+02   -0.19274E+02    0.52243E+03    0.27180E+01
    0.27657E+02   -0.19022E+01    0.17242E+04    0.32366E+01
    0.59739E+02   -0.57810E+01    0.17662E+04    0.32470E+01
    0.92429E+02   -0.21672E+01    0.61984E+03    0.27923E+01
    0.10733E+03   -0.17913E+01    0.10574E+04    0.30242E+01
    0.12083E+03   -0.22827E+02    0.62949E+03    0.27990E+01
    0.11697E+02   -0.69596E+01    0.13681E+04    0.31361E+01
    0.75824E+02   -0.18939E+02    0.55752E+03    0.27463E+01
    0.77512E+02   -0.10575E+01    0.38644E+03    0.25871E+01
    0.75537E+02   -0.26456E+01    0.70165E+03    0.28461E+01
    0.11889E+03   -0.23585E+02    0.58135E+03    0.27644E+01
    0.28326E+01   -0.36970E+01    0.79629E+03    0.29011E+01
    0.87820E+01   -0.18458E+01    0.77499E+03    0.28893E+01
    0.74626E+02   -0.15665E+01    0.46037E+03    0.26631E+01
    0.59913E+02   -0.79899E+01    0.17912E+04    0.32531E+01
    0.22928E+02   -0.25806E+01    0.18454E+04    0.32661E+01
    0.51924E+01   -0.23412E+01    0.78366E+03    0.28941E+01
    0.34108E+02   -0.17006E+02    0.61183E+03    0.27866E+01
    0.13838E+03   -0.11719E+01    0.13055E+04    0.31158E+01
    0.13923E+03   -0.11351E+01    0.12622E+04    0.31011E+01
    0.46158E+02   -0.65293E+01    0.23983E+04    0.33799E+01
    0.60897E+02   -0.80158E+01    0.18136E+04    0.32586E+01
    0.24469E+02   -0.15126E+01    0.14237E+04    0.31534E+01
    0.22703E+01   -0.87626E+00    0.72290E+03    0.28591E+01
    0.26590E+02   -0.10101E+01    0.13322E+04    0.31246E+01
    0.14204E+03   -0.63820E+01    0.12014E+04    0.30797E+01
    0.58608E+02   -0.20922E+02    0.33786E+03    0.25287E+01
    0.12462E+03   -0.68919E+01    0.25076E+04    0.33993E+01
    0.13800E+03   -0.88781E+00    0.13282E+04    0.31233E+01
    0.13957E+03   -0.80942E+00    0.12519E+04    0.30976E+01
    0.13318E+03   -0.91677E+00    0.11900E+04    0.30755E+01
    0.47097E+02   -0.15448E+01    0.79848E+03    0.29023E+01
    0.14109E+03   -0.48146E+00    0.12447E+04    0.30951E+01
    0.12801E+03   -0.70914E+01    0.24611E+04    0.33911E+01
    0.64829E+02   -0.17879E+01    0.59563E+03    0.27750E+01
    0.92720E+02   -0.25344E+01    0.71091E+03    0.28518E+01
    0.74324E+00   -0.53205E+00    0.74770E+03    0.28737E+01
    0.18023E+02   -0.64120E+01    0.18668E+04    0.32711E+01
    0.45040E+02   -0.39629E+01    0.20322E+04    0.33080E+01
    0.26487E+02   -0.13877E+01    0.14625E+04    0.31651E+01
    0.44887E+02   -0.45721E+01    0.22623E+04    0.33546E+01
    0.14199E+03   -0.24308E+00    0.12456E+04    0.30954E+01
    0.95965E+01   -0.89125E+00    0.69308E+03    0.28408E+01
    0.12234E+03   -0.54133E+01    0.24268E+04    0.33850E+01
    0.12491E+03   -0.54354E+01    0.26236E+04    0.34189E+01
