    0.75816E+02   -0.79169E+01    0.57786E+01    0.76182E+00    0.27578E+00
    0.36762E+02   -0.76329E+01    0.11272E+02    0.10520E+01    0.53649E+00
    0.11239E+03   -0.64522E+01    0.11658E+02    0.10666E+01    0.64880E+00
    0.11552E+03   -0.10161E+01    0.29706E+02    0.14728E+01    0.23322E+01
    0.95887E+01   -0.16460E+02    0.82256E+00   -0.84834E-01   -0.16801E+01
    0.11221E+03   -0.13986E+02    0.63539E+01    0.80304E+00   -0.31487E+00
    0.99700E+01   -0.11589E+01    0.19021E+02    0.12792E+01    0.20268E+01
    0.14241E+03   -0.56038E+00    0.16186E+01    0.20914E+00    0.71586E+00
    0.23806E+01   -0.71941E+01    0.28654E+01    0.45719E+00   -0.87825E+00
    0.11382E+03   -0.12166E+01    0.29909E+02    0.14758E+01    0.22443E+01
    0.54440E+01   -0.99217E+01    0.51351E+01    0.71055E+00   -0.82004E+00
    0.12835E+03   -0.10796E+01    0.29397E+02    0.14683E+01    0.22806E+01
    0.95247E+02   -0.21008E+01    0.19273E+02    0.12849E+01    0.18109E+01
    0.10512E+03   -0.12102E+01    0.36411E+02    0.15612E+01    0.23413E+01
    0.52319E+02   -0.27602E+01    0.31565E+02    0.14992E+01    0.16387E+01
    0.52508E+02   -0.21226E+01    0.17386E+02    0.12402E+01    0.18561E+01
    0.13395E+03   -0.77841E+00    0.95539E+01    0.98018E+00    0.23017E+01
    0.96204E+02   -0.11572E+01    0.38850E+02    0.15894E+01    0.22960E+01
    0.67180E+02   -0.11806E+01    0.41086E+02    0.16137E+01    0.22713E+01
    0.10369E+03   -0.14259E+02    0.10140E+02    0.10060E+01   -0.23734E+00
    0.35082E+02   -0.19513E+02    0.12037E+01    0.80507E-01   -0.13817E+01
    0.10561E+03   -0.16771E+02    0.55874E+01    0.74721E+00   -0.54206E+00
    0.89294E+02   -0.11061E+01    0.41438E+02    0.16174E+01    0.24713E+01
    0.53567E+02   -0.19311E+01    0.23960E+02    0.13795E+01    0.19946E+01
    0.57385E+02   -0.42609E+01    0.95546E+01    0.98021E+00    0.10297E+01
    0.82331E+02   -0.21143E+01    0.14828E+02    0.11711E+01    0.18112E+01
    0.57002E+02   -0.36791E+01    0.80190E+01    0.90412E+00    0.12417E+01
    0.44041E+02   -0.54226E+01    0.57489E+01    0.75958E+00    0.74945E+00
    0.72949E+02   -0.19497E+01    0.19059E+02    0.12801E+01    0.19477E+01
    0.95811E+02   -0.21084E+01    0.21201E+02    0.13263E+01    0.18210E+01
    0.11302E+03   -0.57411E+01    0.63625E+01    0.80363E+00    0.64759E+00
    0.13353E+03   -0.53039E+01    0.70910E+01    0.85071E+00    0.46056E+00
    0.77779E+01   -0.24211E+01    0.12947E+02    0.11122E+01    0.14202E+01
    0.12655E+03   -0.10428E+01    0.31477E+02    0.14980E+01    0.23480E+01
    0.35956E+02   -0.62374E+01    0.39404E+01    0.59554E+00    0.66452E+00
    0.11444E+03   -0.19961E+01    0.12181E+02    0.10857E+01    0.17948E+01
    0.92226E+02   -0.11002E+01    0.45690E+02    0.16598E+01    0.24886E+01
    0.70437E+02   -0.21723E+01    0.21163E+02    0.13256E+01    0.17714E+01
    0.13407E+03   -0.12211E+01    0.18618E+02    0.12699E+01    0.20084E+01
    0.49497E+02   -0.74313E+01    0.10732E+02    0.10307E+01    0.56237E+00
    0.12538E+01   -0.11306E+02    0.17997E+01    0.25519E+00   -0.18837E+01
    0.43235E+02   -0.57245E+01    0.11404E+02    0.10571E+01    0.68752E+00
    0.12795E+03   -0.14031E+01    0.17855E+02    0.12518E+01    0.19084E+01
    0.11168E+03   -0.19282E+02    0.66174E+01    0.82069E+00   -0.90975E+00
    0.48421E+02   -0.11792E+01    0.22608E+02    0.13543E+01    0.22691E+01
    0.12258E+03   -0.61807E+01    0.33567E+01    0.52591E+00    0.35025E+00
    0.73347E+02   -0.24148E+01    0.21466E+02    0.13318E+01    0.16459E+01
    0.43455E+02   -0.13972E+02    0.84017E+01    0.92437E+00   -0.28309E+00
    0.56205E+02   -0.64256E+01    0.65442E+01    0.81586E+00    0.60940E+00
    0.44765E+02   -0.13410E+02    0.32197E+01    0.50781E+00   -0.41409E+00
    0.82286E+02   -0.27302E+01    0.26219E+02    0.14186E+01    0.15937E+01
    0.14004E+03   -0.83129E+00    0.17718E+01    0.24842E+00    0.13746E+01
    0.10860E+03   -0.63858E+01    0.11096E+02    0.10452E+01    0.72720E+00
    0.11929E+03   -0.98840E+00    0.29957E+02    0.14765E+01    0.24047E+01
    0.12519E+03   -0.61736E+01    0.29994E+01    0.47704E+00    0.30819E+00
    0.12695E+03   -0.13528E+01    0.20062E+02    0.13024E+01    0.19456E+01
    0.61562E+02   -0.20504E+01    0.14664E+02    0.11662E+01    0.18601E+01
    0.48796E+02   -0.93419E+00    0.43282E+02    0.16363E+01    0.26253E+01
    0.10565E+03   -0.18529E+02    0.34479E+01    0.53756E+00   -0.99256E+00
    0.17076E+02   -0.22996E+01    0.21659E+02    0.13356E+01    0.15654E+01
    0.61407E+02   -0.26378E+01    0.27887E+02    0.14454E+01    0.16262E+01
    0.69294E+02   -0.17482E+01    0.23718E+02    0.13751E+01    0.20677E+01
    0.64287E+02   -0.24258E+01    0.19603E+02    0.12923E+01    0.16700E+01
    0.52490E+01   -0.80734E+01    0.33125E+01    0.52016E+00   -0.78023E+00
    0.15067E+02   -0.20623E+02    0.47361E+00   -0.32457E+00   -0.19722E+01
    0.79748E+01   -0.31890E+01    0.25634E+02    0.14088E+01    0.13297E+01
    0.22678E+02   -0.21679E+02    0.91980E+00   -0.36306E-01   -0.17486E+01
    0.70365E+02   -0.28393E+01    0.29315E+02    0.14671E+01    0.15313E+01
    0.11953E+03   -0.16194E+02    0.24134E+01    0.38262E+00   -0.10365E+01
    0.11499E+03   -0.19435E+01    0.16468E+02    0.12166E+01    0.18367E+01
    0.39649E+01   -0.11690E+02    0.72853E+00   -0.13755E+00   -0.19458E+01
    0.11847E+03   -0.17742E+02    0.57290E+01    0.75808E+00   -0.93999E+00
    0.10465E+03   -0.12668E+01    0.23522E+02    0.13715E+01    0.22758E+01
    0.75760E+02   -0.91237E+01    0.72819E+01    0.86224E+00    0.12459E+00
    0.10871E+02   -0.22958E+01    0.17337E+02    0.12390E+01    0.15677E+01
    0.28478E+02   -0.56733E+01    0.10689E+02    0.10289E+01    0.88297E+00
    0.56824E+02   -0.16096E+02    0.81532E+01    0.91133E+00   -0.51170E+00
    0.11758E+03   -0.11835E+01    0.24703E+02    0.13928E+01    0.22305E+01
    0.11912E+02   -0.51616E+01    0.10332E+02    0.10142E+01    0.54599E+00
    0.16891E+02   -0.21013E+02    0.46090E+00   -0.33639E+00   -0.20019E+01
    0.10929E+03   -0.58232E+01    0.64880E+01    0.81211E+00    0.73360E+00
    0.36673E+02   -0.26747E+01    0.23149E+02    0.13645E+01    0.15706E+01
    0.50876E+02   -0.13200E+01    0.26759E+02    0.14275E+01    0.22620E+01
    0.58077E+02   -0.15047E+02    0.39312E+01    0.59452E+00   -0.52062E+00
    0.41805E+02   -0.69516E+01    0.10382E+02    0.10163E+01    0.55800E+00
    0.10418E+02   -0.29243E+01    0.12667E+02    0.11027E+01    0.12429E+01
    0.68873E+02   -0.20864E+01    0.22556E+02    0.13533E+01    0.17949E+01
    0.11253E+02   -0.10766E+01    0.26760E+02    0.14275E+01    0.23033E+01
    0.90752E+02   -0.10884E+01    0.44628E+02    0.16496E+01    0.24967E+01
    0.73517E+02   -0.10620E+01    0.41119E+02    0.16140E+01    0.24278E+01
    0.90643E+01   -0.14737E+02    0.51359E+00   -0.28938E+00   -0.16786E+01
    0.95824E+02   -0.89225E+00    0.36824E+02    0.15661E+01    0.25325E+01
    0.98801E+02   -0.10575E+01    0.37468E+02    0.15737E+01    0.23355E+01
    0.49245E+02   -0.59062E+01    0.48938E+01    0.68965E+00    0.70524E+00
    0.28483E+02   -0.12960E+02    0.95144E+01    0.97838E+00   -0.17386E+00
    0.36807E+02   -0.20750E+01    0.12958E+02    0.11125E+01    0.18242E+01
    0.78275E+02   -0.25607E+01    0.20076E+02    0.13027E+01    0.16492E+01
    0.33872E+02   -0.59455E+01    0.80484E+01    0.90571E+00    0.70418E+00
    0.11820E+03   -0.19498E+01    0.12576E+02    0.10995E+01    0.17636E+01
    0.25174E+01   -0.22771E+02    0.46910E-01   -0.13287E+01   -0.34760E+01
    0.60828E+00   -0.88280E+01    0.11260E+01    0.51548E-01   -0.18723E+01
    0.28178E+02   -0.11849E+01    0.17207E+02    0.12357E+01    0.22152E+01
    0.49281E+02   -0.84814E+01    0.16520E+02    0.12180E+01    0.38697E+00
    0.42255E+02   -0.11963E+01    0.39225E+02    0.15936E+01    0.22740E+01
    0.55606E+02   -0.10763E+01    0.40437E+02    0.16068E+01    0.23818E+01
    0.80946E+02   -0.19616E+01    0.26894E+02    0.14297E+01    0.18867E+01
    0.73911E+02   -0.15323E+02    0.29954E+01    0.47645E+00   -0.59775E+00
    0.81447E+02   -0.15694E+02    0.71298E+01    0.85308E+00   -0.47177E+00
    0.19762E+02   -0.85875E+00    0.16201E+02    0.12095E+01    0.23499E+01
    0.12304E+03   -0.98239E+00    0.22554E+02    0.13532E+01    0.22954E+01
    0.12444E+03   -0.14686E+02    0.33262E+01    0.52195E+00   -0.78516E+00
    0.40678E+01   -0.71556E+01    0.51736E+01    0.71380E+00   -0.42811E+00
    0.78872E+01   -0.27456E+00    0.85017E+02    0.19295E+01    0.29499E+01
    0.91665E+02   -0.19963E+01    0.14965E+02    0.11751E+01    0.19107E+01
    0.80033E+02   -0.25074E+02    0.12747E+01    0.10541E+00   -0.19091E+01
    0.82782E+02   -0.14795E+02    0.42732E+01    0.63075E+00   -0.53148E+00
    0.13292E+03   -0.61820E+01    0.98093E+01    0.99164E+00    0.42735E+00
    0.36565E+02   -0.20633E+02    0.20874E+01    0.31960E+00   -0.13418E+01
    0.66379E+02   -0.25133E+01    0.19711E+02    0.12947E+01    0.16637E+01
    0.55372E+02   -0.67881E+01    0.66358E+01    0.82190E+00    0.56875E+00
    0.13649E+03   -0.39585E+01    0.12540E+02    0.10983E+01    0.66412E+00
    0.78343E+02   -0.19827E+01    0.13160E+02    0.11193E+01    0.18591E+01
    0.40238E+02   -0.23744E+01    0.14660E+02    0.11661E+01    0.16823E+01
    0.11877E+03   -0.18979E+01    0.17208E+02    0.12357E+01    0.18095E+01
    0.12937E+03   -0.18495E+01    0.97216E+01    0.98774E+00    0.18124E+01
    0.65237E+02   -0.22493E+02    0.10790E+01    0.33021E-01   -0.15851E+01
    0.19597E+02   -0.12947E+01    0.20538E+02    0.13125E+01    0.21020E+01
    0.48970E+02   -0.52466E+01    0.48738E+01    0.68787E+00    0.80964E+00
    0.11453E+03   -0.72484E+01    0.50050E+01    0.69940E+00    0.37187E+00
    0.49998E+01   -0.21469E+02    0.10113E+00   -0.99511E+00   -0.30722E+01
    0.12134E+03   -0.11713E+01    0.19187E+02    0.12830E+01    0.21305E+01
    0.12559E+03   -0.13758E+02    0.12102E+01    0.82869E-01   -0.92938E+00
    0.11411E+03   -0.22896E+02    0.37178E+01    0.57028E+00   -0.13920E+01
    0.37787E+02   -0.71658E+01    0.80180E+01    0.90407E+00    0.45527E+00
    0.42958E+02   -0.68064E+01    0.10445E+02    0.10189E+01    0.54645E+00
    0.53720E+02   -0.22956E+02    0.30190E+01    0.47987E+00   -0.14494E+01
    0.38711E+02   -0.19091E+01    0.16097E+02    0.12068E+01    0.19803E+01
    0.17343E+02   -0.10484E+01    0.37429E+02    0.15732E+01    0.24348E+01
    0.11168E+03   -0.21720E+02    0.26029E+01    0.41545E+00   -0.14406E+01
    0.30742E+02   -0.23807E+01    0.16611E+02    0.12204E+01    0.16907E+01
    0.12196E+03   -0.19304E+01    0.10796E+02    0.10332E+01    0.17112E+01
    0.91184E+02   -0.19878E+01    0.13466E+02    0.11292E+01    0.19640E+01
    0.11698E+03   -0.55748E+01    0.29405E+01    0.46842E+00    0.56100E+00
    0.78972E+02   -0.12343E+01    0.28091E+02    0.14486E+01    0.22471E+01
    0.17850E+01   -0.93860E+00    0.11750E+01    0.70044E-01    0.99047E+00
    0.12602E+03   -0.61632E+01    0.33331E+01    0.52285E+00    0.42910E+00
    0.32427E+02   -0.67641E+01    0.95599E+01    0.98045E+00    0.71500E+00
    0.28552E+02   -0.94001E+00    0.26486E+02    0.14230E+01    0.24791E+01
    0.12345E+03   -0.61970E+01    0.40595E+01    0.60847E+00    0.45210E+00
    0.13131E+03   -0.29372E+01    0.15378E+02    0.11869E+01    0.12454E+01
    0.12893E+03   -0.19046E+01    0.56880E+01    0.75496E+00    0.17100E+01
    0.13558E+03   -0.35140E+01    0.24964E+02    0.13973E+01    0.11451E+01
    0.92457E+01   -0.43655E+01    0.19491E+02    0.12898E+01    0.98277E+00
    0.14704E+02   -0.21457E+01    0.20689E+02    0.13157E+01    0.16282E+01
    0.33732E+02   -0.10183E+01    0.53336E+02    0.17270E+01    0.25753E+01
    0.19141E+02   -0.13419E+01    0.10822E+02    0.10343E+01    0.20739E+01
    0.72556E+02   -0.16098E+02    0.60875E+01    0.78444E+00   -0.54000E+00
    0.63896E+02   -0.19097E+01    0.18320E+02    0.12629E+01    0.19897E+01
    0.89861E+01   -0.63893E+01    0.12983E+02    0.11134E+01    0.42659E+00
    0.50383E+02   -0.13251E+01    0.39016E+02    0.15912E+01    0.22531E+01
    0.13184E+02   -0.21478E+02    0.24259E+00   -0.61513E+00   -0.21625E+01
    0.44444E+02   -0.11719E+01    0.32996E+02    0.15185E+01    0.23033E+01
    0.95340E+01   -0.28010E+01    0.27369E+02    0.14373E+01    0.14444E+01
    0.11796E+03   -0.73116E+01    0.60282E+01    0.78019E+00    0.40962E+00
    0.39221E+02   -0.19836E+01    0.19075E+02    0.12805E+01    0.18669E+01
    0.88965E+01   -0.34283E+01    0.17715E+02    0.12483E+01    0.10610E+01
    0.12253E+03   -0.18796E+01    0.15873E+02    0.12007E+01    0.17876E+01
    0.11191E+03   -0.15444E+02    0.41398E+01    0.61698E+00   -0.60863E+00
    0.85253E+01   -0.52029E+01    0.88444E+01    0.94667E+00    0.47018E+00
    0.35914E+02   -0.70751E+01    0.52552E+01    0.72059E+00    0.48763E+00
    0.78580E+02   -0.97825E+00    0.39511E+02    0.15967E+01    0.25710E+01
    0.50029E+02   -0.19319E+01    0.29927E+02    0.14761E+01    0.19486E+01
    0.58986E+02   -0.20559E+01    0.24637E+02    0.13916E+01    0.18952E+01
    0.63346E+02   -0.23482E+02    0.25015E+01    0.39819E+00   -0.15317E+01
    0.16681E+02   -0.29589E+01    0.13352E+02    0.11255E+01    0.12055E+01
    0.63447E+02   -0.18694E+01    0.17093E+02    0.12328E+01    0.20337E+01
    0.11428E+03   -0.13658E+01    0.16339E+02    0.12132E+01    0.20697E+01
    0.44117E+02   -0.87812E+00    0.44063E+02    0.16441E+01    0.26811E+01
    0.10624E+03   -0.21834E+01    0.15342E+02    0.11859E+01    0.18862E+01
    0.11594E+03   -0.11568E+01    0.18325E+02    0.12630E+01    0.22372E+01
    0.64153E+02   -0.31535E+01    0.21714E+02    0.13367E+01    0.14160E+01
    0.12356E+02   -0.42411E+01    0.12707E+02    0.11040E+01    0.89922E+00
    0.10250E+03   -0.13270E+02    0.40101E+01    0.60316E+00   -0.22126E+00
    0.11707E+03   -0.72759E+01    0.36236E+01    0.55914E+00    0.31574E+00
    0.22139E+02   -0.35438E+01    0.62235E+01    0.79404E+00    0.11368E+01
    0.14421E+02   -0.16084E+01    0.97860E+01    0.99060E+00    0.18895E+01
    0.66475E+02   -0.19303E+01    0.18229E+02    0.12608E+01    0.18975E+01
    0.87831E+02   -0.22701E+01    0.18081E+02    0.12572E+01    0.17262E+01
    0.80713E+01   -0.74819E+01    0.50535E+01    0.70359E+00   -0.24106E+00
    0.30616E+02   -0.12761E+01    0.27777E+02    0.14437E+01    0.22604E+01
    0.87806E+02   -0.10504E+01    0.45264E+02    0.16557E+01    0.25264E+01
    0.86550E+02   -0.66317E+01    0.47059E+01    0.67264E+00    0.46721E+00
    0.70496E+02   -0.10358E+01    0.36248E+02    0.15593E+01    0.24423E+01
    0.15025E+02   -0.96165E+00    0.23656E+02    0.13739E+01    0.23535E+01
    0.13553E+03   -0.25965E+01    0.17915E+02    0.12532E+01    0.13311E+01
    0.38268E+02   -0.10413E+01    0.51438E+02    0.17113E+01    0.25632E+01
    0.13119E+03   -0.10594E+01    0.25810E+02    0.14118E+01    0.22901E+01
    0.11379E+03   -0.80150E+01    0.13120E+02    0.11179E+01    0.44004E+00
    0.71973E+02   -0.10607E+01    0.34980E+02    0.15438E+01    0.24293E+01
    0.51475E+02   -0.69716E+01    0.10520E+02    0.10220E+01    0.58130E+00
    0.47002E+02   -0.71130E+01    0.57192E+01    0.75734E+00    0.59307E+00
    0.11390E+03   -0.56224E+01    0.57313E+01    0.75825E+00    0.68686E+00
    0.40405E+02   -0.18298E+01    0.12569E+02    0.10993E+01    0.19264E+01
    0.88950E+02   -0.13318E+01    0.12253E+02    0.10882E+01    0.21713E+01
    0.13595E+03   -0.97616E+00    0.14725E+02    0.11681E+01    0.20791E+01
    0.41271E+02   -0.61097E+01    0.50781E+01    0.70570E+00    0.63923E+00
    0.30949E+02   -0.17840E+01    0.16363E+02    0.12139E+01    0.19534E+01
    0.13255E+01   -0.48919E+01    0.14519E+01    0.16192E+00   -0.54670E+00
    0.13451E+03   -0.12987E+01    0.71223E+01    0.85262E+00    0.19098E+01
    0.44341E+02   -0.17456E+01    0.27868E+02    0.14451E+01    0.20934E+01
    0.63017E+02   -0.10338E+01    0.37729E+02    0.15767E+01    0.24305E+01
    0.52170E+02   -0.13889E+02    0.76881E+01    0.88582E+00   -0.18523E+00
    0.10030E+03   -0.56162E+01    0.64785E+01    0.81147E+00    0.76682E+00
    0.13455E+03   -0.51307E+01    0.16932E+02    0.12287E+01    0.73596E+00
    0.52120E+02   -0.78458E+01    0.13275E+02    0.11230E+01    0.47823E+00
    0.10176E+03   -0.62778E+01    0.93861E+01    0.97248E+00    0.69697E+00
    0.81731E+02   -0.27003E+02    0.15223E+01    0.18249E+00   -0.19319E+01
    0.90285E+02   -0.19912E+01    0.14235E+02    0.11534E+01    0.19522E+01
    0.49433E+02   -0.18036E+01    0.35412E+02    0.15491E+01    0.20566E+01
    0.56946E+02   -0.25388E+01    0.13785E+02    0.11394E+01    0.17022E+01
    0.59791E+02   -0.10228E+01    0.24097E+02    0.13820E+01    0.23670E+01
    0.33293E+02   -0.12797E+01    0.21376E+02    0.13299E+01    0.21827E+01
    0.46931E+02   -0.80507E+01    0.89806E+01    0.95331E+00    0.43015E+00
    0.87799E+02   -0.29563E+01    0.21071E+02    0.13237E+01    0.14878E+01
    0.80906E+02   -0.26396E+01    0.29649E+02    0.14720E+01    0.16608E+01
    0.13275E+03   -0.24041E+01    0.12123E+02    0.10836E+01    0.13906E+01
    0.10102E+03   -0.13248E+02    0.44228E+01    0.64569E+00   -0.26812E+00
    0.12005E+02   -0.23087E+02    0.99781E-01   -0.10010E+01   -0.28138E+01
    0.13065E+03   -0.34106E+01    0.11737E+02    0.10696E+01    0.10216E+01
    0.23596E+02   -0.17230E+01    0.16749E+02    0.12240E+01    0.19876E+01
    0.64561E+02   -0.13608E+01    0.20862E+02    0.13194E+01    0.22385E+01
    0.70877E+02   -0.74502E+01    0.54007E+01    0.73245E+00    0.32257E+00
    0.70057E+02   -0.12537E+01    0.24396E+02    0.13873E+01    0.22371E+01
    0.62989E+02   -0.79158E+01    0.60464E+01    0.78150E+00    0.34738E+00
    0.70234E+02   -0.67267E+01    0.44912E+01    0.65236E+00    0.44381E+00
    0.15399E+02   -0.36350E+01    0.88134E+01    0.94514E+00    0.95120E+00
    0.88955E+02   -0.22707E+02    0.32650E+01    0.51389E+00   -0.13776E+01
    0.62355E+02   -0.70637E+01    0.47372E+01    0.67552E+00    0.45503E+00
    0.68953E+02   -0.27580E+01    0.20438E+02    0.13104E+01    0.15588E+01
    0.73189E+02   -0.31457E+01    0.17447E+02    0.12417E+01    0.14072E+01
    0.53922E+02   -0.24474E+01    0.25717E+02    0.14102E+01    0.17398E+01
    0.89811E+02   -0.20021E+01    0.13930E+02    0.11440E+01    0.19417E+01
    0.33083E+02   -0.60939E+01    0.88422E+01    0.94656E+00    0.78502E+00
    0.94697E+02   -0.18569E+02    0.37767E+01    0.57711E+00   -0.10455E+01
    0.15194E+02   -0.52641E+01    0.60543E+01    0.78206E+00    0.52355E+00
    0.99717E+02   -0.62351E+01    0.97013E+01    0.98683E+00    0.65314E+00
    0.10681E+03   -0.72311E+01    0.58390E+01    0.76634E+00    0.58580E+00
    0.85355E+01   -0.89495E+01    0.70133E+01    0.84592E+00   -0.26008E+00
    0.10871E+03   -0.10069E+01    0.31824E+02    0.15028E+01    0.23505E+01
    0.15769E+02   -0.44375E+01    0.92546E+01    0.96636E+00    0.88689E+00
    0.64776E+02   -0.95649E+00    0.28635E+02    0.14569E+01    0.24526E+01
    0.52870E+02   -0.33369E+01    0.18963E+02    0.12779E+01    0.13250E+01
    0.15872E+02   -0.29188E+01    0.16559E+02    0.12190E+01    0.13203E+01
    0.22714E+02   -0.38307E+01    0.54156E+01    0.73364E+00    0.10249E+01
    0.11372E+03   -0.76711E+00    0.13453E+02    0.11288E+01    0.24289E+01
    0.11662E+03   -0.62461E+01    0.43755E+01    0.64103E+00    0.57087E+00
    0.13724E+03   -0.23579E+01    0.10808E+02    0.10338E+01    0.10848E+01
    0.10351E+03   -0.72490E+01    0.51299E+01    0.71011E+00    0.54734E+00
    0.72414E+02   -0.19308E+01    0.16519E+02    0.12180E+01    0.20044E+01
    0.23833E+02   -0.23481E+02    0.91858E+00   -0.36884E-01   -0.18177E+01
    0.12997E+03   -0.48185E+01    0.57860E+01    0.76238E+00    0.64879E+00
    0.15676E+02   -0.62452E+01    0.99588E+01    0.99821E+00    0.53558E+00
    0.99919E+02   -0.14162E+02    0.84679E+01    0.92778E+00   -0.27003E+00
    0.13524E+03   -0.13479E+01    0.47293E+01    0.67480E+00    0.17930E+01
    0.13551E+03   -0.58397E+01    0.78930E+01    0.89724E+00    0.17879E+00
    0.13266E+03   -0.30616E+01    0.11600E+02    0.10645E+01    0.12542E+01
    0.12530E+03   -0.94152E+00    0.14589E+02    0.11640E+01    0.22552E+01
    0.67151E+02   -0.17188E+01    0.37014E+02    0.15684E+01    0.20706E+01
    0.50330E+02   -0.25351E+01    0.23283E+02    0.13670E+01    0.16473E+01
    0.39701E+01   -0.45478E+01    0.47217E+01    0.67410E+00    0.26453E+00
    0.12922E+03   -0.34268E+01    0.89879E+01    0.95366E+00    0.99284E+00
    0.70299E+01   -0.14382E+01    0.18431E+02    0.12656E+01    0.17955E+01
    0.13735E+03   -0.32832E+01    0.24337E+02    0.13863E+01    0.10174E+01
    0.53040E+02   -0.18595E+01    0.19935E+02    0.12996E+01    0.21323E+01
    0.20947E+02   -0.30556E+01    0.12634E+02    0.11015E+01    0.12100E+01
    0.72737E+01   -0.38015E+01    0.10528E+02    0.10224E+01    0.87400E+00
    0.11971E+03   -0.11258E+01    0.12978E+02    0.11132E+01    0.21626E+01
    0.12985E+03   -0.21945E+01    0.12153E+02    0.10847E+01    0.14903E+01
    0.21437E+02   -0.37710E+01    0.12175E+02    0.10855E+01    0.10838E+01
    0.47002E+02   -0.15286E+02    0.56219E+01    0.74988E+00   -0.50260E+00
    0.21310E+02   -0.24010E+01    0.11989E+02    0.10788E+01    0.15138E+01
    0.24082E+02   -0.19089E+01    0.11944E+02    0.10771E+01    0.17457E+01
    0.82449E+02   -0.10050E+01    0.40592E+02    0.16084E+01    0.24588E+01
    0.13089E+03   -0.64220E+01    0.65763E+01    0.81798E+00    0.31926E+00
    0.21007E+02   -0.46255E+01    0.10743E+02    0.10311E+01    0.80822E+00
    0.96222E+02   -0.16360E+01    0.23296E+02    0.13673E+01    0.20911E+01
    0.11803E+03   -0.13261E+01    0.14081E+02    0.11486E+01    0.20233E+01
    0.92635E+02   -0.13153E+01    0.23276E+02    0.13669E+01    0.22056E+01
    0.59430E+02   -0.25634E+01    0.13266E+02    0.11227E+01    0.16162E+01
    0.14642E+02   -0.11613E+01    0.12661E+02    0.11025E+01    0.21455E+01
    0.12358E+02   -0.60627E+01    0.12069E+02    0.10817E+01    0.53024E+00
    0.25780E+02   -0.18477E+01    0.11188E+02    0.10488E+01    0.18552E+01
    0.21475E+02   -0.54918E+01    0.15658E+02    0.11947E+01    0.81046E+00
    0.11433E+03   -0.25609E+02    0.12442E+01    0.94886E-01   -0.19765E+01
    0.33437E+02   -0.23143E+01    0.24690E+02    0.13925E+01    0.16779E+01
    0.15006E+02   -0.72758E+01    0.59557E+01    0.77493E+00    0.12224E+00
    0.53694E+02   -0.25639E+02    0.10591E+01    0.24936E-01   -0.20212E+01
    0.12635E+02   -0.25482E+02    0.21406E+00   -0.66947E+00   -0.28465E+01
    0.49619E+02   -0.84694E+00    0.30184E+02    0.14798E+01    0.25131E+01
    0.12747E+03   -0.10738E+01    0.21651E+02    0.13355E+01    0.22128E+01
    0.24263E+02   -0.25053E+01    0.13592E+02    0.11333E+01    0.15565E+01
    0.74026E+01   -0.10365E+02    0.16953E+01    0.22923E+00   -0.10481E+01
    0.30111E+02   -0.12935E+01    0.34252E+02    0.15347E+01    0.22204E+01
    0.18071E+02   -0.48967E+01    0.58151E+01    0.76456E+00    0.68751E+00
    0.10955E+03   -0.21765E+01    0.15520E+02    0.11909E+01    0.17744E+01
    0.10563E+03   -0.21129E+01    0.20345E+02    0.13084E+01    0.19094E+01
    0.45787E+02   -0.95914E+00    0.36859E+02    0.15665E+01    0.25978E+01
    0.94806E+02   -0.25974E+01    0.94809E+01    0.97685E+00    0.15333E+01
    0.64131E+02   -0.13354E+01    0.14652E+02    0.11659E+01    0.22702E+01
    0.16959E+02   -0.12794E+01    0.16901E+02    0.12279E+01    0.20696E+01
    0.12582E+03   -0.20726E+01    0.11727E+02    0.10692E+01    0.16224E+01
    0.21050E+02   -0.18532E+01    0.11034E+02    0.10427E+01    0.17320E+01
    0.83816E+01   -0.18246E+02    0.19320E+00   -0.71400E+00   -0.24504E+01
    0.51622E+02   -0.19198E+02    0.53355E+01    0.72717E+00   -0.94365E+00
    0.57393E+02   -0.29621E+01    0.10880E+02    0.10366E+01    0.14564E+01
    0.21215E+01   -0.56155E+01    0.65699E+00   -0.18244E+00   -0.90255E+00
    0.61392E+02   -0.90340E+01    0.48565E+01    0.68633E+00    0.23700E+00
    0.11263E+03   -0.75719E+01    0.83979E+01    0.92417E+00    0.37280E+00
    0.15463E+02   -0.22074E+01    0.22628E+02    0.13546E+01    0.15645E+01
    0.57133E+02   -0.51019E+01    0.89309E+01    0.95089E+00    0.85561E+00
    0.11351E+03   -0.18273E+02    0.22151E+01    0.34540E+00   -0.10303E+01
    0.10964E+03   -0.18218E+02    0.52049E+01    0.71641E+00   -0.96233E+00
    0.53199E+02   -0.47843E+01    0.85175E+01    0.93031E+00    0.89686E+00
    0.33067E+02   -0.18374E+01    0.21722E+02    0.13369E+01    0.19831E+01
    0.11541E+03   -0.14299E+02    0.85107E+01    0.92997E+00   -0.37737E+00
    0.63363E+02   -0.34301E+01    0.15309E+02    0.11850E+01    0.12103E+01
    0.63796E+02   -0.48759E+01    0.71380E+01    0.85358E+00    0.78044E+00
    0.34166E+02   -0.22055E+01    0.25461E+02    0.14059E+01    0.18033E+01
    0.10597E+03   -0.72228E+01    0.46832E+01    0.67055E+00    0.55744E+00
    0.12994E+03   -0.58435E+01    0.61146E+01    0.78637E+00    0.47054E+00
    0.53657E+02   -0.64317E+01    0.92384E+01    0.96560E+00    0.61472E+00
    0.64378E+02   -0.65051E+01    0.74249E+01    0.87069E+00    0.48515E+00
    0.32352E+02   -0.77190E+01    0.99092E+01    0.99604E+00    0.42494E+00
    0.28090E+02   -0.14377E+02    0.47201E+01    0.67395E+00   -0.59457E+00
    0.40426E+02   -0.59080E+01    0.43008E+01    0.63355E+00    0.64838E+00
    0.11657E+03   -0.17449E+02    0.26312E+01    0.42016E+00   -0.10131E+01
    0.11513E+03   -0.13076E+01    0.15059E+02    0.11778E+01    0.20448E+01
    0.77116E+02   -0.17939E+01    0.17895E+02    0.12527E+01    0.19569E+01
    0.80049E+02   -0.14496E+02    0.44960E+01    0.65282E+00   -0.47916E+00
    0.20886E+02   -0.64945E+01    0.76210E+01    0.88201E+00    0.49873E+00
    0.55463E+02   -0.15499E+01    0.30244E+02    0.14806E+01    0.21923E+01
    0.10664E+03   -0.25684E+01    0.12574E+02    0.10995E+01    0.16054E+01
    0.38668E+02   -0.91200E+01    0.58186E+01    0.76482E+00    0.18118E+00
    0.98867E+02   -0.15564E+01    0.34242E+02    0.15346E+01    0.21265E+01
    0.11663E+03   -0.13476E+02    0.31823E+01    0.50274E+00   -0.52950E+00
    0.48398E+02   -0.17464E+01    0.20954E+02    0.13213E+01    0.20933E+01
    0.10776E+03   -0.58326E+01    0.72108E+01    0.85798E+00    0.76363E+00
    0.13030E+03   -0.17827E+01    0.96903E+01    0.98634E+00    0.17681E+01
    0.78396E+02   -0.81202E+01    0.73725E+01    0.86762E+00    0.25487E+00
    0.28554E+02   -0.27570E+01    0.15342E+02    0.11859E+01    0.15338E+01
    0.39335E+01   -0.18850E+01    0.63008E+01    0.79940E+00    0.10662E+01
    0.10824E+02   -0.36422E+01    0.14385E+02    0.11579E+01    0.11289E+01
    0.23859E+02   -0.31294E+01    0.10302E+02    0.10129E+01    0.12440E+01
    0.44418E+02   -0.29993E+01    0.87473E+01    0.94187E+00    0.13767E+01
    0.96410E+02   -0.77107E+01    0.61823E+01    0.79115E+00    0.37494E+00
    0.93672E+02   -0.25928E+01    0.10167E+02    0.10072E+01    0.15133E+01
    0.77841E+02   -0.25218E+02    0.11518E+01    0.61371E-01   -0.18336E+01
    0.61982E+02   -0.31678E+01    0.15266E+02    0.11837E+01    0.13310E+01
    0.29245E+02   -0.54295E+01    0.51401E+01    0.71097E+00    0.85015E+00
    0.10112E+03   -0.56654E+01    0.55822E+01    0.74680E+00    0.78695E+00
    0.69447E+02   -0.15576E+02    0.58404E+01    0.76645E+00   -0.51725E+00
    0.44823E+02   -0.20228E+01    0.10956E+02    0.10396E+01    0.18289E+01
    0.28709E+02   -0.82963E+01    0.65295E+01    0.81488E+00    0.36428E+00
    0.96284E+02   -0.19743E+02    0.37425E+01    0.57317E+00   -0.99773E+00
    0.51487E+02   -0.21617E+02    0.17096E+01    0.23289E+00   -0.15362E+01
    0.12921E+03   -0.43307E+01    0.57541E+01    0.75998E+00    0.80318E+00
    0.14288E+02   -0.27413E+01    0.11866E+02    0.10743E+01    0.12738E+01
    0.28680E+02   -0.20929E+01    0.15783E+02    0.11982E+01    0.17383E+01
    0.76597E+02   -0.74201E+01    0.30612E+01    0.48589E+00    0.35210E+00
    0.10436E+03   -0.72511E+01    0.48951E+01    0.68977E+00    0.57184E+00
    0.10926E+03   -0.23034E+02    0.46785E+01    0.67011E+00   -0.13379E+01
    0.87476E+02   -0.12633E+01    0.11194E+02    0.10490E+01    0.22041E+01
    0.20652E+02   -0.21537E+02    0.63476E+00   -0.19739E+00   -0.17698E+01
    0.89106E+02   -0.25457E+02    0.12857E+01    0.10915E+00   -0.19550E+01
    0.74516E+02   -0.26481E+01    0.92745E+01    0.96729E+00    0.15286E+01
    0.77615E+02   -0.28201E+01    0.13885E+02    0.11425E+01    0.14564E+01
    0.10171E+03   -0.23391E+01    0.63286E+01    0.80130E+00    0.18000E+01
    0.97380E+00   -0.16361E+01    0.14731E+01    0.16824E+00    0.27835E+00
    0.64782E+01   -0.33729E+01    0.15756E+02    0.11974E+01    0.11952E+01
    0.74811E+01   -0.23126E+02    0.61951E-01   -0.12080E+01   -0.31718E+01
    0.41006E+02   -0.11216E+01    0.31181E+02    0.14939E+01    0.23240E+01
    0.64772E+02   -0.37146E+01    0.10411E+02    0.10175E+01    0.11054E+01
    0.52602E+02   -0.41646E+01    0.11851E+02    0.10738E+01    0.11262E+01
    0.51529E+02   -0.29789E+01    0.19026E+02    0.12794E+01    0.14468E+01
    0.46334E+02   -0.17091E+02    0.41126E+01    0.61412E+00   -0.97046E+00
    0.65666E+02   -0.27096E+01    0.15759E+02    0.11975E+01    0.15071E+01
    0.12347E+03   -0.11193E+01    0.14024E+02    0.11469E+01    0.22048E+01
    0.52923E+02   -0.57091E+01    0.89242E+01    0.95057E+00    0.74713E+00
    0.51071E+02   -0.24210E+01    0.27482E+02    0.14391E+01    0.17529E+01
    0.13660E+03   -0.51662E+01    0.11823E+02    0.10727E+01    0.51546E+00
    0.52045E+02   -0.15362E+02    0.36672E+01    0.56433E+00   -0.61657E+00
    0.60647E+02   -0.28578E+01    0.16568E+02    0.12193E+01    0.14742E+01
    0.54242E+02   -0.37275E+01    0.10910E+02    0.10378E+01    0.12044E+01
    0.39694E+02   -0.63365E+01    0.78646E+01    0.89568E+00    0.63875E+00
    0.12858E+03   -0.29994E+01    0.89371E+01    0.95120E+00    0.12151E+01
    0.12985E+03   -0.83215E+01    0.51863E+01    0.71486E+00   -0.38526E-01
    0.39529E+02   -0.25080E+01    0.14828E+02    0.11711E+01    0.15775E+01
    0.46233E+02   -0.17824E+01    0.24867E+02    0.13956E+01    0.20723E+01
    0.87108E+02   -0.72824E+01    0.58936E+01    0.77038E+00    0.36479E+00
    0.48922E+02   -0.21385E+01    0.21581E+02    0.13341E+01    0.17834E+01
    0.65016E+02   -0.84207E+01    0.90073E+01    0.95459E+00    0.26692E+00
    0.41374E+02   -0.80586E+01    0.11261E+02    0.10516E+01    0.39883E+00
    0.62765E+02   -0.28912E+01    0.25440E+02    0.14055E+01    0.15168E+01
    0.55152E+02   -0.27511E+01    0.16877E+02    0.12273E+01    0.15654E+01
    0.63147E+02   -0.42914E+01    0.95767E+01    0.98121E+00    0.10083E+01
    0.28279E+02   -0.65445E+01    0.90914E+01    0.95863E+00    0.62687E+00
    0.11543E+03   -0.73291E+01    0.40248E+01    0.60475E+00    0.42057E+00
    0.12841E+02   -0.82492E+01    0.38605E+01    0.58664E+00   -0.11954E+00
    0.73130E+02   -0.13397E+01    0.20276E+02    0.13070E+01    0.21821E+01
    0.63575E+02   -0.58334E+01    0.72640E+01    0.86118E+00    0.63116E+00
    0.89667E+02   -0.13603E+01    0.15715E+02    0.11963E+01    0.21539E+01
    0.20540E+02   -0.16369E+01    0.16871E+02    0.12271E+01    0.19780E+01
    0.60121E+02   -0.23848E+01    0.23065E+02    0.13629E+01    0.17773E+01
    0.16886E+01   -0.14589E+01    0.18478E+01    0.26666E+00    0.89221E+00
    0.12179E+03   -0.13130E+01    0.12872E+02    0.11096E+01    0.19960E+01
    0.12901E+03   -0.78083E+01    0.13371E+01    0.12617E+00    0.66072E-01
    0.53671E+02   -0.31423E+01    0.24610E+02    0.13911E+01    0.14921E+01
    0.88373E+02   -0.16185E+02    0.59557E+01    0.77493E+00   -0.56403E+00
    0.46146E+02   -0.13929E+02    0.39524E+01    0.59686E+00   -0.31944E+00
    0.53371E+02   -0.75300E+01    0.97521E+01    0.98910E+00    0.47268E+00
    0.54661E+02   -0.22961E+01    0.27145E+02    0.14337E+01    0.18627E+01
    0.87082E+02   -0.15032E+02    0.45602E+01    0.65899E+00   -0.54900E+00
    0.37642E+02   -0.97169E+01    0.12237E+02    0.10877E+01    0.28642E+00
    0.13074E+03   -0.43581E+01    0.73721E+01    0.86759E+00    0.80166E+00
    0.13972E+03   -0.76009E+01    0.13466E+01    0.12924E+00   -0.10498E+01
    0.22967E+02   -0.45804E+01    0.11220E+02    0.10500E+01    0.96555E+00
    0.15531E+02   -0.84738E+01    0.85214E+01    0.93051E+00    0.12444E+00
    0.54206E+02   -0.83703E+01    0.11201E+02    0.10493E+01    0.41441E+00
    0.12989E+03   -0.29671E+01    0.17228E+02    0.12362E+01    0.12526E+01
    0.91840E+02   -0.13615E+01    0.16106E+02    0.12070E+01    0.21434E+01
    0.11891E+03   -0.12672E+01    0.14085E+02    0.11488E+01    0.20239E+01
    0.90722E+02   -0.23632E+01    0.14896E+02    0.11731E+01    0.16542E+01
    0.17117E+02   -0.36752E+01    0.88968E+01    0.94923E+00    0.10735E+01
    0.86508E+02   -0.22068E+01    0.15890E+02    0.12011E+01    0.17633E+01
    0.30048E+02   -0.24605E+01    0.21239E+02    0.13271E+01    0.16504E+01
    0.46741E+02   -0.19576E+01    0.19030E+02    0.12794E+01    0.19006E+01
    0.13570E+03   -0.14071E+01    0.13080E+02    0.11166E+01    0.18711E+01
    0.64129E+02   -0.76226E+01    0.79777E+01    0.90188E+00    0.35016E+00
    0.11777E+03   -0.23974E+01    0.11798E+02    0.10718E+01    0.14492E+01
    0.12576E+03   -0.15755E+01    0.71796E+01    0.85610E+00    0.18486E+01
    0.11401E+03   -0.24436E+01    0.11911E+02    0.10759E+01    0.14900E+01
    0.10754E+03   -0.19402E+02    0.58950E+01    0.77048E+00   -0.88154E+00
    0.12153E+03   -0.23728E+01    0.10319E+02    0.10137E+01    0.14046E+01
    0.10900E+03   -0.25544E+01    0.12611E+02    0.11007E+01    0.15466E+01
    0.10514E+03   -0.25065E+01    0.25276E+02    0.14027E+01    0.16351E+01
    0.10128E+03   -0.26323E+01    0.13748E+02    0.11382E+01    0.15544E+01
    0.41481E+02   -0.25877E+02    0.51766E+00   -0.28596E+00   -0.19969E+01
    0.86678E+02   -0.21575E+02    0.19461E+01    0.28916E+00   -0.14612E+01
    0.31196E+02   -0.29134E+01    0.13361E+02    0.11258E+01    0.14441E+01
    0.31929E+02   -0.27040E+01    0.19420E+02    0.12882E+01    0.15610E+01
    0.73173E-01   -0.21781E+02    0.27022E-01   -0.15683E+01   -0.34944E+01
    0.12295E+03   -0.23058E+01    0.13521E+02    0.11310E+01    0.14278E+01
    0.31998E+02   -0.20487E+01    0.18277E+02    0.12619E+01    0.17792E+01
    0.34650E+02   -0.27083E+01    0.12720E+02    0.11045E+01    0.15103E+01
    0.43741E+02   -0.76764E+01    0.12314E+02    0.10904E+01    0.51294E+00
    0.11442E+03   -0.61105E+01    0.48290E+01    0.68385E+00    0.62669E+00
    0.12528E+03   -0.24465E+01    0.57232E+01    0.75764E+00    0.13663E+01
    0.11919E+03   -0.23300E+01    0.14191E+02    0.11520E+01    0.14343E+01
    0.11541E+03   -0.23728E+01    0.14994E+02    0.11759E+01    0.14900E+01
    0.10266E+03   -0.26037E+01    0.16020E+02    0.12047E+01    0.15798E+01
    0.11164E+03   -0.25671E+01    0.89715E+01    0.95286E+00    0.14582E+01
    0.98823E+02   -0.26813E+01    0.98318E+01    0.99263E+00    0.14975E+01
    0.11866E+03   -0.81477E+01    0.61713E+01    0.79037E+00    0.27344E+00
    0.23321E+02   -0.83141E+01    0.11765E+02    0.10706E+01    0.46799E+00
    0.97432E+02   -0.26163E+01    0.14706E+02    0.11675E+01    0.15108E+01
    0.82950E+02   -0.31534E+01    0.13872E+02    0.11421E+01    0.13327E+01
    0.85737E+02   -0.32107E+01    0.11859E+02    0.10741E+01    0.13144E+01
    0.89951E+02   -0.34115E+01    0.10030E+02    0.10013E+01    0.11991E+01
    0.92865E+02   -0.35755E+01    0.76547E+01    0.88393E+00    0.11168E+01
    0.95045E+02   -0.94465E+01    0.75891E+01    0.88019E+00    0.15774E+00
    0.96239E+02   -0.26089E+01    0.94142E+01    0.97378E+00    0.15426E+01
    0.37250E+02   -0.31867E+01    0.13452E+02    0.11288E+01    0.12735E+01
    0.40732E+02   -0.28063E+01    0.10348E+02    0.10148E+01    0.14130E+01
    0.71046E+02   -0.33159E+01    0.13043E+02    0.11154E+01    0.12322E+01
    0.78892E+02   -0.29849E+01    0.10970E+02    0.10402E+01    0.13906E+01
    0.90577E+02   -0.21178E+02    0.18122E+01    0.25821E+00   -0.13511E+01
    0.76837E+02   -0.99495E+01    0.97215E+01    0.98773E+00    0.80257E-01
    0.66975E+02   -0.29507E+01    0.10416E+02    0.10177E+01    0.13903E+01
    0.42175E+02   -0.17111E+01    0.29457E+02    0.14692E+01    0.20471E+01
    0.19108E+02   -0.74391E+01    0.57827E+01    0.76213E+00    0.30989E+00
    0.12036E+03   -0.24847E+01    0.71334E+01    0.85330E+00    0.13476E+01
    0.11659E+03   -0.25120E+01    0.84182E+01    0.92522E+00    0.14129E+01
    0.11281E+03   -0.25510E+01    0.93830E+01    0.97234E+00    0.14495E+01
    0.10778E+03   -0.26258E+01    0.88961E+01    0.94920E+00    0.15558E+01
    0.10388E+03   -0.26260E+01    0.13119E+02    0.11179E+01    0.15806E+01
    0.10005E+03   -0.26604E+01    0.11304E+02    0.10532E+01    0.15236E+01
    0.42171E+02   -0.91065E+01    0.99900E+01    0.99956E+00    0.36046E+00
    0.12412E+03   -0.24548E+01    0.73578E+01    0.86675E+00    0.13692E+01
    0.10075E+03   -0.79692E+01    0.12211E+02    0.10868E+01    0.45968E+00
    0.32476E+02   -0.17765E+01    0.19876E+02    0.12983E+01    0.20572E+01
    0.50335E+02   -0.93895E+01    0.13776E+02    0.11391E+01    0.36590E+00
    0.12289E+03   -0.82830E+01    0.61591E+01    0.78952E+00    0.20777E+00
    0.27840E+02   -0.29245E+01    0.97553E+01    0.98924E+00    0.14221E+01
    0.12528E+03   -0.82881E+01    0.50322E+01    0.70176E+00    0.80598E-01
    0.10516E+03   -0.78563E+01    0.10806E+02    0.10336E+01    0.55533E+00
    0.10957E+03   -0.81250E+01    0.12504E+02    0.10971E+01    0.49460E+00
    0.11623E+03   -0.79881E+01    0.78806E+01    0.89656E+00    0.39416E+00
    0.12073E+03   -0.83719E+01    0.54286E+01    0.73469E+00    0.23757E+00
    0.77334E+02   -0.20786E+02    0.26551E+01    0.42408E+00   -0.11504E+01
    0.77046E+02   -0.23931E+01    0.21977E+02    0.13420E+01    0.17463E+01
    0.73999E+02   -0.22405E+01    0.16850E+02    0.12266E+01    0.18009E+01
    0.35379E+02   -0.24862E+01    0.20954E+02    0.13213E+01    0.16948E+01
    0.46209E+01   -0.55052E+01    0.40910E+01    0.61183E+00   -0.81701E-01
    0.51675E+02   -0.90492E+01    0.11163E+02    0.10478E+01    0.31564E+00
    0.38008E+02   -0.29019E+01    0.20509E+02    0.13119E+01    0.14398E+01
    0.24234E+02   -0.38499E+01    0.95887E+01    0.98176E+00    0.11380E+01
    0.80214E+02   -0.29933E+01    0.15500E+02    0.11903E+01    0.13894E+01
    0.81567E+02   -0.30787E+01    0.14660E+02    0.11661E+01    0.13598E+01
    0.84288E+02   -0.31683E+01    0.11775E+02    0.10710E+01    0.13344E+01
    0.87083E+02   -0.33032E+01    0.13707E+02    0.11369E+01    0.12567E+01
    0.88483E+02   -0.33578E+01    0.10261E+02    0.10112E+01    0.12288E+01
    0.91329E+02   -0.34517E+01    0.10936E+02    0.10389E+01    0.11597E+01
    0.94183E+02   -0.36967E+01    0.73605E+01    0.86691E+00    0.10722E+01
    0.83035E+02   -0.86669E+01    0.65424E+01    0.81574E+00    0.20174E+00
    0.37454E+01   -0.26124E+01    0.87763E+01    0.94331E+00    0.91233E+00
    0.86618E+02   -0.19236E+02    0.44644E+01    0.64977E+00   -0.93404E+00
    0.11166E+03   -0.82464E+01    0.83003E+01    0.91910E+00    0.44413E+00
    0.13480E+03   -0.22572E+01    0.22676E+02    0.13556E+01    0.15976E+01
    0.29750E+02   -0.18812E+01    0.25204E+02    0.14015E+01    0.19116E+01
    0.87704E+02   -0.91236E+01    0.58908E+01    0.77018E+00    0.16283E+00
    0.92412E+02   -0.91954E+01    0.71918E+01    0.85684E+00    0.16508E+00
    0.13072E+03   -0.18204E+01    0.75321E+01    0.87692E+00    0.17823E+01
    0.97317E+02   -0.96627E+01    0.10155E+02    0.10067E+01    0.18748E+00
    0.11123E+03   -0.54828E+01    0.26464E+01    0.42265E+00    0.79449E+00
    0.62502E+02   -0.90687E+01    0.76750E+01    0.88508E+00    0.22472E+00
    0.21446E+02   -0.74873E+01    0.10650E+02    0.10274E+01    0.50520E+00
    0.90388E+02   -0.13576E+01    0.14087E+02    0.11488E+01    0.21468E+01
    0.76424E+02   -0.17170E+02    0.48539E+01    0.68609E+00   -0.70452E+00
    0.13248E+02   -0.95266E+01    0.66495E+01    0.82279E+00   -0.15099E+00
    0.27512E+02   -0.83609E+01    0.77880E+01    0.89143E+00    0.49747E+00
    0.41432E+02   -0.25571E+01    0.15447E+02    0.11888E+01    0.16147E+01
    0.34977E+02   -0.11004E+01    0.20197E+02    0.13053E+01    0.23318E+01
    0.58048E+02   -0.28102E+01    0.18794E+02    0.12740E+01    0.15676E+01
    0.29165E+02   -0.17607E+01    0.32199E+02    0.15078E+01    0.20668E+01
    0.10941E+03   -0.16048E+01    0.19141E+02    0.12820E+01    0.19678E+01
    0.68270E+02   -0.30858E+01    0.10063E+02    0.10027E+01    0.13246E+01
    0.75695E+02   -0.32798E+01    0.79065E+01    0.89798E+00    0.13620E+01
    0.48650E+02   -0.66611E+01    0.73792E+01    0.86801E+00    0.63550E+00
    0.69617E+02   -0.31780E+01    0.13322E+02    0.11246E+01    0.12831E+01
    0.72447E+02   -0.34475E+01    0.12915E+02    0.11111E+01    0.11906E+01
    0.73818E+02   -0.36569E+01    0.87476E+01    0.94189E+00    0.11272E+01
    0.76763E+02   -0.38357E+01    0.86662E+01    0.93783E+00    0.10868E+01
    0.91111E+02   -0.13466E+01    0.14375E+02    0.11576E+01    0.21493E+01
    0.19824E+02   -0.24069E+01    0.14423E+02    0.11591E+01    0.14775E+01
    0.78220E+02   -0.93790E+01    0.11010E+02    0.10418E+01    0.10157E+00
    0.11596E+03   -0.21316E+02    0.17951E+01    0.25408E+00   -0.14990E+01
    0.69548E+02   -0.90384E+01    0.71685E+01    0.85543E+00    0.16698E+00
    0.14037E+03   -0.12386E+01    0.18259E+01    0.26148E+00    0.93958E+00
    0.74412E+02   -0.95959E+01    0.73062E+01    0.86369E+00    0.10119E+00
    0.79358E+02   -0.10279E+02    0.88745E+01    0.94814E+00    0.54735E-01
    0.41986E+02   -0.29670E+01    0.10260E+02    0.10112E+01    0.13449E+01
    0.71895E+02   -0.22585E+01    0.19277E+02    0.12850E+01    0.17292E+01
    0.71810E+02   -0.29601E+01    0.25774E+02    0.14112E+01    0.14863E+01
    0.67652E+02   -0.26860E+01    0.15565E+02    0.11921E+01    0.15913E+01
    0.12171E+03   -0.14492E+02    0.15172E+01    0.18104E+00   -0.69986E+00
    0.20034E+02   -0.17989E+01    0.16012E+02    0.12044E+01    0.17891E+01
    0.48923E+02   -0.25281E+02    0.11805E+01    0.72062E-01   -0.19977E+01
    0.96319E+02   -0.89154E+01    0.69385E+01    0.84126E+00    0.17582E+00
    0.10750E+03   -0.79769E+01    0.10981E+02    0.10406E+01    0.52326E+00
    0.35927E+02   -0.29346E+01    0.14454E+02    0.11600E+01    0.14025E+01
    0.94214E+02   -0.23218E+01    0.10659E+02    0.10277E+01    0.17267E+01
    0.93582E+02   -0.32918E+01    0.86204E+01    0.93553E+00    0.13157E+01
    0.90667E+02   -0.30747E+01    0.15906E+02    0.12016E+01    0.14142E+01
    0.58631E+02   -0.91669E+01    0.89752E+01    0.95305E+00    0.30539E+00
    0.86452E+02   -0.28787E+01    0.21015E+02    0.13225E+01    0.15402E+01
    0.79571E+02   -0.26245E+01    0.24252E+02    0.13847E+01    0.16528E+01
    0.83626E+02   -0.28058E+01    0.20425E+02    0.13102E+01    0.15906E+01
    0.38581E+02   -0.34405E+01    0.10859E+02    0.10358E+01    0.11507E+01
    0.68111E+02   -0.87129E+00    0.46152E+02    0.16642E+01    0.26359E+01
    0.97878E+02   -0.23300E+01    0.69095E+01    0.83945E+00    0.17524E+01
    0.13201E+03   -0.33753E+01    0.78218E+01    0.89331E+00    0.10739E+01
    0.12364E+03   -0.77639E+01    0.10388E+01    0.16549E-01    0.10274E+00
    0.26019E+02   -0.14331E+01    0.70134E+01    0.84593E+00    0.20855E+01
    0.63379E+02   -0.10058E+02    0.97805E+01    0.99036E+00    0.14860E+00
    0.12744E+03   -0.84901E+01    0.32034E+01    0.50561E+00    0.21982E-01
    0.10553E+03   -0.15478E+01    0.12457E+02    0.10954E+01    0.20557E+01
    0.14067E+03   -0.64474E+01    0.14170E+01    0.15136E+00   -0.83849E+00
    0.10901E+03   -0.69238E+00    0.23335E+02    0.13680E+01    0.27019E+01
    0.13120E+03   -0.22226E+01    0.82049E+01    0.91407E+00    0.14646E+01
    0.11977E+03   -0.77563E+01    0.40683E+01    0.60941E+00    0.24039E+00
    0.79543E+02   -0.19850E+01    0.21227E+02    0.13269E+01    0.18644E+01
    0.12092E+03   -0.21325E+01    0.10870E+02    0.10362E+01    0.16141E+01
    0.11715E+03   -0.21556E+01    0.13163E+02    0.11193E+01    0.16857E+01
    0.11339E+03   -0.22016E+01    0.14752E+02    0.11689E+01    0.17166E+01
    0.10836E+03   -0.23146E+01    0.14023E+02    0.11468E+01    0.17605E+01
    0.10445E+03   -0.22415E+01    0.25832E+02    0.14122E+01    0.18396E+01
    0.10063E+03   -0.23351E+01    0.17982E+02    0.12548E+01    0.17638E+01
    0.96850E+02   -0.23299E+01    0.11132E+02    0.10466E+01    0.17421E+01
    0.10990E+03   -0.16196E+02    0.95148E+01    0.97840E+00   -0.50078E+00
    0.12471E+03   -0.21616E+01    0.10470E+02    0.10199E+01    0.16222E+01
    0.12359E+03   -0.20571E+01    0.14390E+02    0.11581E+01    0.16787E+01
    0.73913E+02   -0.12365E+01    0.22010E+02    0.13426E+01    0.22795E+01
    0.32473E+02   -0.32157E+01    0.13060E+02    0.11159E+01    0.13169E+01
    0.54836E+02   -0.16858E+01    0.26338E+02    0.14206E+01    0.20607E+01
    0.99456E+02   -0.23740E+01    0.14117E+02    0.11497E+01    0.17389E+01
    0.10328E+03   -0.22924E+01    0.20801E+02    0.13181E+01    0.18362E+01
    0.11225E+03   -0.22382E+01    0.13610E+02    0.11339E+01    0.16915E+01
    0.11605E+03   -0.21219E+01    0.16269E+02    0.12114E+01    0.17121E+01
    0.11983E+03   -0.20808E+01    0.13913E+02    0.11434E+01    0.16545E+01
    0.75174E+02   -0.37189E+01    0.86616E+01    0.93760E+00    0.11105E+01
    0.11749E+03   -0.75150E+00    0.15088E+02    0.11786E+01    0.24767E+01
    0.47925E+02   -0.88363E+01    0.13031E+02    0.11150E+01    0.44050E+00
    0.46974E+02   -0.25327E+01    0.16218E+02    0.12100E+01    0.16541E+01
    0.52631E+02   -0.99679E+01    0.10561E+02    0.10237E+01    0.28441E+00
    0.12178E+03   -0.77910E+01    0.45110E+01    0.65427E+00    0.15735E+00
    0.13160E+03   -0.13021E+01    0.12642E+02    0.11018E+01    0.18996E+01
    0.10402E+03   -0.24036E+02    0.84903E+00   -0.71079E-01   -0.14436E+01
    0.78253E+02   -0.16894E+02    0.26029E+01    0.41546E+00   -0.78999E+00
    0.25326E+02   -0.30316E+01    0.10685E+02    0.10288E+01    0.13279E+01
    0.29014E+02   -0.32972E+01    0.14549E+02    0.11628E+01    0.13091E+01
    0.33302E+02   -0.84938E+01    0.16450E+02    0.12162E+01    0.48252E+00
    0.45346E+02   -0.12093E+01    0.24991E+02    0.13978E+01    0.22674E+01
    0.75050E+01   -0.55977E+00    0.13782E+02    0.11393E+01    0.20777E+01
    0.11578E+03   -0.62923E+01    0.30677E+01    0.48681E+00    0.52367E+00
    0.91223E+01   -0.92649E+00    0.13060E+02    0.11159E+01    0.22265E+01
    0.10280E+03   -0.79651E+01    0.11109E+02    0.10457E+01    0.50788E+00
    0.60611E+02   -0.97335E+01    0.52024E+01    0.71620E+00    0.24522E+00
    0.24304E+02   -0.79713E+01    0.42587E+01    0.62927E+00    0.33487E+00
    0.19120E+02   -0.23859E+01    0.12475E+02    0.10961E+01    0.15186E+01
    0.94865E+02   -0.32732E+01    0.13607E+02    0.11338E+01    0.13129E+01
    0.91488E+02   -0.16210E+02    0.44839E+01    0.65165E+00   -0.59049E+00
    0.12266E+03   -0.12565E+01    0.12836E+02    0.11084E+01    0.19981E+01
    0.40339E+02   -0.10528E+02    0.95146E+01    0.97839E+00    0.13407E+00
    0.68891E+02   -0.92949E+00    0.30481E+02    0.14840E+01    0.24862E+01
    0.10333E+03   -0.17277E+01    0.16142E+02    0.12080E+01    0.19920E+01
    0.98721E+02   -0.78905E+01    0.77966E+01    0.89190E+00    0.40802E+00
    0.26728E+02   -0.36106E+01    0.10514E+02    0.10218E+01    0.12073E+01
    0.29553E+02   -0.91756E+01    0.84791E+01    0.92835E+00    0.38617E+00
    0.43152E+02   -0.26303E+00    0.17828E+03    0.22511E+01    0.33088E+01
    0.69221E+02   -0.24351E+02    0.14092E+01    0.14896E+00   -0.16664E+01
    0.85549E+02   -0.88306E+01    0.69785E+01    0.84376E+00    0.19587E+00
    0.11696E+02   -0.35722E+01    0.87979E+01    0.94438E+00    0.10209E+01
    0.19550E+02   -0.85195E+01    0.93385E+01    0.97028E+00    0.25533E+00
    0.98532E+02   -0.90909E+01    0.86197E+01    0.93549E+00    0.19832E+00
    0.68993E+02   -0.17275E+02    0.32857E+01    0.51662E+00   -0.91661E+00
    0.10862E+02   -0.12811E+01    0.10127E+02    0.10055E+01    0.19868E+01
    0.11651E+02   -0.12891E+01    0.10186E+02    0.10080E+01    0.19753E+01
    0.44904E+02   -0.26170E+01    0.10533E+02    0.10226E+01    0.16417E+01
    0.71440E+02   -0.18848E+01    0.14986E+02    0.11757E+01    0.20231E+01
    0.57011E+02   -0.19773E+01    0.18120E+02    0.12581E+01    0.18886E+01
    0.11337E+03   -0.16050E+01    0.15544E+02    0.11916E+01    0.19370E+01
    0.51150E+00   -0.11551E+01    0.27921E+01    0.44592E+00    0.89686E+00
    0.74750E+01   -0.48783E+01    0.15938E+02    0.12024E+01    0.77867E+00
    0.64630E+02   -0.45757E+01    0.81130E+01    0.90918E+00    0.91758E+00
    0.62928E+02   -0.22156E+01    0.17157E+02    0.12344E+01    0.17650E+01
    0.18500E+02   -0.56003E+01    0.95387E+01    0.97949E+00    0.71309E+00
    0.11060E+03   -0.76136E+01    0.76553E+01    0.88396E+00    0.42913E+00
    0.12637E+03   -0.78605E+01    0.31132E+01    0.49320E+00    0.85344E-01
    0.28167E+02   -0.17244E+01    0.17293E+02    0.12379E+01    0.20513E+01
    0.10519E+03   -0.58044E+01    0.61517E+01    0.78900E+00    0.79121E+00
    0.11014E+03   -0.22182E+01    0.82264E+01    0.91521E+00    0.17131E+01
    0.38161E+02   -0.22261E+01    0.15431E+02    0.11884E+01    0.17208E+01
    0.59766E+02   -0.14763E+01    0.25848E+02    0.14124E+01    0.22373E+01
    0.25659E+02   -0.93843E+01    0.10502E+02    0.10213E+01    0.30275E+00
    0.74493E+02   -0.33337E+01    0.10756E+02    0.10317E+01    0.13434E+01
    0.77516E+02   -0.35737E+01    0.10692E+02    0.10290E+01    0.12665E+01
    0.16743E+02   -0.17682E+01    0.12367E+02    0.10923E+01    0.18196E+01
    0.13483E+02   -0.60663E+01    0.70086E+01    0.84563E+00    0.33700E+00
    0.13097E+03   -0.21668E+02    0.14460E+00   -0.83983E+00   -0.25139E+01
    0.65534E+02   -0.34424E+01    0.13598E+02    0.11335E+01    0.12841E+01
    0.13291E+03   -0.21134E+02    0.35060E+00   -0.45519E+00   -0.22946E+01
    0.70962E+02   -0.18676E+01    0.14462E+02    0.11602E+01    0.20491E+01
    0.13961E+02   -0.42068E+01    0.74809E+01    0.87396E+00    0.78121E+00
    0.54038E+02   -0.45418E+01    0.96678E+01    0.98533E+00    0.10237E+01
    0.10260E+03   -0.58135E+01    0.69828E+01    0.84403E+00    0.76804E+00
    0.11713E+03   -0.15655E+01    0.12685E+02    0.11033E+01    0.19167E+01
    0.88814E+02   -0.19512E+01    0.18942E+02    0.12774E+01    0.19503E+01
    0.86102E+02   -0.86360E+00    0.29355E+02    0.14677E+01    0.25745E+01
    0.49285E+02   -0.11665E+01    0.27207E+02    0.14347E+01    0.22558E+01
    0.80657E+02   -0.97493E+01    0.74369E+01    0.87139E+00    0.67220E-01
    0.82771E+02   -0.12314E+01    0.13658E+02    0.11354E+01    0.22274E+01
    0.10922E+03   -0.25711E+02    0.15658E+01    0.19472E+00   -0.18847E+01
    0.18085E+02   -0.25297E+02    0.52847E+00   -0.27698E+00   -0.25887E+01
    0.58568E+02   -0.25713E+02    0.86720E+00   -0.61882E-01   -0.20339E+01
    0.42625E+02   -0.27072E+01    0.12926E+02    0.11115E+01    0.15439E+01
    0.12856E+03   -0.23011E+01    0.62937E+01    0.79890E+00    0.14414E+01
    0.47846E+02   -0.18764E+02    0.40706E+01    0.60966E+00   -0.96776E+00
    0.39752E+02   -0.94323E+01    0.63008E+01    0.79940E+00    0.25042E+00
    0.11145E+03   -0.62098E+01    0.41764E+01    0.62081E+00    0.61506E+00
    0.13096E+03   -0.76467E+01    0.51300E+01    0.71012E+00    0.43192E-01
    0.36583E+02   -0.88812E+01    0.61906E+01    0.79173E+00    0.18905E+00
    0.45551E+02   -0.26572E+01    0.10601E+02    0.10254E+01    0.15987E+01
    0.84157E+02   -0.94131E+00    0.21108E+02    0.13244E+01    0.24610E+01
    0.17805E+02   -0.23190E+01    0.12519E+02    0.10976E+01    0.15184E+01
    0.25226E+02   -0.19191E+01    0.11144E+02    0.10470E+01    0.17938E+01
    0.47658E+02   -0.24861E+01    0.14626E+02    0.11651E+01    0.16932E+01
    0.13886E+03   -0.21588E+01    0.32991E+01    0.51840E+00    0.76488E+00
    0.53519E+02   -0.18192E+02    0.31843E+01    0.50302E+00   -0.10409E+01
    0.11915E+03   -0.61797E+01    0.36640E+01    0.56396E+00    0.51141E+00
    0.12085E+03   -0.57469E+01    0.31983E+01    0.50492E+00    0.51686E+00
    0.10290E+02   -0.44560E+01    0.10484E+02    0.10205E+01    0.76058E+00
    0.66236E+01   -0.10471E+01    0.15522E+02    0.11909E+01    0.20971E+01
    0.54984E+02   -0.34876E+01    0.12353E+02    0.10918E+01    0.13647E+01
    0.55810E+02   -0.25152E+01    0.20166E+02    0.13046E+01    0.17380E+01
    0.52301E+02   -0.84911E+00    0.23139E+02    0.13643E+01    0.25368E+01
    0.51260E+02   -0.37388E+01    0.11682E+02    0.10675E+01    0.12323E+01
    0.19469E+02   -0.55284E+01    0.76732E+01    0.88498E+00    0.61596E+00
    0.12089E+03   -0.15483E+01    0.10634E+02    0.10267E+01    0.18523E+01
    0.69906E+02   -0.18016E+01    0.23779E+02    0.13762E+01    0.20497E+01
    0.88319E+02   -0.19204E+01    0.19881E+02    0.12984E+01    0.19863E+01
    0.65271E+02   -0.60334E+01    0.61310E+01    0.78753E+00    0.57667E+00
    0.80946E+02   -0.85296E+01    0.56471E+01    0.75182E+00    0.21363E+00
    0.32119E+02   -0.93449E+00    0.38824E+02    0.15891E+01    0.25907E+01
    0.72340E+02   -0.13131E+01    0.17477E+02    0.12425E+01    0.21953E+01
    0.15727E+02   -0.16834E+01    0.14621E+02    0.11650E+01    0.19042E+01
    0.64753E+02   -0.97031E+01    0.63273E+01    0.80122E+00    0.91727E-01
    0.76313E+02   -0.33168E+01    0.75469E+01    0.87777E+00    0.13464E+01
    0.13182E+02   -0.38883E+01    0.10117E+02    0.10051E+01    0.99918E+00
    0.67733E+02   -0.20370E+01    0.22321E+02    0.13487E+01    0.18113E+01
    0.36553E+02   -0.87886E+00    0.19895E+02    0.12987E+01    0.25811E+01
    0.39304E+02   -0.31975E+01    0.12563E+02    0.10991E+01    0.13031E+01
    0.93449E+01   -0.20823E+01    0.19161E+02    0.12824E+01    0.15737E+01
    0.71756E+02   -0.93145E+01    0.59888E+01    0.77734E+00    0.13980E+00
    0.50013E+02   -0.32380E+01    0.15017E+02    0.11766E+01    0.13737E+01
    0.48797E+02   -0.28148E+01    0.18718E+02    0.12723E+01    0.15529E+01
    0.99637E+01   -0.16917E+01    0.17861E+02    0.12519E+01    0.18893E+01
    0.27977E+02   -0.24134E+02    0.85245E+00   -0.69333E-01   -0.17821E+01
    0.59173E+02   -0.15788E+01    0.13334E+02    0.11250E+01    0.21304E+01
    0.37914E+02   -0.12649E+01    0.14961E+02    0.11750E+01    0.22153E+01
    0.14575E+02   -0.35192E+01    0.10710E+02    0.10298E+01    0.11282E+01
    0.10130E+02   -0.91652E+01    0.35269E+01    0.54740E+00   -0.50303E+00
    0.86949E+02   -0.18396E+01    0.12755E+02    0.11057E+01    0.20281E+01
    0.12522E+03   -0.13797E+01    0.13042E+02    0.11154E+01    0.20745E+01
    0.84368E+02   -0.25548E+02    0.10172E+01    0.73986E-02   -0.19745E+01
    0.51264E+02   -0.18126E+01    0.16959E+02    0.12294E+01    0.19871E+01
    0.89798E+02   -0.92177E+01    0.57396E+01    0.75888E+00    0.15130E+00
    0.32018E+02   -0.14474E+02    0.42543E+01    0.62883E+00   -0.53548E+00
    0.12290E+03   -0.13834E+02    0.14671E+01    0.16647E+00   -0.76319E+00
    0.10517E+03   -0.13553E+02    0.47738E+01    0.67887E+00   -0.31533E+00
    0.12875E+03   -0.12899E+01    0.90419E+01    0.95626E+00    0.19959E+01
    0.61763E+02   -0.39542E+01    0.95512E+01    0.98006E+00    0.11147E+01
    0.34134E+02   -0.12024E+01    0.21096E+02    0.13242E+01    0.22669E+01
    0.13518E+02   -0.15951E+01    0.92262E+01    0.96502E+00    0.19149E+01
    0.11197E+03   -0.14347E+01    0.10585E+02    0.10247E+01    0.21482E+01
    0.19722E+02   -0.38315E+01    0.82637E+01    0.91718E+00    0.96105E+00
    0.14728E+02   -0.96871E+01    0.33986E+01    0.53130E+00   -0.33888E+00
    0.11835E+03   -0.62662E+01    0.34923E+01    0.54311E+00    0.45978E+00
    0.92446E+02   -0.31020E+01    0.62870E+01    0.79844E+00    0.13589E+01
    0.16210E+02   -0.16265E+01    0.78077E+01    0.89252E+00    0.20225E+01
    0.12472E+03   -0.15919E+01    0.13119E+02    0.11179E+01    0.18255E+01
    0.53911E+02   -0.96047E+01    0.73859E+01    0.86840E+00    0.21756E+00
    0.60270E+02   -0.17749E+01    0.25750E+02    0.14108E+01    0.19871E+01
    0.62667E+02   -0.12546E+01    0.14479E+02    0.11607E+01    0.22169E+01
    0.33194E+02   -0.30246E+01    0.16304E+02    0.12123E+01    0.14297E+01
    0.87387E+02   -0.18510E+01    0.13983E+02    0.11456E+01    0.20168E+01
    0.12978E+03   -0.98263E+00    0.28076E+02    0.14483E+01    0.23728E+01
    0.44883E+02   -0.74959E+01    0.97858E+01    0.99060E+00    0.50079E+00
    0.58589E+02   -0.23684E+02    0.62330E+00   -0.20530E+00   -0.14969E+01
    0.41530E+02   -0.19268E+01    0.20516E+02    0.13121E+01    0.18476E+01
    0.60444E+02   -0.35852E+01    0.10590E+02    0.10249E+01    0.12553E+01
    0.59207E+02   -0.32130E+01    0.11771E+02    0.10708E+01    0.13956E+01
    0.22474E+02   -0.54503E+01    0.10219E+02    0.10094E+01    0.71093E+00
    0.43385E+02   -0.88694E+01    0.82370E+01    0.91577E+00    0.30024E+00
    0.10884E+03   -0.14740E+01    0.24533E+02    0.13898E+01    0.21538E+01
    0.24913E+02   -0.25017E+01    0.93872E+01    0.97254E+00    0.15199E+01
    0.34516E+02   -0.82415E+01    0.92853E+01    0.96779E+00    0.32545E+00
    0.26067E+02   -0.22134E+01    0.40867E+01    0.61137E+00    0.16391E+01
    0.13222E+03   -0.27034E+02    0.77784E-01   -0.11091E+01   -0.32056E+01
    0.76153E+02   -0.27147E+02    0.11690E+01    0.67826E-01   -0.19588E+01
    0.10672E+03   -0.27101E+02    0.18206E+01    0.26022E+00   -0.17954E+01
    0.35631E+02   -0.27346E+02    0.59813E+00   -0.22320E+00   -0.21118E+01
    0.51070E+02   -0.27058E+02    0.12487E+01    0.96461E-01   -0.19856E+01
    0.20673E+02   -0.27003E+02    0.49348E+00   -0.30673E+00   -0.24210E+01
    0.61024E+02   -0.27132E+02    0.10841E+01    0.35081E-01   -0.20012E+01
    0.10144E+02   -0.27189E+02    0.36467E-01   -0.14381E+01   -0.34373E+01
    0.11691E+03   -0.26999E+02    0.12272E+01    0.88918E-01   -0.20278E+01
    0.91549E+02   -0.26912E+02    0.19038E+01    0.27962E+00   -0.18861E+01
    0.86587E+02   -0.27045E+02    0.14681E+01    0.16675E+00   -0.19226E+01
    0.55191E+02   -0.15358E+02    0.33571E+01    0.52597E+00   -0.61092E+00
    0.81447E+02   -0.16565E+01    0.21948E+02    0.13414E+01    0.21558E+01
    0.55634E+02   -0.21649E+02    0.16373E+01    0.21414E+00   -0.14753E+01
    0.30579E+02   -0.64038E+01    0.87716E+01    0.94308E+00    0.77628E+00
    0.16678E+02   -0.44377E+01    0.64054E+01    0.80655E+00    0.76032E+00
    0.12817E+03   -0.79782E+01    0.75713E+00   -0.12083E+00   -0.45467E-01
    0.10859E+03   -0.74971E+01    0.88098E+01    0.94497E+00    0.47980E+00
    0.92405E+02   -0.21443E+02    0.12674E+01    0.10291E+00   -0.13217E+01
    0.20204E+02   -0.30830E+01    0.12107E+02    0.10830E+01    0.12559E+01
    0.33089E+02   -0.26184E+02    0.47026E+00   -0.32766E+00   -0.21889E+01
    0.29749E+02   -0.31578E+01    0.14566E+02    0.11633E+01    0.13710E+01
    0.35426E+02   -0.92503E+01    0.91255E+01    0.96026E+00    0.33923E+00
    0.31578E+01   -0.46196E+01    0.17410E+01    0.24081E+00    0.48572E-01
    0.29358E+02   -0.83341E+00    0.40787E+02    0.16105E+01    0.26849E+01
    0.41726E+02   -0.10361E+02    0.64599E+01    0.81022E+00    0.57413E-01
    0.33453E+02   -0.23890E+02    0.12832E+01    0.10831E+00   -0.17372E+01
    0.25926E+02   -0.28147E+01    0.65477E+01    0.81609E+00    0.14680E+01
    0.56667E+01   -0.50059E+01    0.96434E+01    0.98423E+00    0.54561E+00
    0.75533E+01   -0.25801E+02    0.37871E-01   -0.14217E+01   -0.33976E+01
    0.46665E+02   -0.31455E+01    0.11707E+02    0.10685E+01    0.13811E+01
    0.98397E+02   -0.23895E+01    0.53332E+01    0.72699E+00    0.17196E+01
    0.85608E+02   -0.17869E+01    0.20394E+02    0.13095E+01    0.20420E+01
    0.10418E+03   -0.25962E+02    0.11143E+01    0.46997E-01   -0.18802E+01
    0.35466E+02   -0.18821E+01    0.20607E+02    0.13140E+01    0.19182E+01
    0.89621E+00   -0.25605E+01    0.30523E+01    0.48463E+00    0.20917E+00
    0.11234E+03   -0.16874E+01    0.12425E+02    0.10943E+01    0.18909E+01
    0.94326E+02   -0.86421E+01    0.35897E+01    0.55506E+00    0.20785E+00
    0.12124E+03   -0.74059E+00    0.11343E+02    0.10547E+01    0.23477E+01
    0.30803E+02   -0.90356E+01    0.60672E+01    0.78299E+00    0.23291E+00
    0.23855E+02   -0.46079E+01    0.76053E+01    0.88112E+00    0.88263E+00
    0.47422E+02   -0.20900E+02    0.15282E+01    0.18417E+00   -0.14921E+01
    0.40314E+02   -0.27502E+02    0.43853E+00   -0.35800E+00   -0.21200E+01
    0.67148E+02   -0.87857E+01    0.63576E+01    0.80329E+00    0.21602E+00
    0.82922E+02   -0.19086E+02    0.44032E+01    0.64377E+00   -0.90126E+00
    0.13796E+02   -0.72117E+01    0.73349E+01    0.86540E+00    0.31201E+00
    0.75392E+01   -0.11686E+01    0.16644E+02    0.12213E+01    0.20163E+01
    0.27516E+02   -0.35798E+01    0.77204E+01    0.88764E+00    0.11821E+01
    0.58320E+02   -0.21377E+01    0.24380E+02    0.13870E+01    0.18195E+01
    0.99460E+02   -0.17686E+01    0.22629E+02    0.13547E+01    0.19291E+01
    0.90575E+02   -0.85441E+01    0.31400E+01    0.49692E+00    0.19815E+00
    0.11867E+02   -0.80006E+01    0.17503E+01    0.24311E+00    0.21396E-01
    0.84830E+02   -0.80774E+01    0.35957E+01    0.55579E+00    0.26502E+00
    0.64789E+02   -0.22786E+01    0.57134E+01    0.75690E+00    0.18584E+01
    0.10222E+03   -0.23191E+01    0.72094E+01    0.85790E+00    0.18404E+01
    0.19853E+02   -0.64980E+01    0.83492E+01    0.92164E+00    0.60509E+00
    0.85300E+02   -0.27612E+01    0.82308E+01    0.91544E+00    0.15955E+01
    0.91917E+02   -0.23560E+01    0.56621E+01    0.75297E+00    0.16329E+01
    0.12313E+03   -0.25876E+02    0.23297E+00   -0.63270E+00   -0.24280E+01
    0.25050E+02   -0.37558E+01    0.10415E+02    0.10177E+01    0.11038E+01
    0.20855E+02   -0.85712E+01    0.60288E+01    0.78023E+00    0.14281E+00
    0.72630E+02   -0.86538E+01    0.32561E+01    0.51270E+00    0.17441E+00
    0.14211E+02   -0.51492E+01    0.98494E+01    0.99341E+00    0.71187E+00
    0.27001E+02   -0.93890E+01    0.70765E+01    0.84982E+00    0.19100E+00
    0.82693E+02   -0.21444E+02    0.17969E+01    0.25452E+00   -0.14474E+01
    0.68378E+02   -0.11845E+01    0.24050E+02    0.13811E+01    0.22907E+01
    0.16871E+02   -0.84777E+01    0.54352E+01    0.73522E+00   -0.36072E-01
    0.44188E+02   -0.46197E+01    0.25699E+01    0.40992E+00    0.86272E+00
    0.13351E+03   -0.21802E+01    0.20042E+02    0.13019E+01    0.15997E+01
    0.88391E+02   -0.18153E+02    0.28088E+01    0.44853E+00   -0.10072E+01
    0.11048E+03   -0.25967E+01    0.75369E+01    0.87719E+00    0.14855E+01
    0.83936E+02   -0.12847E+01    0.15617E+02    0.11936E+01    0.22298E+01
    0.82139E+02   -0.70255E+01    0.37589E+01    0.57506E+00    0.40302E+00
    0.92629E+02   -0.15224E+02    0.26500E+01    0.42325E+00   -0.60655E+00
    0.50473E+02   -0.69261E+01    0.68892E+01    0.83817E+00    0.56423E+00
    0.13401E+03   -0.34435E+01    0.14518E+02    0.11619E+01    0.12187E+01
    0.45749E+02   -0.83799E+01    0.84216E+01    0.92539E+00    0.47153E+00
    0.13178E+03   -0.58053E+01    0.60758E+01    0.78360E+00    0.42901E+00
    0.10172E+03   -0.73958E+01    0.98069E+01    0.99153E+00    0.48682E+00
    0.94973E+02   -0.11430E+01    0.27508E+02    0.14395E+01    0.23021E+01
    0.84865E+02   -0.17648E+01    0.94193E+01    0.97402E+00    0.20974E+01
    0.66154E+02   -0.80283E+01    0.59192E+01    0.77226E+00    0.27083E+00
    0.11185E+03   -0.27110E+02    0.15459E+01    0.18918E+00   -0.18622E+01
    0.56233E+02   -0.87093E+01    0.10490E+02    0.10208E+01    0.38305E+00
    0.89514E+02   -0.30109E+01    0.45142E+01    0.65458E+00    0.14775E+01
    0.20034E+02   -0.46585E+01    0.10986E+02    0.10408E+01    0.90328E+00
    0.52470E+02   -0.12276E+01    0.17791E+02    0.12502E+01    0.23263E+01
    0.56094E+02   -0.27082E+02    0.12279E+01    0.89164E-01   -0.19782E+01
    0.15312E+02   -0.26793E+02    0.26217E+00   -0.58142E+00   -0.28095E+01
    0.71877E+02   -0.70094E+01    0.47556E+01    0.67720E+00    0.39962E+00
    0.47874E+02   -0.19111E+01    0.15036E+02    0.11771E+01    0.19207E+01
    0.12503E+03   -0.68015E+00    0.17008E+02    0.12306E+01    0.26065E+01
    0.29086E+02   -0.73198E+01    0.13393E+02    0.11269E+01    0.67526E+00
    0.25220E+02   -0.83660E+01    0.54507E+01    0.73646E+00    0.40768E+00
    0.18711E+02   -0.15896E+02    0.19074E+01    0.28045E+00   -0.98602E+00
    0.13356E+03   -0.15745E+01    0.12366E+02    0.10922E+01    0.17440E+01
    0.43294E+02   -0.12417E+01    0.22301E+02    0.13483E+01    0.22421E+01
    0.94411E+01   -0.22119E+02    0.77509E-01   -0.11106E+01   -0.26644E+01
    0.14079E+03   -0.17861E+02    0.29804E+00   -0.52572E+00   -0.26849E+01
    0.63595E+02   -0.25933E+02    0.87060E+00   -0.60182E-01   -0.20878E+01
    0.13483E+03   -0.16679E+01    0.47060E+01    0.67265E+00    0.16792E+01
    0.34475E+02   -0.64636E+01    0.47136E+01    0.67335E+00    0.68935E+00
    0.18789E+02   -0.29259E+01    0.62545E+01    0.79619E+00    0.12050E+01
    0.96181E+02   -0.32723E+01    0.13326E+02    0.11247E+01    0.13276E+01
    0.70870E+02   -0.12790E+01    0.14846E+02    0.11716E+01    0.22318E+01
    0.99806E+02   -0.73711E+01    0.72481E+01    0.86022E+00    0.45491E+00
    0.79979E+02   -0.16351E+01    0.18281E+02    0.12620E+01    0.21424E+01
    0.75466E+02   -0.15754E+02    0.28561E+01    0.45577E+00   -0.55506E+00
    0.36732E+02   -0.12278E+01    0.18513E+02    0.12675E+01    0.23236E+01
    0.65618E+02   -0.14913E+02    0.65826E+01    0.81840E+00   -0.40000E+00
    0.96073E+02   -0.21998E+02    0.18276E+01    0.26188E+00   -0.14855E+01
    0.54594E+02   -0.60991E+01    0.75403E+01    0.87739E+00    0.66886E+00
    0.80487E+02   -0.16141E+01    0.17457E+02    0.12420E+01    0.21740E+01
    0.12259E+03   -0.19572E+02    0.12026E+01    0.80123E-01   -0.15129E+01
    0.84779E+02   -0.18130E+02    0.35284E+01    0.54758E+00   -0.99091E+00
    0.80289E+02   -0.77741E+01    0.34321E+01    0.53556E+00    0.30993E+00
    0.69205E+02   -0.11720E+01    0.20226E+02    0.13059E+01    0.22530E+01
    0.29911E+02   -0.12656E+02    0.24678E+01    0.39231E+00   -0.36008E+00
    0.88205E+02   -0.12884E+01    0.15882E+02    0.12009E+01    0.21919E+01
    0.98851E+02   -0.57676E+01    0.58924E+01    0.77029E+00    0.70693E+00
    0.10073E+03   -0.92699E+01    0.66789E+01    0.82471E+00    0.21136E+00
    0.97481E+02   -0.33335E+01    0.11373E+02    0.10559E+01    0.13165E+01
    0.11117E+03   -0.13069E+02    0.38044E+01    0.58029E+00   -0.18657E+00
    0.42765E+02   -0.50080E+00    0.48896E+02    0.16893E+01    0.26658E+01
    0.12035E+03   -0.31517E+01    0.63323E+01    0.80156E+00    0.11526E+01
    0.11910E+03   -0.30884E+01    0.88893E+01    0.94887E+00    0.12242E+01
    0.11784E+03   -0.31179E+01    0.93526E+01    0.97093E+00    0.12124E+01
    0.11658E+03   -0.31802E+01    0.72162E+01    0.85831E+00    0.12122E+01
    0.11533E+03   -0.31195E+01    0.10307E+02    0.10131E+01    0.12783E+01
    0.11406E+03   -0.31530E+01    0.10751E+02    0.10315E+01    0.12637E+01
    0.11280E+03   -0.32283E+01    0.82059E+01    0.91413E+00    0.12663E+01
    0.11158E+03   -0.32471E+01    0.78493E+01    0.89483E+00    0.12915E+01
    0.11034E+03   -0.32145E+01    0.11098E+02    0.10452E+01    0.13243E+01
    0.10902E+03   -0.32237E+01    0.14498E+02    0.11613E+01    0.13706E+01
    0.10776E+03   -0.32695E+01    0.10021E+02    0.10009E+01    0.14077E+01
    0.10652E+03   -0.32308E+01    0.15086E+02    0.11786E+01    0.14512E+01
    0.10520E+03   -0.32479E+01    0.17987E+02    0.12549E+01    0.14475E+01
    0.10390E+03   -0.33076E+01    0.12000E+02    0.10792E+01    0.14188E+01
    0.98784E+02   -0.33366E+01    0.10982E+02    0.10407E+01    0.13187E+01
    0.10263E+03   -0.33055E+01    0.13637E+02    0.11347E+01    0.14180E+01
    0.10133E+03   -0.33197E+01    0.12540E+02    0.10983E+01    0.13797E+01
    0.10006E+03   -0.33392E+01    0.10503E+02    0.10213E+01    0.13545E+01
    0.12286E+03   -0.30575E+01    0.88904E+01    0.94892E+00    0.12297E+01
    0.12160E+03   -0.30878E+01    0.82970E+01    0.91892E+00    0.11687E+01
    0.86324E+02   -0.12410E+01    0.18858E+02    0.12755E+01    0.22638E+01
    0.18247E+02   -0.72813E+01    0.18664E+01    0.27100E+00    0.32483E+00
    0.38667E+02   -0.12879E+01    0.18558E+02    0.12685E+01    0.22106E+01
    0.26467E+02   -0.30178E+01    0.60477E+01    0.78159E+00    0.13234E+01
    0.86752E+02   -0.83996E+01    0.55569E+01    0.74483E+00    0.21172E+00
    0.83928E+02   -0.15384E+02    0.20307E+01    0.30765E+00   -0.49241E+00
    0.12411E+03   -0.31186E+01    0.67336E+01    0.82825E+00    0.11827E+01
    0.55273E+02   -0.74722E+00    0.22502E+02    0.13522E+01    0.25929E+01
    0.84677E+00   -0.16753E+02    0.34764E+00   -0.45887E+00   -0.27241E+01
    0.49873E+02   -0.17969E+02    0.29956E+01    0.47648E+00   -0.10641E+01
    0.10777E+03   -0.11132E+01    0.20705E+02    0.13161E+01    0.22919E+01
    0.13471E+03   -0.25631E+02    0.82412E-01   -0.10840E+01   -0.31327E+01
    0.10290E+03   -0.91952E+01    0.87536E+01    0.94218E+00    0.24738E+00
    0.26833E+02   -0.75071E+01    0.55938E+01    0.74771E+00    0.49870E+00
    0.10514E+03   -0.90889E+01    0.12670E+02    0.11028E+01    0.28020E+00
    0.10738E+03   -0.92025E+01    0.90878E+01    0.95846E+00    0.26805E+00
    0.10956E+03   -0.93573E+01    0.66596E+01    0.82345E+00    0.21155E+00
    0.11173E+03   -0.94109E+01    0.58024E+01    0.76361E+00    0.16008E+00
    0.11393E+03   -0.93442E+01    0.69400E+01    0.84136E+00    0.97425E-01
    0.11622E+03   -0.92411E+01    0.83594E+01    0.92218E+00    0.58182E-01
    0.11850E+03   -0.93650E+01    0.55587E+01    0.74497E+00    0.23693E-01
    0.12071E+03   -0.95457E+01    0.39544E+01    0.59708E+00   -0.52474E-01
    0.12294E+03   -0.95402E+01    0.38145E+01    0.58144E+00   -0.13349E+00
    0.24962E+02   -0.15264E+01    0.97789E+01    0.99029E+00    0.20308E+01
    0.86076E+02   -0.18162E+01    0.17591E+02    0.12453E+01    0.20316E+01
    0.46606E+02   -0.25708E+02    0.84685E+00   -0.72196E-01   -0.19375E+01
    0.13473E+03   -0.40126E+01    0.94159E+01    0.97386E+00    0.81727E+00
    0.76652E+02   -0.22684E+02    0.98271E+00   -0.75738E-02   -0.15410E+01
    0.12645E+03   -0.30230E+01    0.53100E+01    0.72509E+00    0.12055E+01
    0.10838E+02   -0.81954E+01    0.23521E+01    0.37145E+00    0.71063E-01
    0.83663E+02   -0.21663E+01    0.14056E+02    0.11479E+01    0.17869E+01
    0.10135E+02   -0.64024E+01    0.55176E+01    0.74175E+00    0.22451E+00
    0.78843E+02   -0.37035E+01    0.96006E+01    0.98230E+00    0.12128E+01
    0.61374E+02   -0.71984E+01    0.49006E+01    0.69025E+00    0.44878E+00
    0.12520E+03   -0.95563E+01    0.35351E+01    0.54841E+00   -0.17289E+00
    0.12532E+03   -0.31028E+01    0.60543E+01    0.78206E+00    0.11743E+01
    0.67618E+02   -0.88531E+00    0.31448E+02    0.14976E+01    0.25171E+01
    0.61496E+01   -0.10214E+01    0.10522E+02    0.10221E+01    0.19496E+01
    0.70681E+02   -0.86127E+01    0.53332E+01    0.72699E+00    0.18023E+00
    0.11619E+03   -0.15721E+01    0.10839E+02    0.10350E+01    0.19341E+01
    0.43643E+02   -0.92465E+00    0.22650E+02    0.13551E+01    0.25011E+01
    0.45781E+02   -0.20633E+01    0.11952E+02    0.10774E+01    0.18165E+01
    0.63390E+02   -0.12564E+01    0.14548E+02    0.11628E+01    0.22496E+01
    0.82974E+02   -0.99650E+01    0.68900E+01    0.83822E+00    0.37613E-01
    0.42716E+02   -0.20816E+01    0.13189E+02    0.11202E+01    0.17744E+01
    0.51782E+02   -0.43480E+01    0.77797E+01    0.89096E+00    0.10027E+01
    0.80172E+02   -0.37820E+01    0.95535E+01    0.98016E+00    0.12106E+01
    0.88158E+01   -0.12487E+01    0.10116E+02    0.10050E+01    0.19319E+01
    0.81520E+02   -0.38539E+01    0.98324E+01    0.99266E+00    0.11770E+01
    0.82891E+02   -0.39286E+01    0.90853E+01    0.95834E+00    0.11546E+01
    0.84270E+02   -0.39443E+01    0.10964E+02    0.10400E+01    0.11496E+01
    0.85651E+02   -0.39955E+01    0.98505E+01    0.99346E+00    0.11125E+01
    0.87029E+02   -0.41274E+01    0.84142E+01    0.92501E+00    0.10698E+01
    0.88442E+02   -0.41522E+01    0.97241E+01    0.98785E+00    0.10355E+01
    0.89863E+02   -0.42161E+01    0.81763E+01    0.91256E+00    0.99347E+00
    0.98036E+02   -0.71901E+01    0.40910E+01    0.61183E+00    0.46917E+00
    0.91292E+02   -0.42924E+01    0.87400E+01    0.94151E+00    0.96021E+00
    0.92734E+02   -0.43603E+01    0.75641E+01    0.87876E+00    0.92856E+00
    0.95352E+02   -0.89482E+00    0.43321E+02    0.16367E+01    0.26637E+01
    0.94161E+02   -0.44915E+01    0.62778E+01    0.79781E+00    0.90503E+00
    0.88791E+02   -0.74932E+01    0.38766E+01    0.58845E+00    0.33275E+00
    0.11812E+03   -0.13502E+02    0.32356E+01    0.50995E+00   -0.48281E+00
    0.91871E+02   -0.30266E+01    0.71720E+01    0.85564E+00    0.14416E+01
    0.78932E+02   -0.17673E+01    0.21281E+02    0.13280E+01    0.20692E+01
    0.32451E+02   -0.11936E+01    0.17095E+02    0.12329E+01    0.22064E+01
    0.73656E+02   -0.87328E+01    0.40073E+01    0.60285E+00    0.18530E+00
    0.71592E+02   -0.13046E+01    0.15450E+02    0.11889E+01    0.22225E+01
    0.12721E+03   -0.40281E+01    0.26606E+01    0.42499E+00    0.81329E+00
    0.12154E+03   -0.27251E+02    0.48158E+00   -0.31733E+00   -0.22741E+01
    0.32910E+02   -0.95329E+00    0.21062E+02    0.13235E+01    0.24430E+01
    0.40997E+02   -0.16314E+01    0.27452E+02    0.14386E+01    0.21206E+01
    0.85304E+02   -0.10115E+02    0.63551E+01    0.80312E+00    0.16458E-01
    0.87575E+02   -0.10390E+02    0.45778E+01    0.66066E+00   -0.19965E-01
    0.89891E+02   -0.10531E+02    0.62319E+01    0.79462E+00   -0.51235E-01
    0.92340E+02   -0.10557E+02    0.81720E+01    0.91233E+00   -0.62159E-01
    0.55270E+02   -0.79610E+01    0.66420E+01    0.82230E+00    0.39481E+00
    0.94801E+02   -0.10786E+02    0.62026E+01    0.79257E+00   -0.63256E-01
    0.97189E+02   -0.11098E+02    0.53172E+01    0.72568E+00   -0.74124E-01
    0.66880E+02   -0.36542E+01    0.92378E+01    0.96557E+00    0.11921E+01
    0.52334E+01   -0.13944E+02    0.98124E+00   -0.82235E-02   -0.18504E+01
    0.44435E+02   -0.17314E+02    0.46018E+01    0.66293E+00   -0.84544E+00
    0.81302E+02   -0.17754E+02    0.36387E+01    0.56095E+00   -0.92819E+00
    0.43981E+02   -0.19389E+02    0.13342E+01    0.12522E+00   -0.12987E+01
    0.12662E+03   -0.45908E+01    0.62224E+01    0.79396E+00    0.65846E+00
    0.28023E+02   -0.26203E+02    0.41121E+00   -0.38593E+00   -0.22909E+01
    0.18411E+02   -0.22767E+02    0.85171E+00   -0.69706E-01   -0.19253E+01
    0.13478E+03   -0.22873E+02    0.91348E-01   -0.10393E+01   -0.30218E+01
    0.31334E+02   -0.82082E+00    0.19096E+02    0.12809E+01    0.24756E+01
    0.13682E+03   -0.15275E+02    0.66621E+00   -0.17639E+00   -0.18450E+01
    0.30336E+01   -0.28148E+01    0.21761E+01    0.33768E+00    0.37668E+00
    0.62331E+02   -0.45388E+01    0.63156E+01    0.80042E+00    0.88801E+00
    0.12461E+03   -0.16586E+02    0.18837E+01    0.27501E+00   -0.12027E+01
    0.93884E+02   -0.25564E+02    0.11335E+01    0.54420E-01   -0.19323E+01
    0.67056E+02   -0.10022E+02    0.58909E+01    0.77018E+00    0.28497E-01
    0.68203E+02   -0.38086E+01    0.77574E+01    0.88972E+00    0.11346E+01
    0.45915E+02   -0.31935E+01    0.14592E+02    0.11641E+01    0.13309E+01
    0.69555E+02   -0.39554E+01    0.77281E+01    0.88807E+00    0.10908E+01
    0.70936E+02   -0.41228E+01    0.76072E+01    0.88123E+00    0.10408E+01
    0.72326E+02   -0.42824E+01    0.73147E+01    0.86419E+00    0.10065E+01
    0.43919E+02   -0.40506E+01    0.38238E+01    0.58250E+00    0.99989E+00
    0.73728E+02   -0.44444E+01    0.69621E+01    0.84274E+00    0.95860E+00
    0.11569E+02   -0.22951E+01    0.10054E+02    0.10024E+01    0.14994E+01
    0.75168E+02   -0.45337E+01    0.84974E+01    0.92929E+00    0.94331E+00
    0.76629E+02   -0.46600E+01    0.81841E+01    0.91297E+00    0.91706E+00
    0.22552E+02   -0.73841E+01    0.63709E+01    0.80420E+00    0.37642E+00
    0.10365E+03   -0.19747E+02    0.33605E+01    0.52641E+00   -0.93134E+00
    0.14230E+03   -0.12694E+01    0.23665E+01    0.37411E+00    0.51317E+00
    0.13907E+03   -0.29848E+01    0.70556E+01    0.84854E+00    0.70950E+00
    0.12749E+03   -0.96615E+01    0.30734E+01    0.48763E+00   -0.25850E+00
    0.10367E+03   -0.15976E+02    0.53872E+01    0.73136E+00   -0.64641E+00
    0.40587E+02   -0.34814E+01    0.85961E+01    0.93430E+00    0.11980E+01
    0.11347E+03   -0.16458E+02    0.31108E+01    0.49287E+00   -0.65374E+00
    0.10000E+03   -0.10120E+01    0.25026E+02    0.13984E+01    0.23788E+01
    0.50485E+02   -0.38839E+01    0.82925E+01    0.91869E+00    0.11294E+01
    0.69359E+02   -0.10345E+02    0.56240E+01    0.75005E+00   -0.10844E-01
    0.71704E+02   -0.10627E+02    0.62289E+01    0.79441E+00   -0.50152E-01
    0.74137E+02   -0.10939E+02    0.68805E+01    0.83762E+00   -0.73577E-01
    0.76630E+02   -0.11397E+02    0.58115E+01    0.76429E+00   -0.12175E+00
    0.79105E+02   -0.11797E+02    0.57058E+01    0.75631E+00   -0.16135E+00
    0.11063E+03   -0.66967E+01    0.43835E+01    0.64182E+00    0.63534E+00
    0.48059E+02   -0.29977E+01    0.10780E+02    0.10326E+01    0.14167E+01
    0.11115E+03   -0.23143E+01    0.91101E+01    0.95953E+00    0.16741E+01
    0.49271E+02   -0.33635E+01    0.13448E+02    0.11287E+01    0.12875E+01
    0.96445E+02   -0.27152E+02    0.13949E+01    0.14454E+00   -0.18788E+01
    0.13822E+03   -0.17423E+02    0.11624E+00   -0.93465E+00   -0.25742E+01
    0.10185E+03   -0.18849E+02    0.29208E+01    0.46550E+00   -0.10212E+01
    0.41873E+02   -0.36979E+01    0.72411E+01    0.85981E+00    0.11432E+01
    0.10525E+03   -0.76657E+00    0.15557E+02    0.11919E+01    0.24687E+01
    0.61316E+02   -0.91904E+00    0.17574E+02    0.12449E+01    0.24620E+01
    0.13480E+03   -0.15654E+02    0.26081E+00   -0.58368E+00   -0.20137E+01
    0.23174E+02   -0.25868E+02    0.30236E+00   -0.51948E+00   -0.23861E+01
    0.12799E+03   -0.20098E+01    0.11563E+02    0.10631E+01    0.16831E+01
    0.31618E+02   -0.11301E+01    0.21148E+02    0.13253E+01    0.22596E+01
    0.56133E+02   -0.99992E+01    0.77074E+01    0.88691E+00    0.14321E+00
    0.11997E+03   -0.15336E+01    0.85756E+01    0.93326E+00    0.18866E+01
    0.12343E+02   -0.10792E+02    0.22970E+01    0.36116E+00   -0.68761E+00
    0.50121E+02   -0.87731E+00    0.36032E+02    0.15567E+01    0.25976E+01
    0.34458E+02   -0.33804E+01    0.10786E+02    0.10329E+01    0.12916E+01
    0.42790E+02   -0.10143E+01    0.41922E+02    0.16224E+01    0.25588E+01
    0.94301E+02   -0.17739E+01    0.10605E+02    0.10255E+01    0.19293E+01
    0.56146E+02   -0.92170E+00    0.57620E+02    0.17606E+01    0.27060E+01
    0.29858E+02   -0.85907E+00    0.26776E+02    0.14277E+01    0.24860E+01
    0.49314E+02   -0.22524E+02    0.20645E+01    0.31481E+00   -0.14500E+01
    0.60984E+02   -0.41516E+01    0.69583E+01    0.84250E+00    0.10152E+01
    0.58369E+02   -0.10464E+02    0.67711E+01    0.83066E+00    0.85843E-01
    0.13706E+03   -0.13289E+02    0.56758E+00   -0.24597E+00   -0.19290E+01
    0.60637E+02   -0.10954E+02    0.61436E+01    0.78842E+00   -0.11679E-01
    0.58491E+02   -0.33780E+01    0.99918E+01    0.99964E+00    0.13014E+01
    0.63104E+02   -0.11423E+02    0.76882E+01    0.88583E+00   -0.94570E-01
    0.91077E+02   -0.12912E+02    0.41118E+01    0.61403E+00   -0.33564E+00
    0.59695E+02   -0.37618E+01    0.78254E+01    0.89351E+00    0.11525E+01
    0.34947E+02   -0.15838E+01    0.19441E+02    0.12887E+01    0.21925E+01
    0.74084E+01   -0.13676E+02    0.72012E+00   -0.14260E+00   -0.15629E+01
    0.65262E+02   -0.23550E+01    0.50318E+01    0.70172E+00    0.17958E+01
    0.68832E+02   -0.83813E+01    0.16834E+01    0.22618E+00    0.22845E+00
    0.21970E+02   -0.23502E+01    0.84440E+01    0.92655E+00    0.15615E+01
    0.35746E+02   -0.36676E+01    0.85891E+01    0.93395E+00    0.11808E+01
    0.12841E+03   -0.46338E+01    0.42054E+01    0.62381E+00    0.64008E+00
    0.37066E+02   -0.39683E+01    0.73742E+01    0.86771E+00    0.10554E+01
    0.13336E+02   -0.20239E+01    0.98231E+01    0.99225E+00    0.16409E+01
    0.38398E+02   -0.42563E+01    0.59078E+01    0.77143E+00    0.96059E+00
    0.93352E+02   -0.85808E+01    0.28313E+01    0.45198E+00    0.19220E+00
    0.67552E+02   -0.22916E+02    0.81035E+00   -0.91329E-01   -0.16205E+01
    0.38632E+02   -0.78173E+01    0.73118E+01    0.86403E+00    0.50038E+00
    0.16666E+02   -0.61095E+01    0.44792E+01    0.65120E+00    0.40237E+00
    0.70214E+02   -0.20447E+02    0.13248E+01    0.12216E+00   -0.13241E+01
    0.18126E+02   -0.28972E+01    0.60114E+01    0.77897E+00    0.12914E+01
    0.13661E+03   -0.19953E+01    0.13739E+02    0.11380E+01    0.15774E+01
    0.85875E+02   -0.15441E+02    0.20218E+01    0.30574E+00   -0.52277E+00
    0.50199E+02   -0.16047E+02    0.52534E+01    0.72044E+00   -0.51556E+00
    0.45466E+02   -0.94879E+01    0.74162E+01    0.87018E+00    0.23655E+00
    0.58538E+02   -0.96181E+00    0.31279E+02    0.14953E+01    0.24879E+01
    0.57996E+02   -0.82858E+01    0.39010E+01    0.59118E+00    0.37255E+00
    0.29026E+02   -0.11473E+01    0.23583E+02    0.13726E+01    0.22442E+01
    0.57028E+02   -0.18129E+02    0.29320E+01    0.46717E+00   -0.10232E+01
    0.12372E+03   -0.15186E+01    0.86427E+01    0.93665E+00    0.19107E+01
    0.10435E+03   -0.16822E+01    0.15461E+02    0.11892E+01    0.20201E+01
    0.97157E+02   -0.71239E+01    0.35370E+01    0.54863E+00    0.44311E+00
    0.30987E+02   -0.36152E+01    0.10380E+02    0.10162E+01    0.12250E+01
    0.41854E+02   -0.88771E+00    0.22430E+02    0.13508E+01    0.25275E+01
    0.98123E+02   -0.25530E+02    0.89062E+00   -0.50307E-01   -0.18096E+01
    0.47648E+02   -0.10079E+02    0.78788E+01    0.89646E+00    0.17406E+00
    0.21433E+02   -0.14707E+01    0.80766E+01    0.90723E+00    0.20388E+01
    0.49927E+02   -0.10689E+02    0.75640E+01    0.87875E+00    0.10066E+00
    0.40161E+02   -0.21701E+02    0.12104E+01    0.82929E-01   -0.14731E+01
    0.41381E+02   -0.86938E+00    0.30229E+02    0.14804E+01    0.26728E+01
    0.14175E+03   -0.20861E+02    0.98618E-01   -0.10060E+01   -0.32317E+01
    0.31917E+02   -0.22458E+02    0.10688E+01    0.28914E-01   -0.16944E+01
    0.52348E+02   -0.11229E+02    0.56369E+01    0.75104E+00    0.20413E-01
    0.91542E+02   -0.85320E+01    0.28639E+01    0.45696E+00    0.19329E+00
    0.65507E+02   -0.16663E+02    0.34734E+01    0.54075E+00   -0.84585E+00
    0.12134E+03   -0.16270E+02    0.18431E+01    0.26556E+00   -0.94443E+00
    0.84610E+02   -0.22827E+02    0.27497E+01    0.43929E+00   -0.13921E+01
    0.84769E+02   -0.27540E+01    0.85874E+01    0.93386E+00    0.16432E+01
    0.78594E+02   -0.15091E+02    0.53360E+01    0.72722E+00   -0.41403E+00
    0.70572E+02   -0.18582E+02    0.29101E+01    0.46391E+00   -0.88273E+00
    0.57717E+01   -0.13611E+01    0.98294E+01    0.99253E+00    0.15979E+01
    0.11988E+03   -0.68336E+01    0.25975E+01    0.41455E+00    0.41274E+00
    0.13413E+03   -0.26055E+01    0.14505E+02    0.11615E+01    0.13315E+01
    0.32269E+02   -0.39828E+01    0.75791E+01    0.87962E+00    0.11222E+01
    0.61522E+02   -0.12467E+01    0.13126E+02    0.11181E+01    0.22818E+01
    0.32924E+02   -0.97359E+01    0.53691E+01    0.72990E+00    0.98644E-01
    0.53615E+02   -0.16278E+02    0.52054E+01    0.71645E+00   -0.52279E+00
    0.82060E+02   -0.81056E+01    0.39038E+01    0.59149E+00    0.26288E+00
    0.13970E+03   -0.25649E+02    0.30717E-01   -0.15126E+01   -0.35690E+01
    0.84641E+02   -0.91893E+00    0.30828E+02    0.14889E+01    0.26015E+01
    0.68413E+02   -0.14388E+02    0.33716E+01    0.52783E+00   -0.44019E+00
    0.10012E+03   -0.15909E+02    0.52265E+01    0.71821E+00   -0.67175E+00
    0.43299E+02   -0.17941E+01    0.25787E+02    0.14114E+01    0.20263E+01
    0.13602E+03   -0.20665E+01    0.12508E+02    0.10972E+01    0.15603E+01
    0.15364E+02   -0.11065E+02    0.43578E+01    0.63927E+00   -0.32453E+00
    0.13777E+03   -0.18542E+01    0.64585E+01    0.81013E+00    0.13386E+01
    0.17995E+02   -0.17577E+01    0.97314E+01    0.98817E+00    0.18451E+01
    0.35093E+02   -0.10465E+02    0.47764E+01    0.67910E+00   -0.35127E-01
    0.42265E+02   -0.19490E+02    0.19235E+01    0.28410E+00   -0.11642E+01
    0.79363E+02   -0.76319E+01    0.32099E+01    0.50649E+00    0.33039E+00
    0.48841E+02   -0.15037E+02    0.36640E+01    0.56396E+00   -0.62599E+00
    0.28750E+02   -0.40855E+01    0.77333E+01    0.88837E+00    0.10826E+01
    0.37399E+02   -0.11109E+02    0.52848E+01    0.72303E+00   -0.17387E+00
    0.12270E+03   -0.17512E+02    0.23062E+01    0.36290E+00   -0.11604E+01
    0.13725E+03   -0.27098E+02    0.32603E-01   -0.14867E+01   -0.35444E+01
    0.17728E+02   -0.12342E+01    0.91754E+01    0.96263E+00    0.20979E+01
    0.10716E+03   -0.21779E+02    0.24222E+01    0.38422E+00   -0.13700E+01
    0.39806E+02   -0.11897E+02    0.55387E+01    0.74341E+00   -0.23105E+00
    0.67434E+01   -0.70488E+01    0.80002E+01    0.90310E+00    0.79497E-01
    0.10833E+03   -0.18058E+01    0.10494E+02    0.10209E+01    0.19139E+01
    0.67688E+02   -0.67687E+01    0.33889E+01    0.53006E+00    0.42966E+00
    0.43145E+02   -0.15673E+02    0.31668E+01    0.50062E+00   -0.82197E+00
    0.13319E+03   -0.74202E+01    0.62333E+01    0.79472E+00    0.12880E-01
    0.81393E+02   -0.64780E+01    0.41462E+01    0.61765E+00    0.52164E+00
    0.29167E+02   -0.10326E+02    0.58732E+01    0.76887E+00    0.40324E-01
    0.17612E+02   -0.17246E+02    0.96551E+00   -0.15244E-01   -0.13580E+01
    0.93229E+02   -0.23090E+01    0.67416E+01    0.82876E+00    0.17259E+01
    0.22863E+02   -0.95461E+01    0.66833E+01    0.82499E+00    0.31017E-01
    0.57382E+01   -0.38239E+01    0.66256E+01    0.82122E+00    0.68190E+00
    0.73720E+02   -0.26225E+02    0.50872E+00   -0.29352E+00   -0.20172E+01
    0.41974E+02   -0.21554E+02    0.71768E+00   -0.14407E+00   -0.15752E+01
    0.37763E+02   -0.18284E+01    0.14319E+02    0.11559E+01    0.19988E+01
    0.13082E+03   -0.12343E+01    0.57272E+01    0.75795E+00    0.19670E+01
    0.12701E+03   -0.33042E+01    0.26139E+01    0.41728E+00    0.10168E+01
    0.13558E+03   -0.72165E+01    0.82881E+01    0.91846E+00    0.83283E-02
    0.16791E+02   -0.11059E+02    0.26239E+01    0.41894E+00   -0.47729E+00
    0.11535E+03   -0.19130E+02    0.22500E+01    0.35217E+00   -0.98874E+00
    0.31323E+02   -0.15815E+02    0.29958E+01    0.47651E+00   -0.77530E+00
    0.55946E+02   -0.19244E+01    0.14160E+02    0.11510E+01    0.19357E+01
    0.57074E+02   -0.81271E+01    0.45771E+01    0.66059E+00    0.36999E+00
    0.18848E+02   -0.96660E+01    0.49212E+01    0.69207E+00   -0.12517E+00
    0.26346E+02   -0.43262E+01    0.85123E+01    0.93005E+00    0.97813E+00
    0.27457E+02   -0.24381E+01    0.10007E+02    0.10003E+01    0.16238E+01
    0.62521E+02   -0.18234E+01    0.14862E+02    0.11721E+01    0.20239E+01
    0.51118E+02   -0.89646E+00    0.22889E+02    0.13596E+01    0.24991E+01
    0.95533E+02   -0.36536E+01    0.97368E+01    0.98842E+00    0.10906E+01
    0.84576E+02   -0.20601E+01    0.11455E+02    0.10590E+01    0.18202E+01
    0.76706E+02   -0.15138E+01    0.10521E+02    0.10221E+01    0.22057E+01
    0.73407E+02   -0.24247E+02    0.73031E+00   -0.13650E+00   -0.16731E+01
    0.88719E+02   -0.86139E+01    0.38259E+01    0.58274E+00    0.17890E+00
    0.74136E+02   -0.16992E+01    0.13630E+02    0.11345E+01    0.20276E+01
    0.31797E+02   -0.18848E+02    0.16464E+01    0.21655E+00   -0.12104E+01
    0.99596E+02   -0.98723E+01    0.80981E+01    0.90838E+00    0.21489E+00
    0.28746E+02   -0.17460E+02    0.24298E+01    0.38557E+00   -0.10125E+01
    0.12787E+03   -0.40724E+01    0.29171E+01    0.46495E+00    0.85691E+00
    0.83862E+02   -0.80258E+01    0.32328E+01    0.50958E+00    0.28462E+00
    0.85612E+02   -0.85885E+00    0.25727E+02    0.14104E+01    0.25155E+01
    0.25011E+02   -0.10585E+02    0.73227E+01    0.86467E+00   -0.18808E-01
    0.53902E+02   -0.14735E+01    0.13960E+02    0.11449E+01    0.22468E+01
    0.10057E+03   -0.17702E+01    0.16828E+02    0.12260E+01    0.19505E+01
    0.60143E+02   -0.78694E+00    0.19246E+02    0.12843E+01    0.25589E+01
    0.34375E+02   -0.16851E+01    0.16132E+02    0.12077E+01    0.20605E+01
    0.88993E+02   -0.30025E+01    0.44387E+01    0.64726E+00    0.14914E+01
    0.95503E+02   -0.72005E+01    0.36476E+01    0.56201E+00    0.39637E+00
    0.11527E+03   -0.56559E+01    0.39287E+01    0.59425E+00    0.65715E+00
    0.13324E+03   -0.18531E+02    0.18035E+00   -0.74388E+00   -0.22684E+01
    0.39618E+02   -0.73427E+01    0.62632E+01    0.79680E+00    0.43239E+00
    0.12653E+03   -0.69166E+01    0.21516E+01    0.33275E+00    0.20352E+00
    0.78127E+02   -0.40329E+01    0.67745E+01    0.83088E+00    0.10237E+01
    0.77561E+02   -0.74934E+01    0.28389E+01    0.45314E+00    0.35145E+00
    0.30063E+02   -0.57207E+01    0.44897E+01    0.65222E+00    0.82429E+00
    0.56552E+02   -0.11937E+01    0.23457E+02    0.13703E+01    0.22950E+01
    0.85622E+02   -0.65718E+01    0.41076E+01    0.61359E+00    0.50215E+00
    0.35337E+02   -0.86735E+00    0.32871E+02    0.15168E+01    0.27097E+01
    0.89875E+02   -0.15335E+02    0.26397E+01    0.42156E+00   -0.63484E+00
    0.12453E+03   -0.77558E+01    0.12939E+01    0.11191E+00    0.16645E+00
    0.14797E+02   -0.15387E+02    0.10199E+01    0.85638E-02   -0.13339E+01
    0.43147E+02   -0.25859E+02    0.21439E+00   -0.66880E+00   -0.20764E+01
    0.81710E+02   -0.10623E+02    0.60580E+01    0.78233E+00    0.27944E-01
    0.96827E+02   -0.17947E+01    0.91369E+01    0.96080E+00    0.19301E+01
    0.84890E+02   -0.12357E+01    0.15988E+02    0.12038E+01    0.22676E+01
    0.25738E+02   -0.16110E+02    0.25566E+01    0.40766E+00   -0.86055E+00
    0.51449E+02   -0.51918E+01    0.76847E+01    0.88563E+00    0.84947E+00
    0.82879E+02   -0.65250E+01    0.34591E+01    0.53897E+00    0.51242E+00
    0.13231E+03   -0.19157E+01    0.97409E+01    0.98860E+00    0.16673E+01
    0.96841E+02   -0.37105E+01    0.64963E+01    0.81267E+00    0.10949E+01
    0.66997E+02   -0.67078E+01    0.15588E+01    0.19280E+00    0.43994E+00
    0.10707E+03   -0.61981E+01    0.48891E+01    0.68923E+00    0.75044E+00
    0.12944E+03   -0.12265E+01    0.90513E+01    0.95671E+00    0.19826E+01
    0.11973E+03   -0.35062E+01    0.42694E+01    0.63037E+00    0.96260E+00
    0.11847E+03   -0.34625E+01    0.62138E+01    0.79335E+00    0.99141E+00
    0.11721E+03   -0.35444E+01    0.46599E+01    0.66838E+00    0.10110E+01
    0.11596E+03   -0.35369E+01    0.50142E+01    0.70020E+00    0.10284E+01
    0.11470E+03   -0.34970E+01    0.77609E+01    0.88991E+00    0.10778E+01
    0.11343E+03   -0.35884E+01    0.55488E+01    0.74420E+00    0.10794E+01
    0.98135E+02   -0.37065E+01    0.69533E+01    0.84219E+00    0.11222E+01
    0.11218E+03   -0.35957E+01    0.59629E+01    0.77545E+00    0.11016E+01
    0.11095E+03   -0.36122E+01    0.63465E+01    0.80254E+00    0.11447E+01
    0.10967E+03   -0.35745E+01    0.89588E+01    0.95225E+00    0.11830E+01
    0.10836E+03   -0.36276E+01    0.74569E+01    0.87256E+00    0.12022E+01
    0.10713E+03   -0.36305E+01    0.78105E+01    0.89268E+00    0.12313E+01
    0.10585E+03   -0.35978E+01    0.11125E+02    0.10463E+01    0.12569E+01
    0.10453E+03   -0.36644E+01    0.83473E+01    0.92154E+00    0.12439E+01
    0.10327E+03   -0.36758E+01    0.83374E+01    0.92103E+00    0.12277E+01
    0.10198E+03   -0.36777E+01    0.84371E+01    0.92619E+00    0.12090E+01
    0.10070E+03   -0.37014E+01    0.74101E+01    0.86983E+00    0.11812E+01
    0.99429E+02   -0.37082E+01    0.70124E+01    0.84586E+00    0.11464E+01
    0.12098E+03   -0.35145E+01    0.40177E+01    0.60398E+00    0.95016E+00
    0.10538E+00   -0.27127E+02    0.15533E-01   -0.18087E+01   -0.38481E+01
    0.12224E+03   -0.34308E+01    0.60689E+01    0.78311E+00    0.98960E+00
    0.43204E+02   -0.30792E+01    0.73833E+01    0.86825E+00    0.13005E+01
    0.29462E+02   -0.15786E+02    0.42408E+01    0.62745E+00   -0.65178E+00
    0.12175E+03   -0.68545E+01    0.31207E+01    0.49426E+00    0.40816E+00
    0.66152E+02   -0.39495E+01    0.67261E+01    0.82776E+00    0.10252E+01
    0.12349E+03   -0.34726E+01    0.40605E+01    0.60858E+00    0.94568E+00
    0.79563E+02   -0.18359E+02    0.39175E+01    0.59301E+00   -0.81525E+00
    0.18873E+02   -0.18251E+01    0.73706E+01    0.86750E+00    0.17552E+01
    0.70387E+01   -0.21164E+01    0.22782E+02    0.13576E+01    0.16746E+01
    0.89830E+02   -0.13649E+02    0.50689E+01    0.70491E+00   -0.28949E+00
    0.11916E+03   -0.14335E+02    0.35521E+01    0.55049E+00   -0.53496E+00
    0.10180E+03   -0.99267E+01    0.79202E+01    0.89874E+00    0.25579E+00
    0.26284E+02   -0.14545E+02    0.45721E+01    0.66012E+00   -0.43522E+00
    0.10401E+03   -0.98253E+01    0.12151E+02    0.10846E+01    0.31617E+00
    0.10626E+03   -0.98228E+01    0.13146E+02    0.11188E+01    0.33327E+00
    0.10846E+03   -0.99550E+01    0.84529E+01    0.92700E+00    0.29255E+00
    0.11065E+03   -0.10010E+02    0.74634E+01    0.87293E+00    0.24886E+00
    0.11284E+03   -0.10066E+02    0.69912E+01    0.84455E+00    0.20137E+00
    0.11508E+03   -0.99952E+01    0.94743E+01    0.97655E+00    0.16980E+00
    0.11737E+03   -0.99925E+01    0.86022E+01    0.93461E+00    0.12052E+00
    0.11960E+03   -0.10147E+02    0.51179E+01    0.70909E+00    0.45793E-01
    0.12182E+03   -0.10222E+02    0.42621E+01    0.62963E+00   -0.32480E-01
    0.45455E+02   -0.21301E+02    0.11717E+01    0.68830E-01   -0.13858E+01
    0.12831E+03   -0.15012E+02    0.12152E+01    0.84662E-01   -0.12140E+01
    0.12407E+03   -0.10194E+02    0.44922E+01    0.65246E+00   -0.10782E+00
    0.68848E+02   -0.26379E+02    0.52911E+00   -0.27645E+00   -0.21390E+01
    0.12987E+03   -0.96960E+01    0.29979E+01    0.47682E+00   -0.32399E+00
    0.83439E+01   -0.10392E+01    0.17095E+02    0.12329E+01    0.22784E+01
    0.85342E+02   -0.21330E+01    0.56603E+01    0.75284E+00    0.17733E+01
    0.65798E+02   -0.10547E+02    0.62970E+01    0.79913E+00    0.70654E-01
    0.25952E+01   -0.25739E+02    0.15042E-01   -0.18227E+01   -0.38484E+01
    0.99986E+02   -0.14900E+01    0.28817E+02    0.14597E+01    0.22196E+01
    0.67965E+02   -0.83351E+01    0.16227E+01    0.21024E+00    0.22358E+00
    0.79480E+02   -0.41318E+01    0.59795E+01    0.77666E+00    0.99922E+00
    0.89651E+02   -0.70165E+01    0.35522E+01    0.55049E+00    0.39417E+00
    0.12474E+03   -0.34818E+01    0.40486E+01    0.60731E+00    0.95331E+00
    0.80816E+02   -0.42035E+01    0.60298E+01    0.78030E+00    0.98268E+00
    0.12080E+03   -0.65127E+01    0.26690E+01    0.42634E+00    0.38712E+00
    0.82179E+02   -0.42806E+01    0.57282E+01    0.75802E+00    0.95815E+00
    0.83549E+02   -0.43569E+01    0.56417E+01    0.75141E+00    0.93819E+00
    0.84933E+02   -0.43655E+01    0.73965E+01    0.86903E+00    0.92295E+00
    0.86312E+02   -0.44877E+01    0.54504E+01    0.73643E+00    0.88492E+00
    0.39867E+02   -0.37391E+01    0.61351E+01    0.78782E+00    0.10464E+01
    0.72456E+02   -0.17916E+02    0.23961E+01    0.37950E+00   -0.98453E+00
    0.87704E+02   -0.45749E+01    0.51790E+01    0.71425E+00    0.84549E+00
    0.89129E+02   -0.45926E+01    0.64191E+01    0.80747E+00    0.82059E+00
    0.90542E+02   -0.47200E+01    0.47424E+01    0.67600E+00    0.78298E+00
    0.91988E+02   -0.47415E+01    0.61358E+01    0.78787E+00    0.76593E+00
    0.93430E+02   -0.48715E+01    0.46794E+01    0.67019E+00    0.74483E+00
    0.55650E+02   -0.39519E+01    0.10181E+02    0.10078E+01    0.11161E+01
    0.14197E+03   -0.15987E+02    0.91186E-01   -0.10401E+01   -0.27993E+01
    0.62097E+02   -0.53888E+01    0.52697E+01    0.72179E+00    0.73326E+00
    0.12592E+03   -0.34205E+01    0.37065E+01    0.56896E+00    0.96907E+00
    0.85366E+02   -0.12070E+01    0.15670E+02    0.11951E+01    0.22384E+01
    0.11035E+03   -0.13929E+01    0.12066E+02    0.10816E+01    0.21500E+01
    0.10190E+03   -0.16836E+02    0.91274E+01    0.96035E+00   -0.55968E+00
    0.84053E+02   -0.10710E+02    0.74997E+01    0.87504E+00    0.21277E-01
    0.43259E+02   -0.38223E+01    0.89525E+01    0.95194E+00    0.11194E+01
    0.86379E+02   -0.10950E+02    0.54103E+01    0.73322E+00   -0.49843E-02
    0.88683E+02   -0.11193E+02    0.55579E+01    0.74491E+00   -0.33251E-01
    0.91070E+02   -0.11297E+02    0.72791E+01    0.86208E+00   -0.43512E-01
    0.93537E+02   -0.11401E+02    0.75023E+01    0.87520E+00   -0.47011E-01
    0.95947E+02   -0.11690E+02    0.57926E+01    0.76287E+00   -0.56044E-01
    0.46209E+02   -0.11920E+01    0.16832E+02    0.12261E+01    0.22532E+01
    0.14229E+03   -0.27051E+02    0.32177E-01   -0.14925E+01   -0.35783E+01
    0.66669E+02   -0.91644E+00    0.47572E+02    0.16773E+01    0.26215E+01
    0.54875E+02   -0.10485E+02    0.77673E+01    0.89027E+00    0.21188E+00
    0.56298E+02   -0.53866E+01    0.90401E+01    0.95617E+00    0.76619E+00
    0.93867E+02   -0.23079E+02    0.18193E+01    0.25990E+00   -0.14313E+01
    0.67490E+02   -0.41122E+01    0.52443E+01    0.71969E+00    0.95759E+00
    0.57765E+02   -0.57605E+01    0.42573E+01    0.62913E+00    0.69525E+00
    0.47748E+02   -0.65822E+01    0.56534E+01    0.75231E+00    0.61725E+00
    0.68825E+02   -0.42581E+01    0.50440E+01    0.70277E+00    0.92447E+00
    0.21339E+02   -0.10523E+01    0.92596E+01    0.96659E+00    0.22087E+01
    0.70194E+02   -0.44235E+01    0.48695E+01    0.68748E+00    0.87169E+00
    0.71579E+02   -0.46018E+01    0.47861E+01    0.67998E+00    0.82553E+00
    0.72977E+02   -0.47680E+01    0.48203E+01    0.68308E+00    0.79560E+00
    0.74397E+02   -0.49359E+01    0.45801E+01    0.66088E+00    0.75989E+00
    0.99183E+02   -0.74964E+00    0.20004E+02    0.13011E+01    0.25376E+01
    0.10580E+03   -0.62039E+01    0.42033E+01    0.62359E+00    0.76264E+00
    0.75858E+02   -0.50164E+01    0.63203E+01    0.80073E+00    0.74452E+00
    0.33731E+02   -0.35880E+01    0.81632E+01    0.91186E+00    0.11843E+01
    0.12822E+02   -0.96749E+00    0.28625E+02    0.14567E+01    0.24404E+01
    0.83486E+02   -0.12858E+01    0.12537E+02    0.10982E+01    0.22453E+01
    0.11942E+03   -0.54352E+01    0.19447E+01    0.28886E+00    0.51536E+00
    0.51498E+01   -0.27112E+02    0.15598E-01   -0.18069E+01   -0.38556E+01
    0.68127E+02   -0.10837E+02    0.64679E+01    0.81077E+00    0.24236E-01
    0.15573E+02   -0.13904E+02    0.23278E+01    0.36694E+00   -0.78151E+00
    0.77554E+02   -0.15466E+01    0.12425E+02    0.10943E+01    0.22066E+01
    0.12634E+03   -0.10300E+02    0.29188E+01    0.46520E+00   -0.23346E+00
    0.17390E+02   -0.75586E+01    0.24838E+01    0.39511E+00    0.37574E+00
    0.70440E+02   -0.11232E+02    0.54567E+01    0.73693E+00   -0.25468E-01
    0.72826E+02   -0.11473E+02    0.74161E+01    0.87017E+00   -0.50141E-01
    0.11841E+02   -0.17839E+01    0.89049E+01    0.94963E+00    0.18039E+01
    0.75278E+02   -0.11915E+02    0.57598E+01    0.76040E+00   -0.95200E-01
    0.77760E+02   -0.12345E+02    0.57465E+01    0.75940E+00   -0.13686E+00
    0.44245E+02   -0.97970E+01    0.83924E+01    0.92389E+00    0.30123E+00
    0.36081E+02   -0.81201E+00    0.20433E+02    0.13103E+01    0.25732E+01
    0.37169E+02   -0.12813E+01    0.11820E+02    0.10726E+01    0.22245E+01
    0.47102E+02   -0.37739E+01    0.64569E+01    0.81002E+00    0.11343E+01
    0.59636E+02   -0.89439E+01    0.34379E+01    0.53629E+00    0.25779E+00
    0.10817E+03   -0.86804E+00    0.34590E+02    0.15390E+01    0.25182E+01
    0.82074E+02   -0.12134E+01    0.11525E+02    0.10616E+01    0.22862E+01
    0.52145E+02   -0.17110E+01    0.13604E+02    0.11337E+01    0.21068E+01
    0.41174E+02   -0.39631E+01    0.53760E+01    0.73046E+00    0.98836E+00
    0.50188E+02   -0.60081E+01    0.34427E+01    0.53690E+00    0.70835E+00
    0.42566E+02   -0.41812E+01    0.74365E+01    0.87137E+00    0.93467E+00
    0.10757E+02   -0.10654E+02    0.41552E+01    0.61859E+00   -0.47879E+00
    0.37297E+02   -0.18074E+01    0.11319E+02    0.10538E+01    0.20537E+01
    0.45897E+02   -0.51685E+01    0.33232E+01    0.52155E+00    0.80495E+00
    0.30234E+02   -0.37798E+01    0.89676E+01    0.95267E+00    0.11950E+01
    0.67069E+02   -0.17856E+02    0.48879E+01    0.68913E+00   -0.79664E+00
    0.45030E+02   -0.23352E+02    0.61177E+00   -0.21341E+00   -0.17887E+01
    0.12020E+03   -0.53234E+01    0.20419E+01    0.31004E+00    0.61251E+00
    0.57145E+02   -0.10869E+02    0.99948E+01    0.99978E+00    0.16438E+00
    0.31666E+02   -0.99453E+01    0.68880E+01    0.83809E+00    0.25635E+00
    0.13202E+03   -0.95025E+00    0.12405E+02    0.10936E+01    0.21616E+01
    0.66027E+02   -0.15298E+01    0.21576E+02    0.13340E+01    0.21711E+01
    0.59401E+02   -0.11461E+02    0.67716E+01    0.83069E+00    0.76818E-01
    0.61763E+02   -0.11883E+02    0.82748E+01    0.91776E+00    0.52315E-02
    0.81911E+02   -0.17473E+01    0.13399E+02    0.11271E+01    0.20488E+01
    0.82881E+01   -0.52630E+00    0.19335E+02    0.12863E+01    0.22921E+01
    0.84854E+02   -0.16542E+02    0.18943E+01    0.27745E+00   -0.54500E+00
    0.50646E+02   -0.53121E+01    0.50310E+01    0.70165E+00    0.80442E+00
    0.14007E+03   -0.17955E+01    0.18735E+01    0.27266E+00    0.71967E+00
    0.34824E+02   -0.73147E+01    0.51091E+01    0.70835E+00    0.58365E+00
    0.12988E+03   -0.25875E+02    0.12674E+00   -0.89710E+00   -0.27768E+01
    0.21434E+02   -0.14808E+02    0.24489E+01    0.38897E+00   -0.66146E+00
    0.35006E+02   -0.38913E+01    0.66158E+01    0.82058E+00    0.10784E+01
    0.36308E+02   -0.41892E+01    0.59644E+01    0.77557E+00    0.99004E+00
    0.37640E+02   -0.44992E+01    0.51645E+01    0.71302E+00    0.89147E+00
    0.99511E+02   -0.11223E+02    0.51392E+01    0.71090E+00   -0.54603E-01
    0.52925E+02   -0.12822E+01    0.21304E+02    0.13285E+01    0.23098E+01
    0.10727E+03   -0.23244E+01    0.12808E+02    0.11075E+01    0.18249E+01
    0.11783E+03   -0.21863E+02    0.10037E+01    0.16097E-02   -0.14453E+01
    0.62064E+02   -0.18009E+01    0.11736E+02    0.10695E+01    0.20761E+01
    0.13056E+02   -0.12309E+02    0.26543E+01    0.42395E+00   -0.65860E+00
    0.60907E+02   -0.64137E+01    0.45410E+01    0.65715E+00    0.56399E+00
    0.45221E+02   -0.65831E+01    0.64984E+01    0.81281E+00    0.60862E+00
    0.22992E+02   -0.63497E+01    0.99406E+01    0.99741E+00    0.72780E+00
    0.10606E+02   -0.17819E+01    0.90143E+01    0.95493E+00    0.17322E+01
    0.10328E+03   -0.62154E+01    0.46797E+01    0.67022E+00    0.73663E+00
    0.27967E+02   -0.42007E+01    0.92251E+01    0.96497E+00    0.10873E+01
    0.46371E+02   -0.10402E+02    0.81797E+01    0.91274E+00    0.24565E+00
    0.11913E+03   -0.19971E+02    0.93334E+00   -0.29960E-01   -0.14913E+01
    0.27812E+02   -0.10474E+02    0.10395E+02    0.10168E+01    0.19516E+00
    0.12633E+03   -0.17694E+02    0.12599E+01    0.10033E+00   -0.14099E+01
    0.21502E+02   -0.97000E+01    0.75935E+01    0.88044E+00    0.15413E+00
    0.31111E+02   -0.80514E+01    0.87956E+01    0.94426E+00    0.56420E+00
    0.48597E+02   -0.11024E+02    0.83229E+01    0.92027E+00    0.17690E+00
    0.10456E+03   -0.62182E+01    0.45061E+01    0.65380E+00    0.74830E+00
    0.12863E+03   -0.22476E+00    0.10723E+03    0.20303E+01    0.32246E+01
    0.63377E+02   -0.24134E+00    0.15523E+03    0.21910E+01    0.33234E+01
    0.12710E+03   -0.25645E+00    0.12008E+03    0.20795E+01    0.31591E+01
    0.32612E+02   -0.22508E+00    0.12980E+03    0.21133E+01    0.33063E+01
    0.12633E+03   -0.23815E+00    0.12354E+03    0.20918E+01    0.32358E+01
    0.12558E+03   -0.18547E+00    0.77081E+02    0.18869E+01    0.32481E+01
    0.15375E+02   -0.21651E+00    0.11053E+03    0.20435E+01    0.32702E+01
    0.64927E+02   -0.20198E+00    0.10515E+03    0.20218E+01    0.33089E+01
    0.13087E+03   -0.23819E+00    0.12174E+03    0.20854E+01    0.32293E+01
    0.12338E+03   -0.21651E+00    0.10128E+03    0.20055E+01    0.32323E+01
    0.13162E+03   -0.25291E+00    0.90774E+02    0.19580E+01    0.30497E+01
    0.12262E+03   -0.24153E+00    0.12105E+03    0.20830E+01    0.32147E+01
    0.13238E+03   -0.21651E+00    0.81508E+02    0.19112E+01    0.31380E+01
    0.12183E+03   -0.24720E+00    0.12254E+03    0.20883E+01    0.31999E+01
    0.13457E+03   -0.25163E+00    0.71344E+02    0.18534E+01    0.29495E+01
    0.11962E+03   -0.21651E+00    0.94132E+02    0.19737E+01    0.32005E+01
    0.11887E+03   -0.24283E+00    0.12280E+03    0.20892E+01    0.32163E+01
    0.11808E+03   -0.24988E+00    0.11077E+03    0.20444E+01    0.31467E+01
    0.11588E+03   -0.21651E+00    0.11221E+03    0.20500E+01    0.32768E+01
    0.11512E+03   -0.24682E+00    0.13562E+03    0.21323E+01    0.32453E+01
    0.11432E+03   -0.25242E+00    0.15809E+03    0.21989E+01    0.32924E+01
    0.11213E+03   -0.20212E+00    0.10876E+03    0.20365E+01    0.33230E+01
    0.11137E+03   -0.20970E+00    0.12193E+03    0.20861E+01    0.33406E+01
    0.11062E+03   -0.20619E+00    0.11333E+03    0.20543E+01    0.33235E+01
    0.10765E+03   -0.21454E+00    0.14623E+03    0.21650E+01    0.33997E+01
    0.10842E+03   -0.19326E+00    0.12203E+03    0.20865E+01    0.34119E+01
    0.10687E+03   -0.20705E+00    0.14909E+03    0.21735E+01    0.34390E+01
    0.10875E+02   -0.24859E+00    0.89026E+02    0.19495E+01    0.30563E+01
    0.11626E+02   -0.25383E+00    0.14044E+03    0.21475E+01    0.32361E+01
    0.12382E+02   -0.23270E+00    0.90722E+02    0.19577E+01    0.31218E+01
    0.14634E+02   -0.22628E+00    0.15126E+03    0.21797E+01    0.33681E+01
    0.18375E+02   -0.21651E+00    0.12091E+03    0.20824E+01    0.33092E+01
    0.19168E+02   -0.27135E+00    0.17802E+03    0.22505E+01    0.32811E+01
    0.19888E+02   -0.17310E+00    0.74191E+02    0.18704E+01    0.32915E+01
    0.22125E+02   -0.21208E+00    0.13065E+03    0.21161E+01    0.33608E+01
    0.22875E+02   -0.22153E+00    0.12967E+03    0.21128E+01    0.33197E+01
    0.23625E+02   -0.22094E+00    0.14274E+03    0.21546E+01    0.33637E+01
    0.25875E+02   -0.21408E+00    0.12613E+03    0.21008E+01    0.33373E+01
    0.26624E+02   -0.20872E+00    0.14268E+03    0.21544E+01    0.34129E+01
    0.27374E+02   -0.21406E+00    0.13810E+03    0.21402E+01    0.33768E+01
    0.29627E+02   -0.17882E+00    0.92640E+02    0.19668E+01    0.33597E+01
    0.33362E+02   -0.25032E+00    0.16088E+03    0.22065E+01    0.33072E+01
    0.34125E+02   -0.21651E+00    0.13808E+03    0.21401E+01    0.33669E+01
    0.34895E+02   -0.21584E+00    0.14052E+03    0.21477E+01    0.33771E+01
    0.37097E+02   -0.26822E+00    0.17940E+03    0.22538E+01    0.32945E+01
    0.37876E+02   -0.23079E+00    0.14832E+03    0.21712E+01    0.33425E+01
    0.38627E+02   -0.24161E+00    0.16061E+03    0.22058E+01    0.33372E+01
    0.40890E+02   -0.21945E+00    0.14916E+03    0.21736E+01    0.33887E+01
    0.42363E+02   -0.23777E+00    0.17207E+03    0.22357E+01    0.33811E+01
    0.44625E+02   -0.21651E+00    0.12797E+03    0.21071E+01    0.33339E+01
    0.45379E+02   -0.22853E+00    0.15645E+03    0.21944E+01    0.33742E+01
    0.46144E+02   -0.24002E+00    0.14734E+03    0.21683E+01    0.33055E+01
    0.48375E+02   -0.21651E+00    0.13181E+03    0.21200E+01    0.33467E+01
    0.49125E+02   -0.21651E+00    0.12479E+03    0.20962E+01    0.33229E+01
    0.49880E+02   -0.18164E+00    0.92766E+02    0.19674E+01    0.33466E+01
    0.52119E+02   -0.17124E+00    0.10094E+03    0.20041E+01    0.34346E+01
    0.52840E+02   -0.25614E+00    0.20256E+03    0.23065E+01    0.33873E+01
    0.53625E+02   -0.20788E+00    0.15446E+03    0.21888E+01    0.34509E+01
    0.55838E+02   -0.20849E+00    0.15705E+03    0.21960E+01    0.34556E+01
    0.56615E+02   -0.22777E+00    0.14911E+03    0.21735E+01    0.33562E+01
    0.57375E+02   -0.22153E+00    0.15700E+03    0.21959E+01    0.34027E+01
    0.59649E+02   -0.20452E+00    0.11953E+03    0.20775E+01    0.33537E+01
    0.61851E+02   -0.26649E+00    0.17808E+03    0.22506E+01    0.32969E+01
    0.62626E+02   -0.22636E+00    0.13007E+03    0.21142E+01    0.33023E+01
    0.67133E+02   -0.23052E+00    0.13834E+03    0.21409E+01    0.33132E+01
    0.67874E+02   -0.18364E+00    0.96278E+02    0.19835E+01    0.33533E+01
    0.68625E+02   -0.21651E+00    0.12426E+03    0.20943E+01    0.33211E+01
    0.70877E+02   -0.24115E+00    0.15285E+03    0.21843E+01    0.33174E+01
    0.71621E+02   -0.24957E+00    0.16354E+03    0.22136E+01    0.33169E+01
    0.72372E+02   -0.24366E+00    0.15758E+03    0.21975E+01    0.33216E+01
    0.74625E+02   -0.21323E+00    0.13539E+03    0.21316E+01    0.33716E+01
    0.75375E+02   -0.21651E+00    0.13972E+03    0.21453E+01    0.33720E+01
    0.76124E+02   -0.21594E+00    0.13878E+03    0.21423E+01    0.33714E+01
    0.78343E+02   -0.22734E+00    0.14977E+03    0.21754E+01    0.33598E+01
    0.79099E+02   -0.23860E+00    0.15661E+03    0.21948E+01    0.33372E+01
    0.79875E+02   -0.21651E+00    0.13526E+03    0.21312E+01    0.33579E+01
    0.82118E+02   -0.23520E+00    0.15133E+03    0.21799E+01    0.33348E+01
    0.82875E+02   -0.21651E+00    0.13978E+03    0.21455E+01    0.33722E+01
    0.83641E+02   -0.27121E+00    0.18370E+03    0.22641E+01    0.32952E+01
    0.85871E+02   -0.17816E+00    0.94458E+02    0.19752E+01    0.33713E+01
    0.86615E+02   -0.25358E+00    0.16370E+03    0.22141E+01    0.33035E+01
    0.87387E+02   -0.23479E+00    0.14836E+03    0.21713E+01    0.33276E+01
    0.89629E+02   -0.24718E+00    0.15292E+03    0.21845E+01    0.32961E+01
    0.90376E+02   -0.25540E+00    0.15565E+03    0.21921E+01    0.32754E+01
    0.91125E+02   -0.24608E+00    0.15210E+03    0.21821E+01    0.32977E+01
    0.93375E+02   -0.21378E+00    0.11461E+03    0.20592E+01    0.32970E+01
    0.94127E+02   -0.21038E+00    0.12784E+03    0.21067E+01    0.33583E+01
    0.94889E+02   -0.22298E+00    0.12690E+03    0.21035E+01    0.33046E+01
    0.97125E+02   -0.21651E+00    0.13441E+03    0.21284E+01    0.33552E+01
    0.97879E+02   -0.21716E+00    0.12294E+03    0.20897E+01    0.33138E+01
    0.98651E+02   -0.20498E+00    0.13042E+03    0.21153E+01    0.33896E+01
    0.10088E+03   -0.21248E+00    0.12031E+03    0.20803E+01    0.33234E+01
    0.10162E+03   -0.21497E+00    0.15098E+03    0.21789E+01    0.34118E+01
    0.10237E+03   -0.20826E+00    0.12465E+03    0.20957E+01    0.33562E+01
    0.10467E+03   -0.24888E+00    0.19321E+03    0.22860E+01    0.33917E+01
    0.64169E+02   -0.28010E+00    0.18904E+03    0.22766E+01    0.32796E+01
    0.16125E+02   -0.21433E+00    0.13544E+03    0.21317E+01    0.33672E+01
    0.31853E+02   -0.21882E+00    0.13919E+03    0.21436E+01    0.33611E+01
    0.12788E+03   -0.26918E+00    0.12742E+03    0.21053E+01    0.31429E+01
    0.10011E+03   -0.20041E+00    0.12441E+03    0.20949E+01    0.33887E+01
    0.96360E+02   -0.22041E+00    0.13308E+03    0.21241E+01    0.33354E+01
    0.92622E+02   -0.25234E+00    0.15992E+03    0.22039E+01    0.32977E+01
    0.95619E+02   -0.18614E+00    0.10694E+03    0.20292E+01    0.33872E+01
    0.91872E+02   -0.25242E+00    0.15373E+03    0.21868E+01    0.32802E+01
    0.85125E+02   -0.24883E+00    0.16663E+03    0.22218E+01    0.33277E+01
    0.88888E+02   -0.26107E+00    0.16257E+03    0.22110E+01    0.32752E+01
    0.81375E+02   -0.21651E+00    0.14509E+03    0.21616E+01    0.33884E+01
    0.84377E+02   -0.20952E+00    0.12399E+03    0.20934E+01    0.33486E+01
    0.88138E+02   -0.24853E+00    0.15303E+03    0.21848E+01    0.32917E+01
    0.80625E+02   -0.21651E+00    0.14365E+03    0.21573E+01    0.33840E+01
    0.73876E+02   -0.22432E+00    0.13944E+03    0.21444E+01    0.33403E+01
    0.73127E+02   -0.25134E+00    0.16711E+03    0.22230E+01    0.33202E+01
    0.70116E+02   -0.24443E+00    0.15132E+03    0.21799E+01    0.33013E+01
    0.58882E+02   -0.22411E+00    0.14506E+03    0.21615E+01    0.33583E+01
    0.66350E+02   -0.20695E+00    0.13059E+03    0.21159E+01    0.33819E+01
    0.61100E+02   -0.21595E+00    0.11311E+03    0.20535E+01    0.32825E+01
    0.58129E+02   -0.23006E+00    0.13996E+03    0.21460E+01    0.33200E+01
    0.51992E+02   -0.59333E+01    0.78215E+01    0.89329E+00    0.68772E+00
    0.50627E+02   -0.24688E+00    0.16405E+03    0.22150E+01    0.33277E+01
    0.47630E+02   -0.21934E+00    0.13041E+03    0.21153E+01    0.33308E+01
    0.46891E+02   -0.22325E+00    0.13857E+03    0.21417E+01    0.33418E+01
    0.40127E+02   -0.21583E+00    0.13686E+03    0.21363E+01    0.33658E+01
    0.50984E+02   -0.11610E+02    0.87685E+01    0.94292E+00    0.11434E+00
    0.39375E+02   -0.21651E+00    0.14193E+03    0.21521E+01    0.33788E+01
    0.36369E+02   -0.19897E+00    0.13339E+03    0.21251E+01    0.34252E+01
    0.28875E+02   -0.21651E+00    0.14492E+03    0.21611E+01    0.33879E+01
    0.30375E+02   -0.24216E+00    0.17004E+03    0.22305E+01    0.33600E+01
    0.13836E+03   -0.36645E+01    0.59045E+01    0.77118E+00    0.36149E+00
    0.12907E+03   -0.61816E+01    0.30973E+01    0.49098E+00    0.31856E+00
    0.28132E+02   -0.23083E+00    0.16513E+03    0.22178E+01    0.33889E+01
    0.25125E+02   -0.21651E+00    0.14080E+03    0.21486E+01    0.33754E+01
    0.69375E+02   -0.21612E+00    0.12997E+03    0.21138E+01    0.33422E+01
    0.66887E+02   -0.14135E+02    0.31498E+01    0.49829E+00   -0.45406E+00
    0.13013E+03   -0.23551E+00    0.10167E+03    0.20072E+01    0.31609E+01
    0.19011E+02   -0.36954E+01    0.64961E+01    0.81265E+00    0.10868E+01
    0.21371E+02   -0.21227E+00    0.11242E+03    0.20508E+01    0.32948E+01
    0.94856E+02   -0.49252E+01    0.42489E+01    0.62828E+00    0.74986E+00
    0.24375E+02   -0.21333E+00    0.12384E+03    0.20928E+01    0.33324E+01
    0.16888E+02   -0.24640E+00    0.14084E+03    0.21487E+01    0.32632E+01
    0.31515E+02   -0.41728E+01    0.76597E+01    0.88421E+00    0.10968E+01
    0.61935E+02   -0.12722E+01    0.11702E+02    0.10683E+01    0.22418E+01
    0.13641E+03   -0.93557E+00    0.83098E+01    0.91959E+00    0.19484E+01
    0.13877E+02   -0.21506E+00    0.96179E+02    0.19831E+01    0.32157E+01
    0.12938E+03   -0.21651E+00    0.10566E+03    0.20239E+01    0.32506E+01
    0.57982E+02   -0.16835E+01    0.19974E+02    0.13005E+01    0.21071E+01
    0.39177E+02   -0.18002E+02    0.31450E+01    0.49762E+00   -0.98473E+00
    0.65922E+02   -0.64088E+01    0.18087E+01    0.25736E+00    0.47956E+00
    0.55298E+02   -0.19304E+02    0.34366E+01    0.53613E+00   -0.95615E+00
    0.33805E+02   -0.10698E+02    0.65366E+01    0.81535E+00    0.11660E+00
    0.88132E+02   -0.68857E+01    0.30318E+01    0.48170E+00    0.41910E+00
    0.51845E+02   -0.79895E+00    0.37084E+02    0.15692E+01    0.27351E+01
    0.75038E+02   -0.23992E+01    0.88815E+01    0.94848E+00    0.17369E+01
    0.25531E+02   -0.44189E+01    0.10932E+02    0.10387E+01    0.10420E+01
    0.81565E+02   -0.12131E+02    0.54795E+01    0.73874E+00   -0.20294E+00
    0.17633E+02   -0.23101E+00    0.15066E+03    0.21780E+01    0.33484E+01
    0.17495E+02   -0.96853E+01    0.70342E+01    0.84721E+00    0.13211E-01
    0.13721E+03   -0.10115E+01    0.87552E+01    0.94227E+00    0.17871E+01
    0.36007E+02   -0.11488E+02    0.55950E+01    0.74780E+00   -0.24372E-01
    0.27224E+02   -0.66672E+01    0.78471E+01    0.89471E+00    0.74268E+00
    0.12088E+03   -0.20682E+02    0.11596E+01    0.64318E-01   -0.14401E+01
    0.60644E+02   -0.16584E+02    0.46468E+01    0.66715E+00   -0.59895E+00
    0.56943E+02   -0.70162E+01    0.37729E+01    0.57667E+00    0.53334E+00
    0.13129E+02   -0.22099E+00    0.13007E+03    0.21142E+01    0.33231E+01
    0.38382E+02   -0.12183E+02    0.76227E+01    0.88211E+00   -0.11840E+00
    0.12712E+03   -0.13894E+02    0.15722E+01    0.19651E+00   -0.79756E+00
    0.94152E+02   -0.15274E+02    0.28203E+01    0.45030E+00   -0.56618E+00
    0.54388E+02   -0.19099E+00    0.13152E+03    0.21190E+01    0.34547E+01
    0.69679E+02   -0.91959E+00    0.25020E+02    0.13983E+01    0.25855E+01
    0.62693E+02   -0.60988E+01    0.49202E+01    0.69198E+00    0.57190E+00
    0.40786E+02   -0.13160E+02    0.53076E+01    0.72490E+00   -0.24275E+00
    0.77298E+02   -0.52018E+01    0.42190E+01    0.62521E+00    0.71515E+00
    0.56495E+02   -0.17228E+01    0.18992E+02    0.12786E+01    0.21424E+01
    0.13486E+03   -0.17896E+02    0.25375E+00   -0.59559E+00   -0.20756E+01
    0.61292E+02   -0.55691E+01    0.43245E+01    0.63593E+00    0.68299E+00
    0.15713E+02   -0.17026E+02    0.12810E+01    0.10756E+00   -0.12827E+01
    0.23105E+02   -0.19944E+01    0.10627E+02    0.10264E+01    0.16985E+01
    0.43791E+02   -0.27303E+01    0.10481E+02    0.10204E+01    0.15723E+01
    0.54431E+02   -0.13795E+01    0.20927E+02    0.13207E+01    0.23257E+01
    0.12441E+03   -0.20756E+02    0.59416E+00   -0.22610E+00   -0.17106E+01
    0.44491E+02   -0.35765E+01    0.39703E+01    0.59883E+00    0.11956E+01
    0.23626E+02   -0.10690E+02    0.10322E+02    0.10138E+01    0.92443E-01
    0.11537E+03   -0.15891E+02    0.35201E+01    0.54656E+00   -0.75925E+00
    0.56686E+01   -0.18675E+02    0.31685E+00   -0.49914E+00   -0.26063E+01
    0.14017E+03   -0.93040E+01    0.13412E+01    0.12750E+00   -0.12687E+01
    0.45239E+02   -0.51573E+01    0.20828E+01    0.31866E+00    0.78485E+00
    0.47592E+01   -0.12584E+01    0.42060E+01    0.62387E+00    0.14155E+01
    0.64304E+02   -0.12416E+02    0.60847E+01    0.78424E+00   -0.92301E-01
    0.29848E+02   -0.19086E+02    0.17179E+01    0.23499E+00   -0.11596E+01
    0.12608E+03   -0.11900E+01    0.11358E+02    0.10553E+01    0.21041E+01
    0.10382E+03   -0.15020E+01    0.13955E+02    0.11447E+01    0.22197E+01
    0.26828E+02   -0.17617E+02    0.26115E+01    0.41689E+00   -0.93617E+00
    0.39016E+02   -0.48054E+01    0.56449E+01    0.75166E+00    0.81939E+00
    0.17834E+02   -0.35941E+01    0.39612E+01    0.59783E+00    0.10141E+01
    0.23121E+01   -0.17502E+01    0.11280E+01    0.52315E-01    0.72246E+00
    0.95235E+02   -0.16461E+02    0.48621E+01    0.68683E+00   -0.62895E+00
    0.96728E+01   -0.20032E+02    0.11678E+00   -0.93262E+00   -0.23254E+01
    0.93987E+02   -0.14794E+01    0.11230E+02    0.10504E+01    0.21818E+01
    0.91669E+02   -0.17870E+02    0.18641E+01    0.27048E+00   -0.98429E+00
    0.39832E+01   -0.16497E+02    0.36140E+00   -0.44201E+00   -0.26708E+01
    0.10125E+02   -0.21651E+00    0.88730E+02    0.19481E+01    0.31748E+01
    0.13159E+03   -0.47663E+01    0.73036E+01    0.86354E+00    0.71539E+00
    0.13539E+03   -0.28595E+00    0.11146E+03    0.20471E+01    0.30322E+01
    0.13831E+03   -0.18052E+01    0.37589E+01    0.57507E+00    0.12181E+01
    0.42187E+02   -0.12798E+02    0.37610E+01    0.57531E+00   -0.35833E+00
    0.13807E+03   -0.70926E+01    0.42612E+01    0.62953E+00   -0.29278E+00
    0.66192E+02   -0.10541E+01    0.20742E+02    0.13169E+01    0.23637E+01
    0.37714E+02   -0.26348E+02    0.26510E+00   -0.57660E+00   -0.21468E+01
    0.30238E+02   -0.72149E+01    0.85724E+01    0.93310E+00    0.54459E+00
    0.11893E+03   -0.25750E+02    0.39769E+00   -0.40045E+00   -0.21342E+01
    0.13943E+03   -0.22796E+02    0.69805E-01   -0.11561E+01   -0.32160E+01
    0.86766E+02   -0.12706E+01    0.13504E+02    0.11305E+01    0.22255E+01
    0.12692E+03   -0.19788E+01    0.15366E+02    0.11866E+01    0.17116E+01
    0.59647E+02   -0.15323E+02    0.31067E+01    0.49230E+00   -0.53022E+00
    0.79243E+02   -0.20483E+02    0.17436E+01    0.24145E+00   -0.12693E+01
    0.30605E+02   -0.27338E+02    0.53242E+00   -0.27374E+00   -0.21698E+01
    0.84132E+02   -0.18350E+01    0.13894E+02    0.11428E+01    0.20330E+01
    0.12466E+02   -0.12075E+01    0.11256E+02    0.10514E+01    0.20368E+01
    0.33534E+02   -0.43474E+01    0.66829E+01    0.82497E+00    0.10138E+01
    0.65522E+02   -0.15252E+01    0.16719E+02    0.12232E+01    0.21788E+01
    0.20625E+02   -0.20972E+00    0.11948E+03    0.20773E+01    0.33317E+01
    0.25787E+02   -0.11858E+02    0.63663E+01    0.80389E+00   -0.39019E-01
    0.12813E+03   -0.16842E+02    0.12085E+01    0.82264E-01   -0.13826E+01
    0.58153E+02   -0.11736E+01    0.18028E+02    0.12559E+01    0.22957E+01
    0.50205E+02   -0.46133E+01    0.58995E+01    0.77081E+00    0.96134E+00
    0.47811E+02   -0.36727E+01    0.77182E+01    0.88752E+00    0.12077E+01
    0.13705E+03   -0.21486E+02    0.10189E+00   -0.99189E+00   -0.28506E+01
    0.82817E+02   -0.18068E+01    0.13024E+02    0.11148E+01    0.20541E+01
    0.64125E+02   -0.13944E+02    0.35833E+01    0.55429E+00   -0.44995E+00
    0.54699E+02   -0.51341E+01    0.76327E+01    0.88268E+00    0.81960E+00
    0.10602E+03   -0.13557E+01    0.13366E+02    0.11260E+01    0.22990E+01
    0.97083E+02   -0.14103E+02    0.53491E+01    0.72828E+00   -0.31506E+00
    0.26887E+02   -0.50838E+01    0.97310E+01    0.98816E+00    0.95041E+00
    0.65469E+02   -0.72555E+00    0.22544E+02    0.13530E+01    0.27294E+01
    0.20760E+02   -0.13423E+02    0.19675E+01    0.29392E+00   -0.59498E+00
    0.60747E+02   -0.49165E+01    0.50645E+01    0.70454E+00    0.85083E+00
    0.58219E+02   -0.41116E+01    0.72871E+01    0.86255E+00    0.11021E+01
    0.35743E+01   -0.13012E+01    0.41539E+01    0.61845E+00    0.12056E+01
    0.56303E+02   -0.35753E+01    0.96317E+01    0.98370E+00    0.13207E+01
    0.98399E+02   -0.16877E+02    0.51092E+01    0.70836E+00   -0.61971E+00
    0.99957E+02   -0.19731E+02    0.27333E+01    0.43669E+00   -0.95902E+00
    0.38887E+02   -0.56995E+01    0.58356E+01    0.76609E+00    0.66886E+00
    0.88562E+02   -0.98242E+00    0.16206E+02    0.12097E+01    0.24341E+01
    0.45366E+02   -0.27485E+02    0.46139E+00   -0.33594E+00   -0.21129E+01
    0.10002E+03   -0.25739E+02    0.62694E+00   -0.20277E+00   -0.17958E+01
    0.30017E+02   -0.44638E+01    0.45303E+01    0.65612E+00    0.10077E+01
    0.42594E+02   -0.11369E+02    0.69787E+01    0.84377E+00    0.72791E-01
    0.10173E+03   -0.27361E+02    0.11204E+01    0.49389E-01   -0.18277E+01
    0.38660E+02   -0.19962E+02    0.10025E+01    0.10987E-02   -0.14187E+01
    0.13213E+03   -0.82682E+01    0.39749E+01    0.59933E+00   -0.11381E+00
    0.13626E+02   -0.26245E+01    0.84721E+01    0.92799E+00    0.14456E+01
    0.98318E+02   -0.11877E+02    0.56070E+01    0.74873E+00   -0.33046E-01
    0.12143E+02   -0.13702E+02    0.84051E+00   -0.75455E-01   -0.12287E+01
    0.10848E+03   -0.15330E+02    0.46212E+01    0.66476E+00   -0.49543E+00
    0.68357E+02   -0.21005E+02    0.13060E+01    0.11594E+00   -0.12326E+01
    0.18424E+02   -0.16482E+01    0.89636E+01    0.95248E+00    0.19646E+01
    0.10388E+03   -0.20642E+00    0.13083E+03    0.21167E+01    0.33849E+01
    0.12750E+03   -0.29403E+01    0.39228E+01    0.59359E+00    0.12325E+01
    0.41625E+02   -0.20498E+00    0.11980E+03    0.20785E+01    0.33527E+01
    0.20866E+02   -0.10905E+02    0.36439E+01    0.56156E+00   -0.22119E+00
    0.93024E+02   -0.19189E+02    0.19217E+01    0.28369E+00   -0.10019E+01
    0.11821E+02   -0.16788E+02    0.33890E+00   -0.46993E+00   -0.18115E+01
    0.12909E+02   -0.15297E+02    0.10947E+01    0.39283E-01   -0.11907E+01
    0.65302E+02   -0.50615E+01    0.43932E+01    0.64278E+00    0.71646E+00
    0.77603E+02   -0.20966E+00    0.12788E+03    0.21068E+01    0.33615E+01
    0.93624E+01   -0.19068E+00    0.53012E+02    0.17244E+01    0.30614E+01
    0.46857E+02   -0.44423E+01    0.44045E+01    0.64390E+00    0.96576E+00
    0.64401E+01   -0.24557E+01    0.12900E+02    0.11106E+01    0.12885E+01
    0.62701E+02   -0.14501E+02    0.53922E+01    0.73177E+00   -0.33241E+00
    0.80258E+02   -0.12776E+02    0.68019E+01    0.83263E+00   -0.17116E+00
    0.10063E+03   -0.11839E+02    0.50244E+01    0.70108E+00    0.99230E-02
    0.13613E+03   -0.18984E+00    0.15399E+02    0.11875E+01    0.25284E+01
    0.12734E+03   -0.27341E+02    0.12103E+00   -0.91710E+00   -0.28090E+01
    0.51713E+02   -0.16049E+01    0.17298E+02    0.12380E+01    0.22064E+01
    0.89037E+02   -0.23763E+01    0.53958E+01    0.73206E+00    0.16502E+01
    0.63707E+02   -0.17333E+02    0.34378E+01    0.53628E+00   -0.71723E+00
    0.37965E+02   -0.60542E+01    0.99804E+01    0.99915E+00    0.67915E+00
    0.74863E+02   -0.73294E+01    0.32130E+01    0.50691E+00    0.35983E+00
    0.94824E+02   -0.57859E+01    0.37477E+01    0.57376E+00    0.61807E+00
    0.32555E+02   -0.17251E+02    0.14779E+01    0.16966E+00   -0.93303E+00
    0.44776E+02   -0.58167E+01    0.39731E+01    0.59913E+00    0.70160E+00
    0.25481E+02   -0.27365E+02    0.40773E+00   -0.38963E+00   -0.22635E+01
    0.95545E+02   -0.45106E+01    0.59069E+01    0.77136E+00    0.92696E+00
    0.13171E+03   -0.18791E+01    0.11603E+02    0.10646E+01    0.16832E+01
    0.10612E+03   -0.18685E+00    0.12678E+03    0.21031E+01    0.34577E+01
    0.35993E+02   -0.22843E+02    0.74787E+00   -0.12617E+00   -0.17704E+01
    0.12623E+03   -0.19804E+02    0.59602E+00   -0.22474E+00   -0.17026E+01
    0.19517E+02   -0.10923E+02    0.46199E+01    0.66463E+00   -0.11961E+00
    0.12869E+03   -0.10369E+02    0.28343E+01    0.45245E+00   -0.35422E+00
    0.51384E+02   -0.20598E+00    0.11575E+03    0.20635E+01    0.33336E+01
    0.98255E+02   -0.62032E+01    0.33554E+01    0.52575E+00    0.60954E+00
    0.47468E+02   -0.50929E+01    0.54437E+01    0.73589E+00    0.81868E+00
    0.23226E+02   -0.31377E+01    0.72242E+01    0.85879E+00    0.12889E+01
    0.78041E+02   -0.48368E+01    0.59232E+01    0.77256E+00    0.87554E+00
    0.89559E+02   -0.23847E+01    0.55259E+01    0.74241E+00    0.16374E+01
    0.13675E+03   -0.12954E+01    0.59543E+01    0.77483E+00    0.15846E+01
    0.11851E+03   -0.43687E+01    0.54973E+01    0.74015E+00    0.81269E+00
    0.11470E+03   -0.43086E+01    0.43423E+01    0.63772E+00    0.90505E+00
    0.11215E+03   -0.44540E+01    0.75563E+01    0.87831E+00    0.94666E+00
    0.10969E+03   -0.43833E+01    0.64796E+01    0.81155E+00    0.10175E+01
    0.98142E+02   -0.44724E+01    0.53323E+01    0.72692E+00    0.96996E+00
    0.10710E+03   -0.44056E+01    0.74706E+01    0.87336E+00    0.10786E+01
    0.10327E+03   -0.44488E+01    0.73089E+01    0.86385E+00    0.10752E+01
    0.10071E+03   -0.43848E+01    0.40813E+01    0.61080E+00    0.10423E+01
    0.12096E+03   -0.42495E+01    0.32187E+01    0.50768E+00    0.80825E+00
    0.11004E+03   -0.60415E+01    0.40825E+01    0.61093E+00    0.72745E+00
    0.12341E+03   -0.43156E+01    0.52613E+01    0.72110E+00    0.80561E+00
    0.20514E+02   -0.16198E+02    0.13113E+01    0.11769E+00   -0.10265E+01
    0.35778E+02   -0.10632E+01    0.18658E+02    0.12709E+01    0.23407E+01
    0.10179E+03   -0.11145E+02    0.37600E+01    0.57519E+00   -0.16111E-01
    0.10625E+03   -0.11266E+02    0.54331E+01    0.73505E+00   -0.16826E-02
    0.11280E+03   -0.11348E+02    0.37129E+01    0.56971E+00   -0.98211E-01
    0.11735E+03   -0.11316E+02    0.20613E+01    0.31415E+00   -0.24400E+00
    0.66309E+02   -0.71403E+01    0.15363E+01    0.18649E+00    0.38764E+00
    0.31756E+02   -0.54760E+01    0.49054E+01    0.69068E+00    0.89027E+00
    0.23755E+02   -0.13363E+02    0.47204E+01    0.67398E+00   -0.33571E+00
    0.83266E+02   -0.18065E+01    0.11870E+02    0.10744E+01    0.20426E+01
    0.65625E+02   -0.11895E+02    0.43785E+01    0.64132E+00   -0.17344E+00
    0.80774E+02   -0.50195E+01    0.51073E+01    0.70819E+00    0.83850E+00
    0.84873E+02   -0.52404E+01    0.46335E+01    0.66591E+00    0.77392E+00
    0.87657E+02   -0.54109E+01    0.41143E+01    0.61430E+00    0.70173E+00
    0.90489E+02   -0.55825E+01    0.40160E+01    0.60380E+00    0.63375E+00
    0.93378E+02   -0.57379E+01    0.40398E+01    0.60636E+00    0.60877E+00
    0.25949E+02   -0.19441E+02    0.13641E+01    0.13484E+00   -0.13169E+01
    0.27246E+02   -0.11743E+02    0.57230E+01    0.75763E+00   -0.16671E+00
    0.12407E+03   -0.11592E+02    0.19270E+01    0.28489E+00   -0.45272E+00
    0.35625E+02   -0.20137E+00    0.12668E+03    0.21027E+01    0.33924E+01
    0.14597E+02   -0.12421E+02    0.15139E+01    0.18010E+00   -0.83686E+00
    0.55570E+02   -0.47840E+01    0.11888E+02    0.10751E+01    0.94668E+00
    0.32793E+02   -0.45511E+01    0.64082E+01    0.80674E+00    0.99884E+00
    0.83915E+02   -0.12190E+02    0.40368E+01    0.60604E+00   -0.21614E+00
    0.54503E+02   -0.94915E+00    0.16123E+02    0.12075E+01    0.24467E+01
    0.88615E+02   -0.12696E+02    0.45591E+01    0.65888E+00   -0.29425E+00
    0.95819E+02   -0.13165E+02    0.37189E+01    0.57041E+00   -0.34297E+00
    0.30029E+02   -0.11290E+02    0.47725E+01    0.67875E+00    0.61556E-01
    0.39764E+02   -0.45312E+01    0.55566E+01    0.74481E+00    0.88788E+00
    0.83206E+02   -0.94936E+00    0.27981E+02    0.14469E+01    0.25618E+01
    0.23946E+02   -0.16253E+02    0.26208E+01    0.41844E+00   -0.77885E+00
    0.82690E+02   -0.12953E+02    0.47650E+01    0.67806E+00   -0.19156E+00
    0.43898E+02   -0.11042E+02    0.46802E+01    0.67026E+00   -0.15190E-01
    0.67419E+02   -0.49470E+01    0.53890E+01    0.73151E+00    0.80524E+00
    0.11053E+03   -0.17392E+01    0.75858E+01    0.88000E+00    0.19103E+01
    0.70018E+02   -0.52018E+01    0.38445E+01    0.58484E+00    0.73147E+00
    0.72875E+02   -0.56076E+01    0.39322E+01    0.59463E+00    0.65738E+00
    0.75755E+02   -0.59557E+01    0.42477E+01    0.62816E+00    0.60661E+00
    0.14055E+03   -0.41317E+01    0.19490E+01    0.28982E+00   -0.15739E+00
    0.13686E+03   -0.24536E+00    0.13477E+02    0.11296E+01    0.22477E+01
    0.22940E+02   -0.12084E+02    0.37284E+01    0.57152E+00   -0.32074E+00
    0.70259E+02   -0.12627E+02    0.36304E+01    0.55995E+00   -0.27247E+00
    0.75110E+02   -0.13249E+02    0.24957E+01    0.39719E+00   -0.34340E+00
    0.13152E+03   -0.15301E+02    0.65435E+00   -0.18419E+00   -0.14725E+01
    0.97689E+02   -0.15097E+01    0.12241E+02    0.10878E+01    0.21364E+01
    0.45316E+02   -0.17231E+01    0.15228E+02    0.11826E+01    0.20860E+01
    0.56838E+02   -0.12455E+02    0.63343E+01    0.80170E+00   -0.16361E+00
    0.66791E+02   -0.19721E+02    0.11627E+01    0.65472E-01   -0.12681E+01
    0.12590E+03   -0.42644E+01    0.43154E+01    0.63502E+00    0.79196E+00
    0.61538E+02   -0.13433E+02    0.40303E+01    0.60534E+00   -0.33700E+00
    0.42456E+02   -0.50375E+01    0.88968E+01    0.94924E+00    0.79311E+00
    0.29268E+02   -0.46301E+01    0.55475E+01    0.74409E+00    0.10183E+01
    0.57667E+02   -0.66358E+01    0.27580E+01    0.44060E+00    0.56454E+00
    0.37872E+02   -0.13718E+02    0.26109E+01    0.41678E+00   -0.53386E+00
    0.33335E+02   -0.11962E+02    0.35161E+01    0.54606E+00   -0.23582E+00
    0.48169E+02   -0.12407E+02    0.50318E+01    0.70172E+00   -0.17294E+00
    0.31472E+02   -0.16614E+01    0.18841E+02    0.12751E+01    0.20668E+01
    0.15430E+02   -0.11647E+01    0.14190E+02    0.11520E+01    0.21279E+01
    0.68270E+02   -0.17652E+01    0.18011E+02    0.12555E+01    0.20683E+01
    0.23029E+02   -0.14809E+02    0.22986E+01    0.36146E+00   -0.72940E+00
    0.37337E+02   -0.54030E+01    0.70547E+01    0.84848E+00    0.73095E+00
    0.20975E+02   -0.86900E+00    0.17894E+02    0.12527E+01    0.24161E+01
    0.43527E+02   -0.45949E+00    0.31751E+02    0.15018E+01    0.27607E+01
    0.34821E+02   -0.46802E+01    0.60853E+01    0.78428E+00    0.91496E+00
    0.10294E+03   -0.14680E+01    0.12542E+02    0.10984E+01    0.22607E+01
    0.14003E+03   -0.31921E+01    0.20052E+01    0.30216E+00    0.15082E+00
    0.27718E+02   -0.49891E+01    0.66871E+01    0.82524E+00    0.86856E+00
    0.58510E+02   -0.54615E+01    0.47778E+01    0.67923E+00    0.76501E+00
    0.35458E+02   -0.17824E+02    0.11662E+01    0.66770E-01   -0.96899E+00
    0.20089E+02   -0.19400E+02    0.68156E+00   -0.16649E+00   -0.15132E+01
    0.46586E+02   -0.92466E+00    0.20770E+02    0.13174E+01    0.24931E+01
    0.11781E+03   -0.55592E+01    0.29013E+01    0.46260E+00    0.63262E+00
    0.31248E+02   -0.49364E+01    0.61212E+01    0.78684E+00    0.92341E+00
    0.12639E+03   -0.23314E+01    0.83141E+01    0.91981E+00    0.14148E+01
    0.30856E+02   -0.84416E+00    0.27904E+02    0.14457E+01    0.26112E+01
    0.30601E+01   -0.11062E+01    0.32874E+01    0.51686E+00    0.12837E+01
    0.12999E+03   -0.14330E+02    0.10680E+01    0.28588E-01   -0.11256E+01
    0.66079E+01   -0.56317E+01    0.63016E+01    0.79945E+00    0.18623E+00
    0.10981E+03   -0.13002E+01    0.14576E+02    0.11637E+01    0.22427E+01
    0.96937E+02   -0.15826E+02    0.33540E+01    0.52556E+00   -0.67389E+00
    0.98284E+02   -0.18686E+02    0.19775E+01    0.29611E+00   -0.10339E+01
    0.13940E+03   -0.17138E+01    0.31978E+01    0.50486E+00    0.10210E+01
    0.63339E+02   -0.19184E+02    0.15944E+01    0.20260E+00   -0.11686E+01
    0.85024E+02   -0.70382E+01    0.25688E+01    0.40973E+00    0.39707E+00
    0.98341E+02   -0.13407E+02    0.36768E+01    0.56547E+00   -0.36127E+00
    0.62394E+02   -0.16139E+02    0.26052E+01    0.41584E+00   -0.73237E+00
    0.23938E+02   -0.62047E+01    0.54941E+01    0.73989E+00    0.61641E+00
    0.75414E+02   -0.16334E+01    0.11563E+02    0.10631E+01    0.21495E+01
    0.97767E+02   -0.22862E+02    0.12268E+01    0.88758E-01   -0.13596E+01
    0.24308E+02   -0.53327E+01    0.73312E+01    0.86518E+00    0.88517E+00
    0.87060E+02   -0.94980E+00    0.21055E+02    0.13234E+01    0.24586E+01
    0.53391E+02   -0.12042E+02    0.47715E+01    0.67865E+00    0.44105E-01
    0.43875E+02   -0.19646E+00    0.11868E+03    0.20744E+01    0.33855E+01
    0.12591E+03   -0.42362E+00    0.25442E+02    0.14055E+01    0.26154E+01
    0.12826E+03   -0.49395E+00    0.19165E+02    0.12825E+01    0.24008E+01
    0.12668E+03   -0.49460E+00    0.26616E+02    0.14251E+01    0.24552E+01
    0.63004E+02   -0.46770E+00    0.26675E+02    0.14261E+01    0.25835E+01
    0.63796E+02   -0.52144E+00    0.51969E+02    0.17157E+01    0.26580E+01
    0.12748E+03   -0.52563E+00    0.31669E+02    0.15006E+01    0.24495E+01
    0.32974E+02   -0.47540E+00    0.28274E+02    0.14514E+01    0.25938E+01
    0.13123E+03   -0.49110E+00    0.16959E+02    0.12294E+01    0.23495E+01
    0.12300E+03   -0.45803E+00    0.22185E+02    0.13461E+01    0.25223E+01
    0.15009E+02   -0.44279E+00    0.18899E+02    0.12764E+01    0.25133E+01
    0.13199E+03   -0.46942E+00    0.17551E+02    0.12443E+01    0.23729E+01
    0.12220E+03   -0.48873E+00    0.33763E+02    0.15284E+01    0.25011E+01
    0.15750E+02   -0.43084E+00    0.25976E+02    0.14146E+01    0.26457E+01
    0.11925E+03   -0.45933E+00    0.21934E+02    0.13411E+01    0.25131E+01
    0.11845E+03   -0.49271E+00    0.34367E+02    0.15361E+01    0.24985E+01
    0.11550E+03   -0.46332E+00    0.24110E+02    0.13822E+01    0.25346E+01
    0.11469E+03   -0.49924E+00    0.41075E+02    0.16136E+01    0.25656E+01
    0.34520E+02   -0.43235E+00    0.30276E+02    0.14811E+01    0.26410E+01
    0.45772E+02   -0.46855E+00    0.37227E+02    0.15709E+01    0.26816E+01
    0.49505E+02   -0.39815E+00    0.22721E+02    0.13564E+01    0.26364E+01
    0.19556E+02   -0.44444E+00    0.26691E+02    0.14264E+01    0.26939E+01
    0.26998E+02   -0.42278E+00    0.22433E+02    0.13509E+01    0.25999E+01
    0.12008E+02   -0.48654E+00    0.20886E+02    0.13199E+01    0.24258E+01
    0.11175E+03   -0.41182E+00    0.27218E+02    0.14349E+01    0.26934E+01
    0.52459E+02   -0.42738E+00    0.29001E+02    0.14624E+01    0.27776E+01
    0.82493E+02   -0.45170E+00    0.29321E+02    0.14672E+01    0.26333E+01
    0.90005E+02   -0.50257E+00    0.31480E+02    0.14980E+01    0.26082E+01
    0.56203E+02   -0.43626E+00    0.42852E+02    0.16320E+01    0.27551E+01
    0.86236E+02   -0.43174E+00    0.30441E+02    0.14835E+01    0.27278E+01
    0.93752E+02   -0.42416E+00    0.30974E+02    0.14910E+01    0.27299E+01
    0.56990E+02   -0.44930E+00    0.29743E+02    0.14734E+01    0.26355E+01
    0.87001E+02   -0.48837E+00    0.39445E+02    0.15960E+01    0.26453E+01
    0.94516E+02   -0.43336E+00    0.29268E+02    0.14664E+01    0.26525E+01
    0.53215E+02   -0.46401E+00    0.48873E+02    0.16891E+01    0.27519E+01
    0.83266E+02   -0.48772E+00    0.40509E+02    0.16076E+01    0.26840E+01
    0.90751E+02   -0.50147E+00    0.30855E+02    0.14893E+01    0.25911E+01
    0.22500E+02   -0.43361E+00    0.22832E+02    0.13585E+01    0.25841E+01
    0.37474E+02   -0.49901E+00    0.43563E+02    0.16391E+01    0.26532E+01
    0.23250E+02   -0.44247E+00    0.27827E+02    0.14445E+01    0.26524E+01
    0.38254E+02   -0.47240E+00    0.32603E+02    0.15133E+01    0.26617E+01
    0.62228E+02   -0.49284E+00    0.40734E+02    0.16100E+01    0.26474E+01
    0.11252E+02   -0.50242E+00    0.18671E+02    0.12712E+01    0.23654E+01
    0.18793E+02   -0.48786E+00    0.36618E+02    0.15637E+01    0.25636E+01
    0.26249E+02   -0.42280E+00    0.29284E+02    0.14666E+01    0.27164E+01
    0.10807E+03   -0.40781E+00    0.26434E+02    0.14222E+01    0.26028E+01
    0.11100E+03   -0.41589E+00    0.21115E+02    0.13246E+01    0.25739E+01
    0.71993E+02   -0.49323E+00    0.31517E+02    0.14985E+01    0.26118E+01
    0.10199E+03   -0.42324E+00    0.21292E+02    0.13282E+01    0.25881E+01
    0.68249E+02   -0.40014E+00    0.26551E+02    0.14241E+01    0.27153E+01
    0.45004E+02   -0.44503E+00    0.28879E+02    0.14606E+01    0.26504E+01
    0.79474E+02   -0.45510E+00    0.34973E+02    0.15437E+01    0.26447E+01
    0.33737E+02   -0.46683E+00    0.33611E+02    0.15265E+01    0.26470E+01
    0.75749E+02   -0.43245E+00    0.30907E+02    0.14901E+01    0.27205E+01
    0.98280E+02   -0.42215E+00    0.33930E+02    0.15306E+01    0.27051E+01
    0.48750E+02   -0.43301E+00    0.28985E+02    0.14622E+01    0.26889E+01
    0.10727E+03   -0.42159E+00    0.39336E+02    0.15948E+01    0.27630E+01
    0.67507E+02   -0.41416E+00    0.23364E+02    0.13685E+01    0.26631E+01
    0.71249E+02   -0.49073E+00    0.34046E+02    0.15321E+01    0.26696E+01
    0.10125E+03   -0.42745E+00    0.30037E+02    0.14777E+01    0.27182E+01
    0.75000E+02   -0.42974E+00    0.27104E+02    0.14330E+01    0.26664E+01
    0.97504E+02   -0.43367E+00    0.27566E+02    0.14404E+01    0.26510E+01
    0.78692E+02   -0.46594E+00    0.32973E+02    0.15182E+01    0.26566E+01
    0.32216E+02   -0.44390E+00    0.29518E+02    0.14701E+01    0.26422E+01
    0.64595E+02   -0.48208E+00    0.45751E+02    0.16604E+01    0.27159E+01
    0.10048E+03   -0.41288E+00    0.25691E+02    0.14098E+01    0.26202E+01
    0.96735E+02   -0.43692E+00    0.36379E+02    0.15609E+01    0.27308E+01
    0.92997E+02   -0.46611E+00    0.30153E+02    0.14793E+01    0.26312E+01
    0.95258E+02   -0.40912E+00    0.24857E+02    0.13955E+01    0.27391E+01
    0.91497E+02   -0.49849E+00    0.31242E+02    0.14947E+01    0.26097E+01
    0.95980E+02   -0.40655E+00    0.23141E+02    0.13644E+01    0.26719E+01
    0.85496E+02   -0.42699E+00    0.26846E+02    0.14289E+01    0.26809E+01
    0.89268E+02   -0.50825E+00    0.28940E+02    0.14615E+01    0.25786E+01
    0.92244E+02   -0.50475E+00    0.31148E+02    0.14934E+01    0.25888E+01
    0.81743E+02   -0.45170E+00    0.30863E+02    0.14894E+01    0.27040E+01
    0.84017E+02   -0.48073E+00    0.32112E+02    0.15067E+01    0.26848E+01
    0.87775E+02   -0.48332E+00    0.30695E+02    0.14871E+01    0.26158E+01
    0.84751E+02   -0.45835E+00    0.32444E+02    0.15111E+01    0.26960E+01
    0.88526E+02   -0.50960E+00    0.33780E+02    0.15287E+01    0.26154E+01
    0.80250E+02   -0.43301E+00    0.32761E+02    0.15154E+01    0.27421E+01
    0.74251E+02   -0.43755E+00    0.31333E+02    0.14960E+01    0.27162E+01
    0.81000E+02   -0.43301E+00    0.27036E+02    0.14319E+01    0.26587E+01
    0.72749E+02   -0.49499E+00    0.35864E+02    0.15547E+01    0.26472E+01
    0.70493E+02   -0.48558E+00    0.32836E+02    0.15164E+01    0.26049E+01
    0.73503E+02   -0.47566E+00    0.30609E+02    0.14859E+01    0.26347E+01
    0.59281E+02   -0.42863E+00    0.35730E+02    0.15530E+01    0.27247E+01
    0.66733E+02   -0.43747E+00    0.38132E+02    0.15813E+01    0.26888E+01
    0.61452E+02   -0.48243E+00    0.35596E+02    0.15514E+01    0.26631E+01
    0.57754E+02   -0.45159E+00    0.35351E+02    0.15484E+01    0.27237E+01
    0.58511E+02   -0.45416E+00    0.27264E+02    0.14356E+01    0.26130E+01
    0.50258E+02   -0.42852E+00    0.29324E+02    0.14672E+01    0.27177E+01
    0.48005E+02   -0.43585E+00    0.24799E+02    0.13944E+01    0.26328E+01
    0.46534E+02   -0.46327E+00    0.29925E+02    0.14760E+01    0.26489E+01
    0.40517E+02   -0.43528E+00    0.31201E+02    0.14942E+01    0.26749E+01
    0.47271E+02   -0.44259E+00    0.29664E+02    0.14722E+01    0.27183E+01
    0.39002E+02   -0.45812E+00    0.30025E+02    0.14775E+01    0.26630E+01
    0.69350E+02   -0.68556E+01    0.31798E+01    0.50240E+00    0.40247E+00
    0.39752E+02   -0.43234E+00    0.34669E+02    0.15399E+01    0.27595E+01
    0.36717E+02   -0.46719E+00    0.32888E+02    0.15170E+01    0.27395E+01
    0.29252E+02   -0.39533E+00    0.27344E+02    0.14369E+01    0.27356E+01
    0.69000E+02   -0.43262E+00    0.25417E+02    0.14051E+01    0.26327E+01
    0.69741E+02   -0.46054E+00    0.29716E+02    0.14730E+01    0.26773E+01
    0.11987E+02   -0.28536E+01    0.86214E+01    0.93558E+00    0.13112E+01
    0.30002E+02   -0.42098E+00    0.24199E+02    0.13838E+01    0.26420E+01
    0.27756E+02   -0.44489E+00    0.32789E+02    0.15157E+01    0.26911E+01
    0.25500E+02   -0.43059E+00    0.21757E+02    0.13376E+01    0.25692E+01
    0.13050E+03   -0.47370E+00    0.17274E+02    0.12374E+01    0.24246E+01
    0.28507E+02   -0.44734E+00    0.24130E+02    0.13826E+01    0.26060E+01
    0.13445E+03   -0.80133E+01    0.46933E+01    0.67148E+00   -0.24132E+00
    0.80985E+01   -0.11865E+02    0.14450E+01    0.15988E+00   -0.99061E+00
    0.21746E+02   -0.42435E+00    0.26060E+02    0.14160E+01    0.26482E+01
    0.24000E+02   -0.43427E+00    0.22659E+02    0.13552E+01    0.25795E+01
    0.16513E+02   -0.46073E+00    0.28178E+02    0.14499E+01    0.25809E+01
    0.51582E+02   -0.10713E+01    0.13914E+02    0.11434E+01    0.23536E+01
    0.14261E+02   -0.44134E+00    0.24782E+02    0.13941E+01    0.25832E+01
    0.12901E+03   -0.44127E+00    0.17869E+02    0.12521E+01    0.24805E+01
    0.54013E+02   -0.39887E+00    0.27379E+02    0.14374E+01    0.26910E+01
    0.24750E+02   -0.42984E+00    0.28259E+02    0.14512E+01    0.26843E+01
    0.53460E+02   -0.13326E+02    0.27009E+01    0.43151E+00   -0.28516E+00
    0.84244E+02   -0.64894E+01    0.22674E+01    0.35553E+00    0.51363E+00
    0.18008E+02   -0.44751E+00    0.22406E+02    0.13504E+01    0.25775E+01
    0.12975E+03   -0.45202E+00    0.18296E+02    0.12624E+01    0.24410E+01
    0.72555E+02   -0.75112E+01    0.26835E+01    0.42870E+00    0.31486E+00
    0.52518E+01   -0.10726E+01    0.86458E+01    0.93681E+00    0.17639E+01
    0.12984E+03   -0.18020E+02    0.42917E+00   -0.36737E+00   -0.17602E+01
    0.10383E+03   -0.10442E+01    0.13409E+02    0.11274E+01    0.23254E+01
    0.12761E+02   -0.45369E+00    0.20480E+02    0.13113E+01    0.25061E+01
    0.77207E+02   -0.60506E+01    0.32065E+01    0.50603E+00    0.58799E+00
    0.17272E+02   -0.47741E+00    0.24058E+02    0.13813E+01    0.25376E+01
    0.13330E+03   -0.36756E+01    0.48290E+01    0.68386E+00    0.96172E+00
    0.98280E+02   -0.88837E+00    0.41399E+02    0.16170E+01    0.26319E+01
    0.94078E+02   -0.62186E+01    0.31099E+01    0.49275E+00    0.51656E+00
    0.18373E+02   -0.41246E+01    0.53460E+01    0.72803E+00    0.93024E+00
    0.13696E+03   -0.79563E+01    0.20926E+01    0.32068E+00   -0.61856E+00
    0.25218E+02   -0.13242E+02    0.29951E+01    0.47642E+00   -0.44183E+00
    0.13155E+03   -0.17161E+02    0.46685E+00   -0.33082E+00   -0.16735E+01
    0.13506E+02   -0.43604E+00    0.19709E+02    0.12947E+01    0.25218E+01
    0.34077E+02   -0.49287E+01    0.57670E+01    0.76095E+00    0.89553E+00
    0.43264E+02   -0.23503E+02    0.42558E+00   -0.37102E+00   -0.17131E+01
    0.31120E+02   -0.18129E+00    0.93655E+02    0.19715E+01    0.33525E+01
    0.13016E+03   -0.11939E+01    0.63970E+01    0.80598E+00    0.20130E+01
    0.13985E+03   -0.17493E+00    0.43222E+01    0.63571E+00    0.20477E+01
    0.10781E+03   -0.15839E+01    0.15831E+02    0.11995E+01    0.21607E+01
    0.40343E+02   -0.82181E+01    0.71313E+01    0.85317E+00    0.44301E+00
    0.13762E+03   -0.21651E+00    0.91602E+01    0.96190E+00    0.21887E+01
    0.10271E+03   -0.82038E+00    0.26901E+02    0.14298E+01    0.27597E+01
    0.11670E+03   -0.13721E+01    0.11200E+02    0.10492E+01    0.21407E+01
    0.11288E+03   -0.14035E+01    0.17388E+02    0.12402E+01    0.21669E+01
    0.20263E+02   -0.38282E+00    0.20308E+02    0.13077E+01    0.26923E+01
    0.12046E+03   -0.13533E+01    0.95907E+01    0.98185E+00    0.20864E+01
    0.10606E+03   -0.95603E+00    0.16219E+02    0.12100E+01    0.24020E+01
    0.31253E+02   -0.13208E+02    0.30071E+01    0.47815E+00   -0.28747E+00
    0.20996E+02   -0.42199E+00    0.20501E+02    0.13118E+01    0.25731E+01
    0.40024E+02   -0.15025E+01    0.10564E+02    0.10238E+01    0.21748E+01
    0.94899E+02   -0.16117E+01    0.18939E+02    0.12774E+01    0.20904E+01
    0.49009E+02   -0.40457E+01    0.43185E+01    0.63534E+00    0.10967E+01
    0.10429E+03   -0.45530E+00    0.41344E+02    0.16164E+01    0.26740E+01
    0.65264E+02   -0.10445E+01    0.19913E+02    0.12991E+01    0.24105E+01
    0.41265E+02   -0.42442E+00    0.27487E+02    0.14391E+01    0.27346E+01
    0.41988E+02   -0.44275E+00    0.27056E+02    0.14323E+01    0.26799E+01
    0.77946E+02   -0.43700E+00    0.27655E+02    0.14418E+01    0.26895E+01
    0.21540E+02   -0.12145E+02    0.38908E+01    0.59004E+00   -0.23362E+00
    0.40969E+02   -0.17677E+02    0.17185E+01    0.23515E+00   -0.10847E+01
    0.13111E+03   -0.10393E+02    0.21051E+01    0.32328E+00   -0.49728E+00
    0.13243E+03   -0.10672E+01    0.69377E+01    0.84122E+00    0.20787E+01
    0.10649E+03   -0.39390E+00    0.22013E+02    0.13427E+01    0.26232E+01
    0.10500E+02   -0.46509E+00    0.19886E+02    0.12985E+01    0.24620E+01
    0.30503E+02   -0.50627E+01    0.47374E+01    0.67554E+00    0.96230E+00
    0.95552E+02   -0.62351E+01    0.37482E+01    0.57382E+00    0.53711E+00
    0.59473E+02   -0.44688E+01    0.50375E+01    0.70221E+00    0.97945E+00
    0.51753E+02   -0.37722E+00    0.25586E+02    0.14080E+01    0.28052E+01
    0.51011E+02   -0.45285E+00    0.30557E+02    0.14851E+01    0.26476E+01
    0.13496E+03   -0.53758E+00    0.16314E+02    0.12126E+01    0.20069E+01
    0.60595E+02   -0.79836E+00    0.28124E+02    0.14491E+01    0.27165E+01
    0.57449E+02   -0.16563E+01    0.16472E+02    0.12168E+01    0.21583E+01
    0.12579E+03   -0.82726E+00    0.12066E+02    0.10816E+01    0.23542E+01
    0.12747E+03   -0.23065E+01    0.74737E+01    0.87354E+00    0.14356E+01
    0.35270E+02   -0.41721E+00    0.27197E+02    0.14345E+01    0.27648E+01
    0.75911E+02   -0.18430E+01    0.12368E+02    0.10923E+01    0.19477E+01
    0.98587E+01   -0.11939E+02    0.77902E+00   -0.10845E+00   -0.11069E+01
    0.35994E+02   -0.40034E+00    0.22379E+02    0.13498E+01    0.26642E+01
    0.25168E+02   -0.52379E+01    0.54028E+01    0.73262E+00    0.79772E+00
    0.13912E+03   -0.21651E+00    0.70592E+01    0.84875E+00    0.20755E+01
    0.13778E+03   -0.56792E+01    0.40179E+01    0.60400E+00   -0.12442E+00
    0.11844E+03   -0.98797E+00    0.22879E+02    0.13594E+01    0.23095E+01
    0.10199E+03   -0.88933E+00    0.25677E+02    0.14095E+01    0.25095E+01
    0.79458E+02   -0.93845E+00    0.31429E+02    0.14973E+01    0.24933E+01
    0.75749E+02   -0.89394E+00    0.34640E+02    0.15396E+01    0.26605E+01
    0.72737E+02   -0.99702E+00    0.29877E+02    0.14753E+01    0.25424E+01
    0.56984E+02   -0.92978E+00    0.29590E+02    0.14711E+01    0.25201E+01
    0.48005E+02   -0.89736E+00    0.23306E+02    0.13675E+01    0.25093E+01
    0.12426E+03   -0.13467E+01    0.12208E+02    0.10866E+01    0.20876E+01
    0.12219E+03   -0.97932E+00    0.24747E+02    0.13935E+01    0.23569E+01
    0.22723E+02   -0.16360E+01    0.10072E+02    0.10031E+01    0.19905E+01
    0.50790E+01   -0.31982E+01    0.11329E+02    0.10542E+01    0.10108E+01
    0.82072E+01   -0.19706E+01    0.10983E+02    0.10407E+01    0.17596E+01
    0.29809E+02   -0.22683E+02    0.71265E+00   -0.14712E+00   -0.17230E+01
    0.12031E+02   -0.94756E+00    0.12122E+02    0.10836E+01    0.22807E+01
    0.44250E+02   -0.41297E+00    0.29915E+02    0.14759E+01    0.27438E+01
    0.27757E+02   -0.90627E+00    0.33312E+02    0.15226E+01    0.26345E+01
    0.12867E+03   -0.11832E+02    0.18458E+01    0.26618E+00   -0.64278E+00
    0.32547E+02   -0.52808E+01    0.39495E+01    0.59655E+00    0.84349E+00
    0.11600E+03   -0.43949E+01    0.62592E+01    0.79652E+00    0.85299E+00
    0.10455E+03   -0.44397E+01    0.75321E+01    0.87691E+00    0.10847E+01
    0.25500E+02   -0.89773E+00    0.21869E+02    0.13398E+01    0.24353E+01
    0.23231E+02   -0.91426E+00    0.29638E+02    0.14718E+01    0.25719E+01
    0.11344E+03   -0.43110E+01    0.39477E+01    0.59634E+00    0.93017E+00
    0.11090E+03   -0.43047E+01    0.42791E+01    0.63135E+00    0.10008E+01
    0.10841E+03   -0.44479E+01    0.83188E+01    0.92006E+00    0.10376E+01
    0.10195E+03   -0.44748E+01    0.74307E+01    0.87103E+00    0.10546E+01
    0.99428E+02   -0.44398E+01    0.50141E+01    0.70019E+00    0.10035E+01
    0.11974E+03   -0.42007E+01    0.25937E+01    0.41391E+00    0.81983E+00
    0.11725E+03   -0.42609E+01    0.32197E+01    0.50781E+00    0.84899E+00
    0.10582E+03   -0.44293E+01    0.84374E+01    0.92621E+00    0.10906E+01
    0.12218E+03   -0.41741E+01    0.25785E+01    0.41136E+00    0.84337E+00
    0.56294E+02   -0.28752E+01    0.74601E+01    0.87274E+00    0.14804E+01
    0.83524E+02   -0.51713E+01    0.47254E+01    0.67444E+00    0.79222E+00
    0.37497E+02   -0.96414E+00    0.23179E+02    0.13651E+01    0.24803E+01
    0.31473E+02   -0.40011E+00    0.18564E+02    0.12687E+01    0.26150E+01
    0.19000E+01   -0.17995E+00    0.44554E+01    0.64889E+00    0.20363E+01
    0.30745E+02   -0.42345E+00    0.26856E+02    0.14290E+01    0.26960E+01
    0.10986E+03   -0.18191E+00    0.10938E+03    0.20389E+01    0.34169E+01
    0.83626E+02   -0.69640E+01    0.26146E+01    0.41740E+00    0.40617E+00
    0.12181E+03   -0.11569E+02    0.23860E+01    0.37767E+00   -0.37718E+00
    0.11468E+03   -0.10072E+01    0.33389E+02    0.15236E+01    0.24429E+01
    0.10849E+03   -0.11223E+02    0.44659E+01    0.64991E+00   -0.34079E-02
    0.11509E+03   -0.11385E+02    0.31504E+01    0.49837E+00   -0.17192E+00
    0.10397E+03   -0.11269E+02    0.56689E+01    0.75350E+00    0.40161E-02
    0.71178E+01   -0.28522E+00    0.11065E+03    0.20440E+01    0.30313E+01
    0.13315E+03   -0.14428E+02    0.97147E+00   -0.12571E-01   -0.13631E+01
    0.18793E+02   -0.94935E+00    0.22674E+02    0.13555E+01    0.24244E+01
    0.64860E+02   -0.20380E+02    0.18140E+01    0.25863E+00   -0.11518E+01
    0.10531E+02   -0.13471E+02    0.10540E+01    0.22858E-01   -0.10648E+01
    0.12039E+03   -0.18227E+00    0.75942E+02    0.18805E+01    0.32568E+01
    0.96872E+02   -0.44983E+01    0.54647E+01    0.73756E+00    0.94029E+00
    0.13838E+03   -0.22967E+00    0.85137E+01    0.93012E+00    0.21056E+01
    0.60375E+02   -0.17723E+00    0.98505E+02    0.19935E+01    0.33941E+01
    0.16513E+02   -0.92277E+00    0.18164E+02    0.12592E+01    0.23792E+01
    0.11023E+03   -0.38810E+00    0.29445E+02    0.14690E+01    0.27504E+01
    0.62255E+02   -0.95500E+00    0.26623E+02    0.14252E+01    0.25503E+01
    0.14580E+02   -0.18476E+02    0.26288E+00   -0.58025E+00   -0.18400E+01
    0.12414E+03   -0.18155E+00    0.83542E+02    0.19219E+01    0.33016E+01
    0.39303E+01   -0.88770E+00    0.25260E+01    0.40243E+00    0.15284E+01
    0.66062E+02   -0.47074E+01    0.44060E+01    0.64405E+00    0.86294E+00
    0.11958E+03   -0.11439E+02    0.24210E+01    0.38400E+00   -0.29719E+00
    0.63779E+01   -0.21777E+00    0.18399E+02    0.12648E+01    0.24865E+01
    0.12001E+03   -0.39878E+00    0.19439E+02    0.12887E+01    0.25488E+01
    0.17046E+02   -0.13651E+02    0.11561E+01    0.63004E-01   -0.87014E+00
    0.60024E+02   -0.38175E+00    0.17780E+02    0.12499E+01    0.26699E+01
    0.60725E+02   -0.39318E+00    0.24159E+02    0.13831E+01    0.27728E+01
    0.12971E+03   -0.23650E+02    0.16264E+00   -0.78877E+00   -0.24168E+01
    0.82148E+02   -0.51258E+01    0.57231E+01    0.75763E+00    0.81229E+00
    0.12576E+02   -0.18328E+02    0.31610E+00   -0.50017E+00   -0.17517E+01
    0.86250E+02   -0.52471E+01    0.31333E+01    0.49600E+00    0.74662E+00
    0.89045E+02   -0.55274E+01    0.48176E+01    0.68283E+00    0.66808E+00
    0.91924E+02   -0.56655E+01    0.40322E+01    0.60554E+00    0.62042E+00
    0.12377E+03   -0.39806E+00    0.25284E+02    0.14028E+01    0.26386E+01
    0.11626E+03   -0.40052E+00    0.25498E+02    0.14065E+01    0.26640E+01
    0.11664E+03   -0.18401E+00    0.83475E+02    0.19216E+01    0.32896E+01
    0.49472E+02   -0.46497E+01    0.40579E+01    0.60830E+00    0.93347E+00
    0.58135E+01   -0.20498E+01    0.16802E+02    0.12254E+01    0.15661E+01
    0.40517E+02   -0.89246E+00    0.27677E+02    0.14421E+01    0.25386E+01
    0.76488E+02   -0.42988E+00    0.24529E+02    0.13897E+01    0.26619E+01
    0.46163E+02   -0.44945E+01    0.36413E+01    0.56125E+00    0.92393E+00
    0.12470E+03   -0.41888E+01    0.28045E+01    0.44785E+00    0.81510E+00
    0.12060E+03   -0.13559E+02    0.13171E+01    0.11960E+00   -0.61457E+00
    0.66200E+02   -0.27301E+02    0.74002E+00   -0.13076E+00   -0.20523E+01
    0.91483E+02   -0.10121E+01    0.23199E+02    0.13655E+01    0.24283E+01
    0.78171E+02   -0.11556E+01    0.11313E+02    0.10536E+01    0.23114E+01
    0.56438E+01   -0.25950E+00    0.13648E+02    0.11351E+01    0.22045E+01
    0.11251E+03   -0.38584E+00    0.20062E+02    0.13024E+01    0.26026E+01
    0.26372E+01   -0.25042E+00    0.77759E+01    0.89075E+00    0.19911E+01
    0.86241E+02   -0.12286E+02    0.32753E+01    0.51525E+00   -0.22834E+00
    0.76863E+02   -0.21395E+00    0.13674E+03    0.21359E+01    0.33730E+01
    0.71358E+02   -0.27578E+02    0.43546E+00   -0.36105E+00   -0.20544E+01
    0.35937E+02   -0.15946E+01    0.21728E+02    0.13370E+01    0.21766E+01
    0.12999E+03   -0.12661E+02    0.14382E+01    0.15783E+00   -0.87244E+00
    0.10085E+03   -0.23181E+02    0.10679E+01    0.28538E-01   -0.14485E+01
    0.79418E+02   -0.49370E+01    0.52912E+01    0.72355E+00    0.85525E+00
    0.48579E+01   -0.25561E+00    0.11992E+02    0.10789E+01    0.21614E+01
    0.61298E+02   -0.21882E+02    0.90081E+00   -0.45368E-01   -0.15311E+01
    0.59984E+02   -0.50571E+01    0.39042E+01    0.59153E+00    0.80569E+00
    0.20219E+02   -0.79712E+00    0.24297E+02    0.13856E+01    0.26037E+01
    0.71409E+02   -0.54664E+01    0.49050E+01    0.69064E+00    0.68271E+00
    0.74296E+02   -0.58030E+01    0.42315E+01    0.62650E+00    0.62364E+00
    0.99033E+02   -0.36332E+00    0.19263E+02    0.12847E+01    0.27167E+01
    0.99740E+02   -0.35875E+00    0.21960E+02    0.13416E+01    0.28131E+01
    0.48289E+02   -0.41721E+01    0.40706E+01    0.60966E+00    0.10180E+01
    0.58922E+02   -0.69333E+01    0.25281E+01    0.40279E+00    0.51852E+00
    0.11097E+03   -0.86201E+00    0.21447E+02    0.13314E+01    0.24614E+01
    0.80992E+02   -0.89538E+00    0.25090E+02    0.13995E+01    0.25158E+01
    0.36418E+02   -0.16923E+01    0.13483E+02    0.11298E+01    0.20723E+01
    0.48190E+02   -0.49239E+01    0.48349E+01    0.68438E+00    0.89358E+00
    0.11289E+03   -0.18373E+00    0.94727E+02    0.19765E+01    0.33458E+01
    0.75012E+02   -0.18589E+01    0.98957E+01    0.99545E+00    0.19118E+01
    0.55448E+02   -0.36485E+00    0.21015E+02    0.13225E+01    0.27516E+01
    0.41314E+01   -0.19055E+00    0.59469E+01    0.77429E+00    0.21120E+01
    0.65313E+02   -0.35740E+00    0.20642E+02    0.13147E+01    0.28267E+01
    0.65987E+02   -0.36236E+00    0.16489E+02    0.12172E+01    0.27283E+01
    0.43795E+02   -0.20708E+01    0.18659E+02    0.12709E+01    0.17901E+01
    0.72643E+02   -0.12940E+02    0.31631E+01    0.50011E+00   -0.29839E+00
    0.77459E+02   -0.13919E+02    0.40972E+01    0.61249E+00   -0.40278E+00
    0.43906E+01   -0.89153E+00    0.23147E+01    0.36450E+00    0.15550E+01
    0.23951E+02   -0.19596E+02    0.15176E+01    0.18116E+00   -0.12847E+01
    0.17167E+02   -0.66894E+01    0.22876E+01    0.35937E+00    0.46134E+00
    0.10274E+03   -0.41579E+00    0.30279E+02    0.14811E+01    0.27629E+01
    0.97918E+02   -0.18106E+01    0.68960E+01    0.83860E+00    0.19074E+01
    0.86508E+01   -0.25175E+00    0.11454E+03    0.20590E+01    0.31547E+01
    0.76497E+02   -0.26277E+01    0.64734E+01    0.81113E+00    0.15328E+01
    0.57322E+02   -0.22303E+02    0.53305E+00   -0.27323E+00   -0.14633E+01
    0.26094E+02   -0.22909E+02    0.40303E+00   -0.39466E+00   -0.18522E+01
    0.11394E+03   -0.40829E+00    0.22921E+02    0.13602E+01    0.27560E+01
    0.76473E+02   -0.84855E+00    0.16442E+02    0.12160E+01    0.25348E+01
    0.12520E+03   -0.32775E+00    0.13548E+02    0.11319E+01    0.27276E+01
    0.10504E+03   -0.40239E+00    0.23552E+02    0.13720E+01    0.27871E+01
    0.12145E+03   -0.39175E+00    0.16651E+02    0.12214E+01    0.26674E+01
    0.10882E+03   -0.33898E+00    0.20673E+02    0.13154E+01    0.28272E+01
    0.58713E+02   -0.46536E+01    0.47356E+01    0.67538E+00    0.90093E+00
    0.11770E+03   -0.39876E+00    0.19727E+02    0.12951E+01    0.27330E+01
    0.92554E+02   -0.70879E+01    0.26894E+01    0.42966E+00    0.38401E+00
    0.80657E+02   -0.68026E+01    0.26785E+01    0.42788E+00    0.43490E+00
    0.33976E+01   -0.25178E+00    0.87385E+01    0.94144E+00    0.20371E+01
    0.44957E+02   -0.93525E+00    0.31160E+02    0.14936E+01    0.25149E+01
    0.58649E+02   -0.19094E+02    0.28196E+01    0.45018E+00   -0.93184E+00
    0.54748E+02   -0.34736E+00    0.22390E+02    0.13501E+01    0.28709E+01
    0.31278E+02   -0.11050E+02    0.31334E+01    0.49602E+00   -0.88558E-01
    0.93027E+02   -0.93363E+00    0.21990E+02    0.13422E+01    0.24697E+01
    0.90016E+02   -0.10178E+01    0.22580E+02    0.13537E+01    0.24217E+01
    0.97374E+01   -0.40719E+00    0.14642E+02    0.11656E+01    0.24006E+01
    0.10718E+02   -0.53065E+01    0.10231E+02    0.10099E+01    0.71531E+00
    0.96265E+02   -0.57810E+01    0.37017E+01    0.56840E+00    0.64478E+00
    0.60759E+02   -0.15534E+01    0.17261E+02    0.12371E+01    0.22414E+01
    0.67960E+02   -0.12112E+02    0.24998E+01    0.39790E+00   -0.21683E+00
    0.60286E+02   -0.18290E+02    0.19136E+01    0.28185E+00   -0.10359E+01
    0.12803E+03   -0.33419E+01    0.27842E+01    0.44470E+00    0.99265E+00
    0.13578E+03   -0.47578E+00    0.11031E+02    0.10426E+01    0.22017E+01
    0.59223E+02   -0.12769E+02    0.33281E+01    0.52220E+00   -0.22260E+00
    0.13225E+03   -0.96397E+01    0.24035E+01    0.38084E+00   -0.41889E+00
    0.96735E+02   -0.88799E+00    0.35719E+02    0.15529E+01    0.26674E+01
    0.33686E+02   -0.14492E+02    0.18821E+01    0.27465E+00   -0.64382E+00
    0.38112E+02   -0.16531E+02    0.17998E+01    0.25522E+00   -0.94043E+00
    0.13276E+03   -0.39994E+00    0.14008E+02    0.11464E+01    0.24180E+01
    0.13680E+03   -0.19113E+02    0.75173E-01   -0.11239E+01   -0.26726E+01
    0.41056E+02   -0.46864E+01    0.35967E+01    0.55590E+00    0.85240E+00
    0.71606E+02   -0.21579E+02    0.93614E+00   -0.28657E-01   -0.12748E+01
    0.12740E+02   -0.20991E+01    0.65593E+01    0.81685E+00    0.15918E+01
    0.71126E+02   -0.15065E+02    0.25567E+01    0.40769E+00   -0.60234E+00
    0.36081E+02   -0.48980E+01    0.36212E+01    0.55885E+00    0.83407E+00
    0.13310E+03   -0.13384E+01    0.63614E+01    0.80355E+00    0.19546E+01
    0.54910E+02   -0.13879E+02    0.35864E+01    0.55466E+00   -0.20657E+00
    0.77217E+02   -0.42361E+00    0.27707E+02    0.14426E+01    0.27250E+01
    0.26591E+02   -0.58907E+01    0.61244E+01    0.78706E+00    0.71649E+00
    0.13418E+03   -0.41493E+00    0.11872E+02    0.10745E+01    0.24603E+01
    0.23038E+02   -0.17915E+02    0.15500E+01    0.19033E+00   -0.11828E+01
    0.80753E+02   -0.22236E+02    0.17937E+01    0.25375E+00   -0.13314E+01
    0.50738E+02   -0.12986E+02    0.47785E+01    0.67929E+00   -0.25943E+00
    0.11538E+03   -0.47892E+01    0.48919E+01    0.68948E+00    0.77145E+00
    0.10392E+03   -0.48559E+01    0.57412E+01    0.75900E+00    0.96956E+00
    0.11277E+03   -0.48092E+01    0.53997E+01    0.73237E+00    0.85614E+00
    0.11032E+03   -0.47159E+01    0.33087E+01    0.51966E+00    0.93518E+00
    0.10777E+03   -0.48650E+01    0.75829E+01    0.87983E+00    0.95388E+00
    0.10132E+03   -0.48002E+01    0.36712E+01    0.56480E+00    0.93200E+00
    0.11914E+03   -0.46892E+01    0.29417E+01    0.46860E+00    0.73099E+00
    0.98789E+02   -0.48342E+01    0.38620E+01    0.58681E+00    0.86204E+00
    0.12273E+03   -0.46438E+01    0.24051E+01    0.38112E+00    0.61085E+00
    0.63796E+02   -0.97042E+00    0.23087E+02    0.13634E+01    0.25644E+01
    0.11407E+03   -0.46871E+01    0.33599E+01    0.52633E+00    0.82812E+00
    0.11150E+03   -0.47980E+01    0.43962E+01    0.64308E+00    0.87935E+00
    0.10909E+03   -0.48529E+01    0.63896E+01    0.80548E+00    0.93672E+00
    0.10260E+03   -0.48756E+01    0.65752E+01    0.81791E+00    0.94291E+00
    0.10007E+03   -0.47543E+01    0.35433E+01    0.54941E+00    0.91278E+00
    0.12034E+03   -0.45812E+01    0.18914E+01    0.27679E+00    0.69108E+00
    0.12153E+03   -0.45661E+01    0.17684E+01    0.24758E+00    0.70077E+00
    0.11791E+03   -0.47406E+01    0.30052E+01    0.47787E+00    0.71380E+00
    0.10646E+03   -0.48375E+01    0.61915E+01    0.79180E+00    0.97650E+00
    0.84186E+02   -0.56336E+01    0.28687E+01    0.45769E+00    0.63709E+00
    0.12634E+03   -0.11559E+02    0.12200E+01    0.86366E-01   -0.53540E+00
    0.11622E+03   -0.11954E+02    0.31536E+01    0.49880E+00   -0.12649E+00
    0.10510E+03   -0.11976E+02    0.75117E+01    0.87574E+00    0.63078E-01
    0.10740E+03   -0.11914E+02    0.63290E+01    0.80134E+00    0.70065E-01
    0.11390E+03   -0.12016E+02    0.46579E+01    0.66819E+00   -0.61824E-01
    0.10285E+03   -0.11858E+02    0.47771E+01    0.67916E+00    0.38114E-01
    0.97519E+02   -0.48872E+01    0.36948E+01    0.56759E+00    0.82048E+00
    0.12292E+03   -0.12285E+02    0.24062E+01    0.38133E+00   -0.36745E+00
    0.21201E+02   -0.17862E+02    0.14271E+01    0.15444E+00   -0.11552E+01
    0.35574E+02   -0.12843E+02    0.28195E+01    0.45018E+00   -0.41246E+00
    0.58930E+02   -0.11448E+01    0.15675E+02    0.11952E+01    0.23374E+01
    0.14215E+03   -0.10082E+02    0.58872E+00   -0.23009E+00   -0.18114E+01
    0.86921E+02   -0.57228E+01    0.29291E+01    0.46674E+00    0.60360E+00
    0.89726E+02   -0.60134E+01    0.36576E+01    0.56319E+00    0.52908E+00
    0.92619E+02   -0.61508E+01    0.31725E+01    0.50141E+00    0.50976E+00
    0.11846E+03   -0.11980E+02    0.25868E+01    0.41276E+00   -0.20057E+00
    0.12554E+03   -0.25966E+02    0.20607E+00   -0.68598E+00   -0.23728E+01
    0.12399E+03   -0.46687E+01    0.28460E+01    0.45423E+00    0.63560E+00
    0.40304E+02   -0.14596E+02    0.20747E+01    0.31695E+00   -0.63015E+00
    0.81446E+02   -0.55151E+01    0.39919E+01    0.60118E+00    0.65690E+00
    0.85529E+02   -0.56298E+01    0.26733E+01    0.42705E+00    0.62502E+00
    0.96225E+02   -0.49172E+01    0.42478E+01    0.62816E+00    0.77470E+00
    0.88311E+02   -0.59231E+01    0.30182E+01    0.47974E+00    0.55925E+00
    0.39028E+02   -0.93546E+00    0.24693E+02    0.13926E+01    0.25001E+01
    0.91175E+02   -0.60790E+01    0.31037E+01    0.49189E+00    0.52028E+00
    0.87369E+02   -0.13230E+02    0.44260E+01    0.64601E+00   -0.24282E+00
    0.46051E+02   -0.11578E+02    0.31838E+01    0.50294E+00   -0.78992E-01
    0.18311E+02   -0.14387E+02    0.15654E+01    0.19462E+00   -0.77643E+00
    0.13287E+03   -0.12691E+02    0.13696E+01    0.13658E+00   -0.10871E+01
    0.12778E+03   -0.20855E+02    0.19984E+00   -0.69933E+00   -0.20185E+01
    0.74051E+02   -0.76731E+01    0.26784E+01    0.42788E+00    0.29360E+00
    0.80067E+02   -0.54031E+01    0.37276E+01    0.57143E+00    0.68493E+00
    0.22309E+02   -0.27775E+01    0.45813E+01    0.66099E+00    0.13312E+01
    0.43566E+01   -0.34227E+01    0.33677E+01    0.52734E+00    0.56134E+00
    0.72053E+02   -0.59866E+01    0.39350E+01    0.59494E+00    0.52926E+00
    0.74963E+02   -0.63401E+01    0.32031E+01    0.50557E+00    0.48733E+00
    0.13894E+03   -0.12545E+02    0.94743E+00   -0.23453E-01   -0.16567E+01
    0.28918E+02   -0.20753E+02    0.76662E+00   -0.11542E+00   -0.14338E+01
    0.36456E+02   -0.13999E+02    0.28613E+01    0.45657E+00   -0.43665E+00
    0.10365E+03   -0.21372E+02    0.66556E+00   -0.17681E+00   -0.13506E+01
    0.85028E+02   -0.12931E+02    0.37443E+01    0.57337E+00   -0.19968E+00
    0.47546E+02   -0.15450E+01    0.95093E+01    0.97815E+00    0.21719E+01
    0.10638E+03   -0.14127E+02    0.35854E+01    0.55454E+00   -0.21117E+00
    0.90356E+02   -0.74636E+01    0.24635E+01    0.39155E+00    0.33205E+00
    0.99382E+02   -0.15834E+00    0.69365E+02    0.18411E+01    0.33397E+01
    0.73785E+02   -0.13740E+02    0.33101E+01    0.51985E+00   -0.28295E+00
    0.32067E+02   -0.12104E+02    0.34271E+01    0.53492E+00   -0.12009E+00
    0.66719E+02   -0.52468E+01    0.37046E+01    0.56874E+00    0.68383E+00
    0.12526E+03   -0.46536E+01    0.21685E+01    0.33616E+00    0.58204E+00
    0.60234E+02   -0.13812E+02    0.36958E+01    0.56771E+00   -0.23018E+00
    0.13708E+03   -0.95417E+01    0.18153E+01    0.25895E+00   -0.77286E+00
    0.10241E+03   -0.22877E+02    0.74820E+00   -0.12598E+00   -0.14236E+01
    0.61196E+02   -0.16919E+01    0.94708E+01    0.97639E+00    0.20789E+01
    0.10349E+03   -0.41394E+00    0.23538E+02    0.13718E+01    0.26011E+01
    0.70589E+02   -0.57657E+01    0.35394E+01    0.54892E+00    0.56876E+00
    0.73524E+02   -0.61510E+01    0.30006E+01    0.47721E+00    0.51321E+00
    0.69011E+02   -0.13015E+02    0.32326E+01    0.50956E+00   -0.21528E+00
    0.78695E+02   -0.53125E+01    0.38987E+01    0.59092E+00    0.69533E+00
    0.99652E+02   -0.21651E+02    0.12331E+01    0.90981E-01   -0.13781E+01
    0.10486E+02   -0.92339E+00    0.11433E+02    0.10582E+01    0.22403E+01
    0.46901E+02   -0.12639E+02    0.39927E+01    0.60126E+00   -0.10279E+00
    0.36536E+02   -0.55809E+01    0.49273E+01    0.69261E+00    0.75222E+00
    0.71340E+02   -0.13489E+02    0.36596E+01    0.56344E+00   -0.24666E+00
    0.76160E+02   -0.14305E+02    0.29087E+01    0.46370E+00   -0.35762E+00
    0.41645E+02   -0.52775E+01    0.38415E+01    0.58450E+00    0.73692E+00
    0.71239E+02   -0.97836E+00    0.28486E+02    0.14546E+01    0.26022E+01
    0.97570E+02   -0.56847E+01    0.26814E+01    0.42836E+00    0.68878E+00
    0.13313E+03   -0.18344E+00    0.50910E+02    0.17068E+01    0.30775E+01
    0.26937E+02   -0.20953E+02    0.78489E+00   -0.10519E+00   -0.14213E+01
    0.10574E+03   -0.34036E+00    0.24133E+02    0.13826E+01    0.28487E+01
    0.55110E+02   -0.15637E+00    0.85429E+02    0.19316E+01    0.34410E+01
    0.13865E+03   -0.10381E+02    0.50319E+00   -0.29827E+00   -0.15666E+01
    0.57884E+02   -0.13357E+02    0.61040E+01    0.78561E+00   -0.11871E+00
    0.26594E+02   -0.20896E+01    0.46116E+01    0.66385E+00    0.17486E+01
    0.10668E+02   -0.71543E+01    0.22889E+01    0.35963E+00    0.18734E+00
    0.41395E+02   -0.15935E+02    0.28872E+01    0.46048E+00   -0.68711E+00
    0.66716E+02   -0.12645E+02    0.35262E+01    0.54730E+00   -0.15225E+00
    0.13868E+03   -0.48529E+01    0.64656E+01    0.81061E+00    0.20904E+00
    0.49254E+02   -0.13449E+02    0.75462E+01    0.87773E+00   -0.14185E+00
    0.65893E+02   -0.73052E+00    0.15163E+02    0.11808E+01    0.25796E+01
    0.12433E+03   -0.22657E+02    0.20245E+00   -0.69368E+00   -0.20087E+01
    0.13649E+03   -0.43519E+00    0.49420E+01    0.69390E+00    0.20048E+01
    0.65637E+02   -0.15542E+00    0.73745E+02    0.18677E+01    0.33824E+01
    0.34190E+02   -0.13085E+02    0.37520E+01    0.57427E+00   -0.28762E+00
    0.35335E+02   -0.51652E+01    0.30921E+01    0.49026E+00    0.82095E+00
    0.38814E+02   -0.14867E+02    0.25238E+01    0.40206E+00   -0.54303E+00
    0.40366E+02   -0.49968E+01    0.32734E+01    0.51500E+00    0.77150E+00
    0.10688E+03   -0.15110E+01    0.19680E+02    0.12940E+01    0.22570E+01
    0.11667E+03   -0.47548E+01    0.40010E+01    0.60217E+00    0.77690E+00
    0.10518E+03   -0.48546E+01    0.58657E+01    0.76832E+00    0.97394E+00
    0.22208E+02   -0.17948E+01    0.85702E+01    0.93299E+00    0.18010E+01
    0.10306E+03   -0.10291E+01    0.11108E+02    0.10456E+01    0.23534E+01
    0.12520E+03   -0.12213E+02    0.16849E+01    0.22656E+00   -0.48029E+00
    0.76436E+02   -0.64481E+01    0.28740E+01    0.45848E+00    0.47628E+00
    0.25688E+02   -0.59520E+01    0.72718E+01    0.86164E+00    0.81835E+00
    0.44800E+02   -0.11909E+02    0.45048E+01    0.65367E+00    0.19370E-01
    0.12959E+03   -0.19923E+02    0.30696E+00   -0.51292E+00   -0.19136E+01
    0.11166E+03   -0.11822E+02    0.33822E+01    0.52919E+00   -0.11348E-01
    0.12672E+03   -0.54023E+01    0.28812E+01    0.45957E+00    0.44683E+00
    0.99640E+02   -0.74506E+00    0.30490E+02    0.14842E+01    0.27647E+01
    0.18303E+02   -0.19086E+02    0.65038E+00   -0.18683E+00   -0.14790E+01
    0.82835E+02   -0.55882E+01    0.37628E+01    0.57552E+00    0.64304E+00
    0.94589E+02   -0.13702E+02    0.30095E+01    0.47849E+00   -0.31297E+00
    0.96963E+02   -0.61595E+01    0.26660E+01    0.42585E+00    0.58229E+00
    0.14060E+03   -0.23838E+00    0.58024E+01    0.76361E+00    0.19068E+01
    0.12068E+03   -0.12185E+02    0.26681E+01    0.42620E+00   -0.28629E+00
    0.77886E+02   -0.85300E+00    0.15541E+02    0.11915E+01    0.25241E+01
    0.13991E+03   -0.51128E+01    0.16591E+01    0.21988E+00   -0.43669E+00
    0.78614E+02   -0.61873E+01    0.33933E+01    0.53062E+00    0.56992E+00
    0.65303E+02   -0.18643E+01    0.58629E+01    0.76811E+00    0.19334E+01
    0.12748E+03   -0.12383E+02    0.11168E+01    0.47973E-01   -0.68953E+00
    0.92262E+02   -0.13613E+02    0.32747E+01    0.51517E+00   -0.29981E+00
    0.12406E+03   -0.54507E+01    0.18902E+01    0.27651E+00    0.43874E+00
    0.77869E+02   -0.65604E+01    0.25993E+01    0.41486E+00    0.46531E+00
    0.10311E+03   -0.20752E+00    0.14338E+03    0.21565E+01    0.34200E+01
    0.13386E+03   -0.16330E+00    0.48786E+02    0.16883E+01    0.31600E+01
    0.59875E+02   -0.22303E+02    0.66489E+00   -0.17725E+00   -0.14071E+01
    0.59600E+02   -0.72438E+01    0.23398E+01    0.36918E+00    0.48360E+00
    0.81367E+02   -0.11038E+01    0.14344E+02    0.11567E+01    0.23176E+01
    0.23741E+01   -0.23424E+01    0.28940E+01    0.46150E+00    0.63229E+00
    0.91802E+02   -0.74806E+01    0.21115E+01    0.32458E+00    0.33860E+00
    0.55589E+02   -0.12762E+02    0.51540E+01    0.71215E+00   -0.76035E-01
    0.34535E+02   -0.86674E+00    0.24000E+02    0.13802E+01    0.25320E+01
    0.69295E+02   -0.54273E+01    0.18093E+01    0.25751E+00    0.63942E+00
    0.13760E+03   -0.12078E+01    0.27754E+01    0.44332E+00    0.13835E+01
    0.90133E+01   -0.44243E+00    0.84049E+01    0.92453E+00    0.22699E+01
    0.11362E+03   -0.15587E+00    0.62627E+02    0.17968E+01    0.33089E+01
    0.13261E+03   -0.14557E+01    0.48934E+01    0.68961E+00    0.18235E+01
    0.79272E+02   -0.66320E+01    0.22495E+01    0.35209E+00    0.45774E+00
    0.11055E+03   -0.10081E+01    0.12615E+02    0.11009E+01    0.23439E+01
    0.11111E+03   -0.17908E+01    0.10023E+02    0.10010E+01    0.18525E+01
    0.10147E+03   -0.15375E+01    0.12485E+02    0.10964E+01    0.21686E+01
    0.10538E+03   -0.15351E+00    0.74161E+02    0.18702E+01    0.33956E+01
    0.90073E+02   -0.18962E+02    0.22332E+01    0.34893E+00   -0.92921E+00
    0.10878E+03   -0.13775E+02    0.46620E+01    0.66858E+00   -0.17384E+00
    0.11519E+01   -0.31276E+00    0.10299E+02    0.10128E+01    0.19201E+01
    0.11063E+03   -0.11140E+02    0.27499E+01    0.43932E+00   -0.20633E-01
    0.17093E+02   -0.51286E+01    0.53827E+01    0.73100E+00    0.76905E+00
    0.73380E+02   -0.70318E+01    0.22807E+01    0.35807E+00    0.39644E+00
    0.31527E+02   -0.62855E+01    0.37505E+01    0.57408E+00    0.67750E+00
    0.10914E+03   -0.14572E+00    0.68738E+02    0.18372E+01    0.34079E+01
    0.26872E+02   -0.25007E+01    0.51526E+01    0.71202E+00    0.15626E+01
    0.12427E+03   -0.91237E+00    0.10758E+02    0.10317E+01    0.22634E+01
    0.13124E+03   -0.11895E+02    0.13414E+01    0.12755E+00   -0.80826E+00
    0.68048E+02   -0.53370E+01    0.24370E+01    0.38686E+00    0.65440E+00
    0.68188E+02   -0.60795E+01    0.19187E+01    0.28300E+00    0.53307E+00
    0.93452E+02   -0.12842E+02    0.25625E+01    0.40867E+00   -0.32783E+00
    0.57751E+02   -0.88751E+00    0.26713E+02    0.14267E+01    0.26635E+01
    0.10951E+03   -0.32763E+00    0.11364E+02    0.10555E+01    0.26548E+01
    0.11738E+03   -0.14888E+00    0.62942E+02    0.17989E+01    0.33510E+01
    0.10048E+03   -0.83816E+00    0.23602E+02    0.13729E+01    0.25346E+01
    0.14156E+03   -0.15344E+01    0.18062E+01    0.25677E+00    0.36055E+00
    0.12598E+02   -0.27181E+01    0.51870E+01    0.71491E+00    0.13696E+01
    0.11381E+03   -0.13408E+02    0.28455E+01    0.45416E+00   -0.41859E+00
    0.12047E+03   -0.91131E+00    0.75667E+01    0.87890E+00    0.22567E+01
    0.60834E+02   -0.10577E+01    0.13920E+02    0.11437E+01    0.23813E+01
    0.12076E+03   -0.32682E+00    0.15772E+02    0.11979E+01    0.27014E+01
    0.13723E+03   -0.46186E+00    0.44788E+01    0.65116E+00    0.17739E+01
    0.22477E+02   -0.87316E+00    0.16990E+02    0.12302E+01    0.24288E+01
    0.11701E+03   -0.33289E+00    0.12923E+02    0.11114E+01    0.25984E+01
    0.17498E+02   -0.12161E+02    0.21282E+01    0.32802E+00   -0.39813E+00
    0.20560E+02   -0.10710E+01    0.11705E+02    0.10684E+01    0.21872E+01
    0.12451E+03   -0.32383E+00    0.11606E+02    0.10647E+01    0.26210E+01
    0.12112E+03   -0.14455E+00    0.41678E+02    0.16199E+01    0.31976E+01
    0.68983E+02   -0.61201E+01    0.16238E+01    0.21054E+00    0.53093E+00
    0.10956E+03   -0.11754E+02    0.34007E+01    0.53156E+00    0.55416E-01
    0.57366E+02   -0.11379E+01    0.14816E+02    0.11707E+01    0.23134E+01
    0.11325E+03   -0.33959E+00    0.19739E+02    0.12953E+01    0.27953E+01
    0.16731E+01   -0.29755E+01    0.73529E+00   -0.13354E+00   -0.72259E-01
    0.12487E+03   -0.14227E+00    0.52054E+02    0.17165E+01    0.33079E+01
    0.77974E+02   -0.16271E+01    0.92225E+01    0.96485E+00    0.20957E+01
    0.12767E+03   -0.22907E+02    0.13463E+00   -0.87086E+00   -0.22467E+01
    0.14252E+02   -0.85748E+00    0.16684E+02    0.12223E+01    0.25130E+01
    0.80004E+02   -0.62233E+01    0.24744E+01    0.39347E+00    0.56273E+00
    0.12604E+03   -0.23757E+02    0.12963E+00   -0.88728E+00   -0.22627E+01
    0.97870E+02   -0.10825E+01    0.13486E+02    0.11299E+01    0.23194E+01
    0.32974E+02   -0.20291E+02    0.11881E+01    0.74850E-01   -0.13204E+01
    0.13221E+03   -0.42570E+01    0.45888E+01    0.66170E+00    0.83906E+00
    0.24007E+02   -0.88757E+00    0.19438E+02    0.12887E+01    0.24391E+01
    0.34544E+02   -0.15587E+02    0.12209E+01    0.86682E-01   -0.68641E+00
    0.22833E+02   -0.11329E+01    0.11078E+02    0.10445E+01    0.21779E+01
    0.74273E+02   -0.86336E+00    0.23057E+02    0.13628E+01    0.26268E+01
    0.61668E+02   -0.19697E+02    0.15707E+01    0.19608E+00   -0.10322E+01
    0.23613E+02   -0.11460E+01    0.13156E+02    0.11191E+01    0.21672E+01
    0.11047E+03   -0.54037E+01    0.17739E+01    0.24892E+00    0.77695E+00
    0.91117E+02   -0.69570E+01    0.21502E+01    0.33249E+00    0.39432E+00
    0.75380E+02   -0.11317E+01    0.14442E+02    0.11596E+01    0.23106E+01
    0.79855E+02   -0.11216E+01    0.15755E+02    0.11974E+01    0.23214E+01
    0.14048E+03   -0.24477E+01    0.21421E+01    0.33083E+00    0.41880E+00
    0.10730E+03   -0.85997E+00    0.46513E+02    0.16676E+01    0.27701E+01
    0.53261E+02   -0.94039E+00    0.52345E+02    0.17189E+01    0.26883E+01
    0.27342E+02   -0.10972E+01    0.15070E+02    0.11781E+01    0.22458E+01
    0.21930E+02   -0.14632E+01    0.75078E+01    0.87551E+00    0.20469E+01
    0.12830E+03   -0.54598E+01    0.39253E+01    0.59387E+00    0.52952E+00
    0.76818E+02   -0.10645E+01    0.10997E+02    0.10413E+01    0.23461E+01
    0.54638E+02   -0.11661E+02    0.34075E+01    0.53243E+00   -0.51081E-01
    0.10161E+03   -0.10859E+01    0.12134E+02    0.10840E+01    0.23144E+01
    0.81743E+02   -0.87662E+00    0.20121E+02    0.13037E+01    0.26302E+01
    0.13050E+03   -0.90145E+00    0.75943E+01    0.88049E+00    0.22552E+01
    0.12886E+03   -0.69215E+01    0.13189E+01    0.12020E+00    0.28665E+00
    0.11671E+03   -0.92430E+00    0.84865E+01    0.92873E+00    0.22807E+01
    0.47295E+02   -0.86019E+00    0.20410E+02    0.13098E+01    0.26597E+01
    0.10976E+03   -0.89106E+00    0.10525E+02    0.10222E+01    0.23702E+01
    0.13947E+03   -0.39144E+00    0.79907E+00   -0.97417E-01    0.13188E+01
    0.10171E+03   -0.18297E+01    0.58579E+01    0.76774E+00    0.19229E+01
    0.10684E+03   -0.15628E+02    0.26845E+01    0.42887E+00   -0.53262E+00
    0.12401E+02   -0.17235E+01    0.93924E+01    0.97277E+00    0.18543E+01
    0.93997E+02   -0.70682E+01    0.19698E+01    0.29443E+00    0.39388E+00
    0.25119E+02   -0.10852E+01    0.10851E+02    0.10355E+01    0.22371E+01
    0.10644E+03   -0.56623E+01    0.37727E+01    0.57665E+00    0.80948E+00
    0.13350E+03   -0.34673E+00    0.78321E+01    0.89388E+00    0.23788E+01
    0.10428E+03   -0.87607E+00    0.29048E+02    0.14631E+01    0.26260E+01
    0.12156E+03   -0.53213E+01    0.18211E+01    0.26034E+00    0.53553E+00
    0.14166E+03   -0.40885E+01    0.10324E+01    0.13865E-01   -0.42298E+00
    0.35931E+02   -0.15335E+02    0.10396E+01    0.16886E-01   -0.76088E+00
    0.10222E+03   -0.18096E+01    0.64244E+01    0.80783E+00    0.19618E+01
    0.54823E+02   -0.72973E+00    0.31689E+02    0.15009E+01    0.28135E+01
    0.10097E+03   -0.14966E+01    0.14048E+02    0.11476E+01    0.21963E+01
    0.18398E+02   -0.11102E+01    0.73687E+01    0.86739E+00    0.21318E+01
    0.13876E+03   -0.94677E+00    0.31101E+01    0.49278E+00    0.15025E+01
    0.27254E+02   -0.15536E+01    0.11551E+02    0.10626E+01    0.20946E+01
    0.76237E+02   -0.15435E+01    0.10538E+02    0.10228E+01    0.21849E+01
    0.25872E+02   -0.10608E+01    0.99683E+01    0.99862E+00    0.22639E+01
    0.59303E+02   -0.84172E+00    0.27764E+02    0.14435E+01    0.26830E+01
    0.40127E+02   -0.10749E+01    0.13209E+02    0.11209E+01    0.23568E+01
    0.45658E+02   -0.38741E+01    0.66328E+01    0.82170E+00    0.11172E+01
    0.12373E+03   -0.68999E+01    0.10913E+01    0.37941E-01    0.21918E+00
    0.13800E+03   -0.44617E+00    0.22584E+01    0.35380E+00    0.15546E+01
    0.68741E+02   -0.49518E+01    0.25987E+01    0.41476E+00    0.78397E+00
    0.97116E+02   -0.10667E+01    0.11181E+02    0.10485E+01    0.23452E+01
    0.35194E+02   -0.59319E+01    0.21756E+01    0.33759E+00    0.67761E+00
    0.75005E+02   -0.88344E+00    0.23821E+02    0.13770E+01    0.25187E+01
    0.11134E+03   -0.10439E+01    0.12043E+02    0.10807E+01    0.22767E+01
    0.77186E+02   -0.85549E+00    0.26027E+02    0.14154E+01    0.26643E+01
    0.74650E+02   -0.22635E+02    0.79192E+00   -0.10132E+00   -0.14558E+01
    0.10642E+03   -0.16591E+01    0.90771E+01    0.95795E+00    0.20286E+01
    0.14198E+03   -0.30627E+01    0.73481E+00   -0.13383E+00   -0.36114E+00
    0.13396E+03   -0.11751E+02    0.90495E+00   -0.43375E-01   -0.10780E+01
    0.80245E+02   -0.85476E+00    0.25811E+02    0.14118E+01    0.26850E+01
    0.26456E+01   -0.13003E+01    0.12998E+01    0.11387E+00    0.98521E+00
    0.12752E+03   -0.57677E+01    0.25169E+01    0.40086E+00    0.41008E+00
    0.16163E+02   -0.11057E+01    0.72220E+01    0.85865E+00    0.21810E+01
    0.11211E+03   -0.99409E+00    0.85143E+01    0.93015E+00    0.22871E+01
    0.76110E+02   -0.10961E+01    0.11773E+02    0.10709E+01    0.23239E+01
    0.13875E+03   -0.44617E+00    0.20605E+01    0.31397E+00    0.15147E+01
    0.93406E+02   -0.10785E+01    0.10533E+02    0.10225E+01    0.23357E+01
    0.36645E+02   -0.16718E+02    0.10996E+01    0.41238E-01   -0.93575E+00
    0.13948E+02   -0.14975E+01    0.59274E+01    0.77286E+00    0.20447E+01
    0.76007E+02   -0.23149E+01    0.82631E+01    0.91714E+00    0.17610E+01
    0.10346E+03   -0.83090E+00    0.20473E+02    0.13112E+01    0.25282E+01
    0.14149E+03   -0.24308E+00    0.53787E+01    0.73068E+00    0.18569E+01
    0.11250E+03   -0.78978E+00    0.18266E+02    0.12616E+01    0.24930E+01
    0.97495E+02   -0.83274E+00    0.14664E+02    0.11662E+01    0.25277E+01
    0.12246E+03   -0.23617E+02    0.32319E+00   -0.49054E+00   -0.19504E+01
    0.10392E+03   -0.56847E+01    0.41428E+01    0.61729E+00    0.80632E+00
    0.18870E+02   -0.12044E+02    0.14636E+01    0.16542E+00   -0.49258E+00
    0.10570E+03   -0.70455E+00    0.31166E+02    0.14937E+01    0.28248E+01
    0.10980E+03   -0.13022E+02    0.27024E+01    0.43174E+00   -0.24326E+00
    0.58310E+02   -0.72694E+01    0.25808E+01    0.41175E+00    0.49490E+00
    0.19440E+02   -0.13304E+02    0.15555E+01    0.19188E+00   -0.54782E+00
    0.13585E+03   -0.10212E+02    0.63405E+00   -0.19788E+00   -0.10392E+01
    0.94506E+02   -0.86771E+00    0.22173E+02    0.13458E+01    0.25232E+01
    0.34135E+00   -0.21928E+00    0.65354E+01    0.81527E+00    0.20310E+01
    0.67457E+01   -0.50299E+00    0.11183E+02    0.10486E+01    0.21790E+01
    0.12904E+03   -0.92068E+00    0.15678E+02    0.11953E+01    0.22818E+01
    0.39400E+02   -0.10957E+01    0.11740E+02    0.10697E+01    0.23467E+01
    0.18032E+02   -0.87970E+00    0.12876E+02    0.11098E+01    0.23947E+01
    0.22872E+01   -0.43037E+00    0.15226E+01    0.18260E+00    0.14830E+01
    0.11630E+03   -0.78808E+00    0.19435E+02    0.12886E+01    0.25875E+01
    0.13234E+02   -0.11427E+01    0.97035E+01    0.98693E+00    0.21088E+01
    0.60217E+01   -0.47727E+00    0.62028E+01    0.79259E+00    0.19850E+01
    0.60117E+02   -0.64850E+01    0.20942E+01    0.32101E+00    0.56066E+00
    0.13134E+02   -0.30839E+01    0.44368E+01    0.64707E+00    0.11520E+01
    0.13554E+03   -0.11796E+02    0.10815E+01    0.34010E-01   -0.10242E+01
    0.10689E+03   -0.10504E+01    0.17662E+02    0.12470E+01    0.23427E+01
    0.24745E+02   -0.83143E+00    0.17835E+02    0.12513E+01    0.26065E+01
    0.47654E+02   -0.10985E+01    0.10477E+02    0.10202E+01    0.23248E+01
    0.52518E+01   -0.51511E+00    0.65681E+01    0.81744E+00    0.17769E+01
    0.12005E+03   -0.77897E+00    0.11413E+02    0.10574E+01    0.23810E+01
    0.10125E+03   -0.83230E+00    0.22072E+02    0.13439E+01    0.26814E+01
    0.11290E+03   -0.94648E+00    0.15338E+02    0.11858E+01    0.23419E+01
    0.10527E+03   -0.22532E+02    0.84798E+00   -0.71615E-01   -0.13315E+01
    0.46966E+02   -0.11022E+01    0.10528E+02    0.10224E+01    0.23341E+01
    0.39785E+02   -0.23668E+02    0.43704E+00   -0.35948E+00   -0.18154E+01
    0.14132E+03   -0.23615E+01    0.16754E+01    0.22411E+00    0.24698E+00
    0.10234E+03   -0.10789E+01    0.12628E+02    0.11013E+01    0.23430E+01
    0.10647E+03   -0.79889E+00    0.21568E+02    0.13338E+01    0.25660E+01
    0.74653E+02   -0.10927E+01    0.11807E+02    0.10721E+01    0.23301E+01
    0.44893E+01   -0.44616E+00    0.21790E+01    0.33827E+00    0.16186E+01
    0.10087E+03   -0.10426E+01    0.11506E+02    0.10609E+01    0.23290E+01
    0.30348E+01   -0.50220E+00    0.17496E+01    0.24295E+00    0.13057E+01
    0.92722E+02   -0.17614E+01    0.71747E+01    0.85580E+00    0.19957E+01
    0.80613E+02   -0.11006E+01    0.13774E+02    0.11391E+01    0.23365E+01
    0.10246E+03   -0.15172E+01    0.10700E+02    0.10294E+01    0.21939E+01
    0.47248E+02   -0.57507E+01    0.41932E+01    0.62255E+00    0.72213E+00
    0.94694E+02   -0.76009E+01    0.24821E+01    0.39482E+00    0.34852E+00
    0.46581E+01   -0.18385E+01    0.71210E+01    0.85254E+00    0.13575E+01
    0.10944E+03   -0.68103E+00    0.14684E+02    0.11668E+01    0.25891E+01
    0.12080E+03   -0.67566E+00    0.17129E+02    0.12337E+01    0.26073E+01
    0.12381E+03   -0.77647E+00    0.16813E+02    0.12256E+01    0.25333E+01
    0.13492E+03   -0.97867E+00    0.68721E+01    0.83709E+00    0.20131E+01
    0.11019E+03   -0.74384E+00    0.18554E+02    0.12684E+01    0.26972E+01
    0.12459E+03   -0.67624E+00    0.13179E+02    0.11199E+01    0.24826E+01
    0.14101E+03   -0.10637E+01    0.38803E+01    0.58887E+00    0.10276E+01
    0.71417E+02   -0.23572E+02    0.43777E+00   -0.35876E+00   -0.17362E+01
    0.98436E+02   -0.18701E+01    0.49237E+01    0.69230E+00    0.18573E+01
    0.11705E+03   -0.68562E+00    0.13129E+02    0.11182E+01    0.24906E+01
    0.37790E+01   -0.44233E+00    0.21726E+01    0.33697E+00    0.15888E+01
    0.13278E+03   -0.76980E+00    0.93377E+01    0.97024E+00    0.23728E+01
    0.21735E+02   -0.81737E+00    0.15495E+02    0.11902E+01    0.25612E+01
    0.14020E+03   -0.41331E+00    0.15821E+01    0.19923E+00    0.14453E+01
    0.11329E+03   -0.69841E+00    0.21524E+02    0.13329E+01    0.27245E+01
    0.39752E+02   -0.83418E+00    0.21324E+02    0.13289E+01    0.26805E+01
    0.14076E+03   -0.13579E+02    0.21420E+00   -0.66917E+00   -0.22207E+01
    0.22090E+02   -0.10446E+01    0.85299E+01    0.93095E+00    0.22354E+01
    0.24376E+02   -0.10682E+01    0.89852E+01    0.95353E+00    0.22320E+01
    0.13301E+03   -0.44179E+01    0.57991E+01    0.76336E+00    0.91225E+00
    0.24481E+02   -0.68962E+01    0.51854E+01    0.71478E+00    0.68217E+00
    0.13460E+03   -0.94239E+01    0.16166E+01    0.20862E+00   -0.50703E+00
    0.13550E+02   -0.84393E+00    0.10970E+02    0.10402E+01    0.23832E+01
    0.84949E+02   -0.14283E+02    0.16294E+01    0.21203E+00   -0.48409E+00
    0.93752E+02   -0.82139E+00    0.19661E+02    0.12936E+01    0.26506E+01
    0.13347E+03   -0.10202E+02    0.12989E+01    0.11358E+00   -0.64118E+00
    0.53711E+02   -0.10600E+01    0.16751E+02    0.12240E+01    0.23977E+01
    0.46371E+02   -0.57741E+01    0.28310E+01    0.45194E+00    0.70996E+00
    0.10745E+03   -0.13198E+02    0.24587E+01    0.39070E+00   -0.25628E+00
    0.59024E+02   -0.60007E+01    0.23317E+01    0.36766E+00    0.63688E+00
    0.11175E+03   -0.79986E+00    0.18426E+02    0.12654E+01    0.26317E+01
    0.13913E+02   -0.10391E+01    0.44867E+01    0.65193E+00    0.21699E+01
    0.97189E+02   -0.14945E+01    0.10483E+02    0.10205E+01    0.22046E+01
    0.14245E+03   -0.12194E+02    0.30689E+00   -0.51302E+00   -0.20954E+01
    0.54053E+02   -0.77466E+00    0.18233E+02    0.12609E+01    0.26126E+01
    0.15519E+01   -0.49272E+00    0.17241E+01    0.23656E+00    0.13101E+01
    0.26774E+02   -0.16786E+01    0.62502E+01    0.79590E+00    0.19338E+01
    0.26966E+02   -0.84455E+00    0.17071E+02    0.12323E+01    0.24826E+01
    0.26247E+02   -0.80241E+00    0.16071E+02    0.12060E+01    0.26545E+01
    0.19438E+01   -0.37614E+01    0.59545E+00   -0.22515E+00   -0.20379E+00
    0.94117E+02   -0.10420E+01    0.11194E+02    0.10490E+01    0.23509E+01
    0.11634E+02   -0.19787E+02    0.79740E-01   -0.10983E+01   -0.23058E+01
    0.15788E+02   -0.86021E+00    0.21680E+02    0.13361E+01    0.25718E+01
    0.25883E+02   -0.75169E+01    0.41433E+01    0.61735E+00    0.58962E+00
    0.79773E+01   -0.13963E+01    0.87747E+01    0.94323E+00    0.18206E+01
    0.12745E+03   -0.66594E+01    0.15068E+01    0.17807E+00    0.28484E+00
    0.93233E+02   -0.75246E+01    0.19142E+01    0.28200E+00    0.34321E+00
    0.25370E+02   -0.67383E+01    0.36914E+01    0.56719E+00    0.57390E+00
    0.37712E+02   -0.24139E+02    0.82100E+00   -0.85658E-01   -0.17494E+01
    0.68040E+02   -0.74528E+01    0.11309E+01    0.53439E-01    0.32556E+00
    0.11146E+03   -0.14769E+01    0.12407E+02    0.10937E+01    0.20970E+01
    0.14239E+03   -0.50042E+01    0.36300E+00   -0.44010E+00   -0.10188E+01
    0.66610E+02   -0.59764E+01    0.17819E+01    0.25089E+00    0.56160E+00
    0.93237E+02   -0.18138E+01    0.64089E+01    0.80679E+00    0.19053E+01
    0.93527E+02   -0.15126E+01    0.85955E+01    0.93427E+00    0.21518E+01
    0.13352E+03   -0.71021E+00    0.68783E+01    0.83748E+00    0.22314E+01
    0.73431E+02   -0.21073E+02    0.71479E+00   -0.14582E+00   -0.13589E+01
    0.39549E+02   -0.15226E+01    0.90408E+01    0.95621E+00    0.21517E+01
    0.68907E+02   -0.74991E+01    0.11745E+01    0.69843E-01    0.32710E+00
    0.73924E+02   -0.19274E+02    0.31593E+01    0.49960E+00   -0.95507E+00
    0.27657E+02   -0.19022E+01    0.11414E+02    0.10575E+01    0.18256E+01
    0.59739E+02   -0.57810E+01    0.27782E+01    0.44376E+00    0.68002E+00
    0.92429E+02   -0.21672E+01    0.46919E+01    0.67135E+00    0.17724E+01
    0.10733E+03   -0.17913E+01    0.11344E+02    0.10548E+01    0.19641E+01
    0.12083E+03   -0.22827E+02    0.30522E+00   -0.51539E+00   -0.18226E+01
    0.11697E+02   -0.69596E+01    0.13330E+01    0.12481E+00    0.86543E-01
    0.75824E+02   -0.18939E+02    0.28862E+01    0.46032E+00   -0.10637E+01
    0.77512E+02   -0.10575E+01    0.98285E+01    0.99249E+00    0.23429E+01
    0.75537E+02   -0.26456E+01    0.43083E+01    0.63431E+00    0.15304E+01
    0.11889E+03   -0.23585E+02    0.35949E+00   -0.44431E+00   -0.17924E+01
    0.28326E+01   -0.36970E+01    0.13527E+01    0.13120E+00    0.29777E+00
    0.87820E+01   -0.18458E+01    0.13919E+02    0.11436E+01    0.18064E+01
    0.74626E+02   -0.15665E+01    0.10186E+02    0.10080E+01    0.21665E+01
    0.59913E+02   -0.79899E+01    0.26875E+01    0.42935E+00    0.38158E+00
    0.22928E+02   -0.25806E+01    0.75947E+01    0.88051E+00    0.14800E+01
    0.51924E+01   -0.23412E+01    0.56168E+01    0.74949E+00    0.11105E+01
    0.34108E+02   -0.17006E+02    0.62484E+00   -0.20423E+00   -0.10453E+01
    0.13838E+03   -0.11719E+01    0.14115E+01    0.14968E+00    0.12563E+01
    0.13923E+03   -0.11351E+01    0.17896E+01    0.25275E+00    0.10832E+01
    0.46158E+02   -0.65293E+01    0.33806E+01    0.52900E+00    0.61484E+00
    0.60897E+02   -0.80158E+01    0.27060E+01    0.43232E+00    0.36493E+00
    0.24469E+02   -0.15126E+01    0.85095E+01    0.92990E+00    0.20740E+01
    0.22703E+01   -0.87626E+00    0.16407E+01    0.21503E+00    0.13936E+01
    0.26590E+02   -0.10101E+01    0.78067E+01    0.89246E+00    0.23202E+01
    0.14204E+03   -0.63820E+01    0.70076E+00   -0.15443E+00   -0.99549E+00
    0.58608E+02   -0.20922E+02    0.44408E+00   -0.35253E+00   -0.14099E+01
    0.12462E+03   -0.68919E+01    0.13733E+01    0.13776E+00    0.34861E+00
    0.13800E+03   -0.88781E+00    0.20989E+01    0.32199E+00    0.15406E+01
    0.13957E+03   -0.80942E+00    0.11206E+01    0.49444E-01    0.12719E+01
    0.13318E+03   -0.91677E+00    0.47754E+01    0.67901E+00    0.20477E+01
    0.47097E+02   -0.15448E+01    0.92969E+01    0.96834E+00    0.21785E+01
    0.14109E+03   -0.48146E+00    0.19192E+01    0.28313E+00    0.10311E+01
    0.12801E+03   -0.70914E+01    0.69383E+00   -0.15874E+00    0.18799E+00
    0.64829E+02   -0.17879E+01    0.55452E+01    0.74391E+00    0.20106E+01
    0.92720E+02   -0.25344E+01    0.35710E+01    0.55279E+00    0.15607E+01
    0.74324E+00   -0.53205E+00    0.18581E+01    0.26906E+00    0.11252E+01
    0.18023E+02   -0.64120E+01    0.14682E+01    0.16680E+00    0.38658E+00
    0.45040E+02   -0.39629E+01    0.29754E+01    0.47354E+00    0.10326E+01
    0.26487E+02   -0.13877E+01    0.58374E+01    0.76622E+00    0.21635E+01
    0.44887E+02   -0.45721E+01    0.15697E+01    0.19581E+00    0.90725E+00
    0.14199E+03   -0.24308E+00    0.50194E+01    0.70066E+00    0.18268E+01
    0.95965E+01   -0.89125E+00    0.27174E+02    0.14342E+01    0.23535E+01
    0.12234E+03   -0.54133E+01    0.29290E+01    0.46671E+00    0.60416E+00
    0.12491E+03   -0.54354E+01    0.23590E+01    0.37272E+00    0.54437E+00
