# vtk DataFile Version 3.0
Output from R2
ASCII
DATASET UNSTRUCTURED_GRID
POINTS       1392 double
     0.00000     0.00000   0.
     1.50000     0.00000   0.
     3.00000     0.00000   0.
     4.50000     0.00000   0.
     6.00000     0.00000   0.
     7.50000     0.00000   0.
     9.00000     0.00000   0.
    10.50000     0.00000   0.
    12.00000     0.00000   0.
    13.50000     0.00000   0.
    15.00000     0.00000   0.
    16.50000     0.00000   0.
    18.00000     0.00000   0.
    19.50000     0.00000   0.
    21.00000     0.00000   0.
    22.50000     0.00000   0.
    24.00000     0.00000   0.
    25.50000     0.00000   0.
    27.00000     0.00000   0.
    28.50000     0.00000   0.
    30.00000     0.00000   0.
    31.50000     0.00000   0.
    33.00000     0.00000   0.
    34.50000     0.00000   0.
    36.00000     0.00000   0.
    37.50000     0.00000   0.
    39.00000     0.00000   0.
    40.50000     0.00000   0.
    42.00000     0.00000   0.
    43.50000     0.00000   0.
    45.00000     0.00000   0.
    46.50000     0.00000   0.
    48.00000     0.00000   0.
    49.50000     0.00000   0.
    51.00000     0.00000   0.
    52.50000     0.00000   0.
    54.00000     0.00000   0.
    55.50000     0.00000   0.
    57.00000     0.00000   0.
    58.50000     0.00000   0.
    60.00000     0.00000   0.
    61.50000     0.00000   0.
    63.00000     0.00000   0.
    64.50000     0.00000   0.
    66.00000     0.00000   0.
    67.50000     0.00000   0.
    69.00000     0.00000   0.
    70.50000     0.00000   0.
    72.00000     0.00000   0.
    73.50000     0.00000   0.
    75.00000     0.00000   0.
    76.50000     0.00000   0.
    78.00000     0.00000   0.
    79.50000     0.00000   0.
    81.00000     0.00000   0.
    82.50000     0.00000   0.
    84.00000     0.00000   0.
    85.50000     0.00000   0.
    87.00000     0.00000   0.
    88.50000     0.00000   0.
    90.00000     0.00000   0.
    91.50000     0.00000   0.
    93.00000     0.00000   0.
    94.50000     0.00000   0.
    96.00000     0.00000   0.
    97.50000     0.00000   0.
    99.00000     0.00000   0.
   100.50000     0.00000   0.
   102.00000     0.00000   0.
   103.50000     0.00000   0.
   105.00000     0.00000   0.
   106.50000     0.00000   0.
   108.00000     0.00000   0.
   109.50000     0.00000   0.
   111.00000     0.00000   0.
   112.50000     0.00000   0.
   114.00000     0.00000   0.
   115.50000     0.00000   0.
   117.00000     0.00000   0.
   118.50000     0.00000   0.
   120.00000     0.00000   0.
   121.50000     0.00000   0.
   123.00000     0.00000   0.
   124.50000     0.00000   0.
   126.00000     0.00000   0.
   127.50000     0.00000   0.
   129.00000     0.00000   0.
   130.50000     0.00000   0.
   132.00000     0.00000   0.
   133.50000     0.00000   0.
   135.00000     0.00000   0.
   136.50000     0.00000   0.
   138.00000     0.00000   0.
   139.50000     0.00000   0.
   141.00000     0.00000   0.
   142.50000     0.00000   0.
    -2.42000   -28.50000   0.
     2.66000   -28.50000   0.
     7.74000   -28.50000   0.
    12.82000   -28.50000   0.
    17.90000   -28.50000   0.
    22.98000   -28.50000   0.
    28.06000   -28.50000   0.
    33.15000   -28.50000   0.
    38.23000   -28.50000   0.
    43.31000   -28.50000   0.
    48.39000   -28.50000   0.
    53.47000   -28.50000   0.
    58.55000   -28.50000   0.
    63.63000   -28.50000   0.
    68.71000   -28.50000   0.
    73.79000   -28.50000   0.
    78.87000   -28.50000   0.
    83.95000   -28.50000   0.
    89.03000   -28.50000   0.
    94.11000   -28.50000   0.
    99.19000   -28.50000   0.
   104.27000   -28.50000   0.
   109.35000   -28.50000   0.
   114.44000   -28.50000   0.
   119.52000   -28.50000   0.
   124.60000   -28.50000   0.
   129.68000   -28.50000   0.
   134.76000   -28.50000   0.
   139.84000   -28.50000   0.
   144.92000   -28.50000   0.
     0.75000     0.00000   0.
     2.25000     0.00000   0.
     3.75000     0.00000   0.
     5.25000     0.00000   0.
     6.75000     0.00000   0.
     8.25000     0.00000   0.
     9.75000     0.00000   0.
    11.25000     0.00000   0.
    12.75000     0.00000   0.
    14.25000     0.00000   0.
    15.75000     0.00000   0.
    17.25000     0.00000   0.
    18.75000     0.00000   0.
    20.25000     0.00000   0.
    21.75000     0.00000   0.
    23.25000     0.00000   0.
    24.75000     0.00000   0.
    26.25000     0.00000   0.
    27.75000     0.00000   0.
    29.25000     0.00000   0.
    30.75000     0.00000   0.
    32.25000     0.00000   0.
    33.75000     0.00000   0.
    35.25000     0.00000   0.
    36.75000     0.00000   0.
    38.25000     0.00000   0.
    39.75000     0.00000   0.
    41.25000     0.00000   0.
    42.75000     0.00000   0.
    44.25000     0.00000   0.
    45.75000     0.00000   0.
    47.25000     0.00000   0.
    48.75000     0.00000   0.
    50.25000     0.00000   0.
    51.75000     0.00000   0.
    53.25000     0.00000   0.
    54.75000     0.00000   0.
    56.25000     0.00000   0.
    57.75000     0.00000   0.
    59.25000     0.00000   0.
    60.75000     0.00000   0.
    62.25000     0.00000   0.
    63.75000     0.00000   0.
    65.25000     0.00000   0.
    66.75000     0.00000   0.
    68.25000     0.00000   0.
    69.75000     0.00000   0.
    71.25000     0.00000   0.
    72.75000     0.00000   0.
    74.25000     0.00000   0.
    75.75000     0.00000   0.
    77.25000     0.00000   0.
    78.75000     0.00000   0.
    80.25000     0.00000   0.
    81.75000     0.00000   0.
    83.25000     0.00000   0.
    84.75000     0.00000   0.
    86.25000     0.00000   0.
    87.75000     0.00000   0.
    89.25000     0.00000   0.
    90.75000     0.00000   0.
    92.25000     0.00000   0.
    93.75000     0.00000   0.
    95.25000     0.00000   0.
    96.75000     0.00000   0.
    98.25000     0.00000   0.
    99.75000     0.00000   0.
   101.25000     0.00000   0.
   102.75000     0.00000   0.
   104.25000     0.00000   0.
   105.75000     0.00000   0.
   107.25000     0.00000   0.
   108.75000     0.00000   0.
   110.25000     0.00000   0.
   111.75000     0.00000   0.
   113.25000     0.00000   0.
   114.75000     0.00000   0.
   116.25000     0.00000   0.
   117.75000     0.00000   0.
   119.25000     0.00000   0.
   120.75000     0.00000   0.
   122.25000     0.00000   0.
   123.75000     0.00000   0.
   125.25000     0.00000   0.
   126.75000     0.00000   0.
   128.25000     0.00000   0.
   129.75000     0.00000   0.
   131.25000     0.00000   0.
   132.75000     0.00000   0.
   134.25000     0.00000   0.
   135.75000     0.00000   0.
   137.25000     0.00000   0.
   138.75000     0.00000   0.
   140.25000     0.00000   0.
   141.75000     0.00000   0.
   127.04981    -0.76935   0.
   123.37500    -0.64952   0.
   130.85217    -0.71456   0.
   134.44799    -0.75490   0.
   119.62500    -0.64952   0.
   138.37500    -0.68900   0.
   115.87500    -0.64952   0.
   112.13496    -0.60635   0.
   108.52343    -0.57979   0.
   104.75638    -0.74664   0.
   100.87500    -0.63743   0.
    97.12500    -0.64952   0.
    93.37500    -0.64133   0.
    89.63826    -0.74154   0.
    85.86437    -0.53447   0.
    82.10318    -0.70559   0.
    78.27899    -0.68202   0.
    74.62500    -0.63969   0.
    70.88119    -0.72346   0.
    67.14876    -0.69157   0.
    63.38150    -0.72403   0.
    59.69777    -0.61356   0.
    55.76339    -0.62546   0.
    52.10771    -0.51372   0.
    48.37500    -0.64952   0.
    44.62500    -0.64952   0.
    40.91956    -0.65834   0.
    37.04227    -0.80465   0.
    33.33602    -0.75096   0.
    29.63064    -0.53647   0.
    25.87500    -0.64224   0.
    22.12500    -0.63624   0.
    18.37500    -0.64952   0.
    14.65060    -0.67885   0.
    10.87615    -0.74576   0.
     7.10333    -0.85565   0.
     3.44281    -0.75535   0.
   141.71776    -0.72925   0.
     0.27405    -0.65785   0.
    91.50755   -23.73551   0.
    75.79782   -24.44053   0.
    21.13830   -24.00950   0.
   106.53178   -24.30244   0.
    60.89273   -24.39496   0.
    35.51165   -25.03676   0.
   132.22000   -24.10059   0.
   116.76668   -23.99659   0.
    51.35135   -24.17275   0.
     9.87050   -24.56677   0.
   125.48725    -0.55642   0.
    61.80427    -0.79946   0.
   128.64070    -0.67429   0.
    31.80958    -0.65647   0.
    16.12500    -0.64300   0.
    65.02998    -0.60595   0.
   132.37500    -0.64952   0.
   121.73150    -0.74161   0.
   136.15429    -0.56951   0.
   117.97589    -0.74965   0.
   114.21592    -0.75726   0.
   110.61404    -0.61857   0.
   106.86984    -0.62115   0.
     9.33733    -0.57205   0.
    12.39519    -0.69811   0.
    19.91397    -0.51929   0.
    23.62500    -0.66281   0.
    27.37177    -0.64218   0.
    34.93616    -0.64753   0.
    38.63204    -0.72483   0.
    42.33839    -0.71331   0.
    46.18057    -0.72006   0.
    49.89084    -0.54493   0.
    53.62580    -0.62363   0.
    57.37500    -0.66459   0.
    68.62500    -0.64952   0.
    72.36508    -0.73097   0.
    76.12284    -0.64782   0.
    79.87500    -0.64952   0.
    83.67192    -0.81364   0.
    87.40981    -0.70437   0.
    91.12529    -0.73823   0.
    94.91662    -0.66893   0.
    98.70223    -0.61495   0.
   102.36166    -0.62479   0.
     5.68152    -0.77850   0.
   143.00931    -0.95188   0.
   142.17263    -2.12709   0.
    -1.95619   -10.78382   0.
   144.10940   -18.48739   0.
     0.07614   -24.38035   0.
    -2.35353   -16.72289   0.
     2.46723   -13.94103   0.
     3.25045    -9.19441   0.
     6.17703   -11.93512   0.
     6.90445    -8.63562   0.
     9.12621   -10.52345   0.
     9.57584    -7.68938   0.
    11.68802    -9.28291   0.
    11.45749   -12.15624   0.
    13.88355   -10.93728   0.
    14.17179    -8.35948   0.
    16.12754    -9.76452   0.
    16.29383    -7.29726   0.
    18.19140    -8.37135   0.
    18.16555   -10.92014   0.
    20.18842    -9.70646   0.
    20.27107    -7.48073   0.
    22.10409    -8.52630   0.
    22.21487   -10.86721   0.
    24.26934    -9.24485   0.
    24.39473   -11.95773   0.
    26.36842   -10.55263   0.
    26.33902    -8.35533   0.
    28.29446    -9.25911   0.
    28.77332   -11.61168   0.
    30.43366   -10.10603   0.
    29.93058    -8.16156   0.
    32.04351    -8.83918   0.
    32.52092   -10.89076   0.
    34.20849    -9.47785   0.
    34.68689   -11.72669   0.
    36.38404   -10.19072   0.
    36.94923   -12.54601   0.
    38.86443   -10.58940   0.
    39.33308   -13.41484   0.
    41.21989   -11.68613   0.
    40.93166    -9.30747   0.
    43.02686   -10.09040   0.
    42.55439    -7.92153   0.
    44.57451    -8.59634   0.
    45.13243   -10.70432   0.
    46.69234    -9.16313   0.
    47.28876   -11.33748   0.
    48.96271    -9.73684   0.
    40.63625    -6.94670   0.
    49.53838   -11.99811   0.
    51.28093   -10.33348   0.
    52.13406   -12.49795   0.
    53.62904   -10.85422   0.
    52.98316    -8.71589   0.
    55.12134    -9.24393   0.
    55.87486   -11.35749   0.
    57.40338    -9.39618   0.
    58.15552   -11.85445   0.
    59.54886   -10.14026   0.
    60.49960   -12.38968   0.
    61.86400   -10.33314   0.
    62.92418   -12.92646   0.
    64.52475   -11.00922   0.
    63.74970    -8.83118   0.
    65.98380    -9.26897   0.
    66.88667   -11.36311   0.
    68.29821    -9.43415   0.
    69.19526   -11.71258   0.
    70.58485    -9.88826   0.
    41.80546   -14.37906   0.
    71.54105   -12.09502   0.
    72.98546    -9.89806   0.
    73.95065   -12.42481   0.
    75.47345   -10.49550   0.
    76.41072   -12.82515   0.
    78.00575   -10.87158   0.
    78.86461   -13.33843   0.
    80.44541   -11.18092   0.
    79.62400    -8.78377   0.
    81.90097    -9.28324   0.
    82.78457   -11.40609   0.
    84.23686    -9.20567   0.
    85.13906   -11.51883   0.
    86.53697    -9.61943   0.
    87.46038   -11.71172   0.
    88.72652    -9.83874   0.
    89.86125   -12.02942   0.
    91.08475    -9.72417   0.
    92.26438   -12.13842   0.
    93.66969    -9.80826   0.
    94.67546   -12.25550   0.
    96.05824   -10.29355   0.
    97.10596   -12.52009   0.
    98.40140   -10.47919   0.
    97.49242    -8.21522   0.
    99.70236    -8.57831   0.
   100.68433   -10.55947   0.
   101.79426    -8.67206   0.
   102.91226   -10.54844   0.
   103.98330    -8.36500   0.
   105.12413   -10.56250   0.
   106.31620    -8.33912   0.
   107.34401   -10.56679   0.
   108.47132    -8.70168   0.
   109.55216   -10.59655   0.
   110.64732    -8.77356   0.
   111.76408   -10.66081   0.
   112.78502    -8.79826   0.
   113.97359   -10.73780   0.
   115.02844    -8.49663   0.
   116.22636   -10.75117   0.
   117.41591    -8.47555   0.
   118.47036   -10.75072   0.
   119.61486    -8.86863   0.
   120.70730   -10.82244   0.
   121.82046    -8.94599   0.
   122.94709   -10.89741   0.
   124.05717    -8.77707   0.
   125.20593   -10.90614   0.
   126.32495    -8.98569   0.
   127.47415   -11.00848   0.
   128.66187    -8.99044   0.
   124.04318   -12.97154   0.
    74.77629    -8.39419   0.
    92.48259    -8.05388   0.
    58.93993    -7.96420   0.
    69.76243    -7.79272   0.
    87.84797    -7.91274   0.
    48.12021    -7.60896   0.
    70.04039   -14.07343   0.
    82.96603    -7.51177   0.
    65.31499    -7.16202   0.
    54.51310    -7.15102   0.
    33.65355    -7.16434   0.
   120.74697    -7.30117   0.
   125.44486    -7.10167   0.
   109.59871    -6.89986   0.
   101.76722   -12.32740   0.
   116.24788    -6.99208   0.
    83.82150   -13.64463   0.
    56.48236   -14.15441   0.
   105.18153    -6.86476   0.
    22.20939   -13.42735   0.
    24.66127   -14.70502   0.
    32.79818   -13.26931   0.
   129.92420   -11.10803   0.
   131.03601    -8.98963   0.
   100.74802    -6.65716   0.
    44.09444    -6.51120   0.
   112.66130   -12.64505   0.
    21.96198    -6.45480   0.
   129.85793    -6.98456   0.
   131.99657    -6.96588   0.
   117.35606   -12.44558   0.
   106.28497   -12.66884   0.
   133.34883    -8.84920   0.
   134.23519    -6.44544   0.
    88.52316   -14.34823   0.
    14.55295    -6.17056   0.
    13.82756   -13.83224   0.
    20.42591    -5.54792   0.
    16.18168    -5.26775   0.
   128.61568   -13.37938   0.
   131.43203   -13.49545   0.
    47.68125   -13.88636   0.
    22.03729    -4.47273   0.
   135.76692    -8.74531   0.
   136.72379    -6.45887   0.
   130.82106    -5.31560   0.
    95.67433   -14.71942   0.
   129.14648    -5.23024   0.
     7.73358    -6.12058   0.
     9.64900    -5.35795   0.
    63.32314    -6.87452   0.
    64.49595    -5.47869   0.
    62.90740    -5.14697   0.
    52.61540    -6.72306   0.
    53.84119    -5.42100   0.
    52.31183    -4.98330   0.
    63.98380    -4.00213   0.
    65.40998    -4.24638   0.
    62.55096    -3.72503   0.
    61.53490    -4.74452   0.
    14.84704    -4.35392   0.
   138.37983    -8.66483   0.
   137.10690   -11.21484   0.
    74.96722   -14.49735   0.
    61.20178    -3.39305   0.
    60.21646    -4.31713   0.
    53.44542    -3.94865   0.
    54.82769    -4.25578   0.
    52.04935    -3.56200   0.
    50.98504    -4.49858   0.
    20.55771    -3.85572   0.
    61.19075   -14.98368   0.
    63.98831   -15.59193   0.
   129.94636    -3.90982   0.
   128.54013    -3.85213   0.
   131.44332    -3.84887   0.
    11.14472   -15.11855   0.
    13.75325   -16.93987   0.
    16.27693    -3.69087   0.
    37.33438   -15.19292   0.
    23.42403    -5.42322   0.
    23.44093    -3.84529   0.
    24.69860    -4.55523   0.
   135.57236    -4.61484   0.
   137.51380    -4.42481   0.
    24.56110    -3.14917   0.
    25.88968    -3.56288   0.
     8.19346    -4.13026   0.
     6.49802    -4.38415   0.
    50.74425    -3.15596   0.
    49.72639    -3.99714   0.
     9.89456    -3.60827   0.
    59.91256    -3.04534   0.
    58.95512    -3.92306   0.
    54.45304    -2.97816   0.
    55.66992    -3.22891   0.
    56.45254    -4.37089   0.
    58.75364    -2.67055   0.
   129.92823   -16.11521   0.
   133.19159   -16.29114   0.
    22.21770   -16.29562   0.
    24.95906   -17.75944   0.
    11.32506    -4.40181   0.
    49.56954    -2.56084   0.
    48.51585    -3.53246   0.
    11.25345    -2.91654   0.
    64.92094    -2.89521   0.
    66.27063    -3.18568   0.
    66.77422    -4.41635   0.
    67.59412    -3.36042   0.
    68.10297    -4.55997   0.
    68.91338    -3.50543   0.
    69.45775    -4.70902   0.
    70.29531    -3.65167   0.
    70.82871    -4.90986   0.
    71.68402    -3.80697   0.
    72.22371    -5.08864   0.
    73.06949    -3.95158   0.
    69.64325    -2.37690   0.
    17.57451    -4.35444   0.
    17.49975    -2.98038   0.
    73.63857    -5.26385   0.
    74.47530    -4.11772   0.
    75.07705    -5.42621   0.
    75.95145    -4.05715   0.
    76.54646    -5.56575   0.
    77.38924    -4.35704   0.
    76.94704    -3.09300   0.
    78.21307    -3.27105   0.
    78.77800    -4.47072   0.
    79.53758    -3.36865   0.
    80.12376    -4.55605   0.
    80.85530    -3.42117   0.
    81.47005    -4.63318   0.
    82.23366    -3.50733   0.
    73.90834    -2.90142   0.
    82.83464    -4.70139   0.
    83.60497    -3.57702   0.
    84.20692    -4.79236   0.
    84.99924    -3.46350   0.
    85.59264    -4.84054   0.
    86.36002    -3.68251   0.
    15.07270    -2.86028   0.
     0.53057    -6.50569   0.
    86.98236    -4.94008   0.
    87.74442    -3.75962   0.
    88.38427    -5.02491   0.
    89.19644    -3.67222   0.
    89.80710    -5.08076   0.
    90.58679    -3.89535   0.
    88.50671    -2.64166   0.
    91.23091    -5.18394   0.
    92.05719    -3.79805   0.
    92.67602    -5.24251   0.
    93.46850    -4.04047   0.
    94.14422    -5.33143   0.
    94.87034    -4.10260   0.
    94.20880    -2.94692   0.
    95.51566    -2.77021   0.
    96.21188    -4.08790   0.
    96.81693    -2.95873   0.
    97.49330    -4.08495   0.
    98.13134    -2.95684   0.
    98.78173    -4.07765   0.
    99.43776    -2.97527   0.
   100.06897    -4.07153   0.
   100.67830    -2.97076   0.
   101.34395    -4.06181   0.
   101.97714    -2.92650   0.
   102.62550    -4.04482   0.
   103.27860    -2.94506   0.
   103.90748    -4.03743   0.
   104.51431    -2.94031   0.
   105.17737    -4.01553   0.
   105.91045    -2.78783   0.
   106.47107    -3.98990   0.
   107.18522    -2.91473   0.
   107.73267    -3.98686   0.
   108.34910    -2.90697   0.
   108.99860    -3.98890   0.
   109.72276    -2.77535   0.
   110.27983    -3.95923   0.
   111.01069    -2.90884   0.
   111.55748    -3.96842   0.
   112.18319    -2.86415   0.
   112.80953    -3.95440   0.
   113.40754    -2.86645   0.
   114.06484    -3.94430   0.
   114.69472    -2.64819   0.
   115.33005    -3.89843   0.
   115.95680    -2.81198   0.
   116.59065    -3.90019   0.
   117.18936    -2.82857   0.
   117.84631    -3.90440   0.
   118.47024    -2.62073   0.
   119.10713    -3.86231   0.
   119.72631    -2.78220   0.
   120.36355    -3.87399   0.
   120.95899    -2.79894   0.
   121.61428    -3.87061   0.
   122.23345    -2.59391   0.
   122.87005    -3.82794   0.
   123.48730    -2.75054   0.
   124.12281    -3.83923   0.
   124.71791    -2.76617   0.
   125.37380    -3.84000   0.
   125.86458    -2.70234   0.
   118.57009    -5.33940   0.
   112.07092    -5.43918   0.
   127.54125    -4.81912   0.
    91.34278    -2.66174   0.
   129.17187    -2.51852   0.
   123.24258    -5.27975   0.
    98.15118    -5.25463   0.
    80.72701    -5.86922   0.
    26.00611    -5.13869   0.
    27.14328    -4.27697   0.
    27.14977    -2.99207   0.
    28.25632    -3.47039   0.
    28.49991    -4.85470   0.
    29.49279    -3.93154   0.
    84.26055    -2.46452   0.
    29.29174    -2.48971   0.
    30.46227    -3.05214   0.
    30.74584    -4.35559   0.
    31.75275    -3.43778   0.
    32.04648    -4.72513   0.
    33.00704    -3.78536   0.
    32.65990    -2.42401   0.
    33.91596    -2.86443   0.
    34.26964    -4.11406   0.
    35.18858    -3.16282   0.
    35.55875    -4.39716   0.
    36.49199    -3.44289   0.
    36.87278    -4.72769   0.
    37.83255    -3.73429   0.
    38.21463    -5.03566   0.
    39.14632    -3.99891   0.
    36.92326    -6.44572   0.
    38.76534    -2.58841   0.
    39.99903    -3.00528   0.
    40.45705    -4.21320   0.
    41.30488    -3.22585   0.
    41.75869    -4.45031   0.
    42.55456    -3.41741   0.
    36.10053    -2.19820   0.
   107.08729    -5.24012   0.
    23.57474    -2.39373   0.
    60.82605    -2.13491   0.
    98.46983   -15.06862   0.
    96.66692   -17.68979   0.
   100.06053   -17.87386   0.
    93.36461   -16.97279   0.
    98.12461   -20.49401   0.
    27.59408   -15.86465   0.
    27.93135   -19.22608   0.
   103.28229    -5.26421   0.
    90.42889    -6.48289   0.
    65.80598    -2.04806   0.
    13.80414    -3.34336   0.
    81.61321    -2.30752   0.
    48.30682    -2.35121   0.
    47.35292    -3.10943   0.
    47.56554    -4.37635   0.
    46.38802    -3.83599   0.
    46.61884    -5.11446   0.
    46.25343    -2.49117   0.
    45.10233    -3.25333   0.
     8.60135    -2.54646   0.
   136.39668    -2.83595   0.
   134.77528    -3.09110   0.
    16.80899   -15.38872   0.
    67.38036    -5.86454   0.
   114.70904    -5.08293   0.
    39.82254    -1.93029   0.
    16.57805   -18.74977   0.
    49.90483    -5.34427   0.
    77.68594    -2.09629   0.
   138.14767    -2.58890   0.
   139.80000    -0.52479   0.
   139.41334    -3.97989   0.
    62.00378   -17.84185   0.
    65.13007   -18.56455   0.
    51.79326    -2.21863   0.
    96.38571    -2.09781   0.
   133.85242    -4.33179   0.
    24.65195    -1.97310   0.
   140.46049   -11.26331   0.
   141.67508    -7.98379   0.
    60.49081    -5.68787   0.
    72.76148    -6.47028   0.
   128.01346    -2.62763   0.
    45.29632    -2.22699   0.
    42.09942    -2.25779   0.
    43.22174    -2.44629   0.
    10.10610    -2.24817   0.
   100.02907    -2.03508   0.
     7.05591   -15.95541   0.
    30.71261   -17.29013   0.
    58.73692   -16.92500   0.
    12.66242    -7.10508   0.
    13.98772    -2.02036   0.
   126.39297   -15.54228   0.
   128.05748   -18.86709   0.
   124.53709   -18.67219   0.
    55.33415    -2.04611   0.
    56.42456    -2.27066   0.
    50.67608    -1.88844   0.
   126.10167   -21.87308   0.
   103.84819    -1.99274   0.
   104.99701    -1.79139   0.
    76.50506    -1.98987   0.
   101.19409    -1.99956   0.
   101.68724   -20.82448   0.
   103.80076   -17.84952   0.
    97.34625    -1.93318   0.
   105.97262    -1.75952   0.
    10.56562   -18.30670   0.
   107.80746    -2.05583   0.
   108.91915    -1.98097   0.
    30.90128   -20.74064   0.
    33.77603   -18.51336   0.
    34.84684    -2.09771   0.
    75.09440    -2.98193   0.
    98.90136    -2.11164   0.
   102.72350    -1.93941   0.
    30.38981    -1.83968   0.
     7.52337   -20.47534   0.
   109.99499    -1.77324   0.
   116.62485    -1.89541   0.
   115.57178    -1.65820   0.
   112.84841    -1.92235   0.
   111.72673    -1.92818   0.
   120.39174    -1.87286   0.
     3.36080    -5.88211   0.
     0.97293    -3.71149   0.
     1.95000    -0.53986   0.
     3.63957    -3.51816   0.
    18.86267    -6.46523   0.
    43.38521    -4.67573   0.
   130.55717    -2.47302   0.
   131.92686    -2.48967   0.
   129.83139    -1.59184   0.
    21.71650    -2.98459   0.
    20.56545    -2.32663   0.
    19.48973    -3.06671   0.
   122.57657   -21.72284   0.
   120.65970   -18.32032   0.
   122.78726    -7.12597   0.
    84.81875    -6.08815   0.
   124.14931    -1.84758   0.
    24.95769   -21.33811   0.
   113.91306    -1.81612   0.
    54.19687    -1.86404   0.
   119.37970    -1.58721   0.
    83.01116    -2.37575   0.
    90.07039    -2.66690   0.
    93.06813    -2.88789   0.
    92.19666    -1.78625   0.
    77.15681    -1.29566   0.
    21.64695    -1.89190   0.
    95.40670    -8.23754   0.
     7.12969    -2.89020   0.
    57.76541    -3.54041   0.
    57.93636    -4.87128   0.
    57.01130    -6.06346   0.
    25.52587    -2.38282   0.
    26.31398    -1.75894   0.
    35.68482    -8.08239   0.
    37.67896    -8.37053   0.
    77.03045    -8.48155   0.
    78.53270    -7.09522   0.
    16.26626    -2.20540   0.
    17.46345    -1.71302   0.
   117.64912    -1.74279   0.
    63.55286    -2.56314   0.
    64.38576    -1.81893   0.
    62.19183    -2.38543   0.
    37.42616    -2.38296   0.
   123.13423    -1.57308   0.
    30.95294    -5.72839   0.
    96.33005    -6.67927   0.
    74.54443    -2.06103   0.
    73.54445    -1.75905   0.
    50.76077    -8.09833   0.
   121.41180    -1.72562   0.
    61.89272    -8.04178   0.
    93.73995    -1.94357   0.
    94.69283    -2.07505   0.
    59.62399    -1.97420   0.
    58.57967    -1.52294   0.
   139.65019    -2.38568   0.
    72.58777    -2.58403   0.
    71.15788    -2.48921   0.
    40.89170    -2.18766   0.
    45.98026    -7.38009   0.
   125.25217    -1.87093   0.
   126.35771    -1.64452   0.
    89.32957    -1.79363   0.
    19.41827    -1.82727   0.
    53.11483    -2.50010   0.
    87.14449    -2.46756   0.
    85.85122    -2.48612   0.
    85.12584    -1.57886   0.
    80.24809    -2.19006   0.
    80.97688    -1.38711   0.
    78.92649    -2.31487   0.
   120.90852    -5.00383   0.
    68.30217    -2.39162   0.
    67.06091    -2.30602   0.
    31.37423    -2.25032   0.
   118.94157    -7.09904   0.
    48.88843    -1.50354   0.
    15.05032    -1.55657   0.
    20.93676    -1.34104   0.
    33.73440    -1.65437   0.
   127.32600    -7.49424   0.
   142.73887    -3.85034   0.
   137.17673    -1.64888   0.
    90.75176    -1.76082   0.
   135.41640    -1.86246   0.
   134.20767    -1.81789   0.
   133.40181    -2.90756   0.
   139.24217   -15.15543   0.
    87.84300    -1.70118   0.
    86.52840    -1.66682   0.
   111.77230   -24.33132   0.
   113.79976   -20.36091   0.
   109.47742   -20.46699   0.
   111.77245   -17.01809   0.
   107.66569   -17.16939   0.
   114.94469   -17.44095   0.
    56.26065   -24.24530   0.
    53.54822   -20.44998   0.
    49.56085   -20.22842   0.
    51.75685   -16.91678   0.
    47.02880   -23.17074   0.
    45.67577   -19.30173   0.
    41.73237   -23.62363   0.
    40.52945   -19.60560   0.
    15.21532   -23.38044   0.
    34.63591    -5.52926   0.
    23.59106    -7.17122   0.
   111.55046    -7.16752   0.
   113.54820    -6.74997   0.
    42.22427    -5.98658   0.
    44.64422    -5.08095   0.
    71.94049    -1.70230   0.
    43.83655    -3.37386   0.
    52.61585    -1.64912   0.
    11.25358    -1.72265   0.
    12.19873    -2.24599   0.
   109.31651    -1.06021   0.
    13.23246    -4.92325   0.
    70.50871    -1.65077   0.
    69.56636    -1.37714   0.
   113.34491    -1.07646   0.
    57.62601    -2.21966   0.
   117.10675    -1.05821   0.
    19.11725    -4.57198   0.
    38.29226    -1.70679   0.
    63.03903    -1.69825   0.
   107.70875    -6.88977   0.
   142.12294   -24.15403   0.
    28.11415    -2.31092   0.
    28.63485    -1.47803   0.
   120.86630    -1.04652   0.
    67.40129   -15.83296   0.
    68.67661   -19.17055   0.
    66.56697   -21.42840   0.
    69.82721   -22.41710   0.
    72.13946   -19.75340   0.
    27.90272    -7.46830   0.
   126.53497    -3.71927   0.
   125.79528    -5.23386   0.
    86.77979   -24.13625   0.
    88.57714   -20.25047   0.
    84.67590   -20.33709   0.
    82.37369   -24.00867   0.
    81.03038   -19.98721   0.
     2.42660   -19.59497   0.
    54.97562    -1.14711   0.
    67.16194    -7.65393   0.
    18.45134    -2.26366   0.
   103.41054    -1.25089   0.
   124.74731    -1.05723   0.
    83.05951   -16.93270   0.
    86.60149   -17.11944   0.
    79.81633   -16.34095   0.
    77.84223   -18.74736   0.
   128.50856    -1.75706   0.
   127.44738    -1.64461   0.
   110.26967   -14.39970   0.
    31.08399    -1.26212   0.
    32.80766    -1.43368   0.
    67.83489    -1.41345   0.
   109.79546    -5.20189   0.
   105.61584    -1.09255   0.
   102.62718    -6.85827   0.
   144.32429   -10.99860   0.
    48.21851    -5.78779   0.
    55.25341   -17.20959   0.
    38.75770    -6.68127   0.
    47.31566    -1.99754   0.
    56.17424    -7.48791   0.
    82.36910    -1.65976   0.
   137.13918   -24.29297   0.
   134.99485   -20.22454   0.
    51.32119    -1.33083   0.
    41.59993    -1.33489   0.
    98.96782    -6.87786   0.
    71.69651    -8.15710   0.
    89.99504   -17.08785   0.
     7.60263    -1.82652   0.
     6.38368    -1.63243   0.
     5.80691    -2.84445   0.
   131.11304    -1.70505   0.
     5.59215    -6.39031   0.
    96.03494   -24.45570   0.
    60.35883    -1.21556   0.
    85.87220    -7.66658   0.
    35.45055    -1.35043   0.
    36.89358    -1.64379   0.
    48.30018   -16.76296   0.
    45.02516   -15.20737   0.
    99.44996    -1.15895   0.
     7.91165    -0.82367   0.
   117.30951   -19.58903   0.
    61.66929    -1.63082   0.
    57.09238   -20.25225   0.
    75.64173    -6.87511   0.
   132.90702    -1.81507   0.
   133.56808    -1.09044   0.
    45.79320    -1.47177   0.
    42.82543    -1.54064   0.
    43.84986    -1.39546   0.
    43.20558    -0.78909   0.
    83.71582    -1.65877   0.
    66.55768    -1.43691   0.
    65.71835    -1.10446   0.
    69.76635    -5.98645   0.
    53.83600   -14.70852   0.
    58.34602    -6.34688   0.
    94.05956   -21.04556   0.
   100.71830    -5.02104   0.
    95.55328    -5.34143   0.
   139.11665    -6.15397   0.
    32.26891    -5.97452   0.
     5.04944   -24.33624   0.
    19.87627   -14.70057   0.
   129.37500    -0.64952   0.
   127.89941    -0.80755   0.
   126.23435    -0.71445   0.
    32.58728    -0.67523   0.
    64.25586    -0.84030   0.
    15.37500    -0.64952   0.
   130.13476    -0.70653   0.
   131.59837    -0.75874   0.
   132.09120    -1.44248   0.
   122.62346    -0.72458   0.
   135.43430    -0.85784   0.
   118.87176    -0.72848   0.
   115.11045    -0.74045   0.
   111.37483    -0.62911   0.
   107.69504    -0.64362   0.
    11.62915    -0.76150   0.
    13.13702    -0.66296   0.
    13.88127    -0.64517   0.
    17.65041    -0.69303   0.
    19.25387    -0.81405   0.
    21.36446    -0.63680   0.
    22.87500    -0.66459   0.
    23.19321    -1.41537   0.
    24.37500    -0.63999   0.
    26.62308    -0.62616   0.
    28.14694    -0.69249   0.
    28.87500    -0.64952   0.
    30.37556    -0.72648   0.
    34.12500    -0.64952   0.
    36.35844    -0.59692   0.
    37.87946    -0.69237   0.
    39.37500    -0.64952   0.
    45.38676    -0.68558   0.
    46.92273    -0.66975   0.
    47.63984    -0.65802   0.
    48.00000    -1.38454   0.
    49.12500    -0.64952   0.
    50.63173    -0.74063   0.
    52.76970    -0.76841   0.
    56.59597    -0.68331   0.
    56.98155    -1.44144   0.
    58.13828    -0.69018   0.
    61.05097    -0.64784   0.
    62.62908    -0.67907   0.
    66.29997    -0.62084   0.
    67.87173    -0.55091   0.
    70.09688    -0.73329   0.
    71.61446    -0.74872   0.
    73.13076    -0.75401   0.
    75.37500    -0.64952   0.
    75.75000    -1.38450   0.
    79.04637    -0.71579   0.
    79.45336    -1.45004   0.
    80.62500    -0.64952   0.
    82.87500    -0.64952   0.
    84.37975    -0.62855   0.
    86.59428    -0.76074   0.
    88.16409    -0.74559   0.
    88.91478    -0.78320   0.
    90.37755    -0.76619   0.
    91.86616    -0.75725   0.
    92.61464    -0.75701   0.
    94.12996    -0.63115   0.
    95.60827    -0.55842   0.
    96.33104    -0.66123   0.
    97.88787    -0.65149   0.
   100.07499    -0.60122   0.
   101.62278    -0.64492   0.
   101.97409    -1.39827   0.
    16.91481    -0.73919   0.
    85.12358    -0.74649   0.
    81.37500    -0.64952   0.
    73.87718    -0.67296   0.
    58.89473    -0.67232   0.
    40.13243    -0.64749   0.
    55.42917    -5.72541   0.
    25.12500    -0.64952   0.
    25.49883    -1.40143   0.
    65.46297   -13.31324   0.
    43.53570   -12.32992   0.
    39.68810    -5.38163   0.
    72.71371    -1.50607   0.
    81.31181    -7.52183   0.
    94.77370    -6.68469   0.
   122.89012   -15.54321   0.
   120.47017   -14.94522   0.
   131.52763   -19.07683   0.
    89.58198    -8.09017   0.
   139.02340   -19.94101   0.
    30.07918   -14.20356   0.
    10.12500    -0.64952   0.
   136.82957    -0.73607   0.
    16.08124   -12.49210   0.
    24.79998    -6.01963   0.
    62.88342   -21.14689   0.
    93.31480    -6.63964   0.
   105.47017   -20.56837   0.
   105.35443   -15.29301   0.
    26.59738   -13.06391   0.
   137.62500    -0.64952   0.
   132.51503    -5.13457   0.
    78.41525    -1.53693   0.
    19.44914   -17.59868   0.
    54.41353    -0.57297   0.
    51.04898    -6.09342   0.
    91.10545   -14.56949   0.
    30.60500   -25.01405   0.
    12.50973    -3.39830   0.
   141.20526    -5.20446   0.
    99.44612   -12.63082   0.
    27.51025    -5.83576   0.
    98.25000    -1.39867   0.
    56.07942    -1.45634   0.
    61.84946    -6.27485   0.
    48.78623    -4.60760   0.
    81.46532   -13.80729   0.
   101.84125   -14.78514   0.
    16.50000    -1.38611   0.
    69.37500    -0.64835   0.
    59.24619    -5.16634   0.
    13.40833   -19.73836   0.
    20.19566   -12.14098   0.
   118.46934    -1.48577   0.
    68.67384    -1.49059   0.
   122.22689    -1.47176   0.
    33.32549    -5.14279   0.
    77.95687    -5.68262   0.
   101.73000   -25.08239   0.
    29.81155    -5.10418   0.
    12.06955    -1.38307   0.
    87.60501    -6.26777   0.
     8.99227   -13.13775   0.
    27.75221    -1.38415   0.
   114.70119    -1.52404   0.
   116.08649    -5.38616   0.
   117.32561    -4.97805   0.
   104.56066    -5.26609   0.
   105.81482    -5.28233   0.
   113.44051    -5.03416   0.
   110.87691    -4.98652   0.
   108.48691    -5.36790   0.
   101.89087    -5.31789   0.
    99.43412    -5.17033   0.
   119.74327    -4.86578   0.
   122.06813    -4.82372   0.
     6.38370    -0.65332   0.
    18.75000    -1.38450   0.
   108.57565   -12.50498   0.
   115.07768   -12.66504   0.
   121.76810   -12.98731   0.
    83.53122    -6.02019   0.
   103.88071   -12.69755   0.
   139.12500    -0.64952   0.
   138.77533    -1.50178   0.
     0.05476    -1.86921   0.
     1.66096    -2.10086   0.
    21.93678   -19.69087   0.
    82.14013    -6.04293   0.
    86.17419    -5.96062   0.
    88.94253    -6.47654   0.
    91.86521    -6.57012   0.
   103.87725    -0.61925   0.
   124.60930    -4.88702   0.
    26.25802    -6.69764   0.
    91.45653    -1.54086   0.
     4.82379    -0.76682   0.
     5.25000    -1.67239   0.
     4.20393    -1.33610   0.
     3.07608    -1.81211   0.
    86.12245   -13.62865   0.
    96.91120    -5.32217   0.
     4.14411    -0.57166   0.
    71.17320    -6.40084   0.
    68.52236    -6.78751   0.
    74.17119    -6.71891   0.
    20.62500    -0.62917   0.
    72.43821   -14.29911   0.
    70.89988   -16.82257   0.
    77.10073   -15.59254   0.
   106.09662    -0.56056   0.
    79.35146    -5.78415   0.
    66.00118    -5.45948   0.
    77.56009    -0.62898   0.
   126.34638   -12.76156   0.
     2.66148    -0.75126   0.
   110.90799    -1.33836   0.
    59.01303   -14.06144   0.
    35.81060    -5.56921   0.
    50.54112   -14.46178   0.
     9.32718    -1.45217   0.
    43.87500    -0.58939   0.
    67.79732   -13.25906   0.
    27.92168   -22.29355   0.
    25.40329   -25.09518   0.
    40.50000    -1.37154   0.
    35.08529   -14.25763   0.
    33.17575   -15.95002   0.
    90.03350    -1.54581   0.
    40.95287    -5.39568   0.
    39.77348   -15.99353   0.
    37.22733   -18.40588   0.
    38.22263   -21.87305   0.
    93.09237    -1.40255   0.
   134.81960   -13.49646   0.
    41.62500    -0.61493   0.
    45.73266   -12.69309   0.
   126.95956    -2.64739   0.
    51.40100    -0.61793   0.
    96.75000    -1.35323   0.
   132.36707   -11.08028   0.
    63.75000    -1.34692   0.
    35.62500    -0.60410   0.
    49.61066    -6.58655   0.
    12.93325    -1.54140   0.
    71.22055    -1.46289   0.
    44.85790    -1.47065   0.
    39.07585    -1.43202   0.
   124.31624    -6.18529   0.
   119.55073   -12.74406   0.
    31.95905    -1.47179   0.
    60.37937    -7.27843   0.
    18.88080   -20.91018   0.
    95.53173    -1.45710   0.
    57.74010    -1.30776   0.
    44.31378    -2.37066   0.
    22.42982    -1.31864   0.
    88.60674    -1.41846   0.
    30.88056   -12.15225   0.
    31.10987    -0.54387   0.
    10.45773    -1.37488   0.
    77.11859    -6.90349   0.
   113.69682   -14.91429   0.
    56.78769    -3.12610   0.
   129.17105   -21.82528   0.
    11.17991    -6.15973   0.
   109.83163    -0.54574   0.
   120.40599    -0.54681   0.
   127.72894   -25.02380   0.
   124.17781    -0.54466   0.
    34.54322    -1.30316   0.
   115.00463    -6.49854   0.
   116.65517    -0.55203   0.
   106.41865    -6.46446   0.
    42.60524   -17.43260   0.
   136.39025   -17.17356   0.
    22.54610    -2.17397   0.
   136.25803    -1.50112   0.
     8.70252    -0.75524   0.
   100.47885    -1.27584   0.
    31.35925    -7.15358   0.
   117.45515   -15.31693   0.
    60.37373    -0.53169   0.
    18.42651    -3.44743   0.
   117.53452    -6.36011   0.
   121.70519    -6.13649   0.
   140.54463    -0.71513   0.
   112.90643    -0.55118   0.
   124.30112   -24.37481   0.
   120.49844   -24.75432   0.
    93.41684   -14.13113   0.
    76.83997    -0.64184   0.
     1.20568    -0.93829   0.
   140.77923    -1.74675   0.
   141.02094    -3.21077   0.
     4.90981    -4.24320   0.
    53.38797    -1.42913   0.
    72.85018   -22.56616   0.
    74.32864   -17.17112   0.
   130.50000    -1.28327   0.
    24.02023    -1.35992   0.
   103.92699    -6.52367   0.
    49.84187    -1.34636   0.
    91.64653   -19.54820   0.
    81.75000    -1.27474   0.
    14.22427    -1.24841   0.
    74.31821    -1.27741   0.
    35.13501    -6.69728   0.
   107.34289    -1.31515   0.
    37.57036    -1.39540   0.
    80.23567    -1.26525   0.
    66.26122   -24.90312   0.
   110.56457   -12.16142   0.
    46.65386    -1.38416   0.
    75.47653    -2.15459   0.
    91.05803    -7.81786   0.
    79.93255    -7.01661   0.
    71.57363   -25.73422   0.
   134.68186   -10.67722   0.
    60.11692   -20.10326   0.
    62.33192    -1.38645   0.
   104.19929    -1.26232   0.
    59.31596    -1.23927   0.
   106.82635    -2.00277   0.
   133.14451    -0.55031   0.
   132.66039    -3.78745   0.
    99.39544    -0.47502   0.
    39.45962    -8.40006   0.
    75.01486    -1.36112   0.
    17.52145    -5.76361   0.
    83.06987    -1.38493   0.
     2.38529    -3.11408   0.
     2.47303    -4.45864   0.
    76.45658    -1.25601   0.
    29.42389    -6.32949   0.
    45.58831    -5.85790   0.
    84.41926    -1.38175   0.
    18.07043    -1.29655   0.
    78.85626   -22.71343   0.
   129.10550    -1.43825   0.
    55.08051    -0.46911   0.
    97.47182    -1.19722   0.
   107.50414   -14.42052   0.
     4.52041    -2.50688   0.
    54.41036   -12.77277   0.
    85.84795    -1.29558   0.
    94.47156    -1.30305   0.
    18.24846   -13.07141   0.
    87.17460    -1.38429   0.
    65.65966    -0.46625   0.
    65.04251    -1.42322   0.
    84.90229   -15.57435   0.
    97.64743    -6.47717   0.
   128.20217    -6.33013   0.
    29.56729    -1.31426   0.
   143.22766    -5.95784   0.
    73.20661    -7.90621   0.
   133.84115    -0.48989   0.
   112.45191    -1.21181   0.
   108.27694    -1.38069   0.
   126.81547    -6.15394   0.
    -2.28323   -21.36894   0.
    11.24938    -7.61387   0.
    13.08671    -2.50988   0.
    24.73420    -1.20479   0.
    25.05149    -7.49773   0.
    34.24362   -21.61883   0.
    84.38187    -7.35994   0.
   116.36671    -1.16267   0.
   103.09490    -0.62257   0.
   119.93825    -6.10052   0.
   101.24452    -1.21455   0.
    13.63270    -1.22366   0.
   134.87659    -1.32327   0.
    68.66106    -5.58643   0.
    39.40133   -25.50669   0.
   128.51199    -7.44984   0.
    22.66311    -3.17406   0.
   106.45832    -1.21497   0.
   113.60377    -0.46760   0.
     2.19929    -1.33765   0.
   120.13375    -1.14058   0.
   110.70113    -2.10590   0.
    76.03986    -2.80035   0.
   142.57002   -14.31928   0.
   105.37500    -0.46052   0.
    47.32161    -1.25279   0.
    21.71471    -1.17906   0.
    98.15724    -2.10008   0.
   109.18431    -0.43715   0.
    39.75000    -1.20554   0.
    27.10593    -2.01141   0.
    66.44904    -6.60505   0.
   123.88897    -1.13521   0.
   110.13303    -1.06722   0.
   139.77906    -1.25394   0.
   132.81716    -1.10956   0.
    99.14287   -23.63495   0.
   117.37500    -0.44664   0.
    92.21304    -2.61997   0.
    46.90523    -6.34984   0.
    20.11888    -1.24291   0.
   124.08613    -7.38859   0.
    65.05913    -2.12165   0.
   138.00000    -1.32491   0.
   101.95489    -2.09125   0.
    36.25946    -1.23502   0.
   103.79860   -22.72385   0.
    93.75000    -1.19170   0.
    35.37204   -16.55412   0.
    57.64469    -7.49714   0.
    43.66168   -21.43147   0.
    60.41993    -8.72709   0.
   111.73433    -1.16412   0.
    26.90283    -1.26533   0.
    45.48348    -4.53307   0.
    58.61392   -22.41126   0.
    77.81942    -1.24798   0.
     8.41760    -1.53874   0.
   121.12500    -0.43365   0.
   119.41241   -22.00370   0.
    85.04868    -2.33392   0.
   127.53929    -3.54594   0.
    52.02503    -1.26521   0.
    26.36168    -2.49850   0.
    93.90264    -7.88038   0.
    59.48046    -6.48875   0.
    68.43623    -7.91708   0.
    61.09128    -1.30982   0.
    44.53410    -4.10230   0.
    75.30243   -20.89867   0.
   110.73036    -6.02266   0.
   125.65735    -1.21091   0.
    54.11996    -1.12737   0.
    92.87800    -2.09542   0.
    17.68558    -7.00728   0.
    10.92941   -21.31501   0.
    15.86332    -1.28812   0.
    89.27578    -2.69360   0.
   124.85950    -0.42682   0.
   102.68563    -1.21377   0.
    26.24274    -1.13882   0.
    44.39844   -25.45448   0.
 CELLS       2542     10168
         3       430       800       960
         3       668       798       799
         3       638       873       874
         3       760       227       992
         3       506       727       747
         3       456       922      1211
         3      1070      1169      1209
         3        95       258       306
         3       573       313       764
         3       782       280       886
         3       313       314       315
         3       920       272       981
         3       818       588      1202
         3       230       740       927
         3       713       498       830
         3       713       830       879
         3       962       224      1306
         3      1188      1044      1202
         3       925       240       968
         3      1096      1077      1131
         3      1180       751      1315
         3       744       860      1077
         3       828       234      1038
         3       830       783      1245
         3       793       526       794
         3       690       785       935
         3       526       793      1212
         3       769       455       876
         3       822       813      1061
         3       588       714      1202
         3       638       874      1118
         3       463       715      1080
         3       792       698       943
         3       827       221       982
         3       668      1167      1256
         3       782       618      1113
         3      1040       788      1041
         3       548       823       884
         3       851       224       962
         3       435       814      1192
         3       308       312       313
         3       455       769       875
         3       921       920       981
         3       858       857       859
         3       842       245      1015
         3       778       642      1234
         3       565       813       822
         3       376       954      1059
         3       934       795      1055
         3      1059       954      1185
         3       690       564       785
         3      1235       709      1344
         3       892       443      1120
         3       784       225       991
         3       442       904      1197
         3       221       827       921
         3       678       807       958
         3       245       842      1016
         3       860       744      1076
         3       802       550       803
         3       678       494       807
         3       548       885      1103
         3       805       536       806
         3       313       315       947
         3       870       705      1100
         3       517       698       792
         3       262       781      1136
         3       548       543       823
         3       777      1065      1230
         3       618       760      1113
         3       313       312       314
         3       957       777      1230
         3       740       230      1270
         3       430       380       800
         3       725       535       880
         3       649      1090      1283
         3       729       447       931
         3       804       279       888
         3       883       532      1214
         3       705       870      1201
         3       443       926      1120
         3       675       663       808
         3       737       938      1017
         3       447       729      1166
         3       355       349       875
         3       521       535       725
         3       838       548      1103
         3       255       880       995
         3       849       301      1039
         3      1028       813      1052
         3       727       506      1111
         3      1044      1043      1202
         3       955       303      1091
         3       706       930      1192
         3      1069       335      1078
         3       675       808       952
         3       707       558       836
         3       440       871      1105
         3       804       624      1102
         3       910       310       978
         3       308       313       573
         3       895      1005      1112
         3       435       354       814
         3       290       939       964
         3       243       911      1092
         3       834       690       835
         3       493      1156      1247
         3       918       916      1095
         3       285       999      1350
         3       809       222       989
         3       732       429      1064
         3       764       313       947
         3       131         5       956
         3       640       788      1144
         3       112       908      1287
         3       916       446      1095
         3       459       463      1080
         3      1181      1180      1315
         3       688       537       839
         3       439       934      1055
         3       513       514       699
         3       707       836      1081
         3       704       670       824
         3       624       784      1102
         3       641       772      1288
         3       899      1074      1260
         3       999       829      1350
         3       930       706      1094
         3       874       416      1220
         3       757       910       978
         3       815       277       896
         3       429       732      1163
         3       856       267       857
         3       668       799       932
         3       349       455       875
         3       268       862       863
         3       890       669      1196
         3       803       998      1049
         3       856       857       858
         3       756       653       840
         3       815       630      1104
         3       849       640      1144
         3      1115      1114      1233
         3      1032      1031      1081
         3       766      1241      1329
         3       904       442      1309
         3       440       977      1229
         3      1005       895      1006
         3       642       778      1197
         3       770       505       771
         3       920       641      1288
         3       513       699       700
         3       517       479       521
         3       731       572       843
         3       249       845      1008
         3       829       999      1126
         3      1156      1157      1247
         3       805       806      1190
         3       478       317       479
         3       737      1017      1251
         3       870      1100      1385
         3       246       965      1195
         3       698       521       725
         3       418       841      1233
         3       669       704      1196
         3       517       521       698
         3       630       809      1104
         3       922       859      1211
         3       478       479       517
         3       798       668      1256
         3      1031       237      1081
         3       533       737      1251
         3       527       819       820
         3      1074       264      1260
         3       508       550       802
         3       891       805      1190
         3       280       782      1113
         3       965       246      1170
         3       746       604      1272
         3       227       760      1317
         3       486       536       805
         3       532       883      1087
         3       444      1096      1131
         3       445       418      1233
         3       773       472      1326
         3       731       843      1254
         3       688       839       968
         3       831       580       854
         3       315       317       478
         3       756       923      1007
         3       300       854      1037
         3       950      1110      1138
         3       884       239      1026
         3       254       843       985
         3       700       699       850
         3       890       289      1010
         3       223       946       987
         3       414       416       874
         3       877       296      1027
         3       814       483      1084
         3       825       435      1349
         3       874       703      1118
         3       704       824      1174
         3       828      1038      1206
         3       278       990      1226
         3       355       875      1178
         3       756       840       923
         3       765       573      1281
         3       224       851      1322
         3      1195       965      1204
         3       891       241      1023
         3       971       358      1168
         3       454       974      1122
         3       463       513       715
         3       360       483       814
         3       454       928      1121
         3       112       113       908
         3       786       849      1177
         3       842       533      1251
         3       887       736      1212
         3       949       242      1271
         3       845       249       924
         3       352       435       825
         3       575       580       831
         3       562       690       834
         3       771       852       961
         3       444      1089      1096
         3       269       870      1385
         3       503       505       770
         3      1002       677      1249
         3       984       806      1299
         3       433       941      1152
         3       885       884      1026
         3       370       480       816
         3       970       433      1152
         3       490       508       572
         3       905       260       906
         3       816       480      1093
         3       541       548       838
         3       547       565       822
         3       524       783       830
         3       828       786      1177
         3       977       440      1105
         3       680       682       973
         3       465       468       490
         3       940       454      1122
         3       408       892      1222
         3       315       316       317
         3       882       229      1308
         3       490       468       508
         3       275       984      1299
         3       498       496       830
         3       572       508       802
         3       472       511      1326
         3       886       280      1328
         3      1114       445      1233
         3       699       708       848
         3       928       406      1250
         3       877       822      1061
         3       781       262      1173
         3       477       475       503
         3       465       323       468
         3      1089       679      1096
         3       850       990      1322
         3       463       474       513
         3       852       771      1274
         3       270       915      1381
         3       839       925       968
         3       533       519       737
         3       767       764      1244
         3       504       503       641
         3       943       256       944
         3       699       514       708
         3       879       830      1245
         3       500       773       774
         3       518       517       792
         3       225       784      1330
         3       641       770       772
         3       500       472       773
         3       953       471       954
         3       774       773       790
         3       677       716      1249
         3       236       935      1034
         3       458       459       475
         3       467       472       500
         3       714      1188      1202
         3       279       804      1102
         3      1041       788      1182
         3       527       522       819
         3       843       254      1254
         3       730       883      1214
         3       796       797      1057
         3       467       457       472
         3       119       267       856
         3       658       659       845
         3       321       323       465
         3       268       107       862
         3       269        99       870
         3       292      1016      1251
         3       221       921       981
         3       677       515       716
         3       315       314       316
         3       756      1007      1303
         3       889       549      1278
         3       749       610       758
         3       740       604       746
         3       963       291      1012
         3       587       588       818
         3       806       984      1190
         3       803      1049      1097
         3       826       636       827
         3       774       790       844
         3       747       727       757
         3       864       863       865
         3       793       887      1212
         3       573       764      1281
         3       367       816      1361
         3       873       414       874
         3       572       802       843
         3       794       526       795
         3       859       857       861
         3       858       859       860
         3       485       484       496
         3       658       845       924
         3      1128      1211      1230
         3       488       486       805
         3       482       481       486
         3       659       752       845
         3       448       408      1222
         3       458       475       477
         3       483       439       484
         3       480       438       481
         3       338       440      1229
         3       684      1069      1078
         3      1060       355      1178
         3       861       957      1230
         3       760       992      1113
         3       741       707       789
         3       383       918      1095
         3       327       457       467
         3       911       735      1092
         3       604       606      1272
         3       799       344      1276
         3       754       955      1091
         3       460      1128      1230
         3       691       842      1015
         3       676       892      1120
         3       772       770      1248
         3       800       385       801
         3       648       652       894
         3      1147      1148      1292
         3       521       532       535
         3       511       515       677
         3       878       697      1204
         3       791       401       811
         3       787       587       817
         3       261       112      1287
         3       494       488       807
         3      1108       649      1283
         3       974       454      1121
         3       436       897      1157
         3       722      1195      1204
         3       334       337       902
         3       683       680       973
         3       268       863       864
         3       477       503       504
         3       689       572       731
         3       894       652       895
         3       960       800      1210
         3       406       448      1250
         3       263       856       858
         3       854       300      1297
         3       262      1136      1201
         3       114       260       905
         3       565       753       812
         3       557       558       707
         3       742       598      1354
         3      1134      1135      1241
         3       518       792       945
         3       269       757       978
         3       939       247      1174
         3       486       487       536
         3       485       496       498
         3       519       498       713
         3       867       953       954
         3       536       537       688
         3       222       809      1342
         3       483       484       485
         3       519       713       737
         3       513       474       514
         3       865       971      1168
         3       522       494       678
         3       496       497       524
         3       932       355      1060
         3       504       641       721
         3       428       453       458
         3       669       670       704
         3       963       696      1262
         3       950       434      1110
         3       691       533       842
         3       370       371       438
         3       347       349       355
         3       488       805       807
         3       524       525       735
         3       482       486       488
         3      1090       902      1283
         3       416       445      1220
         3       318       321       730
         3       813      1028      1061
         3       480       481       482
         3       234       828      1177
         3       774       844      1350
         3       522       678       819
         3      1241      1135      1329
         3       277       815      1104
         3       428       458      1325
         3       496       524       830
         3       464       917       942
         3       954       471      1185
         3       360       439       483
         3       524       735       783
         3       917       464      1149
         3       342       344       799
         3       503       475       505
         3       491       718       976
         3       472       510       511
         3       321       322       323
         3       360       361       439
         3       641       503       770
         3       788      1040      1144
         3       784       991      1102
         3       786       640       849
         3       508       549       550
         3       832       831       855
         3       652       653       756
         3       696       933      1262
         3       990       850      1226
         3       370       438       480
         3       622       624       804
         3       826       827      1381
         3       616       618       782
         3       858       860      1076
         3       628       630       815
         3       608       610       749
         3       602       604       740
         3       596       598       742
         3       105       868      1324
         3       905       906       907
         3       653       655       840
         3       655       658       840
         3       310       910      1310
         3       630       632       809
         3       840       658      1199
         3       659       661       752
         3       349       350       455
         3       703       874      1220
         3       634       636       826
         3       624       626       784
         3       618       620       760
         3       598       600       755
         3       612       614       762
         3       592       594       754
         3       418       420       841
         3       328       330       872
         3       590       592       745
         3       564       567       785
         3       569       571       832
         3       577       579       786
         3       582       584       787
         3       396       398       791
         3       588       590       714
         3       663       665       808
         3       670       672       824
         3       543       545       823
         3       558       560       836
         3       906       260      1252
         3       380       382       800
         3       537       539       839
         3       939       723       964
         3       324       327       768
         3       626       628       763
         3       620       622       759
         3       614       616       761
         3       606       608       748
         3       600       602       739
         3       594       596       726
         3       347       348       349
         3       632       634       780
         3       402       404       454
         3       658       924      1199
         3       354       357       814
         3       422       424       778
         3       647       648       894
         3       424       426       442
         3       406       408       448
         3       410       412       443
         3       416       418       445
         3       420       422       441
         3      1287       919      1379
         3       557       707       741
         3       565       812       813
         3       661       675       752
         3       764       947      1244
         3       357       360       814
         3       665       669       808
         3       511       512       515
         3       560       562       834
         3       562       564       690
         3       567       569       651
         3       571       575       831
         3       575       577       580
         3       579       582       640
         3       584       586       587
         3       386       388       437
         3      1148       767      1292
         3       907       906       917
         3       412       414       873
         3       700       850       851
         3       652       756      1303
         3       390       392       434
         3       394       396       431
         3       770       946      1248
         3       398       400       401
         3       638      1119      1380
         3       367       370       816
         3       327       328       457
         3       849      1039      1177
         3       919      1158      1247
         3       318       320       321
         3       333       334       902
         3       672       723       824
         3       951       288      1219
         3       793       527       887
         3       895       652      1303
         3       749       758       882
         3       539       541       838
         3       753       554      1332
         3       930       435      1192
         3       541       543       548
         3       545       547       822
         3       547       552       565
         3       554       556       557
         3       301       849      1144
         3       775       774       829
         3       382       385       800
         3       857       267       957
         3       373       375       433
         3      1242      1235      1344
         3       378       380       430
         3       382       384       385
         3       672       674       723
         3       823       822       877
         3       545       822       823
         3       539       838       839
         3      1065      1064      1129
         3       829       774      1350
         3       106       268       866
         3       398       401       791
         3       408       410       892
         3       661       663       675
         3       817       587       818
         3       584       587       787
         3       579       640       786
         3       363       365       432
         3       571       831       832
         3       560       834       836
         3       567       651       785
         3       665       667       669
         3       925       295      1025
         3       745       592      1337
         3       771       505      1274
         3       778       424      1351
         3      1057       797      1390
         3       367       369       370
         3       426       428       846
         3       740       746       927
         3       976       718      1088
         3       229       882      1338
         3       770       771       946
         3       420       441       841
         3       836       834      1032
         3       763       628       815
         3       759       622       804
         3       761       616       782
         3       748       608       749
         3       739       602       740
         3       726       596       742
         3       714       590       745
         3       860       859       922
         3       780       634       826
         3       632       780       809
         3      1052       813      1255
         3       655       657       658
         3       783       735       911
         3       594       726       754
         3       600       739       755
         3       614       761       762
         3       620       759       760
         3       626       763       784
         3       552       554       753
         3       888       279      1347
         3       352       354       435
         3       696       692       933
         3       357       359       360
         3       441       422       778
         3       987       946       988
         3      1107       263      1356
         3       919       918      1158
         3       515       516       796
         3       648       650       652
         3       338       340       440
         3       963      1012      1195
         3         5       256       956
         3       445      1114      1220
         3      1169       283      1227
         3       404       406       928
         3       365       367      1361
         3       872       330      1314
         3       775       829       913
         3       587       586       588
         3       942       682      1085
         3       809       989      1104
         3       344       346       347
         3      1098       295      1103
         3       755       739       914
         3       401       402       940
         3       516       646       647
         3       334       336       337
         3        29       154       966
         3       900      1260      1266
         3       388       390       950
         3       535       532      1087
         3       324       326       327
         3       401       400       402
         3       897       898      1157
         3       880       255      1209
         3       995       880      1109
         3       697       722      1204
         3       823       877      1194
         3       736       887      1020
         3       761       782       886
         3       259      1134      1241
         3       478       517       518
         3       486       481       487
         3       807       805       891
         3       768       889      1278
         3       443       412       873
         3       442       426       846
         3       894       895      1112
         3      1116       448      1117
         3       758       610      1331
         3       808       669       890
         3       819       949      1271
         3       330       332       333
         3       565       552       753
         3       557       556       558
         3       802       803      1097
         3       730       465       883
         3       266      1066      1213
         3       536       487       537
         3       266       937      1066
         3       884       823      1194
         3       490       689       883
         3       496       484       497
         3       928       686      1121
         3       759       804       888
         3       580       828      1206
         3      1036       235      1294
         3      1016       842      1251
         3       385       384       386
         3      1034       935      1279
         3       263       118       856
         3       100       262       870
         3       108       264       862
         3       723       674       724
         3       721       641       920
         3       867       864       953
         3       344       347      1276
         3       873       638      1380
         3       458       453       459
         3       798       342       799
         3       697       696       722
         3      1035       299      1285
         3       803       550       913
         3       716       796      1057
         3       692       691       933
         3       708       821      1133
         3       865       863       931
         3       637       841      1319
         3      1234       837      1319
         3       521       479       532
         3       944       256      1125
         3       524       497       525
         3       735       525       736
         3      1018       244      1372
         3       499       498       519
         3       768       467       889
         3       763       815       896
         3       548       884       885
         3       854       580      1206
         3       481       438      1161
         3       385       386      1062
         3       983       273      1199
         3       296       877      1061
         3       843       802      1386
         3       370       369       371
         3       554       557      1332
         3       883       689      1087
         3       839       838       925
         3       248      1009      1355
         3       669       667       670
         3       698       725      1169
         3       375       378       941
         3       520       519       533
         3       534       533       691
         3      1169       725      1209
         3      1086      1172      1173
         3       820       819      1271
         3       890      1010      1258
         3       490       572       689
         3       317       316       318
         3       855       831      1297
         3       915       826      1381
         3       113       905       908
         3       737       713       938
         3       392       394      1067
         3       451      1069      1176
         3      1064       429      1129
         3      1077       461      1131
         3       272       920      1288
         3       489       488       494
         3      1008       845      1219
         3      1193       731      1321
         3       762      1307      1362
         3       500       775       889
         3       321       320       322
         3       841       637      1233
         3       582       787      1348
         3       802      1097      1386
         3       780       826       915
         3       360       359       361
         3       819       678       949
         3       891      1023      1269
         3       658       657       659
         3       831       854      1297
         3       980       772       986
         3       455       350       825
         3       862       264      1365
         3       824       723       939
         3       495       494       522
         3       523       522       527
         3       472       457       510
         3       349       348       350
         3       749       882      1308
         3       716       515       796
         3       440       340       798
         3       797       796      1373
         3       122       123       266
         3       111       112       261
         3       117       118       263
         3       103       104       265
         3       106       107       268
         3       100       101       262
         3       108       109       264
         3        98        99       269
         3       119       120       267
         3       114       115       260
         3       113       114       905
         3       931       447       971
         3       835       690      1253
         3       863       862       959
         3      1229       810      1283
         3       508       468       549
         3       846       428      1325
         3       410       443       892
         3       260       973      1252
         3       500       774       775
         3       103       265      1086
         3       652       650       653
         3       340       342       798
         3       764       767      1281
         3       250      1006      1303
         3       347       346       348
         3      1086       265      1315
         3       796       516      1373
         3       947       518      1244
         3        98       269       978
         3       694       692       696
         3       592       754      1337
         3       833       832      1294
         3       117       263      1107
         3       752       675       951
         3      1134       765      1135
         3       762       761      1307
         3       396       791      1374
         3       896       277      1368
         3       337       336       338
         3       511       510       512
         3       866       864       867
         3       104       105      1324
         3       371       373       912
         3       909       907       916
         3       321       465       730
         3       256       943       956
         3       647       646       648
         3       527       820       887
         3       754       726       955
         3      1067       394      1264
         3       318       730      1311
         3       388       950      1316
         3       806       536      1352
         3       598       755      1354
         3       327       467       768
         3       569       832      1370
         3       788       640      1348
         3       121      1237      1238
         3       515       512       516
         3       327       326       328
         3       941       378      1305
         3       465       490       883
         3       333       332       334
         3       908       907       909
         3       295       925      1103
         3       323       322       324
         3       769       876      1378
         3       852       851       961
         3       917       906       942
         3       610       612      1331
         3       299       967      1285
         3      1062       437      1137
         3      1085       682      1239
         3       814      1084      1192
         3       715       700       852
         3       350       352       825
         3       475       459      1080
         3       454       404       928
         3      1202       302      1295
         3       833      1285      1370
         3       438       371       912
         3       118       119       856
         3       361       363       934
         3       577       786      1387
         3       467       500       889
         3       879      1018      1372
         3       107       108       862
         3        99       100       870
         3       941       720      1152
         3       933       691      1015
         3       915       270      1388
         3       902       337      1283
         3       330       333      1314
         3       979       701      1082
         3       961       851       962
         3       964       965       966
         3       757       269      1385
         3       309       853      1068
         3       264       109      1260
         3       851       850      1322
         3       871       440      1256
         3       775       913      1232
         3       588       589       590
         3       239       884      1194
         3       402       454       940
         3      1032       834      1259
         3      1158       493      1247
         3       952       248      1355
         3       502       897      1058
         3       948       683       973
         3       484       439      1055
         3       834       835      1259
         3       776       734       777
         3       916       907       917
         3       385      1062      1265
         3       885      1098      1103
         3       335      1069      1207
         3      1037       854      1206
         3       643       940      1122
         3       402       403       404
         3       590       591       592
         3       922       456      1261
         3       154       290       966
         3       626       627       628
         3       624       625       626
         3       622       623       624
         3       620       621       622
         3       618       619       620
         3       616       617       618
         3       614       615       616
         3       612       613       614
         3       610       611       612
         3       608       609       610
         3       606       607       608
         3       604       605       606
         3       602       603       604
         3       600       601       602
         3       592       593       594
         3       598       599       600
         3       596       597       598
         3       594       595       596
         3       630       631       632
         3       628       629       630
         3       855      1036      1294
         3       324       768      1384
         3       289       890      1196
         3       516       647      1373
         3       390       434       950
         3       446       916      1300
         3       632       633       634
         3       911       243      1289
         3       312       311       910
         3       864       865       953
         3       994      1257      1308
         3       266       123       936
         3       404       405       406
         3       333       902      1143
         3       406       407       408
         3       408       409       410
         3       410       411       412
         3       412       413       414
         3       414       415       416
         3       416       417       418
         3       418       419       420
         3       420       421       422
         3       422       423       424
         3       716      1057      1313
         3       832       855      1294
         3       106       866      1391
         3       513       700       715
         3       261      1287      1379
         3       636       903      1186
         3       317       318      1311
         3       785       651       967
         3       479       317      1214
         3       558       559       560
         3       816      1093      1200
         3       424       425       426
         3       634       635       636
         3       240       925      1025
         3       305       944      1125
         3       433       375       941
         3       760       759      1317
         3       966       965      1170
         3       722       696       963
         3       241       891      1190
         3       386       387       388
         3       723       724       964
         3       485       498       499
         3       560       561       562
         3      1169      1227      1367
         3       562       563       564
         3       564       566       567
         3       567       568       569
         3       569       570       571
         3       571       574       575
         3       575       576       577
         3       577       578       579
         3       401       940      1301
         3       579       581       582
         3       582       583       584
         3      1043       302      1202
         3       584       585       586
         3       434      1067      1139
         3      1198       460      1230
         3       640       582      1348
         3       836      1032      1081
         3       924       983      1199
         3       378       430      1305
         3       877      1027      1194
         3       903       639      1371
         3       120       121      1238
         3       924       249       983
         3       824       939      1174
         3       388       389       390
         3       390       391       392
         3       392       393       394
         3       394       395       396
         3       439       361       934
         3       396       397       398
         3       398       399       400
         3       537       538       539
         3       314       312       727
         3       867       954      1223
         3       909       916       918
         3       867      1223      1360
         3       639       903       904
         3       102      1086      1173
         3       870       262      1201
         3       266       936       937
         3       923       273      1208
         3       853      1183      1224
         3       767      1148      1280
         3       482       488       489
         3       734       732      1064
         3       260       115       948
         3       371       372       373
         3       539       540       541
         3       694       696       697
         3       541       542       543
         3       543       544       545
         3       545       546       547
         3       878       769      1378
         3       547       551       552
         3       880       535       881
         3       552       553       554
         3       554       555       556
         3       457       328       872
         3       744       743      1076
         3       306       258       307
         3       708       710       821
         3       426       427       428
         3       744      1077      1096
         3       670       671       672
         3       859       861      1211
         3      1046       955      1228
         3       499       519       520
         3       373       374       375
         3       375       377       378
         3       378       379       380
         3       380       381       382
         3       382       383       384
         3       443       873      1380
         3       534       691       692
         3       612       762      1331
         3       520       533       534
         3       115       116       948
         3      1068       853      1224
         3       681       743       744
         3       672       673       674
         3       230       927      1334
         3       271      1022      1377
         3      1183       529      1224
         3       262       101      1173
         3       721       920       921
         3       273       923      1199
         3       361       362       363
         3       784       763      1330
         3       318       319       320
         3      1017       292      1251
         3       659       660       661
         3       290       964       966
         3       817       818      1295
         3      1019       243      1092
         3      1007       250      1303
         3       268       864       866
         3       489       494       495
         3       363       364       365
         3       853       492      1183
         3       365       366       367
         3       523       527       793
         3       367       368       369
         3       395       393      1085
         3       495       522       523
         3       752       951      1219
         3       314       727      1111
         3       536       688      1352
         3       373       433      1376
         3       790       773      1225
         3       661       662       663
         3       477       504       639
         3       663       664       665
         3       731      1193      1312
         3       665       666       667
         3       431       396      1374
         3       900       899      1260
         3       932       799      1276
         3       468       323      1278
         3       898       900       901
         3       913       550      1232
         3       699       848      1226
         3       917      1149      1300
         3       953       865      1168
         3       350       351       352
         3      1021       820      1053
         3       363       432      1359
         3      1006       895      1303
         3       729       931       959
         3       809       780      1342
         3       739       740      1270
         3       811       401      1301
         3       653       654       655
         3       939       290      1184
         3       948       116      1346
         3       352       353       354
         3       844       790      1336
         3       354       356       357
         3       868       869      1181
         3       247       939      1184
         3       893       309      1068
         3       750      1086      1315
         3       357       358       359
         3       394       431      1264
         3       502       712       897
         3       777      1064      1065
         3       905       907       908
         3       651       569      1370
         3       918       383      1158
         3       898       901      1157
         3       944       305      1146
         3       841       441      1319
         3       700       851       852
         3       655       656       657
         3       958       271      1377
         3       338       339       340
         3       865       931       971
         3       386       437      1062
         3       124       893       936
         3      1050      1035      1285
         3       897       436      1171
         3       679       681      1096
         3       964       724       965
         3       850       699      1226
         3       322       320      1072
         3       848       708      1353
         3       803       913      1286
         3       340       341       342
         3      1223       869      1360
         3       801       385      1265
         3       471       953      1168
         3       648       649       650
         3       342       343       344
         3       777       734      1064
         3       123       124       936
         3       998       803      1286
         3       263       858      1076
         3       344       345       346
         3       315       478       947
         3       748       749      1308
         3       702       912      1153
         3       954       376      1223
         3       459       462       463
         3       644      1062      1137
         3       334       335       336
         3       701       705      1082
         3       787       817      1383
         3       328       329       330
         3       518       945      1244
         3       111       261      1266
         3       869       868      1360
         3       808       890      1258
         3       946       223      1248
         3      1186       903      1371
         3       463       473       474
         3       325       322      1072
         3       861       857       957
         3      1069       728      1176
         3       735       736      1092
         3       934       363      1359
         3       324       325       326
         3       516       645       646
         3       647       894      1340
         3       807       891      1269
         3      1017       938      1187
         3       588       586       589
         3      1285       651      1370
         3       741       789      1282
         3       261      1246      1266
         3       434       392      1067
         3       813       812      1255
         3       728       750       751
         3       402       400       403
         3       684       685       728
         3       639       504      1371
         3       437       388      1316
         3       235      1050      1294
         3       330       331       332
         3      1245       783      1382
         3       726       742      1228
         3       242       949      1231
         3       845       752      1219
         3       580       577      1387
         3       791       811      1063
         3      1114       703      1220
         3       937       529      1066
         3       355       932      1276
         3       442       846      1309
         3       558       556       559
         3       800       801      1210
         3       810      1108      1283
         3      1020      1019      1092
         3       779       950      1138
         3       288       951      1191
         3       464       942      1085
         3       424       442      1351
         3       466       507       701
         3       868       105      1391
         3       386       384       387
         3       714       745      1188
         3       833      1050      1285
         3       450       531       684
         3       485       499      1084
         3       437      1130      1137
         3       771       961       988
         3       590       589       591
         3       912       702      1341
         3       892       676      1222
         3       772       980      1288
         3       626       625       627
         3       624       623       625
         3       622       621       623
         3       620       619       621
         3       618       617       619
         3       616       615       617
         3       592       591       593
         3       614       613       615
         3       612       611       613
         3       610       609       611
         3       608       607       609
         3       606       605       607
         3       604       603       605
         3       602       601       603
         3       600       599       601
         3       598       597       599
         3       596       595       597
         3       594       593       595
         3       628       627       629
         3        96        97       310
         3       630       629       631
         3       724       674       878
         3       684       728      1069
         3       441       778      1234
         3       537       487       538
         3       632       631       633
         3       909       918       919
         3       913       829      1126
         3       792       943       944
         3       393       464      1085
         3      1065      1198      1230
         3       404       403       405
         3       450       684      1078
         3       406       405       407
         3       408       407       409
         3       410       409       411
         3       412       411       413
         3       414       413       415
         3       416       415       417
         3       418       417       419
         3       420       419       421
         3       422       421       423
         3       866       867      1360
         3       528       469       732
         3       424       423       425
         3      1260       110      1266
         3       428       452       453
         3      1227       956      1367
         3       832       833      1370
         3       371       369       372
         3       310        97       978
         3       955       726      1228
         3       912       373      1376
         3       560       559       561
         3      1067       687      1139
         3       634       633       635
         3       562       561       563
         3       441      1234      1319
         3       564       563       566
         3       567       566       568
         3       569       568       570
         3       571       570       574
         3       670       667       671
         3      1157       901      1247
         3       575       574       576
         3       577       576       578
         3       579       578       581
         3       582       581       583
         3       584       583       585
         3       525       497       526
         3       853       309      1333
         3       482       489      1093
         3       636       635       903
         3      1050       833      1294
         3       758      1165      1343
         3       681       744      1096
         3       388       387       389
         3       674       769       878
         3       390       389       391
         3       392       391       393
         3       394       393       395
         3       396       395       397
         3       398       397       399
         3       291       963      1262
         3       124       125       893
         3       968       240      1024
         3       361       359       362
         3       795       526      1055
         3       260       948       973
         3       539       538       540
         3       794       795       972
         3       435       930      1349
         3       541       540       542
         3      1000       844      1336
         3       543       542       544
         3       545       544       546
         3       547       546       551
         3       552       551       553
         3       303       955      1275
         3      1117       448      1222
         3       554       553       555
         3       659       657       660
         3       996       284      1193
         3       967       299      1279
         3      1123       637      1319
         3        97        98       978
         3       373       372       374
         3       466       701      1072
         3       789       707      1366
         3       426       425       427
         3       323       324      1384
         3       375       374       377
         3       378       377       379
         3       880       881      1109
         3       380       379       381
         3       382       381       383
         3       350       348       351
         3      1009      1191      1355
         3       248       952      1258
         3       693       692       694
         3       432       365      1361
         3       229       994      1308
         3       935       236      1253
         3       713       879      1372
         3       672       671       673
         3      1084       706      1192
         3       674       673       769
         3       318       316       319
         3       952       808      1258
         3      1284       695      1364
         3       653       650       654
         3       897       712       898
         3       866      1360      1391
         3       837      1123      1319
         3       363       362       364
         3       338       336       339
         3       276       987       988
         3       688       968       969
         3       365       364       366
         3       367       366       368
         3       690       935      1253
         3       131       956      1227
         3       916       917      1300
         3       499       706      1084
         3       821      1242      1344
         3       440       798      1256
         3       122       266      1217
         3       530       449       979
         3       661       660       662
         3       663       662       664
         3       665       664       666
         3       403       400      1089
         3      1018       879      1245
         3       606       748      1272
         3       957       267      1369
         3       958       807      1269
         3       320       319       466
         3      1093       719      1200
         3       455       825      1284
         3       510       457       872
         3       725       880      1209
         3       686       928      1250
         3       648       646       649
         3       352       351       353
         3       777       957      1369
         3       334       332       335
         3       733       732       734
         3       328       326       329
         3       337       338      1229
         3       354       353       356
         3       448      1116      1250
         3        86       211       272
         3       168        42       241
         3        85       210       221
         3        22       147       983
         3       210        84       982
         3        84       209       270
         3       136        10       985
         3       169        43       275
         3       213        87       223
         3       208        82       222
         3        88       213       987
         3        82       207       989
         3       214        88       276
         3       207        81       277
         3        90       215       224
         3        80       205       225
         3       205        79       991
         3        79       204       279
         3       203        77       227
         3        77       202       992
         3       202        76       280
         3        75       200       228
         3       200        74       993
         3        74       199       281
         3        72       197       994
         3       198        72       229
         3       197        71       282
         3       133         7       255
         3         8       133       995
         3       134         8       284
         3        10       135       254
         3       138        12       253
         3        13       138       999
         3       139        13       285
         3        15       140       252
         3       141        15      1001
         3        16       141       286
         3       143        17       251
         3        18       143      1004
         3       144        18       287
         3        20       145       250
         3       148        22       249
         3        23       148      1008
         3       149        23       288
         3        25       150       248
         3       151        25      1010
         3        26       151       289
         3       153        27       247
         3       154        28       290
         3        30       155       246
         3       156        30      1012
         3        31       156       291
         3       158        32       245
         3        33       158      1016
         3       159        33       292
         3        35       160       244
         3       161        35      1018
         3        36       161       293
         3       163        37       243
         3        38       163      1019
         3       164        38       294
         3        40       165       242
         3       167        41       271
         3        42       167      1023
         3        45       170       240
         3       171        45      1025
         3        46       171       295
         3       173        47       239
         3        48       173      1027
         3       174        48       296
         3        50       175       238
         3       176        50      1029
         3        51       176       297
         3       178        52       237
         3        53       178      1031
         3       179        53       298
         3        55       180       236
         3       181        55      1034
         3        56       181       299
         3       183        57       235
         3        58       183      1036
         3       184        58       300
         3        60       185       234
         3       186        60      1039
         3        61       186       301
         3       188        62       233
         3        63       188      1042
         3       189        63       302
         3        65       190       232
         3       191        65      1045
         3        66       191       303
         3       193        67       231
         3        68       193      1047
         3       194        68       304
         3        70       195       230
         3        43       168       984
         3        11       136       274
         3       147        21       273
         3       211        85       981
         3        67       192      1046
         3       190        64      1044
         3        62       187      1041
         3        64       189      1043
         3       187        61      1040
         3        57       182      1050
         3       185        59      1038
         3       180        54      1051
         3       182        56      1035
         3        59       184      1037
         3        54       179      1033
         3       175        49      1052
         3        49       174      1028
         3        47       172      1026
         3       165        39      1053
         3       170        44      1024
         3        41       166      1022
         3        39       164      1021
         3       483       485      1084
         3        34       159      1017
         3        32       157      1014
         3       157        31      1013
         3        27       152      1054
         3       357       356       358
         3       152        26      1011
         3       150        24      1009
         3       145        19      1006
         3       146        20      1007
         3       708       514       710
         3       458       477      1302
         3        19       144      1005
         3        17       142      1056
         3       172        46      1098
         3      1058       897      1171
         3        87       212       986
         3       889       775      1232
         3       140        14      1000
         3       586       585       975
         3       142        16      1003
         3       137        11      1049
         3       655       654       656
         3       271       958      1269
         3      1071       278      1226
         3       135         9       997
         3       212        86       980
         3       887       820      1203
         3       869      1179      1180
         3      1161       438      1341
         3       931       863       959
         3       340       339       341
         3      1110       434      1139
         3       244      1187      1372
         3       812       753      1263
         3       516       512       645
         3       387       384      1095
         3        12       137       998
         3       324       322       325
         3      1071       848      1079
         3       342       341       343
         3       902      1090      1143
         3       776       777      1369
         3       711       501       729
         3       795       934      1359
         3         9       134       996
         3       344       343       345
         3       732       469      1163
         3       682       476      1239
         3       162        36      1083
         3       885      1026      1098
         3       480       482      1093
         3       346       345       376
         3       556       555      1106
         3       736      1020      1092
         3       529       937      1224
         3       489       719      1093
         3       701       507       705
         3       677      1002      1225
         3       724       878      1204
         3       783       911      1382
         3       738       734       776
         3       697       878      1378
         3       330       329       331
         3      1211       861      1230
         3       757       727       910
         3       491       717       718
         3       876      1284      1364
         3      1146      1145      1147
         3       369       368      1058
         3       728       685       750
         3       827       982      1381
         3       914       739      1270
         3       684       531       685
         3       667       666      1060
         3       550       549      1232
         3      1135      1148      1329
         3       680       476       682
         3       747       757      1385
         3       817      1295      1357
         3       682       942      1252
         3       727       312       910
         3         7       132      1070
         3       505       475      1080
         3       216        90       990
         3       708      1133      1353
         3       346       376      1059
         3       474       491       976
         3       969       968      1024
         3       265       104      1324
         3       337      1229      1283
         3       267       120      1238
         3       936       893      1068
         3      1036       855      1297
         3       921       827      1186
         3       729       501      1166
         3       909       919      1287
         3       102       103      1086
         3       967       651      1285
         3       284      1109      1193
         3       660       657      1105
         3       688       969      1299
         3        14       139      1155
         3       332       331      1078
         3       528       732       733
         3       820      1021      1203
         3       499       520       706
         3       534       692       693
         3       937       936      1068
         3       935       785      1279
         3       368       502      1058
         3       497       484      1055
         3       927       746      1327
         3       399       476       679
         3       646       645      1090
         3       275       969      1298
         3       979       449      1101
         3       489       495       719
         3       523       793       794
         3      1147       257      1148
         3       525       526      1212
         3       679       680       681
         3       681       683       743
         3       666       932      1060
         3      1038      1037      1206
         3       105       106      1391
         3       116      1107      1346
         3       654       650      1108
         3       348       346      1059
         3       116       117      1107
         3       869      1180      1181
         3       459       453       462
         3       689       731      1312
         3       400       399      1089
         3       466       319       506
         3       860       922      1291
         3       898       899       900
         3       913      1126      1286
         3       195        69      1141
         3       721      1186      1371
         3        28       153      1184
         3       329       326      1101
         3       973       682      1252
         3       507       506       747
         3       466       506       507
         3       487       481      1161
         3        52       177      1162
         3       132         6       283
         3       693       694       695
         3       792       944       945
         3       368       501       502
         3       384       383      1095
         3       444       403      1089
         3        91       216       278
         3       121       122      1217
         3       938       713      1372
         3       828       580      1387
         3       502       711       712
         3       666       668       932
         3       430       960      1154
         3       975       585      1063
         3       728       751      1176
         3       876       455      1284
         3       101       102      1173
         3       589       586       975
         3       946       771       988
         3        71       196      1159
         3       265      1181      1315
         3       733       734       738
         3       326       325      1101
         3       428       427       452
         3       160        34      1187
         3       940       643      1301
         3       693       695       930
         3       511       677      1326
         3       559       556      1106
         3       786       828      1387
         3       848      1071      1226
         3       625       623       637
         3       619       617       703
         3       615       613       638
         3       611       609       926
         3       593       591       643
         3       607       605       676
         3       601       599       686
         3       597       595       974
         3       629       627       837
         3       926       443      1380
         3       633       631       642
         3       530       979      1082
         3      1191       951      1355
         3       405       403       444
         3       409       407       461
         3       415       413       456
         3       419       417       460
         3       438       912      1341
         3       656       810       977
         3       331       449       450
         3       785       967      1279
         3       372       369      1058
         3       563       561       644
         3       570       568       779
         3       576       574      1110
         3       581       578       687
         3       585       583      1075
         3       685       531       781
         3       335       332      1078
         3       425       423       429
         3        24       149      1191
         3       320       466      1072
         3       526       497      1055
         3       657       656      1105
         3       389       387       446
         3       911      1083      1382
         3       393       391       464
         3       399       397       476
         3       336       335      1207
         3       671       667      1060
         3       299      1034      1279
         3       450       530       531
         3       446       387      1095
         3       351       348      1059
         3       540       538       702
         3      1165       758      1331
         3       544       542       970
         3       551       546       720
         3       555       553       960
         3       710      1088      1243
         3       217        91      1071
         3       331       329       449
         3       377       374       436
         3       381       379       493
         3       470       528       529
         3       745      1091      1290
         3       722       963      1195
         3       364       362       447
         3       898       712       899
         3       903       635       904
         3       368       366       501
         3       769       673       875
         3       650       649      1108
         3       972       795      1359
         3       345       343       509
         3       341       339       451
         3       356       353       471
         3       923       840      1199
         3       985       843      1386
         3       925       838      1103
         3       450       449       530
         3       666       664       668
         3       844      1000      1155
         3        29       966      1170
         3       662       660       871
         3       755       914      1389
         3       821       710      1243
         3       649       646      1090
         3       794       972      1099
         3       751      1180      1358
         3      1136      1082      1201
         3      1013       291      1262
         3       637      1115      1233
         3       656       654       810
         3       827       636      1186
         3      1007       923      1208
         3      1148       257      1164
         3       470       469       528
         3       478       518       947
         3       882       758      1343
         3       679       476       680
         3       681       680       683
         3      1133       821      1344
         3       712       711      1074
         3       950       779      1316
         3       399       679      1089
         3       502       501       711
         3       510       872      1073
         3      1263      1030      1277
         3       683       948      1346
         3       512       510      1073
         3       300      1036      1297
         3       359       358      1293
         3       155        29      1170
         3        84       270       982
         3       272       211       981
         3       221       210       982
         3       241        42      1023
         3       168       241       984
         3        85       221       981
         3       249        22       983
         3       213       223       987
         3       222        82       989
         3        10       254       985
         3       276        88       987
         3       207       277       989
         3       274       136       985
         3       225       205       991
         3        79       279       991
         3       227        77       992
         3       202       280       992
         3       288        23      1008
         3       291       156      1012
         3       292        33      1016
         3       285        13       999
         3       287        18      1004
         3       284         8       995
         3       228       200       993
         3        35       244      1018
         3        55       236      1034
         3        60       234      1039
         3       163       243      1019
         3       183       235      1036
         3       188       233      1042
         3       294        38      1019
         3       300        58      1036
         3       302        63      1042
         3       293       161      1018
         3       299       181      1034
         3       301       186      1039
         3        15       252      1001
         3        25       248      1010
         3       286       141      1001
         3       289       151      1010
         3       167       271      1023
         3       133       255       995
         3       138       253       999
         3       143       251      1004
         3       229        72       994
         3        74       281       993
         3       296        48      1027
         3       304        68      1047
         3       295       171      1025
         3        30       246      1012
         3       298        53      1031
         3       148       249      1008
         3       297       176      1029
         3       303       191      1045
         3       158       245      1016
         3       197       282       994
         3        45       240      1025
         3       173       239      1027
         3       193       231      1047
         3        50       238      1029
         3        65       232      1045
         3       178       237      1031
         3       147       273       983
         3       275        43       984
         3       231        67      1046
         3       232       190      1044
         3       233        62      1041
         3       189       302      1043
         3        61       301      1040
         3        64      1043      1044
         3       235        57      1050
         3       234       185      1038
         3       187      1040      1041
         3       236       180      1051
         3        56       299      1035
         3       184       300      1037
         3       182      1035      1050
         3        59      1037      1038
         3       179       298      1033
         3       238       175      1052
         3        54      1033      1051
         3       174       296      1028
         3       239        47      1026
         3        49      1028      1052
         3       242       165      1053
         3       240       170      1024
         3       271        41      1022
         3       164       294      1021
         3        39      1021      1053
         3       159       292      1017
         3       245        32      1014
         3        31       291      1013
         3       247        27      1054
         3       157      1013      1014
         3        26       289      1011
         3       433       970      1153
         3       152      1011      1054
         3       248       150      1009
         3       250       145      1006
         3        46       295      1098
         3      1026       172      1098
         3       881       535      1087
         3        20       250      1007
         3       144       287      1005
         3       251        17      1056
         3       223        87       986
         3        19      1005      1006
         3       463       462       473
         3       316       314      1111
         3       252       140      1000
         3        16       286      1003
         3        11       274      1049
         3      1187       938      1372
         3       254       135       997
         3        86       272       980
         3        36       293      1083
         3       142      1003      1056
         3       358       971      1293
         3       779      1130      1316
         3       253        12       998
         3       212       980       986
         3       720       941      1305
         3       305      1145      1146
         3       528       733      1066
         3      1141       914      1270
         3       134       284       996
         3      1106       555      1210
         3       998       137      1049
         3       715       852      1274
         3       303      1045      1091
         3      1063       585      1075
         3       549       889      1232
         3       474       473       491
         3       331       450      1078
         3       529       528      1066
         3         9       996       997
         3       871       660      1105
         3      1360       868      1391
         3        21       146      1208
         3       986       772      1248
         3       219        93       709
         3      1257       748      1308
         3       347       355      1276
         3        92       217      1079
         3      1318       304      1389
         3       759       888      1317
         3       761       886      1307
         3       139       285      1155
         3       763       896      1330
         3      1159       927      1327
         3      1069       451      1207
         3      1000        14      1155
         3       704      1174      1339
         3       818      1202      1295
         3       520       534      1094
         3       230       195      1141
         3       969       275      1299
         3       153       247      1184
         3       290        28      1184
         3       237        52      1162
         3       449       329      1101
         3      1179       869      1223
         3       453       452      1189
         3       276       988      1345
         3       282        71      1159
         3       255         7      1070
         3       810       654      1108
         3       811       975      1063
         3       495       523      1099
         3       244       160      1187
         3        34      1017      1187
         3        90       224       990
         3       949      1022      1231
         3      1020       887      1203
         3       982       270      1381
         3       721       921      1186
         3       149       288      1191
         3       741      1030      1263
         3       319       316      1111
         3      1009        24      1191
         3       645       512      1073
         3        93       218      1132
         3       514       474       976
         3       991       279      1102
         3       304      1047      1048
         3       298      1031      1032
         3       297      1029      1030
         3      1028       296      1061
         3       294      1019      1020
         3       245      1014      1015
         3       780       915      1342
         3       989       277      1104
         3      1002      1205      1225
         3      1244       945      1292
         3       943       698      1367
         3      1086       750      1172
         3       284       995      1109
         3       246       155      1170
         3      1005       287      1112
         3       452       427       469
         3       656       977      1105
         3       621       619      1114
         3       603       601      1116
         3       251      1056      1057
         3       286      1001      1002
         3       617       615      1118
         3       613       611      1119
         3       609       607      1120
         3       599       597      1121
         3       595       593      1122
         3       627       625      1123
         3       623       621      1115
         3       605       603      1117
         3       631       629      1124
         3       736       525      1212
         3       568       566      1130
         3      1010       248      1258
         3       273        21      1208
         3       127         1       766
         3       146      1007      1208
         3       199        73      1215
         3      1130       437      1316
         3       423       421      1129
         3       992       280      1113
         3       411       409      1127
         3       417       415      1128
         3       407       405      1131
         3         5       130       256
         3       470       529      1183
         3       999       253      1126
         3       899       712      1074
         3       506       319      1111
         3       206        80      1216
         3       591       589      1150
         3       218        92       226
         3       166        40      1231
         3      1049       274      1097
         3       281       199      1215
         3      1023       271      1269
         3       705       507      1100
         3        83       208      1218
         3       257      1147      1151
         3       538       487      1161
         3       421       419      1198
         3       130         4      1125
         3        80       225      1216
         3      1072       701      1296
         3        40       242      1231
         3      1022       166      1231
         3       266      1213      1217
         3       566       563      1137
         3       507       747      1100
         3       574       570      1138
         3       578       576      1139
         3       583       581      1140
         3       208       222      1218
         3       203       227      1221
         3        78       203      1221
         3       706       520      1094
         3       945       944      1146
         3       247      1054      1174
         3        51       297      1240
         3       695       694      1364
         3       635       633      1142
         3      1065      1129      1198
         3       109       110      1260
         3      1040       301      1144
         3      1081       237      1366
         3         4       129       305
         3        75       228      1236
         3         2       127      1164
         3       391       389      1149
         3       177        51      1240
         3       110       111      1266
         3       951       675      1355
         3       452       469       470
         3      1107       743      1346
         3       561       559      1160
         3       129         3      1145
         3       264      1074      1268
         3       719       495      1099
         3      1155       285      1350
         3       546       544      1152
         3       553       551      1154
         3        66       303      1275
         3      1046       192      1275
         3       534       693      1094
         3       972       432      1375
         3       993       281      1165
         3      1033       835      1051
         3       675       952      1355
         3       693       930      1094
         3       201        75      1236
         3       812      1263      1277
         3       243        37      1289
         3         3       128      1151
         3       169       275      1298
         3      1024        44      1298
         3       965       724      1204
         3       379       377      1156
         3       383       381      1158
         3      1147      1145      1151
         3       781       531      1136
         3      1278       323      1384
         3       194       304      1318
         3      1091       745      1337
         3         6       131      1227
         3       557       741      1332
         3       959       862      1365
         3      1172       781      1173
         3       280        76      1328
         3      1240       297      1282
         3       270       209      1388
         3        70       230      1334
         3       277        81      1368
         3       198       229      1338
         3       523       794      1099
         3       279       204      1347
         3       431      1075      1140
         3      1062       644      1265
         3       128         2       257
         3      1012       246      1195
         3       729       959      1268
         3       162      1083      1289
         3       339       336      1207
         3       233      1041      1182
         3      1039       234      1177
         3       132       283      1070
         3       532       479      1214
         3       975       811      1150
         3       949       678      1377
         3       374       372      1171
         3       711       729      1268
         3       504       721      1371
         3       278       216       990
         3       366       364      1166
         3       462       453      1189
         3       232      1044      1188
         3      1175       451      1176
         3      1179       509      1180
         3       214       276      1273
         3       937      1068      1224
         3       673       671      1178
         3       901       900      1246
         3      1193       881      1312
         3      1156       436      1157
         3       664       662      1167
         3       961       962      1345
         3       971       447      1293
         3      1162       177      1240
         3      1090       645      1143
         3       224       215      1306
         3       531       530      1136
         3       908       909      1287
         3       358       356      1168
         3       619       703      1114
         3       601       686      1116
         3       615       638      1118
         3       611       926      1119
         3       607       676      1120
         3       597       974      1121
         3       625       637      1123
         3       593       643      1122
         3       642       631      1124
         3       984       241      1190
         3       703       617      1118
         3       638       613      1119
         3       926       609      1120
         3       686       599      1121
         3       974       595      1122
         3       837       627      1123
         3       629       837      1124
         3       637       623      1115
         3       676       605      1117
         3       779       568      1130
         3       427       425      1163
         3       460       417      1128
         3       461       407      1131
         3       409       461      1127
         3       415       456      1128
         3       405       444      1131
         3       643       591      1150
         3       429       423      1129
         3       530      1082      1136
         3       343       341      1175
         3      1053       820      1271
         3       718       717       929
         3      1110       574      1138
         3       687       578      1139
         3      1075       583      1140
         3       419       460      1198
         3       121      1217      1237
         3       633       642      1142
         3       376       345      1179
         3       563       644      1137
         3       570       779      1138
         3       589       975      1150
         3       576      1110      1139
         3      1011       289      1196
         3       581       687      1140
         3       464       391      1149
         3       353       351      1185
         3       701       979      1296
         3       470      1183      1189
         3       733       738      1213
         3       430      1154      1305
         3       644       561      1160
         3      1225       773      1326
         3       767      1244      1292
         3       720       546      1152
         3       960       553      1154
         3       717       492       853
         3       750       685      1172
         3       509       343      1175
         3      1076       743      1356
         3       389       446      1149
         3       933      1015      1335
         3       461      1077      1291
         3       687      1067      1264
         3       192        66      1275
         3       493       379      1156
         3       451       339      1207
         3       702       538      1161
         3       904       635      1142
         3       501       366      1166
         3       491       473       492
         3       743      1107      1356
         3       678       958      1377
         3      1141        69      1318
         3       544       970      1152
         3       551       720      1154
         3       436       374      1171
         3       559      1106      1160
         3       743       683      1346
         3       255      1070      1209
         3       471       353      1185
         3       668       664      1167
         3       377       436      1156
         3       381       493      1158
         3       875       673      1178
         3      1027       239      1194
         3       643      1150      1301
         3        89       214      1273
         3       685       781      1172
         3      1159       196      1334
         3        37       162      1289
         3       491       492       717
         3       364       447      1166
         3      1340       797      1373
         3      1214       317      1311
         3       376      1179      1223
         3       372      1058      1171
         3       710       514       976
         3       356       471      1168
         3       969      1024      1298
         3       738       776      1237
         3        91       278      1071
         3        44       169      1298
         3       341       451      1175
         3       662       871      1167
         3       345       509      1179
         3       671      1060      1178
         3      1272      1257      1327
         3       621      1114      1115
         3       603      1116      1117
         3      1205       790      1225
         3       914      1318      1389
         3       425       429      1163
         3       555       960      1210
         3       645      1073      1143
         3       351      1059      1185
         3      1066       733      1213
         3       456       413      1261
         3       639       904      1309
         3       955      1046      1275
         3      1082       705      1201
         3      1130       566      1137
         3       476       397      1239
         3      1150       811      1301
         3        94       219      1235
         3      1129       421      1198
         3       237      1162      1366
         3       710       976      1088
         3      1106       801      1160
         3       688      1299      1352
         3       469       427      1163
         3       395      1085      1239
         3      1142       642      1197
         3       801      1106      1210
         3        69       194      1318
         3       215        89      1306
         3       264      1268      1365
         3       432      1200      1375
         3      1051       835      1253
         3      1148      1135      1280
         3       431      1140      1264
         3       447       362      1293
         3       288      1008      1219
         3       970       542      1323
         3      1079       848      1353
         3       283         6      1227
         3        76       201      1328
         3       988       961      1345
         3      1160       801      1265
         3      1165       281      1343
         3       762      1165      1331
         3       742      1048      1320
         3       196        70      1334
         3       942       906      1252
         3       922      1127      1291
         3         1       126      1241
         3       413       411      1261
         3       549       468      1278
         3      1154       720      1305
         3       977       810      1229
         3        73       198      1338
         3       647      1340      1373
         3       915      1218      1342
         3       452       470      1189
         3       540       702      1323
         3       702      1153      1323
         3       397       395      1239
         3      1021       294      1203
         3      1215        73      1338
         3       204        78      1347
         3       231      1046      1228
         3       307       258      1242
         3       881      1087      1312
         3      1128       456      1211
         3       896      1216      1330
         3      1022       949      1377
         3       206      1216      1368
         3       217      1071      1079
         3      1001       252      1205
         3        78      1221      1347
         3       325      1072      1296
         3       844      1155      1350
         3        83      1218      1388
         3        81       206      1368
         3      1153       970      1323
         3       411      1127      1261
         3       294      1020      1203
         3       201      1236      1328
         3      1135       765      1280
         3       209        83      1388
         3       707      1081      1366
         3      1213       738      1217
         3       254       997      1254
         3       644      1160      1265
         3      1217       738      1237
         3      1091      1045      1290
         3       751       750      1315
         3       505      1080      1274
         3      1003       286      1249
         3      1175      1176      1358
         3      1002      1001      1205
         3       238      1052      1255
         3      1074       711      1268
         3       286      1002      1249
         3      1119       926      1380
         3      1140       687      1264
         3      1030      1029      1277
         3       298      1032      1259
         3      1242       821      1243
         3       994       282      1257
         3       293      1018      1245
         3      1112       287      1363
         3       790      1205      1336
         3       477       639      1302
         3       789      1240      1282
         3       362       359      1293
         3      1048      1047      1320
         3       236      1051      1253
         3       223       986      1248
         3       458      1302      1325
         3       888      1221      1317
         3      1014      1013      1335
         3      1215       882      1343
         3       709        93      1132
         3      1048       742      1354
         3      1077       860      1291
         3      1109       881      1193
         3      1063      1075      1374
         3      1057      1056      1313
         3       676      1117      1222
         3        89      1273      1306
         3       230      1141      1270
         3      1124       837      1234
         3      1088       847      1243
         3       509      1175      1358
         3       755      1048      1354
         3      1083       911      1289
         3      1228       742      1320
         3      1126       253      1286
         3      1132       226      1133
         3      1340      1112      1363
         3      1030       741      1282
         3       251      1057      1390
         3       242      1053      1271
         3      1174      1054      1339
         3       694       697      1364
         3      1197       778      1351
         3       226        92      1079
         3       542       540      1323
         3       232      1188      1290
         3      1167       871      1256
         3      1029       238      1277
         3       993      1165      1362
         3       789      1162      1240
         3      1246       261      1379
         3       746      1272      1327
         3       847       307      1243
         3      1189      1183      1267
         3      1033       298      1259
         3      1148      1164      1329
         3      1302       639      1309
         3      1097       274      1386
         3      1307       228      1362
         3       297      1030      1282
         3       218       226      1132
         3       233      1182      1357
         3      1180       509      1358
         3       731      1254      1321
         3       741      1263      1332
         3       914      1141      1318
         3       220        94       258
         3      1236       228      1307
         3      1045       232      1290
         3      1237       776      1238
         3      1116       686      1250
         3      1101       325      1296
         3       927      1159      1334
         3      1127       922      1261
         3       432       972      1359
         3       979      1101      1296
         3       492       473      1267
         3       302      1042      1295
         3       126         0       259
         3       256       130      1125
         3       980       272      1288
         3      1011      1196      1339
         3       253       998      1286
         3       127       766      1164
         3      1221       227      1317
         3       996      1193      1321
         3         4       305      1125
         3      1200       719      1375
         3      1087       689      1312
         3      1183       492      1267
         3      1257       282      1327
         3      1056      1003      1313
         3      1015      1014      1335
         3       305       129      1145
         3      1216       225      1330
         3      1047       231      1320
         3       886      1236      1307
         3       263      1076      1356
         3      1013      1262      1335
         3       868      1181      1324
         3       307      1242      1243
         3       304      1048      1389
         3       282      1159      1327
         3       238      1255      1277
         3      1145         3      1151
         3       231      1228      1320
         3       257         2      1164
         3      1182       788      1383
         3       835      1033      1259
         3      1048       755      1389
         3       930       695      1349
         3       791      1063      1374
         3      1146      1147      1292
         3       882      1215      1338
         3      1216       896      1368
         3      1218       222      1342
         3       990       224      1322
         3       281      1215      1343
         3      1218       915      1388
         3       258      1235      1242
         3      1246       900      1266
         3       754      1091      1337
         3      1221       888      1347
         3       128       257      1151
         3      1273       276      1345
         3       252      1000      1336
         3       219       709      1235
         3      1236       886      1328
         3      1054      1011      1339
         3       717       853      1333
         3      1205       252      1336
         3      1003      1249      1313
         3      1080       715      1274
         3      1073       872      1314
         3       473       462      1267
         3       997       996      1321
         3      1149       446      1300
         3      1042       233      1357
         3       462      1189      1267
         3       293      1245      1382
         3       695      1284      1349
         3      1127       461      1291
         3      1099       972      1375
         3       228       993      1362
         3      1254       997      1321
         3      1188       745      1290
         3       929       717      1333
         3      1083       293      1382
         3       766         1      1241
         3       797      1340      1363
         3       287      1004      1363
         3      1004       251      1390
         3      1280       765      1281
         3      1295      1042      1357
         3      1100       747      1385
         3       274       985      1386
         3       333      1143      1314
         3       956       943      1367
         3       846      1302      1309
         3      1075       431      1374
         3      1143      1073      1314
         3      1181       265      1324
         3      1153       912      1376
         3      1165       762      1362
         3       847      1088      1304
         3       702      1161      1341
         3       817      1182      1383
         3      1182       817      1357
         3      1273       962      1306
         3       901      1246      1379
         3      1196       704      1339
         3       433      1153      1376
         3      1247       901      1379
         3       894      1112      1340
         3       719      1099      1375
         3       788      1348      1383
         3       748      1257      1272
         3      1238       776      1369
         3       730      1214      1311
         3       919      1247      1379
         3      1162       789      1366
         3      1263       753      1332
         3       267      1238      1369
         3       767      1280      1281
         3       698      1169      1367
         3      1255       812      1277
         3      1200       432      1361
         3       677      1225      1326
         3       945      1146      1292
         3      1176       751      1358
         3      1133       226      1353
         3      1132      1133      1344
         3      1284       825      1349
         3       816      1200      1361
         3      1249       716      1313
         3      1164       766      1329
         3      1363      1004      1390
         3      1088       718      1304
         3      1268       959      1365
         3       442      1197      1351
         3       226      1079      1353
         3       709      1132      1344
         3       962      1273      1345
         3      1262       933      1335
         3       258        94      1235
         3      1302       846      1325
         3      1299       806      1352
         3      1348       787      1383
         3       126       259      1241
         3       768      1278      1384
         3      1364       697      1378
         3       797      1363      1390
         3       876      1364      1378
         3        95       220       258
         3      1070       283      1169
         3       642      1124      1234
         3       904      1142      1197
CELL_TYPES      2542
  5  5  5  5  5  5  5  5  5  5  5  5  5  5  5  5  5  5  5  5  5  5  5  5  5  5  5  5  5  5  5  5  5  5  5  5  5  5  5  5  5  5  5  5  5  5  5  5  5  5  5  5  5  5  5  5  5  5  5  5  5  5  5  5  5  5  5  5  5  5  5  5  5  5  5  5  5  5  5  5  5  5  5  5  5  5  5  5  5  5  5  5  5  5  5  5  5  5  5  5  5  5  5  5  5  5  5  5  5  5  5  5  5  5  5  5  5  5  5  5  5  5  5  5  5  5  5  5  5  5  5  5  5  5  5  5  5  5  5  5  5  5  5  5  5  5  5  5  5  5  5  5  5  5  5  5  5  5  5  5  5  5  5  5  5  5  5  5  5  5  5  5  5  5  5  5  5  5  5  5  5  5  5  5  5  5  5  5  5  5  5  5  5  5  5  5  5  5  5  5  5  5  5  5  5  5  5  5  5  5  5  5  5  5  5  5  5  5  5  5  5  5  5  5  5  5  5  5  5  5  5  5  5  5  5  5  5  5  5  5  5  5  5  5  5  5  5  5  5  5  5  5  5  5  5  5  5  5  5  5  5  5  5  5  5  5  5  5  5  5  5  5  5  5  5  5  5  5  5  5  5  5  5  5  5  5  5  5  5  5  5  5  5  5  5  5  5  5  5  5  5  5  5  5  5  5  5  5  5  5  5  5  5  5  5  5  5  5  5  5  5  5  5  5  5  5  5  5  5  5  5  5  5  5  5  5  5  5  5  5  5  5  5  5  5  5  5  5  5  5  5  5  5  5  5  5  5  5  5  5  5  5  5  5  5  5  5  5  5  5  5  5  5  5  5  5  5  5  5  5  5  5  5  5  5  5  5  5  5  5  5  5  5  5  5  5  5  5  5  5  5  5  5  5  5  5  5  5  5  5  5  5  5  5  5  5  5  5  5  5  5  5  5  5  5  5  5  5  5  5  5  5  5  5  5  5  5  5  5  5  5  5  5  5  5  5  5  5  5  5  5  5  5  5  5  5  5  5  5  5  5  5  5  5  5  5  5  5  5  5  5  5  5  5  5  5  5  5  5  5  5  5  5  5  5  5  5  5  5  5  5  5  5  5  5  5  5  5  5  5  5  5  5  5  5  5  5  5  5  5  5  5  5  5  5  5  5  5  5  5  5  5  5  5  5  5  5  5  5  5  5  5  5  5  5  5  5  5  5  5  5  5  5  5  5  5  5  5  5  5  5  5  5  5  5  5  5  5  5  5  5  5  5  5  5  5  5  5  5  5  5  5  5  5  5  5  5  5  5  5  5  5  5  5  5  5  5  5  5  5  5  5  5  5  5  5  5  5  5  5  5  5  5  5  5  5  5  5  5  5  5  5  5  5  5  5  5  5  5  5  5  5  5  5  5  5  5  5  5  5  5  5  5  5  5  5  5  5  5  5  5  5  5  5  5  5  5  5  5  5  5  5  5  5  5  5  5  5  5  5  5  5  5  5  5  5  5  5  5  5  5  5  5  5  5  5  5  5  5  5  5  5  5  5  5  5  5  5  5  5  5  5  5  5  5  5  5  5  5  5  5  5  5  5  5  5  5  5  5  5  5  5  5  5  5  5  5  5  5  5  5  5  5  5  5  5  5  5  5  5  5  5  5  5  5  5  5  5  5  5  5  5  5  5  5  5  5  5  5  5  5  5  5  5  5  5  5  5  5  5  5  5  5  5  5  5  5  5  5  5  5  5  5  5  5  5  5  5  5  5  5  5  5  5  5  5  5  5  5  5  5  5  5  5  5  5  5  5  5  5  5  5  5  5  5  5  5  5  5  5  5  5  5  5  5  5  5  5  5  5  5  5  5  5  5  5  5  5  5  5  5  5  5  5  5  5  5  5  5  5  5  5  5  5  5  5  5  5  5  5  5  5  5  5  5  5  5  5  5  5  5  5  5  5  5  5  5  5  5  5  5  5  5  5  5  5  5  5  5  5  5  5  5  5  5  5  5  5  5  5  5  5  5  5  5  5  5  5  5  5  5  5  5  5  5  5  5  5  5  5  5  5  5  5  5  5  5  5  5  5  5  5  5  5  5  5  5  5  5  5  5  5  5  5  5  5  5  5  5  5  5  5  5  5  5  5  5  5  5  5  5  5  5  5  5  5  5  5  5  5  5  5  5  5  5  5  5  5  5  5  5  5  5  5  5  5  5  5  5  5  5  5  5  5  5  5  5  5  5  5  5  5  5  5  5  5  5  5  5  5  5  5  5  5  5  5  5  5  5  5  5  5  5  5  5  5  5  5  5  5  5  5  5  5  5  5  5  5  5  5  5  5  5  5  5  5  5  5  5  5  5  5  5  5  5  5  5  5  5  5  5  5  5  5  5  5  5  5  5  5  5  5  5  5  5  5  5  5  5  5  5  5  5  5  5  5  5  5  5  5  5  5  5  5  5  5  5  5  5  5  5  5  5  5  5  5  5  5  5  5  5  5  5  5  5  5  5  5  5  5  5  5  5  5  5  5  5  5  5  5  5  5  5  5  5  5  5  5  5  5  5  5  5  5  5  5  5  5  5  5  5  5  5  5  5  5  5  5  5  5  5  5  5  5  5  5  5  5  5  5  5  5  5  5  5  5  5  5  5  5  5  5  5  5  5  5  5  5  5  5  5  5  5  5  5  5  5  5  5  5  5  5  5  5  5  5  5  5  5  5  5  5  5  5  5  5  5  5  5  5  5  5  5  5  5  5  5  5  5  5  5  5  5  5  5  5  5  5  5  5  5  5  5  5  5  5  5  5  5  5  5  5  5  5  5  5  5  5  5  5  5  5  5  5  5  5  5  5  5  5  5  5  5  5  5  5  5  5  5  5  5  5  5  5  5  5  5  5  5  5  5  5  5  5  5  5  5  5  5  5  5  5  5  5  5  5  5  5  5  5  5  5  5  5  5  5  5  5  5  5  5  5  5  5  5  5  5  5  5  5  5  5  5  5  5  5  5  5  5  5  5  5  5  5  5  5  5  5  5  5  5  5  5  5  5  5  5  5  5  5  5  5  5  5  5  5  5  5  5  5  5  5  5  5  5  5  5  5  5  5  5  5  5  5  5  5  5  5  5  5  5  5  5  5  5  5  5  5  5  5  5  5  5  5  5  5  5  5  5  5  5  5  5  5  5  5  5  5  5  5  5  5  5  5  5  5  5  5  5  5  5  5  5  5  5  5  5  5  5  5  5  5  5  5  5  5  5  5  5  5  5  5  5  5  5  5  5  5  5  5  5  5  5  5  5  5  5  5  5  5  5  5  5  5  5  5  5  5  5  5  5  5  5  5  5  5  5  5  5  5  5  5  5  5  5  5  5  5  5  5  5  5  5  5  5  5  5  5  5  5  5  5  5  5  5  5  5  5  5  5  5  5  5  5  5  5  5  5  5  5  5  5  5  5  5  5  5  5  5  5  5  5  5  5  5  5  5  5  5  5  5  5  5  5  5  5  5  5  5  5  5  5  5  5  5  5  5  5  5  5  5  5  5  5  5  5  5  5  5  5  5  5  5  5  5  5  5  5  5  5  5  5  5  5  5  5  5  5  5  5  5  5  5  5  5  5  5  5  5  5  5  5  5  5  5  5  5  5  5  5  5  5  5  5  5  5  5  5  5  5  5  5  5  5  5  5  5  5  5  5  5  5  5  5  5  5  5  5  5  5  5  5  5  5  5  5  5  5  5  5  5  5  5  5  5  5  5  5  5  5  5  5  5  5  5  5  5  5  5  5  5  5  5  5  5  5  5  5  5  5  5  5  5  5  5  5  5  5  5  5  5  5  5  5  5  5  5  5  5  5  5  5  5  5  5  5  5  5  5  5  5  5  5  5  5  5  5  5  5  5  5  5  5  5  5  5  5  5  5  5  5  5  5  5  5  5  5  5  5  5  5  5  5  5  5  5  5  5  5  5  5  5  5  5  5  5  5  5  5  5  5  5  5  5  5  5  5  5  5  5  5  5  5  5  5  5  5  5  5  5  5  5  5  5  5  5  5  5  5  5  5  5  5  5  5  5  5  5  5  5  5  5  5  5  5  5  5  5  5  5  5  5  5  5  5  5  5  5  5  5  5  5  5  5  5  5  5  5  5  5  5  5  5  5  5  5  5  5  5  5  5  5  5  5  5  5  5  5  5  5  5  5  5  5  5  5  5  5  5  5  5  5  5  5  5  5  5  5  5  5  5  5  5  5  5  5  5  5  5  5  5  5  5  5  5  5  5  5  5  5  5  5  5  5  5  5  5  5  5  5  5  5  5  5  5  5  5  5  5  5  5  5  5  5  5  5  5  5  5  5  5  5  5  5  5  5  5  5  5  5  5  5  5  5  5  5  5  5  5  5  5  5  5  5  5  5  5  5  5  5  5  5  5  5  5  5  5  5  5  5  5  5  5  5  5  5  5  5  5  5  5  5  5  5  5  5  5  5  5  5  5  5  5  5  5  5  5  5  5  5  5  5  5  5  5  5  5  5  5  5  5  5  5  5  5  5  5  5  5  5  5  5  5  5  5  5  5  5  5  5  5  5  5  5  5  5  5  5  5  5  5  5  5  5  5  5  5  5  5  5  5  5  5  5  5  5  5  5  5  5  5  5  5  5  5  5  5  5  5  5  5  5  5  5  5  5  5  5  5  5  5  5  5  5  5  5  5  5  5  5  5  5  5  5  5  5  5  5  5  5  5  5  5  5  5  5  5  5  5  5  5  5  5  5  5  5  5  5  5  5  5  5  5  5  5  5  5  5  5  5  5  5  5  5  5  5  5  5  5  5  5  5  5  5  5  5  5  5  5  5  5  5  5  5  5  5  5  5  5  5  5  5  5  5  5  5  5  5  5  5  5  5  5  5  5  5  5  5  5  5  5  5  5  5  5  5  5  5  5  5  5  5  5  5  5  5  5  5  5  5  5  5  5  5  5  5  5  5  5  5  5  5  5  5  5  5  5  5  5  5  5  5  5  5  5  5  5  5  5  5  5  5  5  5  5  5  5  5  5  5  5  5  5  5  5  5  5  5  5  5  5  5  5  5  5  5  5  5  5  5  5  5  5  5  5  5  5  5  5  5  5  5  5  5  5  5  5  5  5  5  5  5  5  5  5  5  5  5  5  5  5  5  5  5  5  5  5  5  5  5  5  5  5  5  5  5  5  5  5  5  5  5  5  5  5  5  5  5  5  5  5  5  5  5  5  5  5  5  5  5  5  5  5  5  5  5  5  5  5  5  5  5  5  5  5  5  5  5  5  5  5  5  5  5  5  5  5  5  5  5  5  5  5  5  5  5  5  5  5  5  5  5  5  5  5  5  5  5  5  5  5  5  5  5  5  5  5  5  5  5  5  5  5  5  5  5  5  5  5  5  5  5  5  5  5  5  5  5  5  5  5  5  5  5  5  5  5  5  5  5  5  5  5  5  5  5  5  5  5  5  5  5  5  5  5  5  5  5  5  5  5  5  5  5  5  5  5  5  5  5  5  5  5  5  5  5  5  5  5  5  5  5  5  5  5  5  5  5  5  5  5  5  5  5  5  5  5  5  5  5  5  5  5  5  5  5  5  5  5  5  5  5  5  5  5  5  5  5  5  5  5  5  5  5  5  5  5  5  5  5  5  5  5  5  5  5  5  5  5  5  5  5  5  5  5  5  5  5  5  5  5  5  5  5  5  5  5  5  5  5  5  5  5  5  5  5  5  5  5  5  5  5
POINT_DATA      1392
CELL_DATA      2542
SCALARS Resistivity(ohm.m) double 1
LOOKUP_TABLE default
          1287.36093          2540.41882          1750.94014           832.95604           833.68601           888.49668           657.24503          1389.18727           929.97426           905.32936          1011.94365          1216.59156           624.97776           815.95929          1102.56398           907.29974          1221.11216           458.91523           416.45149           906.81568           481.57789           729.33988           362.46023           882.07578          1311.93699           492.95485          1180.12880          2162.29445           493.80104           650.29718          1853.32587          2064.21656           811.71594          1124.93130          2683.94271          1120.83177           372.39889           549.23841          1286.15499          1889.15045           967.23857          2331.22019          1305.99911           566.56899           661.02095          2286.38059           598.41187          1086.91884          1645.03054          1209.86904           617.69282          1347.56060          1497.08848           855.83534          2489.72513          1272.73602           641.32317           614.74677           627.03032          1520.99905           812.12630           473.97415           690.80797          1005.08204           646.89481           928.89464           480.22311           708.36894           878.64253          1111.23862           973.66712           723.21566           799.63714          1343.85178           930.01078          2142.43401           816.28216           931.54973          1456.64239           589.19992          1581.22207          1720.31317           694.69005           976.08645          2506.27580          1029.55187           554.14427           668.90999           373.32745           374.59511           913.88288           405.77552           485.68284          1807.28519           912.16544          1342.03931           612.36443          2538.00955          1157.28069           788.02117           958.86240          1448.33799          1853.17374           799.80584           659.05355           491.94940          1152.12637          1109.60945          1012.43392           967.31063          1137.01738           951.26805           686.95509           478.82585           562.20505          1173.92623          2158.82251           418.42639           692.76174          1683.38923          1632.14563           497.90697          1368.88567          1150.49597          1487.53963           549.75711          1173.38327          1688.48415          1813.18419           769.56829           957.80071          1301.37083           492.71788          2660.58892          2422.53011           388.02223          1150.46860          1018.94463           502.64219          1666.87134          1240.26084           469.55751          2011.30465           389.88625           744.81609          2550.44195          2288.08009          1379.50637          2369.75095          1919.81086          1487.71112          1694.68825          1142.61079          1264.56732          1053.96752          1175.43218          1072.16854           584.01659          1201.53565           685.88175           663.09547           743.16639           956.34784          1943.44141          1196.46242          1014.26767          1268.75879           756.45770          1133.99690          2603.81703           360.74363           799.17473           748.33933           464.01542          1714.66802           569.07977           948.38946           686.14710          1048.52368           879.44568           881.35024          1427.38750          1012.88567          1912.26115          1975.13312          1011.73249           554.96054           507.27931          1130.71591          1296.50104           357.55004          1150.54134           392.76911           884.92175          1589.54711           890.96390          1220.63975          1643.41610           393.25691          1800.91730          2050.43592          1900.04875          1108.00209           388.15140          1389.19114          2538.78605          1414.86924           871.49571          1336.59376           906.50468           453.55289          1045.72075          1324.80571          1903.14465          1770.68376          1336.74626           492.13572           464.67995           760.89019           950.76783           520.68120          1116.72754          2022.97200           646.15993           616.92439          1601.31343          1051.80981           641.65055          2121.62579          1452.63804           495.19361          1399.00798           412.47584          1604.42755          1349.96224          1736.89527           647.69654          1564.51478           705.91785           746.15430          1018.73055           466.42865          2432.76229           822.73824          1808.90333          1361.30852          1375.85533          1127.94729           824.83201          1861.82826           436.47360          1256.19264          1637.73482          2023.91941           787.80419          1967.61176          1478.50960          1328.39878           487.18045           425.52577          2462.61976          1774.53891          1002.94123          1396.33811          1766.85672          1855.06376          1069.27392           507.92696           977.37460           867.82505          2180.74463           698.61632          1529.11990           851.02351          1879.31836           950.20076           894.92904          1651.52528          2002.33879           889.54895          1657.65085          1551.44404           361.08463          2391.49723          2026.97754           562.60401           979.58429           400.22194           848.26583           893.54203          1525.06075          1602.21381          1946.50110           447.35416          1561.05485          1600.16472           315.91921           581.45338           587.08772          1185.02186          1792.45552          1050.06435          1363.28164          1980.25267          1113.96150          1009.17891           665.17429           718.56377           510.93194          1082.57669          1606.16079          1398.75789           789.88429           535.92629          1034.43232           885.95742          1608.61431          1646.29839          1364.32197          1480.07820           621.48631           605.24304          1551.47935          1301.52761           914.37810           957.93490          1262.16321          1521.77823          1354.55566          2515.13172          1720.34952          1490.81622          2083.24358           748.99280          2590.84221           691.99934           918.92028           479.70892          1172.81650          1787.86691           763.46729          1158.86599          2302.18252           590.20134          1065.21075           781.86198          1474.97458          1468.43243          1239.34622          1965.05020           759.27685          1194.79586          1976.36660          1343.41638          1443.63495           699.21300           535.75850           917.91643          2225.16313          1322.84810          1111.74154           965.98340          1641.18584           718.06621           427.84596          2412.96915          1397.32478          1724.62064          1218.15823          1328.71943           469.62028           383.31159           521.76702           525.77643           638.31076           665.38487           869.44323           795.79825           879.70121           707.53491           828.67809          1000.90345          1441.24241          1130.53623           688.53586           751.59477          1051.17205          1684.69071           963.07831          1655.03631           854.20246           887.37606          1319.28488          2676.53117          2016.66169          2200.55859          1460.63517           825.76317          1235.52268           866.21679          1607.05704          2414.50624           835.90624          1061.15607          1151.48878          1978.01602          1853.51424          1411.56814           412.67459          1420.22519           394.41417          1279.78069           788.06348           764.70678          1031.98402          2367.68509          1207.53819          1072.04048          1120.17387          1750.71909           969.23639          1163.68868          2068.83038          2332.15754          1424.01274          2043.99342          1447.99042          1695.29547          2007.23647           403.11019           952.69500           536.83270          1888.32851           498.92980          1751.74282           866.73611          1428.14506          1585.29963          1352.89177          1322.22801          1312.89424           570.64298          1438.98386          1227.62425          1068.28240           930.05132           300.50312           710.47730          1832.31370          1735.34183           845.90673          1552.53660          1426.96229          1749.80021          2298.64630          1904.15225          1761.49706          1370.64318          1320.81112           992.80211          1334.29558           847.83596          1856.41182          1453.27531           805.01603           682.78966           675.01710           754.55458           878.71693          1434.76816           766.00484          1946.78503          1556.61677           796.65153           678.29374           727.89949          1341.81297           782.07116           995.04280          1636.76524          1441.52525          1381.66148          1351.84797          1219.31478          1038.79815           895.90996          2171.12698          1712.47167          1342.74244          1272.14792          1711.37822          2046.56447          2016.96369          2196.96907          1298.37750          1410.05461          1785.47234          1916.44396           740.71644           592.80899           563.91468          1653.46642           917.03734          1706.96611          1760.66605          2074.10530           682.05836           681.77332           668.49232           711.11001           722.63607           790.19719           957.66051          1243.06813           794.66172           851.49995          1509.49649          1558.99631          1560.08765          1347.23788          1445.13110          1450.39108          1378.16741          1717.10253          1608.94604          1598.80968           397.72391           991.11513          1281.60495          1544.12301          1405.18629          1073.35842           968.35248          1570.52617           967.46238           787.35665           733.60244          1913.41370           788.78824           814.62785           831.34940           831.01653           401.19451          1625.98441          1301.83423           554.39988          1516.69071          1353.04403          1383.81423          1304.50231          1550.13289           558.48240           719.90457           708.90308          1074.19041          1360.10765           323.76868          1434.91331          1344.68131          1873.14570           646.68001           845.26676           691.60902          1578.84254           627.11468           619.52241           619.64938          2009.97121           367.02345           722.58527          1993.00535          2223.31454          1423.99946          1567.98730          2241.19885           902.17229          1406.62296           757.67696          1589.54745          1954.67626           502.61137          1314.94324          1256.26808          1227.59366          1160.96964           991.68994           842.61768           720.71274           704.42626          1608.48504          1504.49963           396.86854          1941.90628           823.97325           801.51517           962.41382          1234.22352          1237.31664          1280.29534           824.39371           815.18657          1879.29222          1039.65201          1584.58747          2054.94927          1247.71174           471.70445          1015.41379          1969.17668          2084.08199          1999.48363           725.25268           634.66231          1938.94845           624.93399          1304.42709          1559.86998          1545.79163          1602.83387           895.12101          1050.02741          1046.02980          1856.50277           379.43787           843.02320          1392.60770          2132.70709          1518.89076           620.83369           499.66378          1287.60111          1267.47040          1423.32449          1371.23334           931.05456           686.90202           729.65574          1142.47962           486.37081           787.48575          1015.27430           806.58340          1036.43478          1184.03721           644.78378          1933.34270          1522.31247          2327.03799          1624.24511          1365.50945          1136.20468          1337.88556           588.88044          1283.19623           765.11116           785.31211          1245.22702          1617.74870           792.87322           926.69652           852.57791           484.38156          1630.40964          1492.44988          1333.28632          1037.69569           456.71286           342.42398           641.64333          1281.36127           386.97406           424.44354           479.71306           333.40473          1368.08414          1688.79375           570.44208          2213.59502          1712.60956          2233.11598          2240.01145          1131.64586           356.52187          1537.53130          1606.63533          1006.47839          1389.14951           607.69853          2082.90136          2182.65412          1243.08642           671.49644          1237.40185           974.62944           657.17906          1329.14269          1939.12525          1075.16589           474.91409           446.77751          1415.72744          1232.76544          1076.72531           417.02271          1166.89745          1591.56551           736.26414          1480.32682           568.28846           929.55680          1844.58621           804.45586          1456.38304          1194.58568          1083.75236           745.13457           382.67681           620.70811           980.01218          1615.19394          1188.21028           443.40349          1238.84170           534.77219           790.28658          1396.25856           853.89718          1187.04265           936.87133          1307.42715          1107.42327          1100.13813           926.00452           900.45670          1986.36396          1285.58504          2037.81414           737.24745          1147.06303          1345.99909          1605.37380           639.19279           486.24161          1878.08898           442.16467          1267.75377          2212.04307           410.05757          1124.84034          1066.66525          1021.84110          1958.41391          2153.81327           934.10178          1807.28645          2198.11383          1764.12406           679.12673           446.28596           404.74196           282.63731           288.65469           422.68347           318.83874           605.48049           452.19431           471.39283           483.68415           873.17835           434.45301           456.12805          2190.26974          1930.37154          2373.77867          1423.57789           706.42405          1864.39793           308.87505          2008.08039          2049.88969           860.15642          1324.69783          1885.31216           345.77505          1928.77137           937.03703           666.73912          1269.37733           738.67460           436.04264           427.97806          1336.93066           823.90363          1017.46464          1458.17383           813.55586          1652.48276          2068.04834           453.49170           276.13827          1576.04784           872.72690          1557.54061           668.22192          2147.14164           791.00622           666.46739          1400.53865          1389.89682          1221.54677           629.95037           891.62884          1795.77383           580.14544           576.45241           566.33309          2091.61175          1406.31973          1404.39830          1715.80338          1331.12227           729.13191           408.99472          1447.24459          1958.99881          1530.69466           920.53851          1277.21334           405.55787          1143.20786          1127.15668          1840.59690          1809.33554          2068.55742          2316.68097          1340.35508           422.31082           459.73578          1576.09847           415.86213          1637.43278           645.70373          2017.32694           729.87105           295.15342           511.31785          1336.07086           837.35611           968.90793          1872.81877          1481.92565           725.30369          1339.47007           782.76531           690.39649          1064.18190           369.78607          1425.98922          2584.59083          1801.66482           941.50625           423.56328          1378.08649           440.07989          1118.81307          1038.71375          1129.94051           618.00636          1675.21411           437.96610           732.65888           931.03100          1187.49827           407.30614          1029.01567           383.35810          1343.77675          1298.75139           974.90973           972.09894           655.67364          1705.26032          1656.08723          1638.60494          1636.53971          1600.69078          1581.78859          1570.06062          1526.20081          1461.04200          1398.47588          1344.20839          1279.19455          1206.63355          1163.34715          1008.94544          1124.68912          1077.76616          1044.18087          1850.81275          1744.31233           387.46204          1694.30447           948.73529          2006.43128          1297.26185          1150.13533          1980.48889           620.32276           919.04586           616.36796           899.84275           755.16900          1244.51272          1689.55041          1221.43960          1238.26351          1285.78343          1359.41021          1461.38489          1566.66031          1640.99382          1712.59190          1822.18351          1404.95842           438.54574           316.67421          1815.47220           620.45450          2031.26758          1314.48862           509.48907          1312.76604           799.03125          1583.87328          1936.51493          2039.65027           371.03618           684.85652          1467.49796          1013.85265           692.57573           933.53932           490.16354          1284.03405          1097.93919          1476.25498           802.57558           665.86982           803.85375           804.55486           802.42054           815.54981           849.03641           881.19748           923.69430          1406.71506           974.11464          1050.78614           394.89549          1117.40905          1304.47328          1109.67443           699.41431           460.42830          1114.97243          1377.14389           424.71513          2344.45896           511.22518          1051.32947          1008.78910          1314.98968          1352.89736          1388.11251          1410.97203          1690.20067          1378.68734          1303.14741           947.44738           939.83413           655.85236           964.57882           515.00624          2481.86242           346.34703           525.66088           832.62601          1092.08413          1146.51551           804.10901          1220.11970           953.83788           502.84975          1562.02524           947.57963          1332.78281           947.49240           954.50791           964.51379          1789.60344           969.87834           975.13977           963.04180           959.56478          1617.32098           600.66247          1383.74968          1410.64023          1977.20736           797.36435          1895.34900           704.91106           545.07872          1358.13863          1510.76924          1453.15722          1386.44132          1332.76884          1290.29204          1630.69977          1150.13680          1218.66314          1241.62607           456.46174          1060.79919           667.34863          1869.93265           779.97918           480.83447          1119.35574           397.88254          1565.06270          1139.87465          1535.32693          1042.04061          1141.64803           603.67580          2062.25884           734.14822           532.47070           630.76938          1281.17953           391.12874          1174.28267          1477.28070          1278.34721          1451.67788          1082.37016          1449.86299          1293.84771          1130.30840          1220.38995           954.63317           644.00953          1513.82257          1654.62940          2204.11008          2486.12764          2301.05070          1076.53215          2357.62216          1452.96114           561.66489          2555.20384          1843.29589           706.79028          1770.76226          1473.65265          1145.34196           782.44550          1913.47238           534.73439          1628.42022          1413.57556           646.72835          1242.22024           860.01388          1418.89854          2070.26386           723.55942           487.31391          1714.12122          1249.63064          1545.14364           385.27841           737.51971           984.03983           393.88101          1424.37911          1424.34323           938.70439           927.93674           651.86844           582.37378          1141.23024           842.74057           720.00483          2078.44131          1636.50459          2174.44048           516.26599          1690.08336           764.39329          1209.44699           845.31928           356.17795          1242.45244           870.16662           962.47049          1503.46318          1142.13650          1429.29798          1288.06781          1693.21115           492.40597          1187.59833           922.22404          2201.92300          1643.32293           861.75441           771.65461          1099.02781           507.25530          1479.03581          1052.26386          1022.43929          1433.42952           817.06072          2015.86665          1099.26368          1293.97137           683.70748           610.66864          1233.82700           881.68879           451.10367           402.01182          1154.19954          1293.77225          2146.16866          1722.50202          1130.29435           614.97105           695.28162           823.27396          1652.54965          1253.53694          2161.76943          1879.78661           560.81409           634.78429          1007.63433           502.45287           430.25152           530.79927          1357.21444           464.14211           513.34133          1299.16255           560.32748          2349.07767          1206.22835           343.21780          1089.29417           783.52275           701.61683           485.32536          1268.02512           637.17567          1435.76182          1942.76683           951.53189          2597.90294          2496.03715           854.19794          1202.48259          2243.38371           647.70440          1120.37548          1011.27164          1124.74221          2276.62219           826.46150           308.97955          1288.76297           598.08210           396.38404           625.87239          1635.96310          1105.84475          1428.10790          1040.70400          1450.21027          1421.75669          1321.20085          1800.76511          1773.92617          1753.47162          1736.66659          1708.33050          1677.38563          1068.69992          1636.95428          1569.32327          1499.65671          1425.10046          1355.72101          1286.49379          1229.80181          1193.09614          1156.57121          1121.99529          1095.50201          1846.33195           770.55896          1928.02477          1469.18668           656.61928          2182.22003          1026.69529          2045.76628           916.70931          1335.34986           771.58984          1245.11469          1029.78100          1230.37383           720.43494          1182.76685          1170.83268          1199.02995          1251.66450          1323.91843          1418.14204          1507.22115          1575.41325          1659.11067           433.20793          1178.21575          1768.10418           408.10994          1939.43782           665.18235           489.64404          1547.29125           750.03858           632.49283          1534.26609           859.70263          1294.38590          2140.22878           861.48484          2157.65355           863.26543           863.58212           872.63391           895.85707          2053.64076           900.61831           933.74687           980.23931          1028.98488          1094.23692          1161.29580          1308.97367          1162.03222          1380.66528          2176.71100           387.27725           887.19345           768.84903          1303.90493          1756.66340          1329.20233          1356.86618          1377.68175          1363.72339          1296.70893           700.82557           866.75090           396.67707          1496.76181          1552.77071           600.94306          1030.52514          1534.17543          1980.41491          1024.55956          1097.11719          1028.43779          1035.97702          1039.44754          1032.93812           464.63484          1376.24385          1023.66186          2108.62493           742.90254           405.13451          2096.08815           692.94399          1514.85190           914.40446           429.13485          1841.30587          1636.73229          1461.60619          1403.65571           857.48892          1343.75932          1291.28746          1916.91072           935.99648          1037.03195          1430.05205          1593.87730           828.03247           383.01751           790.01227          2048.72811          1782.31268          1986.80924          1121.75316          1172.38230          1917.96350          2122.84255           856.18145           360.14484          2124.26912          1431.84036          1538.25713          1152.27711           483.26806          1387.80500          1373.55154           434.73640           653.74065          1074.89384          1662.25471          1360.34230          2484.44375           660.87633           740.78519          2278.28259          2400.97799          2484.85103          1221.48889           762.95443          1141.49182           578.16164           567.51694          1034.75123          1530.35146          2169.49923          1812.42114           778.00192          1335.81838          2202.17251          1706.77411           643.68848          1196.69311           904.89310          1225.99614          1911.74324          1522.79724          1345.92109          1066.31532           414.81322           963.91731           998.03420           973.47016           895.99721           813.31126           382.06887          1183.51667           843.69129          1089.78577           787.37684          1100.89401           727.15099          1334.08436           751.61404           726.05179           774.06413           739.52551           739.52945           701.34635           715.20592           675.62557           731.96930           945.24620           708.70578           913.53796           583.20357           639.46779           628.83698           772.00979           860.97853           870.37039           909.73723           919.86338          1042.37964          1026.65045          1131.88191          1121.82419          1292.34161          1246.94800           957.94583           981.14329           936.08998           830.51126           780.46093           764.65995           695.93847           653.88096           619.99048           607.15700           574.17220           571.26208           545.17075           563.58894           604.18477           685.07033           685.61274           606.51974           578.91230           533.57430           478.97267           413.34345           414.19344           365.75308           331.02063           342.45013           362.91654           373.07494           328.50263           322.32454           338.80695           340.40755           320.88327           320.39055           339.10171           323.08867           330.45771           319.90136           307.84832           307.57624           318.14185           311.70662           330.90059           324.73158           323.48282           320.72062           366.18832           393.05811           399.88483           392.53443           547.78198           565.60192           696.27058           742.81256           421.22640           898.17373          1020.81075          1077.56798           493.48082           403.93986           318.82447           366.47783           330.35424           321.42799           315.99006           329.82506           326.36479           310.21137           340.65925           319.16076           334.18821           348.15797           493.36435           360.72392           471.00749           506.62349          1721.91288           557.79037           568.86459           593.22464           711.49225          1380.14374           737.01283           840.59529          1336.79202          1169.66639          1468.39576          2562.22598          1274.51312          1021.26183           335.27641          1255.71335          1132.45358          1950.79371           908.78681          1212.72422          1056.09355           865.06008          2201.01564           510.36155          1403.23868           682.36657          1202.43728           679.74529           567.56178          1442.78267           558.20746          1542.44617          1231.76511           634.94190           587.64572          2122.32297          1271.08440           899.00798          1271.84020          1413.75689          1500.52877          1888.94766           651.60908           853.49285          1645.74268           715.33346          1390.26611          1319.21108          1091.26599           616.92738           384.48331          1468.78421          1222.36062          1015.47283           748.55861          1014.96113          1425.74327           731.86805          1557.79948          1279.28004           757.74197           719.32612          1613.37279          1067.68745           757.52848           815.88447          1375.31726          1992.40297           726.57954          1371.89909           498.17740          1152.34777           814.78265           552.85816          2509.52238          1903.90254           763.35007           952.87001           727.44481           450.69579           896.28408           890.99223           629.99491          2298.82007          1249.64913          1398.99429          1294.27307          1511.14167           419.70742           289.59184          2000.56842           500.27839           908.11088           393.98726          1566.59395           981.74393           773.82989           312.59608           469.74256           763.41278          2330.01496           490.51266           915.72838           958.60807           994.65615           584.41445          1537.52348          1362.49899           905.04267           440.74971          1204.95819          1565.88691           905.83671          1082.90440          2132.19723           405.80215           845.02624          1333.89381          1253.04827           735.59619          1180.97991           848.56020           648.22612          2684.88742           358.25165           286.07747           467.69324          2229.70232          1605.22896           420.84454           446.95480          2034.15968          1272.63534          1208.74194           945.94665           787.17319           655.89333          1234.94077           712.45984          2006.63172           660.43392          1075.15719           804.40099           804.26181           855.39657          1271.68974           329.58307           613.99532          1646.92480           805.09487          1110.14397          1255.10278          1140.26889          1366.17159           603.29311           743.75958           545.98554           847.52189          2739.65994          1269.15069          1326.46882           612.80673          2130.76656           358.16336          1162.02829          1416.93325           848.10960           355.03573           789.70516          1095.73791          1839.37448           594.50563          1371.42192          1755.87151          1954.65230           963.44582           550.97149          1432.32238          1951.70438          1862.10001          1755.66319          1590.49459          1203.11833          1421.99744          1277.03090          1226.29084          2025.04814          1636.81288          2226.23316           683.62904          1026.68022          1153.96418          1073.40985          1167.14161          1315.96823          1498.50136          2342.73452           809.98146           449.58036          1442.10377           965.85605           983.05536          1053.62519          1168.11328          1284.90929           497.37613          1009.86833          1534.11718           935.90183          1023.75637          1491.76652          2322.45347          1276.12789           680.24476          1294.64714          1193.56712          1196.28704          2365.01177           370.43700           631.91581          1249.53567          1657.98597          1181.10050          1019.81716          1166.81661          1164.90918          1125.72943          1392.16928          1383.41290           926.92847          1378.09569          1273.97789          1149.89611           533.01467           866.36431          1271.35546           711.87837          2382.32360          1205.99327          2273.35312          2237.13806          1610.56264          1086.27581          1266.67572          1313.38220          1316.52218           994.34719           503.80580           718.45685          2687.56368          1027.22815           642.58905          2490.98201           771.42038          1386.44784          2182.62780          1481.66768           603.13072           574.64897           643.80041          2027.71113          2295.12935          1743.72717          1156.66589           729.65981          1251.32491          1010.28439           872.95197           960.80577           733.82800          1366.05115           695.62614          1156.29543          1100.27889           930.70156          1849.86345           456.51869           551.65313          1997.60083           360.59669          1296.65392           648.98743           947.62410          1100.33315          1001.47078           412.82252           425.92941          1041.07194           973.40595          1150.52878           848.00990           806.38656          1085.24099           789.88073           880.36866           764.04157           772.26138           748.29955           743.48334           958.31726           604.22222           552.92045           914.35428          1205.67323           632.74824           708.51098           633.69481           331.01193           326.89013           600.58244           314.95529           330.10821           553.45410           320.78754           346.70493           694.68720           334.18445           337.01002          1000.60570           821.37352          1063.30370           797.05093           422.82165           618.70414           899.11576          1146.86597           799.87116           706.45583           355.33925           615.51176           342.09010           620.79533           333.72743           985.25081           346.42842           403.20544           569.43490           933.58759           348.11801           375.40783           562.33659           336.10563           398.81120           328.26048          1019.19548           398.62606           513.76710           407.55901           326.06925           372.12515           333.06206           383.99677           316.81830           323.58522           333.83144           334.08634           326.26791           323.20009           329.98957           318.93389           347.16594           330.09441           339.38624           341.67292           359.03230           334.82122           491.53245           369.39451           443.03576           528.94254           497.67072           569.45161           573.41509           588.77033           716.02084           592.17328           765.30783          1391.27355           742.81490           853.73641          1300.76344           344.81079           350.00524          1146.24655          1207.98134          1304.54846          1086.42384          1159.11081          1309.12007          1803.07796          1011.53019           939.06175          1059.74579           901.24295           663.34968           740.53932          1145.53624           646.82257          1062.91350          1133.76503          1111.61924           902.86404          1190.89202          1355.48617           711.00948           936.06055           749.60200           686.72258          1105.79034           912.50158          1920.91757           440.16554          1354.54290          1980.91677          1569.98764           818.50526          1004.78060           704.35766          2483.75717           351.62915          1077.80504          1318.28832          1340.90175           983.52478          2439.40479          1393.82412           708.16708           959.32095           940.78769           931.39926           981.84227           852.42634          1010.05123           933.53716           980.91082           519.52046          1437.26701           727.96433           438.51688           689.91959           664.61606           330.28014           938.61673           595.69097          1765.29360          1176.21338           862.21345           599.53118          2272.87613          1380.93891          1291.67516           607.35593           580.92918          1286.38972           486.38335           685.66582          1042.80119          1716.23696           954.99974           489.06257          1029.22574           886.68343          2038.46834          1344.00910          1544.70074           885.89103           635.79711           365.17629           372.47156           383.99783           593.46113           621.88184          1199.60060           933.14699          1402.70794           830.16366           741.82360           401.58215           698.04566           645.82699          1373.36562          1591.47117          2387.49270          1906.45467          1307.24517          1179.73369          1164.41384          1815.22928          1667.07961          1503.76545          1251.92097          1214.87322          1976.87547          1922.14267          1356.41287          2102.57563          1036.20233           972.47428           930.66420          1038.45681           729.43615          1126.66767           698.81045          1146.19618          1441.24434           852.83854          1089.59864          1236.12927          1099.66653           593.52442          1216.23374          1035.84367           646.07304           962.07604           713.09814          1187.08204          1355.92534           477.24181           993.62376           724.77925           465.48111           701.17684           855.28549           722.64378          1191.11568          1373.66104           655.23149           745.34465           909.43581           471.95431           477.41525           715.94803           969.08268           734.70025          1007.28822          1111.84715          1228.36755           875.55419           773.64108           776.07546          1561.70942           767.10145           786.63164           340.23223          1728.74712          2319.11224          1127.71596           354.14699           373.24971           381.30901           672.08720           710.25166           713.50527          1287.60486           332.31794           393.44953          1174.89790          1452.75552           506.23987           964.65244           700.26590           509.27904          1380.86316          1000.10313          1173.12638          1147.55133           440.55312           494.46551          1491.71379          1590.12004           755.59104           366.56806          1177.96161          1656.28279           696.62428           494.11241           596.64985           710.83836           392.62922           378.03794          1041.04124          1323.80210          1218.37994           718.48368           511.37028          1768.49033           709.35482           629.68013           637.10190           639.42118           451.13648           414.56343           729.78893           366.68446           915.54085           750.99507           745.26325           730.32061          1348.65747           764.35669          1387.30425          1130.57442           721.72657           683.89541           600.04799           611.62354          1295.78820           363.57846           367.18693           622.38354          1353.11704          1343.59881           568.65600          1423.79801           680.34239          2141.73722          1333.35591          1225.08325          1821.26593           438.56133           904.40638           707.10948          1101.97250           989.17707          2322.73069           642.07323          1042.65422          1160.00995          2599.35178          1252.53043          1066.55277           338.00082          1999.09340          1264.71093           575.92117           682.51985          1180.46846          1933.51562          1312.10448          1830.16419          1655.86140          1474.72550          1271.75762          2029.13221          1261.51801          2218.56070           469.83819          1880.92546          1732.32800          1567.61042          1292.37051          1261.68465          2060.90797          2127.03388          1990.85791          1399.77100          1026.39927          1599.88797          1200.57679          1030.10488          1023.09909          1114.43709          1085.13786          1253.41778          1381.84979           604.88207          1196.36667           550.30958          1334.68540          1076.16589          1200.42356          1310.68919          1262.56814           602.32820          2348.57235           945.50787          1016.28800          1041.75470          1241.50141          1139.07491           850.53061          1255.98974          1256.03878          1482.11653           831.23350          1406.43717           770.70577          1323.31677          1012.47293          1827.00848           828.60862          1233.09628          1187.56806          1294.20588           443.78790          1022.75486           529.45647          1257.95823           745.77207           879.20716          1355.28512           486.75610          1257.42694          1181.53998          1263.63538          2416.47445          1134.83136          1487.36042           499.96177           571.31839           694.82238          1238.25598          1211.40082          1355.93786          1013.70567           564.31084           638.27756          1299.69081          2697.12966          1293.79480          1210.09924          2407.07616           404.95184          1342.67944          1090.23707           446.98010           816.49603           594.28679          1378.96228          1151.83398          1746.72478          1356.76927           769.26884          1380.22965          1476.22596          1127.41115           395.76020           652.55262          1386.20689           391.34993          1109.65967          2609.67162           897.23612          2455.81698           972.37628          1970.38839          1346.43581          1443.62154           723.84160          1476.34102          1156.14225          1941.36335          1443.82865           826.81019          1082.96469          2569.78974           498.01311           611.03921          1020.49582          1186.39564          1377.96997          1346.56499          1308.38815           359.96684          1419.36810          1096.36076           560.76062          1500.11829          1235.65556          2410.54753          1139.44280           716.34225          1236.19648           468.47955          1590.66465           384.62003           791.13906          1393.75530          1223.63082          1029.51327          1223.22378          1410.82170           609.13554           733.86168          1273.81140          1129.52272           794.00857          1042.56197           683.39557           779.65080           846.30895           885.56601           763.29046          1125.83770          1943.68596          1300.60287          2289.96855           731.07227          1888.08667          1032.05976          1535.17456          1232.93487          1336.07469          1267.66665           566.63553           716.62438           734.73659           538.99493          1368.60238          1172.59542           964.15941           853.36287           505.78088           736.69928          1397.09526          1101.93051           754.19687          1002.51858          1091.61114           894.52951           732.67522          1320.75919          1055.83068           607.46026           729.87840           816.20432           903.05214           433.32958           707.66261           807.65370          1092.30281           650.49737           462.27828           455.39075          2139.89163          1164.24771           786.47685          1213.10593           366.50548           620.11876          1249.64901          1679.64913          1342.32925           394.71777           388.74743          1369.05834           920.53572           723.83861          1389.26184          1269.07143          2586.76280           383.75759          1340.74673           627.55716           363.37048          1245.99956          2488.38977           848.22254           635.08244           783.97039          1343.62833           782.51268           793.80960           880.16602          1418.15215          1237.22777          1406.71086          1140.99791           750.69143          2200.64832          1382.40793           825.27551           807.81645           630.97235           652.18372          1088.71248          1360.88814          1548.26626           433.30659          1266.75379           515.49042           850.74789          1596.37435          2337.37088          1378.56676          1162.61811           461.01497          2650.96409           368.08458           798.34035           363.99722           606.24763           972.67479          1379.17323          1491.41341           371.98910           739.89953          2599.39766          1029.07957           799.13056           387.71596          1352.11882           385.29679           702.46309           916.44486           586.19655           713.11065          1369.53472           762.03152           434.34356           601.71251          1339.23214           985.59789           812.11356           967.34242          1618.23225           880.77349          1519.19422           380.78190           810.85430           637.56671          1242.21228           881.87553          1016.62171           723.62398           825.85072           801.06591           670.26109          1547.61951          1317.67547          1425.67280           911.59927          1162.35711           660.51277           693.01603           820.31031           585.98094           812.26088           499.63264           670.95936           330.51363          1369.28192           691.21136           867.30145           389.72468           708.82997           584.69753           720.06621           485.84102           388.66146           753.38536          1925.70455          1446.45607           754.63772           742.15432           789.79439           974.12379          1332.46253           761.24324           953.94975          1358.37335           552.61846           650.30373           793.83804           717.34207          1138.06599          1040.97487          1343.70505           769.81220           814.92811          1240.80037          1129.28428          1228.68351          2062.70085          1719.40180          1658.87080           766.88153          1186.84755           363.46726          1654.98441           721.03050          1991.11890           926.15006          1529.99986           760.02221           823.78915           526.24192          1280.37724           675.99696           743.27859          1572.10106          1285.60446          1228.14578           838.28096           393.02896           706.51761           960.17317          1642.00696           686.56246          2545.86233          1428.05751          1768.34212           319.85086          1486.95433           907.26403          1387.19658          1390.48804           508.92505           443.65692          1157.34489           677.86041          1009.29286          1469.74144           803.43543          1686.28766          1494.58449           563.82916          1029.55164           597.77932          1428.09074           840.24292           381.36882           635.97561           554.50186           832.95123           735.91593           446.26981          1609.12133          1794.50885           782.54148           659.85494          1382.03647          1356.48537          2088.66211          1609.59445          1389.44023           733.98640          1303.97730          1388.60350           500.50686          2382.87457          1389.84791          1348.12135          1168.86146           754.98194          1357.13880          2482.55487           559.34673           635.77478           791.16630          1803.40087          1708.39365          1428.87363          1893.87593          1379.53040           629.52026          2253.97448          2462.80807
SCALARS Resistivity(log10) double 1
LOOKUP_TABLE default
             3.10970             3.40491             3.24327             2.92062             2.92100             2.94866             2.81773             3.14276             2.96847             2.95681             3.00516             3.08514             2.79586             2.91167             3.04240             2.95775             3.08676             2.66173             2.61956             2.95752             2.68267             2.86293             2.55926             2.94551             3.11791             2.69281             3.07193             3.33491             2.69355             2.81311             3.26795             3.31476             2.90940             3.05113             3.42877             3.04954             2.57101             2.73976             3.10929             3.27627             2.98553             3.36758             3.11594             2.75325             2.82022             3.35915             2.77700             3.03620             3.21617             3.08274             2.79077             3.12955             3.17525             2.93239             3.39615             3.10474             2.80708             2.78870             2.79729             3.18213             2.90962             2.67575             2.83936             3.00220             2.81083             2.96797             2.68144             2.85026             2.94381             3.04581             2.98841             2.85927             2.90289             3.12835             2.96849             3.33091             2.91184             2.96921             3.16335             2.77026             3.19899             3.23561             2.84179             2.98949             3.39903             3.01265             2.74362             2.82537             2.57209             2.57356             2.96089             2.60829             2.68635             3.25703             2.96007             3.12777             2.78701             3.40449             3.06344             2.89654             2.98176             3.16087             3.26792             2.90298             2.81892             2.69192             3.06150             3.04517             3.00537             2.98557             3.05577             2.97830             2.83693             2.68018             2.74989             3.06964             3.33422             2.62162             2.84058             3.22618             3.21276             2.69715             3.13637             3.06089             3.17247             2.74017             3.06944             3.22750             3.25844             2.88625             2.98128             3.11440             2.69260             3.42498             3.38427             2.58886             3.06087             3.00815             2.70126             3.22190             3.09351             2.67169             3.30348             2.59094             2.87205             3.40662             3.35947             3.13972             3.37470             3.28326             3.17252             3.22909             3.05790             3.10194             3.02283             3.07020             3.03026             2.76643             3.07974             2.83625             2.82158             2.87109             2.98062             3.28857             3.07790             3.00615             3.10338             2.87878             3.05461             3.41561             2.55720             2.90264             2.87410             2.66653             3.23418             2.75517             2.97699             2.83642             3.02058             2.94421             2.94515             3.15454             3.00556             3.28155             3.29560             3.00507             2.74426             2.70525             3.05335             3.11277             2.55334             3.06090             2.59414             2.94690             3.20127             2.94986             3.08659             3.21575             2.59468             3.25549             3.31185             3.27876             3.04454             2.58900             3.14276             3.40463             3.15072             2.94027             3.12600             2.95737             2.65663             3.01942             3.12215             3.27947             3.24814             3.12605             2.69208             2.66715             2.88132             2.97807             2.71657             3.04795             3.30599             2.81034             2.79023             3.20448             3.02194             2.80730             3.32667             3.16216             2.69478             3.14582             2.61540             3.20532             3.13032             3.23977             2.81137             3.19438             2.84875             2.87283             3.00806             2.66879             3.38610             2.91526             3.25742             3.13396             3.13857             3.05229             2.91637             3.26994             2.63996             3.09906             3.21424             3.30619             2.89642             3.29394             3.16982             3.12333             2.68769             2.62893             3.39140             3.24909             3.00128             3.14499             3.24720             3.26836             3.02909             2.70580             2.99006             2.93843             3.33860             2.84424             3.18444             2.92994             3.27400             2.97782             2.95179             3.21789             3.30154             2.94917             3.21949             3.19074             2.55761             3.37867             3.30685             2.75020             2.99104             2.60230             2.92853             2.95111             3.18329             3.20472             3.28925             2.65065             3.19342             3.20416             2.49958             2.76451             2.76870             3.07373             3.25345             3.02122             3.13459             3.29672             3.04687             3.00397             2.82294             2.85647             2.70836             3.03446             3.20579             3.14574             2.89756             2.72911             3.01470             2.94741             3.20645             3.21651             3.13492             3.17028             2.79343             2.78193             3.19075             3.11445             2.96113             2.98134             3.10112             3.18235             3.13180             3.40056             3.23562             3.17342             3.31874             2.87448             3.41344             2.84011             2.96328             2.68098             3.06923             3.25234             2.88279             3.06403             3.36214             2.77100             3.02744             2.89313             3.16878             3.16685             3.09319             3.29337             2.88040             3.07729             3.29587             3.12821             3.15946             2.84461             2.72897             2.96280             3.34736             3.12151             3.04600             2.98497             3.21516             2.85616             2.63129             3.38255             3.14530             3.23669             3.08570             3.12343             2.67175             2.58355             2.71748             2.72080             2.80503             2.82307             2.93924             2.90080             2.94434             2.84975             2.91839             3.00039             3.15874             3.05328             2.83793             2.87598             3.02167             3.22652             2.98366             3.21881             2.93156             2.94811             3.12034             3.42757             3.30463             3.34253             3.16454             2.91686             3.09185             2.93763             3.20603             3.38283             2.92216             3.02578             3.06126             3.29623             3.26800             3.14970             2.61561             3.15236             2.59595             3.10714             2.89656             2.88349             3.01367             3.37432             3.08190             3.03021             3.04929             3.24322             2.98643             3.06584             3.31572             3.36776             3.15351             3.31048             3.16077             3.22925             3.30260             2.60542             2.97895             2.72984             3.27608             2.69804             3.24347             2.93789             3.15477             3.20011             3.13126             3.12131             3.11823             2.75636             3.15806             3.08907             3.02869             2.96851             2.47785             2.85155             3.26300             3.23939             2.92732             3.19104             3.15441             3.24299             3.36147             3.27970             3.24588             3.13692             3.12084             2.99686             3.12525             2.92831             3.26867             3.16235             2.90580             2.83429             2.82931             2.87769             2.94385             3.15678             2.88423             3.28932             3.19218             2.90127             2.83142             2.86207             3.12769             2.89325             2.99784             3.21399             3.15882             3.14040             3.13093             3.08612             3.01653             2.95226             3.33669             3.23362             3.12799             3.10454             3.23335             3.31103             3.30470             3.34182             3.11340             3.14924             3.25175             3.28250             2.86965             2.77291             2.75121             3.21840             2.96239             3.23222             3.24568             3.31683             2.83382             2.83364             2.82510             2.85194             2.85892             2.89774             2.98121             3.09449             2.90018             2.93018             3.17883             3.19285             3.19315             3.12944             3.15991             3.16149             3.13930             3.23480             3.20654             3.20380             2.59958             2.99612             3.10775             3.18868             3.14773             3.03074             2.98603             3.19605             2.98563             2.89617             2.86546             3.28181             2.89696             2.91096             2.91978             2.91961             2.60335             3.21112             3.11456             2.74382             3.18090             3.13131             3.14108             3.11544             3.19037             2.74701             2.85727             2.85059             3.03108             3.13357             2.51023             3.15683             3.12862             3.27257             2.81069             2.92699             2.83986             3.19834             2.79735             2.79206             2.79215             3.30319             2.56469             2.85889             3.29951             3.34700             3.15351             3.19534             3.35048             2.95529             3.14818             2.87948             3.20127             3.29107             2.70123             3.11891             3.09908             3.08905             3.06482             2.99638             2.92563             2.85776             2.84784             3.20642             3.17739             2.59865             3.28823             2.91591             2.90391             2.98336             3.09139             3.09248             3.10731             2.91613             2.91126             3.27399             3.01689             3.19992             3.31280             3.09611             2.67367             3.00664             3.29428             3.31891             3.30092             2.86049             2.80254             3.28757             2.79583             3.11542             3.19309             3.18915             3.20489             2.95188             3.02120             3.01954             3.26870             2.57914             2.92584             3.14383             3.32893             3.18153             2.79298             2.69868             3.10978             3.10294             3.15330             3.13711             2.96898             2.83689             2.86312             3.05785             2.68697             2.89624             3.00658             2.90665             3.01554             3.07337             2.80941             3.28631             3.18250             3.36680             3.21065             3.13529             3.05546             3.12642             2.77003             3.10829             2.88372             2.89504             3.09525             3.20891             2.89920             2.96694             2.93073             2.68519             3.21230             3.17390             3.12492             3.01607             2.65964             2.53456             2.80729             3.10767             2.58768             2.62782             2.68098             2.52297             3.13611             3.22758             2.75621             3.34510             3.23366             3.34891             3.35025             3.05371             2.55209             3.18682             3.20592             3.00280             3.14275             2.78369             3.31867             3.33898             3.09450             2.82704             3.09251             2.98884             2.81768             3.12357             3.28761             3.03148             2.67662             2.65009             3.15098             3.09088             3.03210             2.62016             3.06703             3.20182             2.86703             3.17036             2.75457             2.96828             3.26590             2.90550             3.16328             3.07722             3.03493             2.87223             2.58283             2.79289             2.99123             3.20822             3.07489             2.64680             3.09302             2.72817             2.89778             3.14497             2.93141             3.07447             2.97168             3.11642             3.04431             3.04145             2.96661             2.95446             3.29806             3.10910             3.30916             2.86761             3.05959             3.12904             3.20558             2.80563             2.68685             3.27372             2.64558             3.10303             3.34479             2.61284             3.05109             3.02803             3.00938             3.29190             3.33321             2.97039             3.25703             3.34205             3.24653             2.83195             2.64961             2.60718             2.45123             2.46038             2.62602             2.50357             2.78210             2.65533             2.67338             2.68456             2.94110             2.63794             2.65909             3.34050             3.28564             3.37544             3.15338             2.84907             3.27054             2.48978             3.30278             3.31173             2.93458             3.12212             3.27538             2.53879             3.28528             2.97176             2.82396             3.10359             2.86845             2.63953             2.63142             3.12611             2.91588             3.00752             3.16381             2.91039             3.21814             3.31556             2.65657             2.44113             3.19757             2.94088             3.19244             2.82492             3.33186             2.89818             2.82378             3.14630             3.14298             3.08691             2.79931             2.95018             3.25425             2.76354             2.76076             2.75307             3.32048             3.14808             3.14749             3.23447             3.12422             2.86281             2.61172             3.16054             3.29203             3.18489             2.96404             3.10626             2.60805             3.05813             3.05198             3.26496             3.25752             3.31567             3.36487             3.12722             2.62563             2.66251             3.19758             2.61895             3.21416             2.81003             3.30478             2.86325             2.47005             2.70869             3.12583             2.92291             2.98628             3.27250             3.17083             2.86052             3.12693             2.89363             2.83910             3.02702             2.56795             3.15412             3.41239             3.25567             2.97382             2.62692             3.13928             2.64353             3.04876             3.01650             3.05306             2.79099             3.22407             2.64144             2.86490             2.96896             3.07463             2.60992             3.01242             2.58360             3.12833             3.11353             2.98896             2.98771             2.81669             3.23179             3.21908             3.21447             3.21393             3.20431             3.19915             3.19592             3.18361             3.16466             3.14565             3.12847             3.10694             3.08158             3.06571             3.00387             3.05103             3.03252             3.01878             3.26736             3.24162             2.58823             3.22899             2.97715             3.30242             3.11303             3.06075             3.29677             2.79262             2.96334             2.78984             2.95417             2.87804             3.09500             3.22777             3.08687             3.09281             3.10917             3.13335             3.16476             3.19497             3.21511             3.23365             3.26059             3.14766             2.64201             2.50061             3.25899             2.79271             3.30777             3.11876             2.70713             3.11819             2.90256             3.19972             3.28702             3.30956             2.56942             2.83560             3.16658             3.00597             2.84047             2.97013             2.69034             3.10858             3.04058             3.16916             2.90449             2.82339             2.90518             2.90556             2.90440             2.91145             2.92893             2.94507             2.96553             3.14821             2.98861             3.02151             2.59648             3.04821             3.11544             3.04520             2.84473             2.66316             3.04726             3.13898             2.62810             3.37004             2.70861             3.02174             3.00380             3.11892             3.13126             3.14242             3.14952             3.22794             3.13947             3.11499             2.97656             2.97305             2.81681             2.98434             2.71181             3.39478             2.53951             2.72071             2.92045             3.03826             3.05938             2.90531             3.08640             2.97947             2.70144             3.19369             2.97662             3.12476             2.97658             2.97978             2.98431             3.25276             2.98672             2.98907             2.98365             2.98207             3.20880             2.77863             3.14106             3.14942             3.29605             2.90166             3.27769             2.84813             2.73646             3.13294             3.17920             3.16231             3.14190             3.12475             3.11069             3.21237             3.06075             3.08588             3.09399             2.65940             3.02563             2.82435             3.27183             2.89208             2.68200             3.04897             2.59975             3.19453             3.05686             3.18620             3.01788             3.05753             2.78080             3.31434             2.86578             2.72630             2.79987             3.10761             2.59232             3.06977             3.16946             3.10665             3.16187             3.03438             3.16133             3.11188             3.05320             3.08650             2.97984             2.80889             3.18007             3.21870             3.34323             3.39552             3.36193             3.03203             3.37247             3.16225             2.74948             3.40743             3.26560             2.84929             3.24816             3.16840             3.05894             2.89345             3.28182             2.72814             3.21177             3.15032             2.81072             3.09420             2.93451             3.15195             3.31603             2.85947             2.68781             3.23404             3.09678             3.18897             2.58577             2.86777             2.99301             2.59537             3.15363             3.15361             2.97253             2.96752             2.81416             2.76520             3.05737             2.92569             2.85734             3.31774             3.21392             3.33735             2.71287             3.22791             2.88332             3.08259             2.92702             2.55167             3.09428             2.93960             2.98339             3.17709             3.05772             3.15512             3.10994             3.22871             2.69232             3.07467             2.96484             3.34280             3.21572             2.93538             2.88742             3.04101             2.70523             3.16998             3.02212             3.00964             3.15638             2.91225             3.30446             3.04110             3.11192             2.83487             2.78581             3.09125             2.94532             2.65428             2.60424             3.06228             3.11186             3.33166             3.23616             3.05319             2.78885             2.84216             2.91554             3.21815             3.09814             3.33481             3.27411             2.74882             2.80263             3.00330             2.70110             2.63372             2.72493             3.13265             2.66665             2.71041             3.11366             2.74844             3.37090             3.08143             2.53557             3.03715             2.89405             2.84610             2.68603             3.10313             2.80426             3.15708             3.28842             2.97842             3.41462             3.39725             2.93156             3.08008             3.35090             2.81138             3.04936             3.00487             3.05105             3.35729             2.91722             2.48993             3.11017             2.77676             2.59812             2.79649             3.21377             3.04369             3.15476             3.01733             3.16143             3.15283             3.12097             3.25546             3.24894             3.24390             3.23972             3.23257             3.22463             3.02886             3.21404             3.19571             3.17599             3.15385             3.13217             3.10941             3.08984             3.07668             3.06317             3.04999             3.03961             3.26631             2.88681             3.28511             3.16708             2.81731             3.33890             3.01144             3.31086             2.96223             3.12560             2.88739             3.09521             3.01274             3.09004             2.85759             3.07290             3.06849             3.07883             3.09749             3.12186             3.15172             3.17818             3.19739             3.21988             2.63670             3.07122             3.24751             2.61078             3.28768             2.82294             2.68988             3.18957             2.87508             2.80106             3.18590             2.93435             3.11206             3.33046             2.93525             3.33398             2.93614             2.93630             2.94083             2.95224             3.31252             2.95454             2.97023             2.99133             3.01241             3.03911             3.06494             3.11693             3.06522             3.14009             3.33780             2.58802             2.94802             2.88584             3.11525             3.24469             3.12359             3.13254             3.13915             3.13473             3.11284             2.84561             2.93789             2.59844             3.17515             3.19111             2.77883             3.01306             3.18588             3.29676             3.01054             3.04025             3.01218             3.01535             3.01680             3.01407             2.66711             3.13870             3.01016             3.32400             2.87093             2.60760             3.32141             2.84070             3.18037             2.96114             2.63259             3.26513             3.21398             3.16483             3.14726             2.93323             3.12832             3.11102             3.28260             2.97127             3.01579             3.15535             3.20245             2.91805             2.58322             2.89763             3.31148             3.25098             3.29816             3.04990             3.06907             3.28284             3.32692             2.93257             2.55648             3.32721             3.15589             3.18703             3.06156             2.68419             3.14233             3.13784             2.63823             2.81541             3.03137             3.22070             3.13365             3.39523             2.82012             2.86969             3.35761             3.38039             3.39530             3.08689             2.88250             3.05747             2.76205             2.75398             3.01484             3.18479             3.33636             3.25826             2.89098             3.12575             3.34285             3.23218             2.80868             3.07798             2.95660             3.08849             3.28143             3.18264             3.12902             3.02789             2.61785             2.98404             2.99915             2.98832             2.95231             2.91026             2.58214             3.07317             2.92618             3.03734             2.89618             3.04175             2.86162             3.12518             2.87599             2.86097             2.88878             2.86895             2.86896             2.84593             2.85443             2.82971             2.86449             2.97554             2.85047             2.96073             2.76582             2.80582             2.79854             2.88762             2.93499             2.93970             2.95892             2.96372             3.01803             3.01142             3.05380             3.04992             3.11138             3.09585             2.98134             2.99173             2.97132             2.91935             2.89235             2.88347             2.84257             2.81550             2.79239             2.78330             2.75904             2.75684             2.73653             2.75096             2.78117             2.83574             2.83608             2.78284             2.76261             2.72719             2.68031             2.61631             2.61720             2.56319             2.51986             2.53460             2.55981             2.57180             2.51654             2.50829             2.52995             2.53200             2.50635             2.50568             2.53033             2.50932             2.51912             2.50502             2.48834             2.48795             2.50262             2.49375             2.51970             2.51152             2.50985             2.50613             2.56370             2.59446             2.60193             2.59388             2.73861             2.75251             2.84278             2.87088             2.62452             2.95336             3.00895             3.03244             2.69327             2.60632             2.50355             2.56405             2.51898             2.50708             2.49967             2.51828             2.51370             2.49166             2.53232             2.50401             2.52399             2.54178             2.69317             2.55717             2.67303             2.70469             3.23601             2.74647             2.75501             2.77322             2.85217             3.13992             2.86748             2.92459             3.12606             3.06806             3.16684             3.40862             3.10534             3.00914             2.52540             3.09889             3.05402             3.29021             2.95846             3.08376             3.02370             2.93705             3.34262             2.70788             3.14713             2.83402             3.08006             2.83235             2.75401             3.15920             2.74680             3.18821             3.09053             2.80273             2.76912             3.32681             3.10417             2.95376             3.10443             3.15037             3.17624             3.27622             2.81399             2.93120             3.21636             2.85451             3.14310             3.12031             3.03793             2.79023             2.58488             3.16696             3.08720             3.00667             2.87423             3.00645             3.15404             2.86443             3.19251             3.10697             2.87952             2.85693             3.20773             3.02844             2.87940             2.91163             3.13840             3.29938             2.86128             3.13732             2.69738             3.06158             2.91104             2.74261             3.39959             3.27964             2.88272             2.97903             2.86180             2.65388             2.95245             2.94987             2.79934             3.36150             3.09679             3.14582             3.11203             3.17931             2.62295             2.46179             3.30115             2.69921             2.95814             2.59548             3.19496             2.99200             2.88865             2.49498             2.67186             2.88276             3.36736             2.69065             2.96177             2.98164             2.99767             2.76672             3.18682             3.13434             2.95667             2.64419             3.08097             3.19476             2.95705             3.03459             3.32883             2.60831             2.92687             3.12512             3.09797             2.86664             3.07224             2.92868             2.81173             3.42893             2.55419             2.45648             2.66996             3.34825             3.20554             2.62412             2.65026             3.30839             3.10470             3.08233             2.97587             2.89607             2.81683             3.09165             2.85276             3.30247             2.81983             3.03147             2.90547             2.90540             2.93217             3.10438             2.51796             2.78817             3.21667             2.90585             3.04538             3.09868             3.05701             3.13551             2.78053             2.87143             2.73718             2.92815             3.43770             3.10351             3.12270             2.78732             3.32854             2.55408             3.06522             3.15135             2.92845             2.55027             2.89746             3.03971             3.26467             2.77416             3.13717             3.24449             3.29107             2.98383             2.74113             3.15604             3.29041             3.27000             3.24444             3.20153             3.08031             3.15290             3.10620             3.08859             3.30644             3.21400             3.34757             2.83482             3.01144             3.06219             3.03077             3.06712             3.11925             3.17566             3.36972             2.90848             2.65281             3.15900             2.98491             2.99258             3.02269             3.06748             3.10887             2.69668             3.00426             3.18586             2.97123             3.01020             3.17370             3.36595             3.10589             2.83267             3.11215             3.07685             3.07784             3.37383             2.56871             2.80066             3.09675             3.21958             3.07229             3.00852             3.06700             3.06629             3.05143             3.14369             3.14095             2.96705             3.13928             3.10516             3.06066             2.72674             2.93770             3.10427             2.85241             3.37700             3.08134             3.35667             3.34969             3.20698             3.03594             3.10267             3.11839             3.11943             2.99754             2.70226             2.85640             3.42936             3.01167             2.80793             3.39637             2.88729             3.14190             3.33898             3.17075             2.78041             2.75940             2.80875             3.30701             3.36081             3.24148             3.06321             2.86312             3.09737             3.00444             2.94099             2.98264             2.86559             3.13547             2.84238             3.06307             3.04150             2.96881             3.26714             2.65946             2.74167             3.30051             2.55702             3.11282             2.81224             2.97664             3.04152             3.00064             2.61576             2.62934             3.01748             2.98829             3.06090             2.92840             2.90654             3.03553             2.89756             2.94466             2.88312             2.88776             2.87408             2.87127             2.98151             2.78120             2.74266             2.96111             3.08123             2.80123             2.85035             2.80188             2.51984             2.51440             2.77857             2.49825             2.51866             2.74308             2.50622             2.53996             2.84179             2.52399             2.52764             3.00026             2.91454             3.02666             2.90149             2.62616             2.79148             2.95382             3.05951             2.90302             2.84909             2.55064             2.78924             2.53414             2.79295             2.52339             2.99355             2.53961             2.60553             2.75544             2.97016             2.54173             2.57450             2.75000             2.52648             2.60077             2.51622             3.00826             2.60057             2.71077             2.61019             2.51331             2.57069             2.52253             2.58433             2.50081             2.50999             2.52353             2.52386             2.51357             2.50947             2.51850             2.50370             2.54054             2.51864             2.53069             2.53361             2.55513             2.52481             2.69155             2.56749             2.64644             2.72341             2.69694             2.75546             2.75847             2.76995             2.85493             2.77245             2.88384             3.14341             2.87088             2.93132             3.11420             2.53758             2.54407             3.05928             3.08206             3.11546             3.03600             3.06412             3.11698             3.25601             3.00498             2.97269             3.02520             2.95484             2.82174             2.86955             3.05901             2.81079             3.02650             3.05452             3.04596             2.95562             3.07587             3.13210             2.85188             2.97130             2.87483             2.83678             3.04367             2.96023             3.28351             2.64362             3.13179             3.29687             3.19590             2.91302             3.00207             2.84779             3.39511             2.54608             3.03254             3.12001             3.12740             2.99279             3.38728             3.14421             2.85014             2.98196             2.97349             2.96914             2.99204             2.93066             3.00434             2.97013             2.99163             2.71560             3.15754             2.86211             2.64199             2.83880             2.82257             2.51888             2.97249             2.77502             3.24682             3.07049             2.93561             2.77781             3.35658             3.14017             3.11115             2.78344             2.76412             3.10937             2.68698             2.83611             3.01820             3.23458             2.98000             2.68936             3.01251             2.94777             3.30930             3.12840             3.18884             2.94738             2.80332             2.56250             2.57109             2.58433             2.77339             2.79371             3.07904             2.96995             3.14697             2.91916             2.87030             2.60377             2.84388             2.81012             3.13779             3.20180             3.37794             3.28023             3.11636             3.07178             3.06611             3.25893             3.22196             3.17718             3.09758             3.08453             3.29598             3.28379             3.13239             3.32275             3.01544             2.98788             2.96879             3.01639             2.86299             3.05180             2.84436             3.05926             3.15874             2.93087             3.03727             3.09206             3.04126             2.77344             3.08502             3.01529             2.81028             2.98321             2.85315             3.07448             3.13224             2.67874             2.99722             2.86021             2.66790             2.84583             2.93211             2.85892             3.07595             3.13788             2.81639             2.87236             2.95877             2.67390             2.67890             2.85488             2.98636             2.86611             3.00315             3.04605             3.08933             2.94228             2.88854             2.88990             3.19360             2.88485             2.89577             2.53178             3.23773             3.36532             3.05220             2.54918             2.57200             2.58128             2.82743             2.85141             2.85340             3.10978             2.52155             2.59489             3.07000             3.16219             2.70436             2.98437             2.84526             2.70696             3.14015             3.00004             3.06934             3.05977             2.64400             2.69414             3.17369             3.20143             2.87829             2.56415             3.07113             3.21913             2.84300             2.69383             2.77572             2.85177             2.59398             2.57754             3.01747             3.12182             3.08578             2.85642             2.70874             3.24760             2.85086             2.79912             2.80421             2.80579             2.65431             2.61759             2.86320             2.56429             2.96168             2.87564             2.87231             2.86351             3.12990             2.88330             3.14217             3.05330             2.85837             2.83499             2.77819             2.78648             3.11253             2.56060             2.56489             2.79406             3.13134             3.12827             2.75485             3.15345             2.83273             3.33077             3.12495             3.08817             3.26037             2.64203             2.95636             2.84949             3.04217             2.99527             3.36600             2.80758             3.01814             3.06446             3.41487             3.09779             3.02798             2.52892             3.30083             3.10199             2.76036             2.83412             3.07205             3.28635             3.11797             3.26249             3.21902             3.16871             3.10440             3.30731             3.10089             3.34607             2.67195             3.27437             3.23863             3.19524             3.11139             3.10095             3.31406             3.32777             3.29904             3.14606             3.01132             3.20409             3.07939             3.01288             3.00992             3.04706             3.03548             3.09810             3.14046             2.78167             3.07786             2.74061             3.12538             3.03188             3.07933             3.11750             3.10125             2.77983             3.37080             2.97567             3.00702             3.01777             3.09395             3.05655             2.92969             3.09899             3.09900             3.17088             2.91972             3.14812             2.88689             3.12166             3.00538             3.26174             2.91835             3.09100             3.07466             3.11200             2.64718             3.00977             2.72383             3.09967             2.87261             2.94409             3.13203             2.68731             3.09948             3.07245             3.10162             3.38318             3.05493             3.17242             2.69894             2.75688             2.84187             3.09281             3.08329             3.13224             3.00591             2.75152             2.80501             3.11384             3.43090             3.11187             3.08282             3.38149             2.60740             3.12797             3.03752             2.65029             2.91195             2.77400             3.13955             3.06139             3.24222             3.13251             2.88608             3.13995             3.16915             3.05208             2.59743             2.81462             3.14183             2.59257             3.04519             3.41659             2.95291             3.39020             2.98783             3.29455             3.12919             3.15945             2.85964             3.16919             3.06301             3.28811             3.15952             2.91741             3.03461             3.40990             2.69724             2.78607             3.00881             3.07423             3.13924             3.12923             3.11674             2.55626             3.15210             3.03995             2.74878             3.17613             3.09190             3.38212             3.05669             2.85512             3.09209             2.67069             3.20158             2.58503             2.89825             3.14419             3.08765             3.01263             3.08751             3.14947             2.78471             2.86561             3.10511             3.05289             2.89983             3.01810             2.83467             2.89190             2.92753             2.94722             2.88269             3.05148             3.28863             3.11414             3.35983             2.86396             3.27602             3.01370             3.18616             3.09094             3.12583             3.10301             2.75330             2.85529             2.86613             2.73158             3.13628             3.06915             2.98415             2.93113             2.70396             2.86729             3.14523             3.04215             2.87748             3.00109             3.03807             2.95159             2.86491             3.12082             3.02359             2.78352             2.86325             2.91180             2.95571             2.63682             2.84983             2.90723             3.03834             2.81325             2.66490             2.65838             3.33039             3.06605             2.89569             3.08390             2.56408             2.79247             3.09679             3.22522             3.12786             2.59629             2.58967             3.13642             2.96404             2.85964             3.14278             3.10349             3.41276             2.58406             3.12735             2.79765             2.56035             3.09552             3.39592             2.92851             2.80283             2.89430             3.12828             2.89349             2.89972             2.94456             3.15172             3.09245             3.14820             3.05728             2.87546             3.34255             3.14064             2.91660             2.90731             2.80001             2.81437             3.03691             3.13382             3.18985             2.63680             3.10269             2.71222             2.92980             3.20313             3.36873             3.13943             3.06544             2.66372             3.42340             2.56595             2.90219             2.56110             2.78265             2.98797             3.13962             3.17360             2.57053             2.86917             3.41487             3.01245             2.90262             2.58851             3.13101             2.58580             2.84662             2.96211             2.76804             2.85316             3.13657             2.88197             2.63783             2.77939             3.12686             2.99370             2.90962             2.98558             3.20904             2.94486             3.18161             2.58068             2.90894             2.80453             3.09420             2.94541             3.00716             2.85951             2.91690             2.90367             2.82624             3.18966             3.11981             3.15402             2.95980             3.06534             2.81988             2.84074             2.91398             2.76788             2.90970             2.69865             2.82670             2.51919             3.13649             2.83961             2.93817             2.59076             2.85054             2.76693             2.85737             2.68649             2.58957             2.87702             3.28459             3.16031             2.87774             2.87049             2.89751             2.98861             3.12466             2.88152             2.97953             3.13302             2.74243             2.81312             2.89973             2.85573             3.05617             3.01744             3.12830             2.88638             2.91112             3.09370             3.05280             3.08944             3.31444             3.23538             3.21981             2.88473             3.07439             2.56047             3.21879             2.85795             3.29910             2.96668             3.18469             2.88083             2.91582             2.72119             3.10734             2.82994             2.87115             3.19648             3.10911             3.08925             2.92339             2.59442             2.84912             2.98235             3.21537             2.83668             3.40583             3.15475             3.24757             2.50495             3.17230             2.95773             3.14214             3.14317             2.70665             2.64705             3.06346             2.83114             3.00402             3.16724             2.90495             3.22693             3.17452             2.75115             3.01265             2.77654             3.15476             2.92440             2.58135             2.80344             2.74390             2.92062             2.86683             2.64960             3.20659             3.25395             2.89351             2.81945             3.14052             3.13242             3.31987             3.20672             3.14284             2.86569             3.11527             3.14258             2.69941             3.37710             3.14297             3.12973             3.06776             2.87794             3.13262             3.39490             2.74768             2.80330             2.89827             3.25609             3.23259             3.15499             3.27735             3.13973             2.79901             3.35295             3.39143