    P+   P-        C+   C-  Normalised_Error  Observed_Rho_a  Calculated_Rho_a  Original_Weight  Final_Weight    C
    7   12         1    6        5.34381          539.86819      722.95780         0.33333E+02    0.18299E+02    1
    8   13         1    6        1.97577          748.65522      794.37303         0.33333E+02    0.33333E+02    0
    9   14         1    6       -0.95157          937.22343      910.84539         0.33332E+02    0.33332E+02    0
   10   15         1    6       -1.94962         1088.30180     1018.86222         0.33330E+02    0.29570E+02    1
   11   16         1    6       -1.92891         1195.94545     1120.47035         0.33327E+02    0.29590E+02    1
   12   17         1    6       -1.64763         1236.54653     1174.57363         0.33321E+02    0.32044E+02    1
   13   18         1    6       -0.99761         1244.10069     1207.39497         0.33312E+02    0.33312E+02    0
   14   19         1    6       -0.41762         1253.27091     1237.64999         0.33297E+02    0.33297E+02    0
   15   20         1    6        0.26874         1250.40443     1260.54446         0.33273E+02    0.33273E+02    0
   16   21         1    6        0.35403         1276.23003     1289.89439         0.33243E+02    0.33243E+02    0
   17   22         1    6        0.64551         1254.70876     1279.34908         0.33192E+02    0.33192E+02    0
   18   23         1    6        0.63047         1239.15704     1262.97191         0.33120E+02    0.33120E+02    0
   19   24         1    6        0.54369         1213.60940     1233.76103         0.33014E+02    0.33014E+02    0
   20   25         1    6        0.76531         1149.31883     1176.41966         0.32837E+02    0.32837E+02    0
   21   26         1    6        0.66704         1086.22965     1108.70119         0.32576E+02    0.32576E+02    0
   22   27         1    6        0.27732         1060.98347     1070.14038         0.32271E+02    0.32271E+02    0
   23   28         1    6       -0.09524         1054.34748     1051.20612         0.31920E+02    0.31920E+02    0
   24   29         1    6       -0.56761         1041.93099     1023.30475         0.31467E+02    0.31467E+02    0
   25   30         1    6       -0.79529         1002.44121      976.88309         0.30794E+02    0.30794E+02    0
   26   31         1    6       -0.80378          963.35624      937.84005         0.29943E+02    0.29943E+02    0
   27   32         1    6       -0.60482          912.46902      893.50624         0.28800E+02    0.28800E+02    0
   28   33         1    6       -0.53764          862.07337      845.32360         0.27401E+02    0.27401E+02    0
   29   34         1    6       -0.55279          812.63755      795.38179         0.25756E+02    0.25756E+02    0
   30   35         1    6       -0.48361          766.45787      751.12171         0.23927E+02    0.23927E+02    0
   31   36         1    6       -0.29762          719.76898      710.06197         0.21919E+02    0.21919E+02    0
   32   37         1    6       -0.37009          705.63443      692.95110         0.20404E+02    0.20404E+02    0
   33   38         1    6       -0.17245          678.62284      672.38084         0.18663E+02    0.18663E+02    0
   34   39         1    6       -0.04879          662.73570      660.85493         0.17167E+02    0.17167E+02    0
   35   40         1    6       -0.03155          646.34264      645.04694         0.15725E+02    0.15725E+02    0
   36   41         1    6       -0.12373          624.55365      619.15828         0.14261E+02    0.14261E+02    0
   37   42         1    6       -0.04792          577.19874      574.97598         0.12421E+02    0.12421E+02    0
   38   43         1    6        0.02873          535.60532      537.03087         0.10810E+02    0.10810E+02    0
   39   44         1    6        0.14602          495.43986      503.23219         0.93569E+01    0.93569E+01    0
   40   45         1    6        0.23017          465.58301      478.82625         0.82064E+01    0.82064E+01    0
   41   46         1    6        0.31586          437.35316      456.98802         0.71923E+01    0.71923E+01    0
   42   47         1    6        0.36575          408.55956      433.09805         0.62707E+01    0.62707E+01    0
   43   48         1    6        0.39743          390.64971      419.41051         0.55945E+01    0.55945E+01    0
   47   52         1    6        0.43630          330.73911      373.01911         0.36267E+01    0.36267E+01    0
    8   13         2    7        5.09485          554.12551      726.72324         0.33333E+02    0.18789E+02    1
    9   14         2    7        1.64197          830.98946      872.94916         0.33333E+02    0.33333E+02    0
   10   15         2    7       -1.24112         1036.41738      998.41692         0.33332E+02    0.33226E+02    1
   11   16         2    7       -1.69712         1185.29752     1118.51676         0.33330E+02    0.29266E+02    1
   12   17         2    7       -1.60071         1251.65005     1186.65367         0.33327E+02    0.30018E+02    1
   13   18         2    7       -1.20912         1276.60562     1230.55576         0.33322E+02    0.32911E+02    1
   14   19         2    7       -0.68057         1296.14878     1269.93813         0.33313E+02    0.33313E+02    0
   15   20         2    7        0.01447         1298.83681     1299.40148         0.33299E+02    0.33299E+02    0
   16   21         2    7        0.17146         1328.38931     1335.25094         0.33280E+02    0.33280E+02    0
   17   22         2    7        0.53559         1307.67095     1328.90727         0.33247E+02    0.33247E+02    0
   18   23         2    7        0.55109         1294.28980     1315.95301         0.33200E+02    0.33200E+02    0
   19   24         2    7        0.46370         1270.58282     1288.49129         0.33130E+02    0.33130E+02    0
   20   25         2    7        0.74521         1202.55664     1230.01447         0.33009E+02    0.33009E+02    0
   21   26         2    7        0.66709         1136.45477     1159.78584         0.32826E+02    0.32826E+02    0
   22   27         2    7        0.28554         1110.33019     1120.09616         0.32607E+02    0.32607E+02    0
   23   28         2    7       -0.12700         1105.59688     1101.26523         0.32351E+02    0.32351E+02    0
   24   29         2    7       -0.64299         1094.86121     1073.09243         0.32016E+02    0.32016E+02    0
   25   30         2    7       -0.89331         1055.09970     1025.25557         0.31509E+02    0.31133E+02    1
   26   31         2    7       -0.91785         1015.78000      985.07209         0.30853E+02    0.29900E+02    1
   27   32         2    7       -0.78398          964.15874      939.24632         0.29948E+02    0.29948E+02    0
   28   33         2    7       -0.72241          911.73813      889.14805         0.28794E+02    0.28794E+02    0
   29   34         2    7       -0.76120          860.60249      837.01131         0.27386E+02    0.27386E+02    0
   30   35         2    7       -0.68076          811.83327      790.64815         0.25745E+02    0.25745E+02    0
   31   36         2    7       -0.54679          764.64622      747.35072         0.23900E+02    0.23900E+02    0
   32   37         2    7       -0.56127          747.59023      729.08078         0.22388E+02    0.22388E+02    0
   33   38         2    7       -0.42130          721.75407      707.20720         0.20692E+02    0.20692E+02    0
   34   39         2    7       -0.25927          704.36616      694.88912         0.19140E+02    0.19140E+02    0
   35   40         2    7       -0.22520          686.86081      678.13769         0.17619E+02    0.17619E+02    0
   36   41         2    7       -0.31662          663.69245      650.72830         0.16050E+02    0.16050E+02    0
   37   42         2    7       -0.21086          613.03107      603.89643         0.14045E+02    0.14045E+02    0
   38   43         2    7       -0.10460          568.48984      563.65969         0.12259E+02    0.12259E+02    0
   39   44         2    7       -0.00738          528.06185      527.69693         0.10674E+02    0.10674E+02    0
   40   45         2    7        0.11262          495.65630      501.65564         0.93607E+01    0.93607E+01    0
   41   46         2    7        0.21923          465.74853      478.35417         0.82091E+01    0.82091E+01    0
   42   47         2    7        0.28508          435.25750      452.93855         0.71594E+01    0.71594E+01    0
   43   48         2    7        0.34483          415.16029      438.25994         0.63683E+01    0.63683E+01    0
   47   52         2    7        0.41773          350.79677      388.38189         0.41042E+01    0.41042E+01    0
   50   55         2    7        0.44116          309.57552      358.78358         0.29906E+01    0.29906E+01    0
   54   59         2    7        0.42152          264.81050      326.48721         0.20132E+01    0.20132E+01    0
    9   14         3    8        5.10999          616.70099      801.13789         0.33333E+02    0.19530E+02    1
   10   15         3    8        0.69117          923.67356      943.02624         0.33333E+02    0.33333E+02    0
   11   16         3    8       -1.35412         1139.39070     1087.41884         0.33332E+02    0.29004E+02    1
   12   17         3    8       -1.65305         1249.61269     1175.55820         0.33331E+02    0.27059E+02    1
   13   18         3    8       -1.47086         1302.24811     1235.53273         0.33328E+02    0.27969E+02    1
   14   19         3    8       -1.21140         1340.28760     1287.93295         0.33323E+02    0.30402E+02    1
   15   20         3    8       -0.56711         1349.61172     1326.83224         0.33315E+02    0.33315E+02    0
   16   21         3    8       -0.37370         1387.06326     1371.58591         0.33303E+02    0.33303E+02    0
   17   22         3    8        0.13554         1366.09265     1371.66701         0.33283E+02    0.33283E+02    0
   18   23         3    8        0.24015         1354.27492     1364.09077         0.33253E+02    0.33253E+02    0
   19   24         3    8        0.18639         1332.53914     1340.03940         0.33208E+02    0.33208E+02    0
   20   25         3    8        0.42922         1265.21321     1281.71223         0.33128E+02    0.33128E+02    0
   21   26         3    8        0.51682         1191.12764     1209.92753         0.33002E+02    0.33002E+02    0
   22   27         3    8        0.12882         1165.29990     1169.87833         0.32850E+02    0.32850E+02    0
   23   28         3    8       -0.30020         1162.49409     1151.86060         0.32669E+02    0.32669E+02    0
   24   29         3    8       -0.74442         1150.57127     1124.04984         0.32424E+02    0.31921E+02    1
   25   30         3    8       -0.94683         1110.71396     1075.29343         0.32052E+02    0.29215E+02    1
   26   31         3    8       -0.99943         1071.89757     1034.39295         0.31562E+02    0.28061E+02    1
   27   32         3    8       -0.92983         1020.74155      987.41313         0.30874E+02    0.28010E+02    1
   28   33         3    8       -0.90299          966.33135      935.64095         0.29961E+02    0.27978E+02    1
   29   34         3    8       -0.95340          912.29017      881.46866         0.28798E+02    0.27740E+02    1
   30   35         3    8       -0.94021          862.19149      833.11052         0.27403E+02    0.27403E+02    0
   31   36         3    8       -0.77892          811.81372      787.61993         0.25745E+02    0.25745E+02    0
   32   37         3    8       -0.80840          794.23610      768.28618         0.24336E+02    0.24336E+02    0
   33   38         3    8       -0.62844          766.09896      745.16889         0.22687E+02    0.22687E+02    0
   34   39         3    8       -0.52566          750.53762      732.14588         0.21188E+02    0.21188E+02    0
   35   40         3    8       -0.44890          731.04692      714.50834         0.19617E+02    0.19617E+02    0
   36   41         3    8       -0.53903          706.42873      685.56085         0.17977E+02    0.17977E+02    0
   37   42         3    8       -0.39550          652.00992      635.92366         0.15832E+02    0.15832E+02    0
   38   43         3    8       -0.28824          605.67908      593.25391         0.13906E+02    0.13906E+02    0
   39   44         3    8       -0.14483          561.64706      554.98138         0.12131E+02    0.12131E+02    0
   40   45         3    8       -0.04582          529.46472      527.20229         0.10699E+02    0.10699E+02    0
   41   46         3    8        0.10061          496.98439      502.34178         0.93838E+01    0.93838E+01    0
   42   47         3    8        0.18910          464.43299      475.28447         0.81874E+01    0.81874E+01    0
   43   48         3    8        0.24993          444.08298      459.55514         0.72977E+01    0.72977E+01    0
   44   49         3    8        0.22749          428.54972      443.65822         0.65659E+01    0.65659E+01    0
   46   51         3    8        0.31942          388.00520      412.65927         0.51851E+01    0.51851E+01    0
   47   52         3    8        0.38380          373.93658      405.95166         0.46720E+01    0.46720E+01    0
   50   55         3    8        0.41401          331.22034      374.03281         0.34058E+01    0.34058E+01    0
   52   57         3    8        0.42741          304.80733      355.69514         0.27683E+01    0.27683E+01    0
   79   84         3    8        0.29530          176.62059      351.70423         0.42872E+00    0.42872E+00    0
   10   15         4    9        4.51151          684.50185      837.24061         0.33333E+02    0.22399E+02    1
   11   16         4    9        0.21487         1011.64275     1018.18498         0.33333E+02    0.33333E+02    0
   12   17         4    9       -1.41230         1192.48822     1134.39448         0.33332E+02    0.28278E+02    1
   13   18         4    9       -1.56697         1289.34426     1216.19103         0.33331E+02    0.26827E+02    1
   14   19         4    9       -1.45651         1354.63654     1285.90000         0.33328E+02    0.27970E+02    1
   15   20         4    9       -0.96446         1376.82632     1337.19801         0.33324E+02    0.33024E+02    1
   16   21         4    9       -0.70708         1423.08681     1393.20307         0.33317E+02    0.33317E+02    0
   17   22         4    9       -0.09300         1405.83455     1401.91413         0.33304E+02    0.33304E+02    0
   18   23         4    9        0.15599         1395.10084     1401.65437         0.33285E+02    0.33285E+02    0
   19   24         4    9        0.21387         1373.84541     1382.70932         0.33255E+02    0.33255E+02    0
   20   25         4    9        0.49503         1306.33232     1325.95479         0.33202E+02    0.33202E+02    0
   21   26         4    9        0.64745         1229.48157     1253.75543         0.33116E+02    0.33116E+02    0
   22   27         4    9        0.38431         1200.13880     1214.19399         0.33007E+02    0.33007E+02    0
   23   28         4    9       -0.02791         1198.73306     1197.71590         0.32876E+02    0.32876E+02    0
   24   29         4    9       -0.51213         1189.46816     1170.98345         0.32698E+02    0.32698E+02    0
   25   30         4    9       -0.71253         1148.19494     1121.98843         0.32420E+02    0.30861E+02    1
   26   31         4    9       -0.79977         1110.71474     1080.95479         0.32052E+02    0.29448E+02    1
   27   32         4    9       -0.76783         1060.87976     1033.35753         0.31527E+02    0.29211E+02    1
   28   33         4    9       -0.75955         1006.23742      980.37738         0.30811E+02    0.29173E+02    1
   29   34         4    9       -0.80717          950.54931      924.56740         0.29865E+02    0.29125E+02    1
   30   35         4    9       -0.79412          899.07798      874.53415         0.28691E+02    0.28691E+02    0
   31   36         4    9       -0.69522          848.45387      827.08825         0.27259E+02    0.27259E+02    0
   32   37         4    9       -0.70472          829.05392      806.85222         0.25961E+02    0.25961E+02    0
   33   38         4    9       -0.54905          800.43269      782.63953         0.24424E+02    0.24424E+02    0
   34   39         4    9       -0.44522          784.09511      769.04276         0.22968E+02    0.22968E+02    0
   35   40         4    9       -0.42173          765.56123      750.64769         0.21437E+02    0.21437E+02    0
   36   41         4    9       -0.51012          739.11098      720.27209         0.19758E+02    0.19758E+02    0
   37   42         4    9       -0.37750          682.43187      667.89912         0.17537E+02    0.17537E+02    0
   38   43         4    9       -0.29204          634.69297      622.84877         0.15503E+02    0.15503E+02    0
   39   44         4    9       -0.14790          588.66714      582.29139         0.13581E+02    0.13581E+02    0
   40   45         4    9       -0.05634          555.39119      552.79287         0.12013E+02    0.12013E+02    0
   41   46         4    9        0.07935          522.44940      526.38575         0.10572E+02    0.10572E+02    0
   42   47         4    9        0.19379          487.33543      497.69165         0.92156E+01    0.92156E+01    0
   43   48         4    9        0.24569          466.76574      480.91715         0.82260E+01    0.82260E+01    0
   44   49         4    9        0.24471          448.77433      463.92292         0.73711E+01    0.73711E+01    0
   45   50         4    9        0.24859          429.03118      445.56808         0.65730E+01    0.65730E+01    0
   46   51         4    9        0.32437          407.56570      430.88636         0.58295E+01    0.58295E+01    0
   47   52         4    9        0.40138          392.34520      423.56925         0.52416E+01    0.52416E+01    0
   49   54         4    9        0.44662          356.18323      396.48843         0.41662E+01    0.41662E+01    0
   50   55         4    9        0.42235          348.54017      389.29353         0.38194E+01    0.38194E+01    0
   52   57         4    9        0.45440          318.85009      369.54819         0.30794E+01    0.30794E+01    0
   54   59         4    9        0.44449          294.78181      351.63830         0.25202E+01    0.25202E+01    0
   11   16         5   10        4.24087          791.99155      936.79622         0.33333E+02    0.25256E+02    1
   12   17         5   10       -0.49609         1114.23750     1097.77723         0.33333E+02    0.33333E+02    0
   13   18         5   10       -1.69999         1295.43010     1211.57902         0.33332E+02    0.25404E+02    1
   14   19         5   10       -1.90932         1411.76945     1305.78289         0.33331E+02    0.24466E+02    1
   15   20         5   10       -1.61461         1458.78971     1374.15929         0.33329E+02    0.27016E+02    1
   16   21         5   10       -1.50919         1522.86281     1445.64009         0.33325E+02    0.29001E+02    1
   17   22         5   10       -0.97726         1508.90365     1465.28930         0.33319E+02    0.33319E+02    0
   18   23         5   10       -0.59962         1500.82697     1474.05004         0.33308E+02    0.33308E+02    0
   19   24         5   10       -0.39686         1478.53965     1461.01852         0.33290E+02    0.33290E+02    0
   20   25         5   10       -0.03688         1406.61132     1405.05235         0.33259E+02    0.33259E+02    0
   21   26         5   10        0.24853         1320.95384     1330.87783         0.33205E+02    0.33205E+02    0
   22   27         5   10        0.10334         1287.06093     1291.08105         0.33135E+02    0.33135E+02    0
   23   28         5   10       -0.25007         1285.82508     1276.13243         0.33049E+02    0.33049E+02    0
   24   29         5   10       -0.74186         1280.12542     1250.20187         0.32932E+02    0.31364E+02    1
   25   30         5   10       -0.79605         1232.27735     1199.98973         0.32740E+02    0.29982E+02    1
   26   31         5   10       -0.88934         1194.50933     1158.03060         0.32487E+02    0.28675E+02    1
   27   32         5   10       -0.88080         1143.77027     1108.80373         0.32121E+02    0.28369E+02    1
   28   33         5   10       -0.88678         1086.88804     1053.37925         0.31606E+02    0.28318E+02    1
   29   34         5   10       -0.94502         1028.34458      994.55161         0.30906E+02    0.28282E+02    1
   30   35         5   10       -0.98023          974.24023      941.56694         0.30007E+02    0.28735E+02    1
   31   36         5   10       -0.88818          918.73139      890.87777         0.28850E+02    0.28850E+02    0
   32   37         5   10       -0.89510          897.68989      869.19985         0.27754E+02    0.27754E+02    0
   33   38         5   10       -0.72783          866.79414      843.23052         0.26408E+02    0.26408E+02    0
   34   39         5   10       -0.61616          849.32372      828.71366         0.25082E+02    0.25082E+02    0
   35   40         5   10       -0.55129          828.18626      809.08041         0.23620E+02    0.23620E+02    0
   36   41         5   10       -0.69447          801.31156      776.42026         0.22008E+02    0.22008E+02    0
   37   42         5   10       -0.55868          740.36754      719.74801         0.19779E+02    0.19779E+02    0
   38   43         5   10       -0.47280          689.16964      670.96563         0.17662E+02    0.17662E+02    0
   39   44         5   10       -0.31737          639.76157      626.87774         0.15600E+02    0.15600E+02    0
   40   45         5   10       -0.18848          602.89252      594.74525         0.13853E+02    0.13853E+02    0
   41   46         5   10       -0.10115          570.64362      565.96973         0.12299E+02    0.12299E+02    0
   42   47         5   10        0.07209          531.16745      534.74789         0.10730E+02    0.10730E+02    0
   43   48         5   10        0.13583          509.13601      516.39529         0.95944E+01    0.95944E+01    0
   44   49         5   10        0.16028          488.54824      497.75519         0.85849E+01    0.85849E+01    0
   45   50         5   10        0.19549          465.62712      477.70555         0.76336E+01    0.76336E+01    0
   47   52         5   10        0.34930          428.27009      453.44171         0.61159E+01    0.61159E+01    0
   49   54         5   10        0.42368          388.27121      423.73444         0.48474E+01    0.48474E+01    0
   50   55         5   10        0.42922          377.09318      415.67121         0.44066E+01    0.44066E+01    0
   52   57         5   10        0.43915          348.38905      393.85218         0.35803E+01    0.35803E+01    0
   54   59         5   10        0.44322          321.30221      374.02738         0.29170E+01    0.29170E+01    0
   82   87         5   10        0.33705          195.35125      409.16475         0.45590E+00    0.45590E+00    0
   12   17         6   11        3.83206          867.42064      995.71930         0.33333E+02    0.27780E+02    1
   13   18         6   11       -0.89182         1201.44561     1168.66216         0.33333E+02    0.32236E+02    1
   14   19         6   11       -1.96567         1409.44743     1301.77438         0.33333E+02    0.24735E+02    1
   15   20         6   11       -1.92319         1505.61306     1396.74202         0.33331E+02    0.25623E+02    1
   16   21         6   11       -1.92822         1603.63670     1491.62667         0.33330E+02    0.26630E+02    1
   17   22         6   11       -1.46052         1602.34121     1528.35511         0.33326E+02    0.30895E+02    1
   18   23         6   11       -1.05006         1600.61376     1550.95810         0.33320E+02    0.33320E+02    0
   19   24         6   11       -0.71876         1581.22531     1547.47149         0.33310E+02    0.33310E+02    0
   20   25         6   11       -0.12015         1499.87000     1494.46659         0.33292E+02    0.33292E+02    0
   21   26         6   11        0.34796         1404.72074     1419.49447         0.33259E+02    0.33259E+02    0
   22   27         6   11        0.39390         1364.30794     1380.58440         0.33213E+02    0.33213E+02    0
   23   28         6   11        0.11619         1363.65296     1368.44001         0.33157E+02    0.33157E+02    0
   24   29         6   11       -0.25001         1354.53953     1344.33976         0.33077E+02    0.33077E+02    0
   25   30         6   11       -0.39450         1308.99666     1293.41718         0.32949E+02    0.32949E+02    0
   26   31         6   11       -0.48890         1269.78468     1250.98350         0.32774E+02    0.32774E+02    0
   27   32         6   11       -0.47525         1218.00789     1200.33615         0.32518E+02    0.32518E+02    0
   28   33         6   11       -0.41051         1157.09913     1142.41736         0.32147E+02    0.32147E+02    0
   29   34         6   11       -0.42044         1094.77423     1080.31800         0.31629E+02    0.31629E+02    0
   30   35         6   11       -0.45920         1039.38465     1024.07849         0.30952E+02    0.30952E+02    0
   31   36         6   11       -0.40829          982.98938      969.72742         0.30058E+02    0.30058E+02    0
   32   37         6   11       -0.36156          958.39454      946.57957         0.29148E+02    0.29148E+02    0
   33   38         6   11       -0.22731          926.19450      918.71001         0.28015E+02    0.28015E+02    0
   34   39         6   11       -0.13151          907.73727      903.30257         0.26852E+02    0.26852E+02    0
   35   40         6   11       -0.06347          884.54799      882.35071         0.25518E+02    0.25518E+02    0
   36   41         6   11       -0.10612          850.80458      847.04059         0.23935E+02    0.23935E+02    0
   37   42         6   11        0.03279          783.98898      785.17258         0.21735E+02    0.21735E+02    0
   38   43         6   11       -0.00634          732.10727      731.87100         0.19636E+02    0.19636E+02    0
   39   44         6   11        0.09076          679.96246      683.50005         0.17491E+02    0.17491E+02    0
   40   45         6   11        0.14786          642.09329      648.19061         0.15644E+02    0.15644E+02    0
   41   46         6   11        0.26208          605.03075      616.55180         0.13894E+02    0.13894E+02    0
   42   47         6   11        0.34521          566.01429      582.24196         0.12213E+02    0.12213E+02    0
   43   48         6   11        0.34485          544.60815      561.99592         0.10973E+02    0.10973E+02    0
   44   49         6   11        0.44874          516.96828      541.37030         0.97295E+01    0.97295E+01    0
   45   50         6   11        0.49125          490.47833      519.25429         0.86166E+01    0.86166E+01    0
   46   51         6   11        0.54237          467.19048      501.47943         0.76579E+01    0.76579E+01    0
   47   52         6   11        0.58253          452.52178      492.27831         0.69177E+01    0.69177E+01    0
   49   54         6   11        0.61912          410.24175      459.36256         0.54744E+01    0.54744E+01    0
   50   55         6   11        0.60880          398.36181      450.26688         0.49706E+01    0.49706E+01    0
   54   59         6   11        0.58067          337.91753      403.76038         0.32619E+01    0.32619E+01    0
   79   84         6   11        0.36093          198.75402      385.61318         0.54458E+00    0.54458E+00    0
   13   18         7   12        4.04480          950.18996     1111.71301         0.33333E+02    0.25764E+02    1
   14   19         7   12       -1.23884         1349.26014     1294.31934         0.33333E+02    0.29800E+02    1
   15   20         7   12       -2.08857         1550.84738     1424.59073         0.33333E+02    0.24595E+02    1
   16   21         7   12       -2.40619         1719.86378     1552.78316         0.33332E+02    0.23545E+02    1
   17   22         7   12       -2.11586         1752.33208     1613.81273         0.33330E+02    0.25694E+02    1
   18   23         7   12       -1.87351         1769.72976     1655.89122         0.33327E+02    0.28178E+02    1
   19   24         7   12       -1.66432         1759.37198     1665.73028         0.33323E+02    0.30430E+02    1
   20   25         7   12       -1.01177         1666.66426     1616.80546         0.33313E+02    0.33313E+02    0
   21   26         7   12       -0.33337         1556.13432     1540.63070         0.33294E+02    0.33294E+02    0
   22   27         7   12       -0.10276         1507.42841     1502.77932         0.33268E+02    0.33268E+02    0
   23   28         7   12       -0.26319         1506.21444     1494.33381         0.33235E+02    0.33235E+02    0
   24   29         7   12       -0.52082         1495.93313     1472.63942         0.33186E+02    0.33186E+02    0
   25   30         7   12       -0.63134         1448.09018     1420.69052         0.33108E+02    0.33050E+02    1
   26   31         7   12       -0.68081         1407.26118     1377.57999         0.33000E+02    0.31937E+02    1
   27   32         7   12       -0.65710         1352.63806     1324.98611         0.32839E+02    0.31814E+02    1
   28   33         7   12       -0.58803         1286.68436     1263.68352         0.32600E+02    0.32600E+02    0
   29   34         7   12       -0.54761         1217.65543     1197.15807         0.32257E+02    0.32257E+02    0
   30   35         7   12       -0.55536         1156.55849     1136.53194         0.31794E+02    0.31794E+02    0
   31   36         7   12       -0.48945         1094.31524     1077.26221         0.31163E+02    0.31163E+02    0
   32   37         7   12       -0.47561         1068.73505     1052.19886         0.30500E+02    0.30500E+02    0
   33   38         7   12       -0.28590         1031.72271     1021.81551         0.29630E+02    0.29630E+02    0
   34   39         7   12       -0.20527         1012.47785     1005.26492         0.28712E+02    0.28712E+02    0
   35   40         7   12       -0.12527          987.04200      982.57369         0.27610E+02    0.27610E+02    0
   36   41         7   12       -0.18843          950.50435      943.70728         0.26256E+02    0.26256E+02    0
   37   42         7   12       -0.02689          875.78623      874.81645         0.24268E+02    0.24268E+02    0
   38   43         7   12       -0.07249          818.06509      815.40575         0.22264E+02    0.22264E+02    0
   39   44         7   12        0.04572          759.52434      761.25351         0.20107E+02    0.20107E+02    0
   40   45         7   12        0.09247          718.00534      721.66596         0.18184E+02    0.18184E+02    0
   41   46         7   12        0.20827          677.45964      686.16895         0.16304E+02    0.16304E+02    0
   42   47         7   12        0.33152          632.95951      647.68269         0.14417E+02    0.14417E+02    0
   43   48         7   12        0.29075          611.11603      624.89357         0.13042E+02    0.13042E+02    0
   44   49         7   12        0.44951          578.69272      601.60063         0.11579E+02    0.11579E+02    0
   45   50         7   12        0.48806          549.98937      576.69537         0.10293E+02    0.10293E+02    0
   46   51         7   12        0.55444          523.94885      556.63643         0.91615E+01    0.91615E+01    0
   47   52         7   12        0.58108          509.18733      546.08895         0.83052E+01    0.83052E+01    0
   48   53         7   12        0.73112          481.99011      532.42229         0.73470E+01    0.73470E+01    0
   49   54         7   12        0.67319          459.07140      508.84783         0.65394E+01    0.65394E+01    0
   50   55         7   12        0.65140          446.66239      498.37997         0.59456E+01    0.59456E+01    0
   51   56         7   12        0.67374          428.95165      486.60150         0.53428E+01    0.53428E+01    0
   52   57         7   12        0.66037          409.95106      470.64497         0.47830E+01    0.47830E+01    0
   54   59         7   12        0.63597          378.02904      445.34066         0.38810E+01    0.38810E+01    0
   56   61         7   12        0.61714          343.44114      418.65858         0.31163E+01    0.31163E+01    0
   79   84         7   12        0.40270          212.89856      412.85738         0.60804E+00    0.60804E+00    0
   14   19         8   13        3.82305         1019.68587     1171.66394         0.33333E+02    0.27518E+02    1
   15   20         8   13       -1.01733         1395.40690     1353.46234         0.33333E+02    0.33333E+02    0
   16   21         8   13       -2.32884         1685.78920     1532.20936         0.33333E+02    0.24380E+02    1
   17   22         8   13       -2.31134         1791.40733     1631.41648         0.33332E+02    0.24706E+02    1
   18   23         8   13       -2.20426         1854.63973     1703.92671         0.33331E+02    0.26007E+02    1
   19   24         8   13       -2.04781         1870.09269     1736.24168         0.33328E+02    0.27574E+02    1
   20   25         8   13       -1.54495         1783.75907     1699.23511         0.33323E+02    0.31825E+02    1
   21   26         8   13       -0.70382         1662.91743     1628.15201         0.33313E+02    0.33313E+02    0
   22   27         8   13       -0.29625         1609.98513     1595.72443         0.33297E+02    0.33297E+02    0
   23   28         8   13       -0.35512         1611.46230     1594.35653         0.33276E+02    0.33276E+02    0
   24   29         8   13       -0.52085         1603.23938     1578.31827         0.33246E+02    0.33246E+02    0
   25   30         8   13       -0.58143         1555.57038     1528.56256         0.33197E+02    0.33197E+02    0
   26   31         8   13       -0.63504         1516.29773     1487.50804         0.33128E+02    0.33128E+02    0
   27   32         8   13       -0.60207         1461.90930     1435.49839         0.33024E+02    0.33024E+02    0
   28   33         8   13       -0.48059         1393.31770     1373.09233         0.32867E+02    0.32867E+02    0
   29   34         8   13       -0.41771         1320.95678     1304.15753         0.32636E+02    0.32636E+02    0
   30   35         8   13       -0.39531         1256.09907     1240.82836         0.32319E+02    0.32319E+02    0
   31   36         8   13       -0.28111         1188.46543     1178.02902         0.31871E+02    0.31871E+02    0
   32   37         8   13       -0.28892         1162.68380     1152.03111         0.31390E+02    0.31390E+02    0
   33   38         8   13       -0.11865         1124.37166     1120.04045         0.30742E+02    0.30742E+02    0
   34   39         8   13       -0.01180         1103.54223     1103.10857         0.30029E+02    0.30029E+02    0
   35   40         8   13        0.04133         1077.87865     1079.40774         0.29158E+02    0.29158E+02    0
   36   41         8   13       -0.04241         1039.24698     1037.67650         0.28045E+02    0.28045E+02    0
   37   42         8   13        0.09466          958.93922      962.39099         0.26344E+02    0.26344E+02    0
   38   43         8   13        0.03346          896.15624      897.37966         0.24528E+02    0.24528E+02    0
   39   44         8   13        0.15820          831.95889      837.83697         0.22471E+02    0.22471E+02    0
   40   45         8   13        0.20335          786.46171      794.28194         0.20551E+02    0.20551E+02    0
   41   46         8   13        0.28985          743.52792      755.18582         0.18631E+02    0.18631E+02    0
   42   47         8   13        0.41939          694.98103      712.73918         0.16622E+02    0.16622E+02    0
   43   48         8   13        0.38273          670.37615      687.58673         0.15099E+02    0.15099E+02    0
   44   49         8   13        0.47524          638.94346      661.76925         0.13539E+02    0.13539E+02    0
   45   50         8   13        0.58541          604.05382      634.19830         0.12021E+02    0.12021E+02    0
   46   51         8   13        0.64175          576.45986      611.96087         0.10738E+02    0.10738E+02    0
   47   52         8   13        0.67651          559.87942      600.15882         0.97377E+01    0.97377E+01    0
   48   53         8   13        0.75084          536.67106      584.90906         0.87235E+01    0.87235E+01    0
   49   54         8   13        0.81312          502.31464      558.71805         0.76408E+01    0.76408E+01    0
   50   55         8   13        0.72949          492.79372      546.92662         0.69993E+01    0.69993E+01    0
   51   56         8   13        0.76108          472.80633      533.70723         0.62816E+01    0.62816E+01    0
   52   57         8   13        0.75174          451.19101      515.86126         0.56122E+01    0.56122E+01    0
   54   59         8   13        0.74101          413.77029      487.44310         0.45221E+01    0.45221E+01    0
   55   60         8   13        0.76749          387.66992      470.15423         0.39785E+01    0.39785E+01    0
   56   61         8   13        0.69113          378.58358      457.50673         0.36499E+01    0.36499E+01    0
   57   62         8   13        0.68482          364.07739      447.99460         0.33017E+01    0.33017E+01    0
   58   63         8   13        0.65903          352.17376      438.46228         0.30072E+01    0.30072E+01    0
   79   84         8   13        0.43285          240.50218      440.08593         0.71636E+00    0.71636E+00    0
   15   20         9   14        3.84921         1000.90989     1158.38239         0.33333E+02    0.26344E+02    1
   16   21         9   14       -1.12878         1471.57753     1422.57890         0.33333E+02    0.33333E+02    0
   17   22         9   14       -2.00448         1698.22037     1574.74415         0.33333E+02    0.26554E+02    1
   18   23         9   14       -2.21530         1840.59696     1687.96639         0.33332E+02    0.25591E+02    1
   19   24         9   14       -2.18629         1904.49697     1751.57634         0.33331E+02    0.26120E+02    1
   20   25         9   14       -1.72660         1838.30437     1734.18060         0.33328E+02    0.29611E+02    1
   21   26         9   14       -0.97297         1723.95326     1674.34353         0.33322E+02    0.33322E+02    0
   22   27         9   14       -0.43289         1672.97324     1651.37413         0.33313E+02    0.33313E+02    0
   23   28         9   14       -0.32830         1676.51404     1660.06657         0.33300E+02    0.33300E+02    0
   24   29         9   14       -0.43326         1674.36315     1652.70691         0.33281E+02    0.33281E+02    0
   25   30         9   14       -0.44896         1630.25256     1608.38750         0.33249E+02    0.33249E+02    0
   26   31         9   14       -0.48669         1595.39151     1572.17751         0.33204E+02    0.33204E+02    0
   27   32         9   14       -0.43496         1543.59459     1523.46442         0.33135E+02    0.33135E+02    0
   28   33         9   14       -0.32376         1476.92669     1462.52049         0.33030E+02    0.33030E+02    0
   29   34         9   14       -0.23055         1403.35595     1393.54832         0.32873E+02    0.32873E+02    0
   30   35         9   14       -0.17345         1336.62351     1329.54196         0.32652E+02    0.32652E+02    0
   31   36         9   14       -0.03538         1266.33287     1264.94804         0.32334E+02    0.32334E+02    0
   32   37         9   14       -0.03117         1240.33582     1239.12750         0.31983E+02    0.31983E+02    0
   33   38         9   14        0.14053         1201.24027     1206.61086         0.31503E+02    0.31503E+02    0
   34   39         9   14        0.17465         1183.45782     1190.15076         0.30969E+02    0.30969E+02    0
   35   40         9   14        0.29298         1155.07864     1166.30932         0.30279E+02    0.30279E+02    0
   36   41         9   14        0.16924         1116.20963     1122.65549         0.29392E+02    0.29392E+02    0
   37   42         9   14        0.27711         1031.78637     1042.05370         0.27985E+02    0.27985E+02    0
   38   43         9   14        0.20009          964.99982      972.33987         0.26406E+02    0.26406E+02    0
   39   44         9   14        0.37094          894.50936      908.15151         0.24508E+02    0.24508E+02    0
   40   45         9   14        0.37218          847.18818      861.19756         0.22692E+02    0.22692E+02    0
   41   46         9   14        0.43322          802.11310      818.99286         0.20802E+02    0.20802E+02    0
   42   47         9   14        0.55072          750.68246      773.05379         0.18754E+02    0.18754E+02    0
   43   48         9   14        0.50435          724.23701      745.86526         0.17139E+02    0.17139E+02    0
   44   49         9   14        0.62353          689.39883      717.81648         0.15436E+02    0.15436E+02    0
   45   50         9   14        0.63941          656.83885      687.86555         0.13854E+02    0.13854E+02    0
   46   51         9   14        0.76970          623.60838      663.68511         0.12358E+02    0.12358E+02    0
   47   52         9   14        0.79721          606.19150      650.78606         0.11231E+02    0.11231E+02    0
   48   53         9   14        0.85552          582.60278      634.11653         0.10097E+02    0.10097E+02    0
   49   54         9   14        0.86347          549.64214      605.51249         0.89194E+01    0.89194E+01    0
   50   55         9   14        0.90258          529.52871      592.51137         0.80313E+01    0.80313E+01    0
   52   57         9   14        0.85277          489.67528      558.35378         0.64973E+01    0.64973E+01    0
   53   58         9   14        0.88038          464.85780      541.38038         0.57771E+01    0.57771E+01    0
   54   59         9   14        0.81636          451.14454      527.01019         0.52522E+01    0.52522E+01    0
   56   61         9   14        0.83154          404.20671      493.98585         0.41457E+01    0.41457E+01    0
   57   62         9   14        0.76369          395.61916      483.37225         0.38121E+01    0.38121E+01    0
   58   63         9   14        0.72516          383.79751      472.75405         0.34786E+01    0.34786E+01    0
   65   70         9   14        0.67654          352.02695      482.95122         0.21395E+01    0.21395E+01    0
   79   84         9   14        0.47048          258.52739      464.27023         0.80359E+00    0.80359E+00    0
   16   21        10   15        3.26722         1110.95485     1232.44671         0.33333E+02    0.31482E+02    1
   17   22        10   15       -1.15269         1509.08488     1457.79137         0.33333E+02    0.33333E+02    0
   18   23        10   15       -2.27687         1774.33015     1621.51063         0.33333E+02    0.25280E+02    1
   20   25        10   15       -2.18952         1885.15682     1732.75984         0.33331E+02    0.25974E+02    1
   21   26        10   15       -1.62958         1782.76899     1688.52117         0.33328E+02    0.30003E+02    1
   22   27        10   15       -1.15372         1736.63123     1677.53239         0.33322E+02    0.33322E+02    0
   23   28        10   15       -0.95339         1747.38169     1698.08408         0.33314E+02    0.33314E+02    0
   24   29        10   15       -0.88382         1747.80971     1701.33766         0.33303E+02    0.32796E+02    1
   25   30        10   15       -0.87747         1711.03972     1664.62155         0.33283E+02    0.31904E+02    1
   26   31        10   15       -0.84898         1679.78923     1635.17755         0.33254E+02    0.31541E+02    1
   27   32        10   15       -0.77215         1630.71355     1591.73750         0.33209E+02    0.31918E+02    1
   28   33        10   15       -0.65885         1564.99328     1534.18744         0.33140E+02    0.33140E+02    0
   29   34        10   15       -0.55136         1491.70151     1467.01227         0.33036E+02    0.33036E+02    0
   30   35        10   15       -0.47197         1424.20109     1403.90740         0.32886E+02    0.32886E+02    0
   31   36        10   15       -0.28789         1350.70723     1338.85544         0.32666E+02    0.32666E+02    0
   32   37        10   15       -0.26155         1324.63746     1313.99287         0.32417E+02    0.32417E+02    0
   33   38        10   15       -0.07965         1284.92895     1281.74165         0.32070E+02    0.32070E+02    0
   34   39        10   15        0.01629         1265.70819     1266.35929         0.31671E+02    0.31671E+02    0
   35   40        10   15        0.06124         1240.59526     1243.03588         0.31161E+02    0.31161E+02    0
   36   41        10   15       -0.01268         1198.71899     1198.22021         0.30470E+02    0.30470E+02    0
   37   42        10   15        0.08569         1109.98137     1113.22636         0.29355E+02    0.29355E+02    0
   38   43        10   15        0.01598         1038.99173     1039.58389         0.28043E+02    0.28043E+02    0
   39   44        10   15        0.12117          966.94026      971.38418         0.26426E+02    0.26426E+02    0
   40   45        10   15        0.13500          916.49330      921.50029         0.24779E+02    0.24779E+02    0
   41   46        10   15        0.30328          865.08325      876.59315         0.22946E+02    0.22946E+02    0
   42   47        10   15        0.43952          810.37053      827.56611         0.20932E+02    0.20932E+02    0
   43   48        10   15        0.40348          782.05767      798.59751         0.19279E+02    0.19279E+02    0
   44   49        10   15        0.53765          745.29653      768.54716         0.17502E+02    0.17502E+02    0
   45   50        10   15        0.64756          706.76954      736.45485         0.15739E+02    0.15739E+02    0
   46   51        10   15        0.70174          676.23639      710.52048         0.14189E+02    0.14189E+02    0
   47   52        10   15        0.77932          655.78776      696.62069         0.12902E+02    0.12902E+02    0
   48   53        10   15        0.84648          631.02980      678.64683         0.11636E+02    0.11636E+02    0
   49   54        10   15        0.87562          594.97870      647.81617         0.10292E+02    0.10292E+02    0
   50   55        10   15        0.85967          577.97435      633.67311         0.93439E+01    0.93439E+01    0
   51   56        10   15        0.91514          553.94760      617.87797         0.83788E+01    0.83788E+01    0
   52   57        10   15        0.89482          529.46071      596.60409         0.74946E+01    0.74946E+01    0
   53   58        10   15        0.92230          503.51341      578.13692         0.66736E+01    0.66736E+01    0
   54   59        10   15        0.86348          487.68244      562.47673         0.60517E+01    0.60517E+01    0
   55   60        10   15        0.86632          460.98856      541.79281         0.53639E+01    0.53639E+01    0
   56   61        10   15        0.83519          442.97651      526.50492         0.48348E+01    0.48348E+01    0
   57   62        10   15        0.81936          426.87422      514.81216         0.43743E+01    0.43743E+01    0
   58   63        10   15        0.77745          413.98859      503.13248         0.39866E+01    0.39866E+01    0
   60   65        10   15        0.75722          396.55335      496.04847         0.33825E+01    0.33825E+01    0
   65   70        10   15        0.72670          379.48159      511.52748         0.24337E+01    0.24337E+01    0
   79   84        10   15        0.50984          269.38034      482.61929         0.87435E+00    0.87435E+00    0
   17   22        11   16        3.74271         1082.61000     1260.25412         0.33333E+02    0.24633E+02    1
   18   23        11   16       -0.74625         1523.58546     1489.85501         0.33333E+02    0.33333E+02    0
   19   24        11   16       -2.14427         1781.22994     1642.93035         0.33333E+02    0.26531E+02    1
   20   25        11   16       -2.10641         1823.93866     1685.08463         0.33332E+02    0.26602E+02    1
   21   26        11   16       -1.68498         1759.60090     1662.16671         0.33330E+02    0.29579E+02    1
   22   27        11   16       -1.21629         1729.20307     1666.43513         0.33327E+02    0.32896E+02    1
   23   28        11   16       -1.02633         1754.59141     1700.97365         0.33322E+02    0.33070E+02    1
   24   29        11   16       -0.98574         1770.60051     1716.99502         0.33315E+02    0.32064E+02    1
   25   30        11   16       -0.89332         1738.25357     1690.31360         0.33302E+02    0.31942E+02    1
   26   31        11   16       -0.83532         1714.15508     1669.75534         0.33283E+02    0.31830E+02    1
   27   32        11   16       -0.69243         1668.70281     1633.80956         0.33253E+02    0.32767E+02    1
   28   33        11   16       -0.50242         1606.00793     1581.89103         0.33206E+02    0.33206E+02    0
   29   34        11   16       -0.36278         1535.41360     1518.69354         0.33133E+02    0.33133E+02    0
   30   35        11   16       -0.29668         1471.55884     1458.39958         0.33028E+02    0.33028E+02    0
   31   36        11   16       -0.11070         1399.26974     1394.56509         0.32871E+02    0.32871E+02    0
   32   37        11   16       -0.09746         1375.71771     1371.62238         0.32689E+02    0.32689E+02    0
   33   38        11   16        0.10822         1336.16104     1340.62686         0.32432E+02    0.32432E+02    0
   34   39        11   16        0.21533         1318.19113     1327.05532         0.32130E+02    0.32130E+02    0
   35   40        11   16        0.29756         1292.87751     1305.05694         0.31735E+02    0.31735E+02    0
   36   41        11   16        0.21251         1251.50856     1260.06330         0.31195E+02    0.31195E+02    0
   37   42        11   16        0.32618         1159.41894     1171.96811         0.30299E+02    0.30299E+02    0
   38   43        11   16        0.25203         1086.07464     1095.48610         0.29209E+02    0.29209E+02    0
   39   44        11   16        0.34905         1011.43002     1024.20061         0.27819E+02    0.27819E+02    0
   40   45        11   16        0.37394          958.37075      972.07444         0.26338E+02    0.26338E+02    0
   41   46        11   16        0.45197          908.27797      925.06557         0.24679E+02    0.24679E+02    0
   42   47        11   16        0.60933          850.45971      873.55706         0.22739E+02    0.22739E+02    0
   43   48        11   16        0.57465          820.52929      843.19405         0.21090E+02    0.21090E+02    0
   44   49        11   16        0.66276          784.12723      811.50326         0.19313E+02    0.19313E+02    0
   45   50        11   16        0.70785          746.86342      777.64115         0.17528E+02    0.17528E+02    0
   46   51        11   16        0.80238          713.21752      750.25154         0.15850E+02    0.15850E+02    0
   47   52        11   16        0.88809          691.68319      735.51723         0.14453E+02    0.14453E+02    0
   48   53        11   16        0.92211          667.74264      716.43525         0.13101E+02    0.13101E+02    0
   49   54        11   16        0.99277          627.50595      683.68320         0.11579E+02    0.11579E+02    0
   50   55        11   16        0.97240          609.49600      668.53209         0.10518E+02    0.10518E+02    0
   51   56        11   16        0.98151          587.58641      651.63457         0.94868E+01    0.94868E+01    0
   52   57        11   16        0.99519          559.01927      628.88604         0.84506E+01    0.84506E+01    0
   53   58        11   16        0.96794          536.09655      609.07912         0.75837E+01    0.75837E+01    0
   54   59        11   16        0.95246          515.06334      592.25553         0.68204E+01    0.68204E+01    0
   55   60        11   16        0.92545          489.51511      570.08534         0.60737E+01    0.60737E+01    0
   56   61        11   16        0.88838          470.67459      553.61560         0.54736E+01    0.54736E+01    0
   57   62        11   16        0.86420          454.36616      540.91591         0.49564E+01    0.49564E+01    0
   58   63        11   16        0.82716          439.59046      528.24746         0.45022E+01    0.45022E+01    0
   59   64        11   16        0.80447          428.77671      521.06279         0.41269E+01    0.41269E+01    0
   60   65        11   16        0.79990          421.78069      520.06821         0.38186E+01    0.38186E+01    0
   61   66        11   16        0.79121          419.95348      523.82657         0.35799E+01    0.35799E+01    0
   62   67        11   16        0.78118          408.44684      518.18355         0.32827E+01    0.32827E+01    0
   63   68        11   16        0.77483          406.06858      522.23867         0.30796E+01    0.30796E+01    0
   64   69        11   16        0.76966          404.38533      527.44895         0.28969E+01    0.28969E+01    0
   65   70        11   16        0.77603          401.84515      534.40746         0.27220E+01    0.27220E+01    0
   66   71        11   16        0.77558          391.71918      533.42589         0.25118E+01    0.25118E+01    0
   67   72        11   16        0.77774          394.02124      545.30119         0.23935E+01    0.23935E+01    0
   68   73        11   16        0.78467          393.73314      556.48440         0.22681E+01    0.22681E+01    0
   69   74        11   16        0.76089          383.16136      550.94191         0.20951E+01    0.20951E+01    0
   70   75        11   16        0.72868          362.99979      534.21005         0.18859E+01    0.18859E+01    0
   71   76        11   16        0.69662          349.22959      522.97385         0.17252E+01    0.17252E+01    0
   72   77        11   16        0.65701          337.71811      510.84426         0.15876E+01    0.15876E+01    0
   73   78        11   16        0.62616          310.76828      487.39379         0.13914E+01    0.13914E+01    0
   74   79        11   16        0.60654          307.89731      488.55013         0.13138E+01    0.13138E+01    0
   75   80        11   16        0.58545          305.20622      488.99341         0.12421E+01    0.12421E+01    0
   76   81        11   16        0.57096          300.23145      489.88163         0.11662E+01    0.11662E+01    0
   77   82        11   16        0.55439          291.92624      487.06158         0.10830E+01    0.10830E+01    0
   78   83        11   16        0.54726          282.50297      487.84223         0.10017E+01    0.10017E+01    0
   79   84        11   16        0.54099          278.97478      494.19007         0.94612E+00    0.94612E+00    0
   80   85        11   16        0.53776          279.00402      505.25817         0.90556E+00    0.90556E+00    0
   81   86        11   16        0.53741          281.13019      520.00622         0.87380E+00    0.87380E+00    0
   82   87        11   16        0.54187          286.14835      540.41284         0.85224E+00    0.85224E+00    0
   85   90        11   16        0.49580          287.39045      553.83710         0.75576E+00    0.75576E+00    0
   86   91        11   16        0.46920          285.45935      547.23901         0.72098E+00    0.72098E+00    0
   87   92        11   16        0.44609          274.69924      536.33883         0.66672E+00    0.66672E+00    0
   91   96        11   16        0.34272          221.98205      466.26900         0.46178E+00    0.46178E+00    0
   18   23        12   17        3.55769         1145.13280     1321.54930         0.33333E+02    0.24830E+02    1
   19   24        12   17       -0.96269         1595.69439     1550.26832         0.33333E+02    0.33333E+02    0
   20   25        12   17       -1.94516         1748.70714     1634.65507         0.33333E+02    0.28841E+02    1
   21   26        12   17       -1.83283         1740.99884     1635.72982         0.33332E+02    0.29386E+02    1
   22   27        12   17       -1.47709         1735.35070     1656.45492         0.33330E+02    0.31745E+02    1
   23   28        12   17       -1.30143         1777.26337     1706.16155         0.33328E+02    0.31876E+02    1
   24   29        12   17       -1.24088         1806.51684     1735.91543         0.33323E+02    0.31127E+02    1
   25   30        12   17       -1.15677         1785.09075     1719.66374         0.33315E+02    0.30979E+02    1
   26   31        12   17       -1.09107         1769.71488     1708.43702         0.33303E+02    0.30961E+02    1
   27   32        12   17       -0.93006         1729.91847     1680.46377         0.33284E+02    0.32066E+02    1
   28   33        12   17       -0.70241         1669.45672     1634.56220         0.33253E+02    0.33253E+02    0
   29   34        12   17       -0.50628         1599.84901     1575.64070         0.33205E+02    0.33205E+02    0
   30   35        12   17       -0.38536         1536.13782     1518.37500         0.33133E+02    0.33133E+02    0
   31   36        12   17       -0.18353         1463.86849     1455.75604         0.33025E+02    0.33025E+02    0
   32   37        12   17       -0.15911         1441.73625     1434.77980         0.32897E+02    0.32897E+02    0
   33   38        12   17        0.06003         1402.47916     1405.05532         0.32713E+02    0.32713E+02    0
   34   39        12   17        0.18372         1385.54667     1393.40320         0.32493E+02    0.32493E+02    0
   35   40        12   17        0.28275         1360.83710     1372.83922         0.32200E+02    0.32200E+02    0
   36   41        12   17        0.20091         1319.26977     1327.63274         0.31794E+02    0.31794E+02    0
   37   42        12   17        0.33018         1223.00987     1236.06169         0.31104E+02    0.31104E+02    0
   38   43        12   17        0.26146         1146.44387     1156.39950         0.30239E+02    0.30239E+02    0
   39   44        12   17        0.35767         1068.41551     1081.62972         0.29097E+02    0.29097E+02    0
   40   45        12   17        0.38002         1013.02302     1026.94973         0.27832E+02    0.27832E+02    0
   41   46        12   17        0.46179          960.57219      977.54791         0.26361E+02    0.26361E+02    0
   42   47        12   17        0.61221          900.52736      923.23558         0.24583E+02    0.24583E+02    0
   43   48        12   17        0.59296          868.57103      891.26050         0.22994E+02    0.22994E+02    0
   44   49        12   17        0.67907          830.69884      857.67935         0.21245E+02    0.21245E+02    0
   45   50        12   17        0.73012          791.49727      821.80060         0.19433E+02    0.19433E+02    0
   46   51        12   17        0.85069          755.48840      792.74082         0.17674E+02    0.17674E+02    0
   47   52        12   17        0.88502          735.77800      777.00264         0.16234E+02    0.16234E+02    0
   48   53        12   17        0.84706          714.64531      756.62624         0.14839E+02    0.14839E+02    0
   49   54        12   17        1.05835          665.54819      721.70833         0.13064E+02    0.13064E+02    0
   50   55        12   17        1.03640          646.46084      705.36713         0.11885E+02    0.11885E+02    0
   51   56        12   17        1.02874          624.47173      687.18581         0.10750E+02    0.10750E+02    0
   52   57        12   17        1.11647          589.36469      662.75546         0.95131E+01    0.95131E+01    0
   54   59        12   17        1.02544          545.64454      623.24613         0.77116E+01    0.77116E+01    0
   55   60        12   17        1.00103          517.98077      599.39268         0.68574E+01    0.68574E+01    0
   56   61        12   17        0.95554          498.22682      581.56446         0.61781E+01    0.61781E+01    0
   57   62        12   17        0.92943          480.68427      567.68869         0.55867E+01    0.55867E+01    0
   58   63        12   17        0.88920          464.71934      553.86963         0.50668E+01    0.50668E+01    0
   59   64        12   17        0.86626          452.79905      545.85155         0.46349E+01    0.46349E+01    0
   60   65        12   17        0.85915          445.40616      544.31058         0.42843E+01    0.42843E+01    0
   61   66        12   17        0.85111          442.96511      547.77308         0.40077E+01    0.40077E+01    0
   62   67        12   17        0.84064          430.58056      541.43950         0.36694E+01    0.36694E+01    0
   63   68        12   17        0.83465          427.60277      545.21230         0.34351E+01    0.34351E+01    0
   64   69        12   17        0.82704          425.82953      550.17753         0.32281E+01    0.32281E+01    0
   65   70        12   17        0.83207          423.11649      556.82857         0.30300E+01    0.30300E+01    0
   66   71        12   17        0.83271          411.86859      555.14182         0.27895E+01    0.27895E+01    0
   67   72        12   17        0.83252          414.23432      566.77654         0.26553E+01    0.26553E+01    0
   68   73        12   17        0.84080          413.01162      577.49003         0.25082E+01    0.25082E+01    0
   69   74        12   17        0.81240          401.92334      570.88520         0.23150E+01    0.23150E+01    0
   70   75        12   17        0.77758          380.11616      552.56871         0.20785E+01    0.20785E+01    0
   71   76        12   17        0.74065          365.60937      539.96513         0.18994E+01    0.18994E+01    0
   72   77        12   17        0.69755          352.73524      526.39468         0.17424E+01    0.17424E+01    0
   73   78        12   17        0.65751          326.54204      501.13220         0.15351E+01    0.15351E+01    0
   74   79        12   17        0.64208          320.43633      501.32681         0.14346E+01    0.14346E+01    0
   75   80        12   17        0.62229          315.40063      500.82636         0.13457E+01    0.13457E+01    0
   76   81        12   17        0.60067          312.09990      500.83125         0.12701E+01    0.12701E+01    0
   77   82        12   17        0.58373          302.36535      497.03869         0.11744E+01    0.11744E+01    0
   78   83        12   17        0.57230          294.12286      496.94370         0.10912E+01    0.10912E+01    0
   79   84        12   17        0.56764          288.49181      502.48626         0.10230E+01    0.10230E+01    0
   80   85        12   17        0.56481          287.18059      512.87977         0.97393E+00    0.97393E+00    0
   81   86        12   17        0.56289          289.56357      527.06349         0.93981E+00    0.93981E+00    0
   82   87        12   17        0.56655          294.69021      547.01672         0.91592E+00    0.91592E+00    0
   83   88        12   17        0.56412          304.65073      567.31567         0.90731E+00    0.90731E+00    0
   85   90        12   17        0.51860          292.60036      558.78678         0.80159E+00    0.80159E+00    0
   86   91        12   17        0.48843          291.92779      551.55684         0.76768E+00    0.76768E+00    0
   87   92        12   17        0.46111          283.75797      539.97016         0.71668E+00    0.71668E+00    0
   88   93        12   17        0.43196          265.56369      519.06258         0.64455E+00    0.64455E+00    0
   19   24        13   18        3.54601         1176.82818     1361.75759         0.33333E+02    0.24296E+02    1
   20   25        13   18       -0.19604         1530.61541     1521.64009         0.33333E+02    0.33333E+02    0
   21   26        13   18       -1.36004         1626.21577     1561.19827         0.33333E+02    0.33333E+02    0
   22   27        13   18       -1.34395         1672.76829     1606.66352         0.33332E+02    0.33332E+02    0
   23   28        13   18       -1.30433         1746.21175     1677.55575         0.33330E+02    0.32518E+02    1
   24   29        13   18       -1.29543         1799.03309     1726.09084         0.33328E+02    0.31298E+02    1
   25   30        13   18       -1.23300         1794.48602     1724.50421         0.33323E+02    0.30996E+02    1
   26   31        13   18       -1.18192         1793.29952     1725.97711         0.33315E+02    0.30889E+02    1
   27   32        13   18       -1.03502         1765.36840     1709.02364         0.33303E+02    0.31909E+02    1
   28   33        13   18       -0.80613         1712.89757     1671.90861         0.33283E+02    0.33283E+02    0
   29   34        13   18       -0.55159         1646.85724     1619.76300         0.33251E+02    0.33251E+02    0
   30   35        13   18       -0.39449         1586.39734     1567.66027         0.33202E+02    0.33202E+02    0
   31   36        13   18       -0.14831         1514.80750     1508.04078         0.33128E+02    0.33128E+02    0
   32   37        13   18       -0.12008         1495.73113     1490.30476         0.33038E+02    0.33038E+02    0
   33   38        13   18        0.09829         1458.66938     1463.03261         0.32907E+02    0.32907E+02    0
   34   39        13   18        0.24038         1443.66488     1454.30114         0.32747E+02    0.32747E+02    0
   35   40        13   18        0.34307         1421.07617     1436.14115         0.32533E+02    0.32533E+02    0
   36   41        13   18        0.25679         1380.60752     1391.65093         0.32231E+02    0.32231E+02    0
   37   42        13   18        0.41425         1280.60648     1297.44759         0.31707E+02    0.31707E+02    0
   38   43        13   18        0.33328         1202.30694     1215.28792         0.31035E+02    0.31035E+02    0
   39   44        13   18        0.44053         1121.03656     1137.55489         0.30117E+02    0.30117E+02    0
   40   45        13   18        0.45021         1064.12176     1080.73063         0.29069E+02    0.29069E+02    0
   41   46        13   18        0.52158         1010.14747     1029.27290         0.27808E+02    0.27808E+02    0
   42   47        13   18        0.67808          947.61056      972.43098         0.26226E+02    0.26226E+02    0
   43   48        13   18        0.62614          915.62644      939.06846         0.24768E+02    0.24768E+02    0
   44   49        13   18        0.74047          875.24277      903.77020         0.23086E+02    0.23086E+02    0
   45   50        13   18        0.78450          834.71388      866.02090         0.21306E+02    0.21306E+02    0
   46   51        13   18        0.91615          797.11549      835.41208         0.19524E+02    0.19524E+02    0
   47   52        13   18        1.01740          773.72234      818.77210         0.17978E+02    0.17978E+02    0
   48   53        13   18        0.95530          752.36867      797.18286         0.16511E+02    0.16511E+02    0
   49   54        13   18        1.11548          704.48660      760.14632         0.14669E+02    0.14669E+02    0
   50   55        13   18        1.12441          682.65702      742.65879         0.13347E+02    0.13347E+02    0
   51   56        13   18        1.11148          659.73542      723.22604         0.12097E+02    0.12097E+02    0
   52   57        13   18        1.13924          627.29066      697.12272         0.10793E+02    0.10793E+02    0
   53   58        13   18        1.20986          594.29744      674.24161         0.95862E+01    0.95862E+01    0
   54   59        13   18        1.12614          575.03569      654.73035         0.86765E+01    0.86765E+01    0
   55   60        13   18        1.04735          549.80284      629.17070         0.77672E+01    0.77672E+01    0
   56   61        13   18        1.03441          525.66253      609.96111         0.69547E+01    0.69547E+01    0
   57   62        13   18        1.00836          506.61811      594.88218         0.62785E+01    0.62785E+01    0
   58   63        13   18        0.95639          490.23026      579.88222         0.56945E+01    0.56945E+01    0
   59   64        13   18        0.92796          477.77436      571.00505         0.52057E+01    0.52057E+01    0
   60   65        13   18        0.95163          465.93731      568.89217         0.47667E+01    0.47667E+01    0
   61   66        13   18        0.91378          466.58290      572.03685         0.44844E+01    0.44844E+01    0
   62   67        13   18        0.90199          453.43826      564.98627         0.41010E+01    0.41010E+01    0
   63   68        13   18        0.89585          449.95914      568.45129         0.38324E+01    0.38324E+01    0
   64   69        13   18        0.88931          447.47302      573.14404         0.35929E+01    0.35929E+01    0
   65   70        13   18        0.89403          444.31250      579.44629         0.33668E+01    0.33668E+01    0
   66   71        13   18        0.89098          432.82411      577.00211         0.30989E+01    0.30989E+01    0
   67   72        13   18        0.89075          434.68288      588.34038         0.29428E+01    0.29428E+01    0
   68   73        13   18        0.89987          432.61189      598.50700         0.27723E+01    0.27723E+01    0
   69   74        13   18        0.86730          420.69946      590.76370         0.25547E+01    0.25547E+01    0
   70   75        13   18        0.82848          397.47513      570.77395         0.22895E+01    0.22895E+01    0
   71   76        13   18        0.78712          381.87547      556.71322         0.20881E+01    0.20881E+01    0
   72   77        13   18        0.73781          368.31329      541.60620         0.19134E+01    0.19134E+01    0
   73   78        13   18        0.69481          340.27740      514.43904         0.16811E+01    0.16811E+01    0
   74   79        13   18        0.66986          336.10653      513.57118         0.15800E+01    0.15800E+01    0
   75   80        13   18        0.64903          329.97562      512.02907         0.14772E+01    0.14772E+01    0
   76   81        13   18        0.63462          321.99748      511.05562         0.13738E+01    0.13738E+01    0
   77   82        13   18        0.61430          312.05607      506.19923         0.12699E+01    0.12699E+01    0
   78   83        13   18        0.59826          304.69133      505.13249         0.11835E+01    0.11835E+01    0
   79   84        13   18        0.59049          299.73881      509.75894         0.11120E+01    0.11120E+01    0
   80   85        13   18        0.58727          297.80759      519.36094         0.10560E+01    0.10560E+01    0
   81   86        13   18        0.58681          298.35351      532.85893         0.10118E+01    0.10118E+01    0
   82   87        13   18        0.59079          302.58065      552.22549         0.98202E+00    0.98202E+00    0
   83   88        13   18        0.58537          313.89923      571.97721         0.97557E+00    0.97557E+00    0
   84   89        13   18        0.56336          312.12837      572.18384         0.92956E+00    0.92956E+00    0
   85   90        13   18        0.53356          303.98771      562.08759         0.86804E+00    0.86804E+00    0
   88   93        13   18        0.44357          274.14076      520.22530         0.69240E+00    0.69240E+00    0
   89   94        13   18        0.41687          255.77404      500.59234         0.62080E+00    0.62080E+00    0
   20   25        14   19        3.76237         1174.69733     1389.63977         0.33333E+02    0.22391E+02    1
   21   26        14   19        0.38187         1461.19854     1478.03476         0.33333E+02    0.33333E+02    0
   22   27        14   19       -0.81936         1592.35072     1553.68602         0.33333E+02    0.33333E+02    0
   23   28        14   19       -1.23098         1713.56783     1651.43838         0.33332E+02    0.33332E+02    0
   24   29        14   19       -1.35360         1800.21767     1724.10615         0.33330E+02    0.31334E+02    1
   25   30        14   19       -1.34759         1819.25374     1740.81509         0.33328E+02    0.30576E+02    1
   26   31        14   19       -1.33715         1837.67657     1758.01402         0.33323E+02    0.30172E+02    1
   27   32        14   19       -1.22783         1825.66860     1754.50465         0.33316E+02    0.30881E+02    1
   28   33        14   19       -1.03798         1783.21349     1727.98783         0.33304E+02    0.32994E+02    1
   29   34        14   19       -0.76632         1723.15886     1683.93828         0.33284E+02    0.33284E+02    0
   30   35        14   19       -0.56162         1665.91836     1638.01838         0.33253E+02    0.33253E+02    0
   31   36        14   19       -0.27318         1594.99228     1581.92336         0.33204E+02    0.33204E+02    0
   32   37        14   19       -0.19719         1577.66995     1568.31123         0.33144E+02    0.33144E+02    0
   33   38        14   19        0.03790         1542.35360     1544.12309         0.33055E+02    0.33055E+02    0
   34   39        14   19        0.16698         1531.38796     1539.16934         0.32946E+02    0.32946E+02    0
   35   40        14   19        0.29483         1510.43537     1524.07508         0.32796E+02    0.32796E+02    0
   36   41        14   19        0.22490         1470.20779     1480.39078         0.32583E+02    0.32583E+02    0
   37   42        14   19        0.37740         1366.41527     1382.52019         0.32209E+02    0.32209E+02    0
   38   43        14   19        0.29671         1284.83313     1296.90926         0.31717E+02    0.31717E+02    0
   39   44        14   19        0.41142         1199.15942     1215.16781         0.31024E+02    0.31024E+02    0
   40   45        14   19        0.41883         1139.55608     1155.46680         0.30207E+02    0.30207E+02    0
   41   46        14   19        0.47320         1083.54854     1101.25491         0.29194E+02    0.29194E+02    0
   42   47        14   19        0.63893         1017.41109     1041.00638         0.27869E+02    0.27869E+02    0
   43   48        14   19        0.57741          984.21063     1005.81008         0.26598E+02    0.26598E+02    0
   44   49        14   19        0.69279          941.86848      968.24982         0.25079E+02    0.25079E+02    0
   45   50        14   19        0.76934          897.98368      928.00768         0.23393E+02    0.23393E+02    0
   46   51        14   19        0.91186          858.43397      895.34771         0.21658E+02    0.21658E+02    0
   47   52        14   19        1.00414          833.69837      877.56877         0.20098E+02    0.19580E+02    1
   48   53        14   19        1.04857          805.33398      854.40633         0.18489E+02    0.17727E+02    1
   49   54        14   19        1.11894          758.48688      814.53627         0.16612E+02    0.15695E+02    1
   50   55        14   19        1.12313          735.81719      795.58327         0.15189E+02    0.14382E+02    1
   51   56        14   19        1.11580          711.84576      774.52872         0.13821E+02    0.13221E+02    1
   52   57        14   19        1.16048          676.93582      746.21900         0.12369E+02    0.11909E+02    1
   53   58        14   19        1.13419          650.45246      721.32213         0.11148E+02    0.10967E+02    1
   54   59        14   19        1.16941          622.58305      700.05366         0.10002E+02    0.99711E+01    1
   55   60        14   19        1.12549          592.56375      672.23068         0.89223E+01    0.89223E+01    0
   56   61        14   19        1.10706          567.02007      651.21225         0.79966E+01    0.79966E+01    0
   57   62        14   19        1.08258          546.14428      634.58172         0.72132E+01    0.72132E+01    0
   58   63        14   19        1.02344          528.51528      618.05098         0.65396E+01    0.65396E+01    0
   59   64        14   19        0.99365          514.88465      608.09488         0.59719E+01    0.59719E+01    0
   60   65        14   19        0.98780          505.87549      605.32693         0.55037E+01    0.55037E+01    0
   61   66        14   19        0.98044          502.40154      608.18126         0.51312E+01    0.51312E+01    0
   62   67        14   19        0.96837          488.22115      600.23154         0.46884E+01    0.46884E+01    0
   63   68        14   19        0.96250          484.25779      603.41910         0.43751E+01    0.43751E+01    0
   64   69        14   19        0.95553          481.41828      607.89207         0.40964E+01    0.40964E+01    0
   65   70        14   19        0.96308          477.42909      613.91257         0.38303E+01    0.38303E+01    0
   66   71        14   19        0.95960          464.94574      610.58916         0.35214E+01    0.35214E+01    0
   67   72        14   19        0.96160          465.99478      621.78051         0.33341E+01    0.33341E+01    0
   68   73        14   19        0.96886          463.74223      631.49876         0.31378E+01    0.31378E+01    0
   69   74        14   19        0.93483          450.00154      622.35940         0.28829E+01    0.28829E+01    0
   70   75        14   19        0.89255          424.52848      600.17833         0.25778E+01    0.25778E+01    0
   71   76        14   19        0.84333          408.11955      584.25979         0.23505E+01    0.23505E+01    0
   72   77        14   19        0.79091          392.25070      567.18729         0.21446E+01    0.21446E+01    0
   73   78        14   19        0.74331          361.97729      537.45014         0.18806E+01    0.18806E+01    0
   74   79        14   19        0.72707          352.71370      535.36920         0.17423E+01    0.17423E+01    0
   75   80        14   19        0.69018          350.21845      532.62528         0.16462E+01    0.16462E+01    0
   76   81        14   19        0.67444          341.09578      530.52868         0.15269E+01    0.15269E+01    0
   77   82        14   19        0.65126          330.35232      524.39124         0.14094E+01    0.14094E+01    0
   78   83        14   19        0.63327          322.12914      522.20497         0.13108E+01    0.13108E+01    0
   80   85        14   19        0.61905          314.58741      534.71064         0.11670E+01    0.11670E+01    0
   81   86        14   19        0.61911          314.08031      547.63295         0.11136E+01    0.11136E+01    0
   82   87        14   19        0.62366          317.46967      566.62448         0.10765E+01    0.10765E+01    0
   83   88        14   19        0.61599          329.31094      586.04963         0.10687E+01    0.10687E+01    0
   84   89        14   19        0.59087          327.82928      585.48723         0.10188E+01    0.10188E+01    0
   85   90        14   19        0.55891          318.90994      574.44281         0.94974E+00    0.94974E+00    0
   89   94        14   19        0.43555          266.24050      508.81920         0.67246E+00    0.67246E+00    0
   90   95        14   19        0.41081          252.75322      493.76510         0.61347E+00    0.61347E+00    0
   21   26        15   20        3.72095         1150.11421     1355.85351         0.33333E+02    0.22610E+02    1
   22   27        15   20        0.78791         1455.48490     1490.29865         0.33333E+02    0.33333E+02    0
   23   28        15   20       -0.85396         1668.11233     1625.91915         0.33333E+02    0.33333E+02    0
   24   29        15   20       -1.39504         1810.96551     1731.38917         0.33332E+02    0.31045E+02    1
   25   30        15   20       -1.52060         1867.11111     1772.33861         0.33331E+02    0.29190E+02    1
   28   33        15   20       -1.38795         1896.88422     1810.96440         0.33317E+02    0.29943E+02    1
   29   34        15   20       -1.22401         1845.45388     1777.02245         0.33306E+02    0.32393E+02    1
   30   35        15   20       -1.02728         1793.31391     1738.81575         0.33287E+02    0.33287E+02    0
   31   36        15   20       -0.68910         1722.34813     1687.02839         0.33258E+02    0.33258E+02    0
   32   37        15   20       -0.58214         1708.51257     1678.83420         0.33220E+02    0.33220E+02    0
   33   38        15   20       -0.32569         1675.03426     1658.66530         0.33165E+02    0.33165E+02    0
   34   39        15   20       -0.17027         1667.31446     1658.75838         0.33095E+02    0.33095E+02    0
   35   40        15   20       -0.04984         1650.21453     1647.72393         0.32999E+02    0.32999E+02    0
   36   41        15   20       -0.07497         1608.67432     1605.00833         0.32859E+02    0.32859E+02    0
   37   42        15   20        0.07304         1498.62696     1501.98709         0.32611E+02    0.32611E+02    0
   38   43        15   20       -0.00308         1411.69130     1411.55668         0.32277E+02    0.32277E+02    0
   39   44        15   20        0.10086         1320.10231     1324.29634         0.31796E+02    0.31796E+02    0
   40   45        15   20        0.11499         1256.02506     1260.66136         0.31209E+02    0.31209E+02    0
   41   46        15   20        0.16611         1196.14528     1202.68633         0.30459E+02    0.30459E+02    0
   42   47        15   20        0.33774         1124.78260     1137.75991         0.29441E+02    0.29441E+02    0
   43   48        15   20        0.28469         1089.11968     1100.08504         0.28419E+02    0.28419E+02    0
   44   49        15   20        0.42226         1043.11733     1059.47063         0.27145E+02    0.27145E+02    0
   45   50        15   20        0.51404          995.69253     1015.83108         0.25672E+02    0.25672E+02    0
   46   51        15   20        0.71018          951.84900      980.38977         0.24074E+02    0.24038E+02    1
   47   52        15   20        0.81884          925.59453      961.12595         0.22590E+02    0.21738E+02    1
   48   53        15   20        0.85888          896.24569      935.86427         0.21020E+02    0.19856E+02    1
   49   54        15   20        0.98939          842.94911      892.11674         0.19074E+02    0.17453E+02    1
   50   55        15   20        0.98646          819.49070      871.22950         0.17587E+02    0.16113E+02    1
   51   56        15   20        0.95451          795.71268      848.00989         0.16143E+02    0.14995E+02    1
   52   57        15   20        1.07878          752.96559      816.71170         0.14473E+02    0.13275E+02    1
   53   58        15   20        1.09017          721.16823      789.09661         0.13057E+02    0.12111E+02    1
   54   59        15   20        1.11375          692.42039      765.46596         0.11780E+02    0.11105E+02    1
   55   60        15   20        1.13024          656.97129      734.56186         0.10501E+02    0.10125E+02    1
   56   61        15   20        1.17923          625.39889      711.10551         0.93785E+01    0.91818E+01    1
   57   62        15   20        1.11525          607.56888      692.40846         0.85322E+01    0.85322E+01    0
   58   63        15   20        1.06545          587.01881      673.83038         0.77250E+01    0.77250E+01    0
   59   64        15   20        1.03630          571.95504      662.46827         0.70539E+01    0.70539E+01    0
   60   65        15   20        1.03676          561.70436      658.91574         0.64951E+01    0.64951E+01    0
   61   66        15   20        1.02600          558.44400      661.51104         0.60576E+01    0.60576E+01    0
   62   67        15   20        1.02257          542.19615      652.39106         0.55269E+01    0.55269E+01    0
   63   68        15   20        1.02076          537.52950      655.33636         0.51511E+01    0.51511E+01    0
   64   69        15   20        1.01905          533.80315      659.65673         0.48138E+01    0.48138E+01    0
   65   70        15   20        1.02985          529.25261      665.47974         0.44963E+01    0.44963E+01    0
   66   71        15   20        1.03504          514.27458      661.08710         0.41216E+01    0.41216E+01    0
   67   72        15   20        1.03343          515.90904      672.33123         0.39024E+01    0.39024E+01    0
   68   73        15   20        1.04584          512.36243      681.72200         0.36620E+01    0.36620E+01    0
   69   74        15   20        1.00876          496.79425      670.79618         0.33593E+01    0.33593E+01    0
   70   75        15   20        0.96484          467.92609      645.65550         0.29968E+01    0.29968E+01    0
   71   76        15   20        0.91400          448.33154      627.27993         0.27214E+01    0.27214E+01    0
   72   77        15   20        0.85140          431.21186      607.60071         0.24828E+01    0.24828E+01    0
   73   78        15   20        0.79967          397.50526      574.31305         0.21732E+01    0.21732E+01    0
   74   79        15   20        0.76577          391.76341      570.77760         0.20348E+01    0.20348E+01    0
   75   80        15   20        0.73861          383.68084      566.57788         0.18948E+01    0.18948E+01    0
   76   81        15   20        0.71474          375.64118      563.12734         0.17653E+01    0.17653E+01    0
   77   82        15   20        0.69731          360.49610      555.37501         0.16135E+01    0.16135E+01    0
   78   83        15   20        0.68145          349.29831      551.83435         0.14901E+01    0.14901E+01    0
   79   84        15   20        0.67010          343.02399      554.41956         0.13957E+01    0.13957E+01    0
   80   85        15   20        0.66414          340.36387      562.54284         0.13218E+01    0.13218E+01    0
   81   86        15   20        0.65779          342.75173      575.02072         0.12713E+01    0.12713E+01    0
   82   87        15   20        0.66543          344.34183      593.91244         0.12208E+01    0.12208E+01    0
   83   88        15   20        0.65655          355.99504      613.30021         0.12070E+01    0.12070E+01    0
   84   89        15   20        0.63008          352.92180      611.81326         0.11452E+01    0.11452E+01    0
   85   90        15   20        0.59367          344.01634      599.44169         0.10691E+01    0.10691E+01    0
   86   91        15   20        0.55809          339.19665      589.38804         0.10101E+01    0.10101E+01    0
   90   95        15   20        0.43553          269.99940      511.35925         0.68195E+00    0.68195E+00    0
   91   96        15   20        0.40472          253.34379      489.28104         0.61491E+00    0.61491E+00    0
   22   27        16   21        4.02539         1092.00003     1317.81234         0.33333E+02    0.21416E+02    1
   23   28        16   21        1.25527         1463.85848     1520.03621         0.33333E+02    0.33333E+02    0
   24   29        16   21       -0.66564         1706.13505     1672.40214         0.33333E+02    0.33333E+02    0
   25   30        16   21       -1.29860         1826.19482     1748.78675         0.33332E+02    0.29982E+02    1
   30   35        16   21       -1.24108         1890.66131     1819.55968         0.33307E+02    0.32377E+02    1
   31   36        16   21       -0.95874         1828.16959     1776.26851         0.33289E+02    0.33289E+02    0
   32   37        16   21       -0.85204         1822.78141     1776.68758         0.33266E+02    0.33266E+02    0
   33   38        16   21       -0.61779         1796.57929     1763.48823         0.33231E+02    0.33231E+02    0
   34   39        16   21       -0.46119         1796.01055     1771.22444         0.33187E+02    0.33187E+02    0
   35   40        16   21       -0.30293         1782.95359     1766.72231         0.33124E+02    0.33124E+02    0
   36   41        16   21       -0.31648         1743.88748     1727.25972         0.33033E+02    0.33033E+02    0
   37   42        16   21       -0.10698         1626.27921     1620.99469         0.32869E+02    0.32869E+02    0
   38   43        16   21       -0.21831         1537.53494     1527.28743         0.32646E+02    0.32646E+02    0
   39   44        16   21       -0.11495         1440.80111     1435.68550         0.32317E+02    0.32317E+02    0
   40   45        16   21       -0.12805         1374.60012     1369.09462         0.31908E+02    0.31908E+02    0
   41   46        16   21       -0.09714         1312.21533     1308.15856         0.31372E+02    0.31372E+02    0
   42   47        16   21        0.10815         1234.77924     1239.14889         0.30615E+02    0.30615E+02    0
   43   48        16   21        0.01381         1199.02055     1199.57575         0.29838E+02    0.29838E+02    0
   44   49        16   21        0.15246         1150.24662     1156.34592         0.28829E+02    0.28829E+02    0
   45   50        16   21        0.24874         1099.68885     1109.63905         0.27615E+02    0.27615E+02    0
   46   51        16   21        0.44808         1053.57213     1071.71175         0.26249E+02    0.26249E+02    0
   47   52        16   21        0.64662         1023.75829     1051.29703         0.24895E+02    0.24360E+02    1
   48   53        16   21        0.67972          993.54188     1024.17453         0.23443E+02    0.22384E+02    1
   49   54        16   21        0.84890          935.23656      976.58212         0.21556E+02    0.19624E+02    1
   50   55        16   21        0.85609          909.93972      953.91967         0.20055E+02    0.18137E+02    1
   51   56        16   21        0.84845          882.95977      928.63845         0.18538E+02    0.16821E+02    1
   52   57        16   21        0.98425          837.37743      894.33864         0.16779E+02    0.14956E+02    1
   53   58        16   21        1.01319          802.08030      863.98457         0.15224E+02    0.13628E+02    1
   54   59        16   21        1.05027          770.41755      837.97846         0.13800E+02    0.12494E+02    1
   55   60        16   21        1.07953          731.16450      803.87367         0.12350E+02    0.11387E+02    1
   56   61        16   21        1.12717          697.84133      777.90443         0.11084E+02    0.10378E+02    1
   57   62        16   21        1.09294          676.97510      757.08721         0.10084E+02    0.97720E+01    1
   58   63        16   21        1.08583          653.52153      736.39068         0.91307E+01    0.90952E+01    1
   59   64        16   21        1.06559          636.82945      723.61198         0.83410E+01    0.83410E+01    0
   60   65        16   21        1.07371          625.48261      719.33075         0.76804E+01    0.76804E+01    0
   61   66        16   21        1.06979          621.56884      721.78131         0.71569E+01    0.71569E+01    0
   62   67        16   21        1.07252          603.72222      711.47767         0.65306E+01    0.65306E+01    0
   63   68        16   21        1.07950          598.05417      714.28552         0.60782E+01    0.60782E+01    0
   64   69        16   21        1.08044          594.05113      718.56757         0.56777E+01    0.56777E+01    0
   65   70        16   21        1.09664          588.89714      724.30681         0.52987E+01    0.52987E+01    0
   66   71        16   21        1.10976          571.83579      718.83594         0.48507E+01    0.48507E+01    0
   67   72        16   21        1.11152          573.04444      730.28630         0.45841E+01    0.45841E+01    0
   68   73        16   21        1.12586          569.05164      739.46093         0.42980E+01    0.42980E+01    0
   69   74        16   21        1.08476          551.74381      726.63361         0.39397E+01    0.39397E+01    0
   70   75        16   21        1.03863          519.41792      698.23981         0.35106E+01    0.35106E+01    0
   71   76        16   21        0.98312          497.23161      677.18018         0.31828E+01    0.31828E+01    0
   72   77        16   21        0.91317          477.72275      654.63901         0.28985E+01    0.28985E+01    0
   73   78        16   21        0.85804          439.99147      617.38389         0.25331E+01    0.25331E+01    0
   74   79        16   21        0.82015          432.93533      612.30615         0.23660E+01    0.23660E+01    0
   75   80        16   21        0.78917          423.73099      606.55440         0.22001E+01    0.22001E+01    0
   76   81        16   21        0.76277          414.43204      601.66206         0.20461E+01    0.20461E+01    0
   77   82        16   21        0.73791          399.79571      592.15649         0.18785E+01    0.18785E+01    0
   78   83        16   21        0.72965          384.04712      587.16521         0.17187E+01    0.17187E+01    0
   79   84        16   21        0.71737          376.62305      588.63878         0.16064E+01    0.16064E+01    0
   80   85        16   21        0.71098          373.14882      596.05618         0.15180E+01    0.15180E+01    0
   81   86        16   21        0.70250          375.75512      608.15662         0.14590E+01    0.14590E+01    0
   82   87        16   21        0.70729          379.25214      627.08190         0.14065E+01    0.14065E+01    0
   83   88        16   21        0.70072          388.92342      646.57318         0.13785E+01    0.13785E+01    0
   84   89        16   21        0.67025          385.86362      644.09950         0.13081E+01    0.13081E+01    0
   85   90        16   21        0.63077          375.60048      630.23575         0.12187E+01    0.12187E+01    0
   86   91        16   21        0.59125          370.02528      618.80107         0.11498E+01    0.11498E+01    0
   91   96        16   21        0.42813          275.65694      509.83326         0.69623E+00    0.69623E+00    0
   23   28        17   22        4.39495         1016.09049     1261.32960         0.33333E+02    0.20328E+02    1
   24   29        17   22        1.79749         1399.84771     1477.40713         0.33333E+02    0.33333E+02    0
   25   30        17   22       -0.23712         1610.90828     1599.48937         0.33333E+02    0.33333E+02    0
   26   31        17   22       -1.04944         1766.92803     1705.64253         0.33332E+02    0.29729E+02    1
   27   32        17   22       -1.24934         1858.68442     1777.40789         0.33331E+02    0.27941E+02    1
   28   33        17   22       -1.20998         1890.84874     1811.93912         0.33328E+02    0.28384E+02    1
   29   34        17   22       -1.08092         1883.56091     1816.89191         0.33324E+02    0.29995E+02    1
   30   35        17   22       -1.00532         1868.16498     1810.14261         0.33317E+02    0.31863E+02    1
   31   36        17   22       -0.78115         1823.53739     1781.26478         0.33305E+02    0.33305E+02    0
   32   37        17   22       -0.72665         1833.10797     1793.52767         0.33289E+02    0.33289E+02    0
   33   38        17   22       -0.50932         1818.42791     1790.79848         0.33266E+02    0.33266E+02    0
   34   39        17   22       -0.34109         1827.18305     1808.52657         0.33235E+02    0.33235E+02    0
   35   40        17   22       -0.18999         1823.67012     1813.26097         0.33191E+02    0.33191E+02    0
   36   41        17   22       -0.21595         1792.57744     1780.92967         0.33127E+02    0.33127E+02    0
   37   42        17   22       -0.03782         1679.42706     1677.50421         0.33010E+02    0.33010E+02    0
   38   43        17   22       -0.14634         1592.83257     1585.75222         0.32849E+02    0.32849E+02    0
   39   44        17   22       -0.03813         1496.34442     1494.59556         0.32609E+02    0.32609E+02    0
   40   45        17   22       -0.06896         1431.72314     1428.66997         0.32305E+02    0.32305E+02    0
   41   46        17   22       -0.05583         1370.38915     1367.99263         0.31900E+02    0.31900E+02    0
   42   47        17   22        0.10040         1294.05337     1298.20818         0.31321E+02    0.31321E+02    0
   43   48        17   22       -0.00718         1259.19773     1258.90317         0.30708E+02    0.30708E+02    0
   44   49        17   22        0.13368         1209.79489     1215.21763         0.29890E+02    0.29890E+02    0
   45   50        17   22        0.21559         1158.93329     1167.61625         0.28883E+02    0.28883E+02    0
   46   51        17   22        0.41223         1112.33257     1129.00188         0.27713E+02    0.27713E+02    0
   47   52        17   22        0.58729         1084.34110     1108.61072         0.26532E+02    0.26532E+02    0
   48   53        17   22        0.64666         1052.87617     1080.95470         0.25201E+02    0.24570E+02    1
   49   54        17   22        0.83912          991.78959     1031.40270         0.23422E+02    0.21426E+02    1
   50   55        17   22        0.84305          966.07720     1008.03837         0.21962E+02    0.19828E+02    1
   51   56        17   22        0.88447          935.14460      981.80690         0.20404E+02    0.18164E+02    1
   52   57        17   22        0.95015          892.92444      945.83402         0.18682E+02    0.16506E+02    1
   53   58        17   22        1.01143          854.03109      913.91058         0.17026E+02    0.14925E+02    1
   54   59        17   22        1.05368          820.83982      886.53908         0.15504E+02    0.13685E+02    1
   55   60        17   22        1.08808          779.37480      850.43504         0.13932E+02    0.12470E+02    1
   56   61        17   22        1.08475          749.26928      822.89247         0.12613E+02    0.11573E+02    1
   57   62        17   22        1.13932          718.90106      800.72236         0.11380E+02    0.10570E+02    1
   58   63        17   22        1.05359          701.60158      778.64863         0.10415E+02    0.10112E+02    1
   59   64        17   22        1.09706          679.65728      764.95922         0.94669E+01    0.92787E+01    1
   60   65        17   22        1.12137          667.52910      760.20790         0.87162E+01    0.86253E+01    1
   61   66        17   22        1.12783          663.20177      762.58184         0.81169E+01    0.80772E+01    1
   62   67        17   22        1.13626          644.60603      751.49919         0.74093E+01    0.74057E+01    1
   63   68        17   22        1.18119          633.44100      754.21332         0.68389E+01    0.67687E+01    1
   64   69        17   22        1.13986          634.75570      758.45683         0.64377E+01    0.64021E+01    1
   65   70        17   22        1.15119          628.92961      764.06342         0.60006E+01    0.59147E+01    1
   66   71        17   22        1.16345          610.84348      757.75256         0.54909E+01    0.53984E+01    1
   67   72        17   22        1.16309          612.13559      769.19825         0.51846E+01    0.50924E+01    1
   68   73        17   22        1.17870          607.67604      777.99447         0.48554E+01    0.47706E+01    1
   69   74        17   22        1.15368          589.17705      763.67032         0.44473E+01    0.44473E+01    0
   70   75        17   22        1.10481          554.32444      732.81363         0.39579E+01    0.39579E+01    0
   71   76        17   22        1.04317          530.46637      709.65957         0.35844E+01    0.35844E+01    0
   72   77        17   22        0.96526          509.32976      684.87071         0.32595E+01    0.32595E+01    0
   73   78        17   22        0.90906          468.06915      644.62576         0.28403E+01    0.28403E+01    0
   74   79        17   22        0.86433          460.60664      638.15565         0.26510E+01    0.26510E+01    0
   75   80        17   22        0.83007          450.32730      631.01490         0.24605E+01    0.24605E+01    0
   76   81        17   22        0.80053          440.15080      624.81869         0.22850E+01    0.22850E+01    0
   77   82        17   22        0.77305          424.42744      613.81001         0.20953E+01    0.20953E+01    0
   78   83        17   22        0.75682          410.20442      607.49886         0.19273E+01    0.19273E+01    0
   79   84        17   22        0.75268          398.54862      607.82080         0.17834E+01    0.17834E+01    0
   80   85        17   22        0.74456          394.77489      614.33988         0.16836E+01    0.16836E+01    0
   81   86        17   22        0.73776          395.65488      625.75136         0.16094E+01    0.16094E+01    0
   82   87        17   22        0.73784          401.10918      644.22476         0.15572E+01    0.15572E+01    0
   83   88        17   22        0.72693          412.31531      663.32077         0.15289E+01    0.15289E+01    0
   84   89        17   22        0.69711          407.03890      659.92298         0.14426E+01    0.14426E+01    0
   85   90        17   22        0.65578          395.39363      644.92047         0.13404E+01    0.13404E+01    0
   86   91        17   22        0.61458          388.23775      632.39304         0.12597E+01    0.12597E+01    0
   87   92        17   22        0.57821          373.54461      614.72693         0.11607E+01    0.11607E+01    0
   88   93        17   22        0.53865          349.73002      586.61874         0.10414E+01    0.10414E+01    0
   24   29        18   23        4.38711          996.28935     1221.61323         0.33333E+02    0.21517E+02    1
   25   30        18   23        1.49714         1330.63435     1391.76176         0.33333E+02    0.33333E+02    0
   26   31        18   23       -0.46829         1563.42769     1541.16874         0.33333E+02    0.32657E+02    1
   27   32        18   23       -1.05822         1714.09690     1649.89257         0.33332E+02    0.27719E+02    1
   28   33        18   23       -1.12509         1788.38610     1716.08835         0.33330E+02    0.27264E+02    1
   29   34        18   23       -1.06211         1815.29647     1747.89733         0.33328E+02    0.28072E+02    1
   30   35        18   23       -0.98040         1822.90421     1763.28881         0.33323E+02    0.29485E+02    1
   31   36        18   23       -0.79479         1794.49096     1751.84068         0.33315E+02    0.33041E+02    1
   32   37        18   23       -0.77412         1819.59215     1777.78617         0.33305E+02    0.33305E+02    0
   33   38        18   23       -0.55752         1817.67884     1787.48982         0.33289E+02    0.33289E+02    0
   34   39        18   23       -0.44470         1841.22835     1816.77935         0.33267E+02    0.33267E+02    0
   35   40        18   23       -0.27443         1847.71655     1832.52315         0.33237E+02    0.33237E+02    0
   36   41        18   23       -0.30528         1826.25021     1809.53010         0.33191E+02    0.33191E+02    0
   37   42        18   23       -0.10683         1717.35656     1711.82400         0.33108E+02    0.33108E+02    0
   38   43        18   23       -0.21312         1635.03806     1624.51009         0.32993E+02    0.32993E+02    0
   39   44        18   23       -0.15291         1543.16845     1535.99528         0.32818E+02    0.32818E+02    0
   40   45        18   23       -0.18322         1480.75725     1472.45686         0.32594E+02    0.32594E+02    0
   41   46        18   23       -0.19843         1422.26956     1413.55658         0.32292E+02    0.32292E+02    0
   42   47        18   23       -0.05197         1346.65564     1344.46035         0.31852E+02    0.31852E+02    0
   43   48        18   23       -0.16874         1313.53075     1306.48523         0.31375E+02    0.31375E+02    0
   44   49        18   23       -0.07387         1266.38320     1263.34302         0.30734E+02    0.30734E+02    0
   45   50        18   23        0.02195         1214.91148     1215.80322         0.29915E+02    0.29915E+02    0
   46   51        18   23        0.21646         1168.53934     1177.31181         0.28942E+02    0.28942E+02    0
   47   52        18   23        0.39985         1141.10221     1157.55663         0.27929E+02    0.27929E+02    0
   48   53        18   23        0.47722         1110.01532     1129.99050         0.26757E+02    0.26757E+02    0
   49   54        18   23        0.71342         1048.21030     1079.19954         0.25153E+02    0.24486E+02    1
   50   55        18   23        0.73443         1021.73301     1055.63134         0.23772E+02    0.22502E+02    1
   51   56        18   23        0.78955          990.09312     1028.93440         0.22266E+02    0.20518E+02    1
   52   57        18   23        0.90622          944.15052      991.79188         0.20526E+02    0.18409E+02    1
   53   58        18   23        0.93910          906.57247      958.74208         0.18876E+02    0.16784E+02    1
   54   59        18   23        0.99637          871.91413      930.39436         0.17287E+02    0.15348E+02    1
   55   60        18   23        1.04246          828.46762      892.69203         0.15617E+02    0.13962E+02    1
   56   61        18   23        1.04414          796.98749      863.90601         0.14190E+02    0.12951E+02    1
   57   62        18   23        1.07252          768.49190      840.66252         0.12889E+02    0.11949E+02    1
   58   63        18   23        1.05344          743.85806      817.47037         0.11727E+02    0.11163E+02    1
   59   64        18   23        1.04755          726.31660      803.07651         0.10745E+02    0.10427E+02    1
   60   65        18   23        1.10219          711.33345      798.01067         0.98702E+01    0.95858E+01    1
   61   66        18   23        1.11189          706.96370      800.42808         0.91929E+01    0.89548E+01    1
   62   67        18   23        1.12883          687.00396      788.73205         0.83900E+01    0.81748E+01    1
   63   68        18   23        1.14535          680.15485      791.45931         0.77961E+01    0.75572E+01    1
   64   69        18   23        1.15268          674.68602      795.76270         0.72636E+01    0.69837E+01    1
   65   70        18   23        1.15037          670.94612      801.32461         0.67899E+01    0.64782E+01    1
   66   71        18   23        1.16804          651.45808      794.29551         0.62082E+01    0.58920E+01    1
   67   72        18   23        1.16977          652.46661      805.79985         0.58539E+01    0.55420E+01    1
   68   73        18   23        1.18754          647.43028      814.28421         0.54757E+01    0.51790E+01    1
   69   74        18   23        1.17090          627.20039      798.59239         0.50080E+01    0.48467E+01    1
   70   75        18   23        1.15940          589.98591      765.43462         0.44533E+01    0.44533E+01    0
   71   76        18   23        1.09383          564.25378      740.31625         0.40278E+01    0.40278E+01    0
   72   77        18   23        1.00888          541.43121      713.40244         0.36576E+01    0.36576E+01    0
   73   78        18   23        0.94995          497.39539      670.31559         0.31839E+01    0.31839E+01    0
   74   79        18   23        0.90049          489.07652      662.51333         0.29668E+01    0.29668E+01    0
   75   80        18   23        0.86389          477.63021      654.04065         0.27483E+01    0.27483E+01    0
   76   81        18   23        0.83087          466.78806      646.59132         0.25499E+01    0.25499E+01    0
   77   82        18   23        0.80310          449.45368      634.13574         0.23330E+01    0.23330E+01    0
   78   83        18   23        0.78641          434.06833      626.54638         0.21427E+01    0.21427E+01    0
   79   84        18   23        0.77522          424.00418      625.73981         0.19919E+01    0.19919E+01    0
   80   85        18   23        0.77559          416.35383      631.36889         0.18628E+01    0.18628E+01    0
   81   86        18   23        0.76715          417.15308      642.08886         0.17788E+01    0.17788E+01    0
   82   87        18   23        0.77064          420.74435      660.09328         0.17112E+01    0.17112E+01    0
   83   88        18   23        0.75281          434.29266      678.77593         0.16857E+01    0.16857E+01    0
   84   89        18   23        0.71756          430.05696      674.47897         0.15945E+01    0.15945E+01    0
   85   90        18   23        0.67746          415.69300      658.38320         0.14733E+01    0.14733E+01    0
   86   91        18   23        0.63362          407.66076      644.80114         0.13819E+01    0.13819E+01    0
   88   93        18   23        0.55387          367.01643      596.48430         0.11405E+01    0.11405E+01    0
   89   94        18   23        0.51950          342.40807      569.91509         0.10197E+01    0.10197E+01    0
   25   30        19   24        4.33028          957.74077     1148.54680         0.33333E+02    0.23835E+02    1
   26   31        19   24        1.07133         1310.52184     1353.32644         0.33333E+02    0.33333E+02    0
   27   32        19   24       -0.67141         1537.66085     1502.24595         0.33333E+02    0.28815E+02    1
   28   33        19   24       -1.00519         1665.35877     1603.17954         0.33332E+02    0.26416E+02    1
   29   34        19   24       -1.02271         1730.41100     1664.69822         0.33330E+02    0.26416E+02    1
   30   35        19   24       -0.99060         1767.98249     1704.46583         0.33327E+02    0.27075E+02    1
   31   36        19   24       -0.82504         1760.52969     1711.95190         0.33323E+02    0.29486E+02    1
   32   37        19   24       -0.85110         1800.69103     1752.50815         0.33316E+02    0.31380E+02    1
   33   38        19   24       -0.70863         1813.80449     1775.61953         0.33305E+02    0.33305E+02    0
   34   39        19   24       -0.61519         1851.36214     1817.46390         0.33290E+02    0.33290E+02    0
   35   40        19   24       -0.47124         1871.74552     1845.42030         0.33269E+02    0.33269E+02    0
   36   41        19   24       -0.51012         1861.44566     1833.09512         0.33238E+02    0.33238E+02    0
   37   42        19   24       -0.32253         1759.39264     1742.37337         0.33180E+02    0.33180E+02    0
   38   43        19   24       -0.42784         1682.21945     1660.61483         0.33099E+02    0.33099E+02    0
   39   44        19   24       -0.34059         1591.99429     1575.63525         0.32974E+02    0.32974E+02    0
   40   45        19   24       -0.40439         1534.03143     1515.24150         0.32812E+02    0.32812E+02    0
   41   46        19   24       -0.43024         1478.16486     1458.77960         0.32591E+02    0.32591E+02    0
   42   47        19   24       -0.30147         1403.97754     1390.92081         0.32266E+02    0.32266E+02    0
   43   48        19   24       -0.44186         1373.66305     1354.77055         0.31906E+02    0.31906E+02    0
   44   49        19   24       -0.34706         1327.15704     1312.57462         0.31412E+02    0.31412E+02    0
   45   50        19   24       -0.29280         1277.54324     1265.44568         0.30774E+02    0.30774E+02    0
   46   51        19   24       -0.10162         1231.55442     1227.38876         0.29993E+02    0.29993E+02    0
   47   52        19   24        0.08192         1205.18177     1208.57241         0.29158E+02    0.29158E+02    0
   48   53        19   24        0.16696         1174.37183     1181.35420         0.28164E+02    0.28164E+02    0
   49   54        19   24        0.45428         1110.47149     1129.48295         0.26761E+02    0.26761E+02    0
   50   55        19   24        0.49233         1084.77080     1105.90182         0.25519E+02    0.25519E+02    0
   51   56        19   24        0.59156         1052.76206     1078.90216         0.24119E+02    0.24119E+02    0
   52   57        19   24        0.75269         1005.19075     1040.68759         0.22452E+02    0.21689E+02    1
   53   58        19   24        0.80958          965.84644     1006.59249         0.20815E+02    0.19592E+02    1
   54   59        19   24        0.87763          930.48647      977.34581         0.19210E+02    0.17862E+02    1
   55   60        19   24        0.95352          884.19176      938.05954         0.17464E+02    0.16123E+02    1
   56   61        19   24        0.95998          851.55907      908.05509         0.15953E+02    0.14945E+02    1
   57   62        19   24        1.00101          821.68944      883.76279         0.14547E+02    0.13745E+02    1
   58   63        19   24        0.99884          794.79517      859.46161         0.13261E+02    0.12769E+02    1
   59   64        19   24        0.87508          786.45110      844.39695         0.12309E+02    0.12309E+02    0
   60   65        19   24        0.96016          770.69917      839.07622         0.11327E+02    0.11296E+02    1
   61   66        19   24        1.07156          757.39452      841.62390         0.10448E+02    0.10162E+02    1
   62   67        19   24        1.09906          736.18958      829.33954         0.95424E+01    0.92248E+01    1
   63   68        19   24        1.11510          729.98460      832.15991         0.88787E+01    0.85121E+01    1
   66   71        19   24        1.15761          699.07779      834.47624         0.70621E+01    0.65386E+01    1
   67   72        19   24        1.15939          700.47028      846.13858         0.66572E+01    0.61366E+01    1
   68   73        19   24        1.18216          694.69803      854.38393         0.62199E+01    0.57136E+01    1
   69   74        19   24        1.16403          673.36000      837.28362         0.56887E+01    0.53425E+01    1
   70   75        19   24        1.15774          633.36597      801.68489         0.50561E+01    0.49126E+01    1
   71   76        19   24        1.12479          605.44811      774.49235         0.45679E+01    0.45679E+01    0
   72   77        19   24        1.03239          581.02061      745.32282         0.41456E+01    0.41456E+01    0
   73   78        19   24        0.97518          533.43374      699.17318         0.36042E+01    0.36042E+01    0
   74   79        19   24        0.92454          523.57140      689.98658         0.33498E+01    0.33498E+01    0
   75   80        19   24        0.88584          511.02098      680.12397         0.30988E+01    0.30988E+01    0
   76   81        19   24        0.85197          498.92826      671.36683         0.28700E+01    0.28700E+01    0
   77   82        19   24        0.82419          480.07146      657.38128         0.26221E+01    0.26221E+01    0
   78   83        19   24        0.80891          463.16205      648.45009         0.24038E+01    0.24038E+01    0
   79   84        19   24        0.79832          451.99738      646.47622         0.22308E+01    0.22308E+01    0
   80   85        19   24        0.79041          446.84738      651.20581         0.20988E+01    0.20988E+01    0
   81   86        19   24        0.79140          443.87748      661.24891         0.19855E+01    0.19855E+01    0
   82   87        19   24        0.79444          447.71440      678.83173         0.19087E+01    0.19087E+01    0
   83   88        19   24        0.77663          460.42551      697.15273         0.18721E+01    0.18721E+01    0
   84   89        19   24        0.73690          456.45615      691.91017         0.17715E+01    0.17715E+01    0
   85   90        19   24        0.69331          441.81467      674.62589         0.16380E+01    0.16380E+01    0
   86   91        19   24        0.64790          432.34227      659.90249         0.15321E+01    0.15321E+01    0
   87   92        19   24        0.61465          411.95453      639.74445         0.13964E+01    0.13964E+01    0
   89   94        19   24        0.53258          361.61689      580.87004         0.11237E+01    0.11237E+01    0
   26   31        20   25        4.37110          943.80265     1117.03262         0.33333E+02    0.25939E+02    1
   27   32        20   25        0.43488         1295.45207     1312.46377         0.33333E+02    0.33333E+02    0
   28   33        20   25       -0.78958         1496.46935     1452.45701         0.33333E+02    0.26450E+02    1
   29   34        20   25       -1.02429         1612.99731     1548.08669         0.33332E+02    0.24938E+02    1
   30   35        20   25       -1.04808         1685.13161     1615.75339         0.33330E+02    0.24929E+02    1
   31   36        20   25       -0.92013         1703.00180     1644.66048         0.33327E+02    0.26396E+02    1
   32   37        20   25       -0.94520         1760.43695     1700.96980         0.33323E+02    0.27506E+02    1
   33   38        20   25       -0.87458         1789.98786     1738.55522         0.33315E+02    0.29998E+02    1
   34   39        20   25       -0.83748         1840.46093     1793.72994         0.33306E+02    0.32563E+02    1
   35   40        20   25       -0.73462         1875.90680     1834.96560         0.33291E+02    0.33291E+02    0
   36   41        20   25       -0.76747         1877.67534     1834.85692         0.33270E+02    0.33270E+02    0
   37   42        20   25       -0.56365         1783.28773     1753.29441         0.33230E+02    0.33230E+02    0
   38   43        20   25       -0.65864         1712.70095     1679.03041         0.33172E+02    0.33172E+02    0
   39   44        20   25       -0.58673         1627.93108     1599.31412         0.33083E+02    0.33083E+02    0
   40   45        20   25       -0.62213         1572.83200     1543.42771         0.32965E+02    0.32965E+02    0
   41   46        20   25       -0.65033         1520.47502     1490.62834         0.32803E+02    0.32803E+02    0
   42   47        20   25       -0.55083         1449.52401     1425.21012         0.32563E+02    0.32563E+02    0
   43   48        20   25       -0.71263         1422.80090     1391.74646         0.32292E+02    0.32292E+02    0
   44   49        20   25       -0.66955         1379.95826     1351.31234         0.31918E+02    0.31918E+02    0
   45   50        20   25       -0.64242         1332.35493     1305.39486         0.31426E+02    0.31426E+02    0
   46   51        20   25       -0.44484         1286.89969     1268.45101         0.30807E+02    0.30807E+02    0
   47   52        20   25       -0.27587         1262.57801     1251.07171         0.30133E+02    0.30133E+02    0
   48   53        20   25       -0.22893         1234.32664     1224.72638         0.29319E+02    0.29319E+02    0
   49   54        20   25        0.12789         1167.09051     1172.41160         0.28114E+02    0.28114E+02    0
   50   55        20   25        0.17176         1141.95670     1149.23792         0.27024E+02    0.27024E+02    0
   51   56        20   25        0.28692         1109.92421     1122.35636         0.25759E+02    0.25759E+02    0
   52   57        20   25        0.50409         1061.19268     1083.51986         0.24210E+02    0.24210E+02    0
   53   58        20   25        0.61035         1020.88056     1048.77521         0.22641E+02    0.22641E+02    0
   54   59        20   25        0.72046          984.70896     1018.97819         0.21060E+02    0.21060E+02    0
   55   60        20   25        0.83387          936.89325      978.47744         0.19298E+02    0.19201E+02    1
   56   61        20   25        0.86754          902.04983      947.55291         0.17718E+02    0.17628E+02    1
   57   62        20   25        0.91942          871.37844      922.45875         0.16237E+02    0.16140E+02    1
   58   63        20   25        0.91850          843.48817      897.27864         0.14858E+02    0.14858E+02    0
   59   64        20   25        0.90415          825.35069      881.71733         0.13686E+02    0.13686E+02    0
   60   65        20   25        0.99502          809.83937      876.25759         0.12623E+02    0.12623E+02    0
   61   66        20   25        1.02527          805.17631      879.01115         0.11772E+02    0.11686E+02    1
   62   67        20   25        1.06651          782.74650      866.27820         0.10762E+02    0.10518E+02    1
   63   68        20   25        1.08849          776.52015      869.25772         0.10019E+02    0.96483E+01    1
   64   69        20   25        1.11414          769.95374      873.90949         0.93277E+01    0.87973E+01    1
   65   70        20   25        1.11642          766.18415      879.58612         0.87183E+01    0.80883E+01    1
   66   71        20   25        1.14245          745.01879      871.24947         0.79794E+01    0.72991E+01    1
   67   72        20   25        1.15043          745.88704      883.08263         0.75116E+01    0.68135E+01    1
   68   73        20   25        1.17296          740.39813      891.10496         0.70203E+01    0.63309E+01    1
   69   74        20   25        1.15262          718.17555      872.71200         0.64225E+01    0.59141E+01    1
   70   75        20   25        1.15149          675.09182      834.84375         0.57029E+01    0.54214E+01    1
   71   76        20   25        1.12813          646.00051      805.70696         0.51545E+01    0.51065E+01    1
   72   77        20   25        1.04452          619.18732      774.40612         0.46695E+01    0.46695E+01    0
   73   78        20   25        0.99256          567.79811      725.36827         0.40527E+01    0.40527E+01    0
   74   79        20   25        0.94026          556.63889      714.83101         0.37591E+01    0.37591E+01    0
   75   80        20   25        0.90144          542.66557      703.61130         0.34706E+01    0.34706E+01    0
   76   81        20   25        0.86548          529.70968      693.57266         0.32111E+01    0.32111E+01    0
   77   82        20   25        0.84069          508.76620      678.09786         0.29262E+01    0.29262E+01    0
   78   83        20   25        0.82754          490.27857      667.84245         0.26775E+01    0.26775E+01    0
   79   84        20   25        0.81773          478.02123      664.68565         0.24805E+01    0.24805E+01    0
   80   85        20   25        0.80950          472.32645      668.47348         0.23307E+01    0.23307E+01    0
   81   86        20   25        0.80319          471.59695      677.77743         0.22145E+01    0.22145E+01    0
   82   87        20   25        0.81738          471.60462      694.84672         0.21091E+01    0.21091E+01    0
   83   88        20   25        0.79491          485.29357      712.71232         0.20683E+01    0.20683E+01    0
   84   89        20   25        0.75169          481.06335      706.52609         0.19557E+01    0.19557E+01    0
   85   90        20   25        0.70524          465.84184      688.10503         0.18079E+01    0.18079E+01    0
   86   91        20   25        0.65696          455.66352      672.27921         0.16892E+01    0.16892E+01    0
   27   32        21   26        4.52192          892.23899     1056.24357         0.33333E+02    0.26798E+02    1
   28   33        21   26        0.58563         1216.60594     1238.16929         0.33333E+02    0.33333E+02    0
   29   34        21   26       -0.63698         1406.43520     1372.62894         0.33333E+02    0.26180E+02    1
   30   35        21   26       -0.92849         1529.58419     1472.55454         0.33332E+02    0.24436E+02    1
   31   36        21   26       -0.86205         1579.71740     1526.52336         0.33330E+02    0.25167E+02    1
   32   37        21   26       -0.94905         1660.86123     1600.22706         0.33327E+02    0.25518E+02    1
   33   38        21   26       -0.88705         1708.51469     1653.73074         0.33322E+02    0.27218E+02    1
   34   39        21   26       -0.85374         1774.59190     1722.88508         0.33315E+02    0.28872E+02    1
   35   40        21   26       -0.75882         1822.48254     1778.33315         0.33305E+02    0.30943E+02    1
   36   41        21   26       -0.78719         1836.57430     1792.29865         0.33290E+02    0.32258E+02    1
   37   42        21   26       -0.58449         1753.94181     1723.38887         0.33261E+02    0.33261E+02    0
   38   43        21   26       -0.67965         1694.03790     1659.73000         0.33218E+02    0.33218E+02    0
   39   44        21   26       -0.59692         1617.09310     1588.23759         0.33153E+02    0.33153E+02    0
   40   45        21   26       -0.69950         1572.03715     1539.12973         0.33065E+02    0.33065E+02    0
   41   46        21   26       -0.76072         1526.91229     1492.05724         0.32943E+02    0.32943E+02    0
   42   47        21   26       -0.63361         1459.19626     1431.24440         0.32759E+02    0.32759E+02    0
   43   48        21   26       -0.81818         1437.58098     1401.89647         0.32550E+02    0.32550E+02    0
   44   49        21   26       -0.75654         1397.06649     1364.68027         0.32255E+02    0.32255E+02    0
   45   50        21   26       -0.74138         1352.55618     1321.44978         0.31864E+02    0.31864E+02    0
   46   51        21   26       -0.58030         1310.88260     1286.85474         0.31368E+02    0.31368E+02    0
   47   52        21   26       -0.41637         1289.04517     1271.74452         0.30814E+02    0.30814E+02    0
   48   53        21   26       -0.35369         1261.94284     1247.21601         0.30130E+02    0.30130E+02    0
   49   54        21   26       -0.05009         1197.84053     1195.78164         0.29116E+02    0.29116E+02    0
   50   55        21   26       -0.01604         1174.47452     1173.80581         0.28165E+02    0.28165E+02    0
   51   56        21   26        0.09112         1143.99875     1147.86030         0.27040E+02    0.27040E+02    0
   52   57        21   26        0.33030         1095.15754     1109.36822         0.25620E+02    0.25620E+02    0
   53   58        21   26        0.44735         1055.10474     1074.83628         0.24144E+02    0.24144E+02    0
   54   59        21   26        0.58184         1018.69424     1045.24313         0.22615E+02    0.22615E+02    0
   55   60        21   26        0.71430          970.62371     1004.40673         0.20878E+02    0.20878E+02    0
   56   61        21   26        0.74148          936.57296      973.26664         0.19294E+02    0.19294E+02    0
   57   62        21   26        0.83269          904.52519      947.96279         0.17753E+02    0.17753E+02    0
   58   63        21   26        0.83090          876.66174      922.47305         0.16312E+02    0.16312E+02    0
   59   64        21   26        0.85903          856.48659      906.82926         0.15040E+02    0.15040E+02    0
   60   65        21   26        0.93557          842.92045      901.49025         0.13927E+02    0.13927E+02    0
   62   67        21   26        1.00680          819.73838      891.74662         0.11958E+02    0.11958E+02    0
   63   68        21   26        1.08188          809.90780      895.00928         0.11095E+02    0.10828E+02    1
   64   69        21   26        1.08808          806.19743      899.96488         0.10366E+02    0.98892E+01    1
   65   70        21   26        1.11961          799.29279      905.80885         0.96538E+01    0.89496E+01    1
   67   72        21   26        1.18292          774.83572      909.14826         0.82794E+01    0.73999E+01    1
   68   73        21   26        1.18230          772.92584      917.01537         0.77694E+01    0.69164E+01    1
   69   74        21   26        1.16375          749.31325      897.71311         0.71010E+01    0.64404E+01    1
   70   75        21   26        1.16554          704.03119      858.18240         0.63005E+01    0.58868E+01    1
   71   76        21   26        1.13910          673.83771      827.59097         0.56926E+01    0.55422E+01    1
   72   77        21   26        1.06831          645.88703      794.66188         0.51537E+01    0.51537E+01    0
   73   78        21   26        1.01853          591.85884      743.42588         0.44672E+01    0.44672E+01    0
   74   79        21   26        0.95988          580.38261      731.77874         0.41411E+01    0.41411E+01    0
   75   80        21   26        0.91957          565.44319      719.44254         0.38178E+01    0.38178E+01    0
   76   81        21   26        0.88343          551.33473      708.34219         0.35255E+01    0.35255E+01    0
   77   82        21   26        0.85868          529.23624      691.65029         0.32083E+01    0.32083E+01    0
   78   83        21   26        0.84523          509.95347      680.28079         0.29329E+01    0.29329E+01    0
   79   84        21   26        0.83551          496.89447      676.07397         0.27133E+01    0.27133E+01    0
   80   85        21   26        0.82781          490.41297      678.97617         0.25445E+01    0.25445E+01    0
   81   86        21   26        0.82208          488.99623      687.53711         0.24125E+01    0.24125E+01    0
   82   87        21   26        0.82815          491.83674      704.00934         0.23091E+01    0.23091E+01    0
   83   88        21   26        0.81235          502.43199      721.32699         0.22463E+01    0.22463E+01    0
   84   89        21   26        0.77021          496.31199      714.33611         0.21151E+01    0.21151E+01    0
   85   90        21   26        0.72222          480.04533      695.02910         0.19516E+01    0.19516E+01    0
   86   91        21   26        0.66535          471.55683      678.32347         0.18300E+01    0.18300E+01    0
   89   94        21   26        0.55715          387.82300      592.47388         0.13148E+01    0.13148E+01    0
   91   96        21   26        0.49126          338.70189      540.14772         0.10526E+01    0.10526E+01    0
   28   33        22   27        4.51938          833.28675      974.05832         0.33333E+02    0.28953E+02    1
   29   34        22   27        0.71594         1138.17818     1162.88897         0.33333E+02    0.33333E+02    0
   30   35        22   27       -0.52343         1328.89502     1302.53849         0.33332E+02    0.26129E+02    1
   31   36        22   27       -0.66996         1422.80823     1385.74853         0.33331E+02    0.25385E+02    1
   32   37        22   27       -0.84816         1530.60139     1479.45297         0.33329E+02    0.24954E+02    1
   33   38        22   27       -0.85217         1602.71362     1550.84035         0.33326E+02    0.25901E+02    1
   34   39        22   27       -0.83183         1686.47555     1635.34042         0.33322E+02    0.27016E+02    1
   35   40        22   27       -0.74793         1751.79789     1706.35481         0.33315E+02    0.28457E+02    1
   36   41        22   27       -0.74976         1780.73638     1735.99522         0.33304E+02    0.29465E+02    1
   37   42        22   27       -0.57431         1712.58267     1681.67915         0.33283E+02    0.31538E+02    1
   38   43        22   27       -0.67358         1665.66998     1630.36933         0.33253E+02    0.31445E+02    1
   39   44        22   27       -0.59239         1597.51656     1568.66495         0.33204E+02    0.32503E+02    1
   40   45        22   27       -0.67408         1559.95631     1527.64022         0.33139E+02    0.32201E+02    1
   41   46        22   27       -0.78161         1524.40312     1487.47077         0.33049E+02    0.31869E+02    1
   42   47        22   27       -0.70059         1463.17266     1432.35306         0.32909E+02    0.32909E+02    0
   43   48        22   27       -0.91456         1448.30694     1408.00961         0.32750E+02    0.32410E+02    1
   44   49        22   27       -0.86754         1411.99220     1374.82519         0.32523E+02    0.32523E+02    0
   45   50        22   27       -0.87295         1371.69678     1335.02862         0.32217E+02    0.32217E+02    0
   46   51        22   27       -0.72957         1333.66524     1303.43937         0.31825E+02    0.31825E+02    0
   47   52        22   27       -0.58734         1315.56971     1291.17569         0.31381E+02    0.31381E+02    0
   48   53        22   27       -0.56875         1292.63827     1269.00788         0.30827E+02    0.30827E+02    0
   49   54        22   27       -0.22937         1228.31438     1218.95202         0.29978E+02    0.29978E+02    0
   50   55        22   27       -0.20858         1207.22051     1198.61904         0.29170E+02    0.29170E+02    0
   51   56        22   27       -0.09674         1178.05627     1174.02026         0.28190E+02    0.28190E+02    0
   52   57        22   27        0.14260         1130.23318     1136.23448         0.26927E+02    0.26927E+02    0
   53   58        22   27        0.25840         1091.16201     1102.23998         0.25581E+02    0.25581E+02    0
   54   59        22   27        0.42024         1054.62672     1073.14750         0.24139E+02    0.24139E+02    0
   55   60        22   27        0.56735         1006.47886     1032.21822         0.22467E+02    0.22467E+02    0
   56   61        22   27        0.61351          972.12568     1001.08873         0.20897E+02    0.20897E+02    0
   57   62        22   27        0.70255          941.00059      975.78555         0.19354E+02    0.19354E+02    0
   58   63        22   27        0.72271          912.49781      950.17021         0.17864E+02    0.17864E+02    0
   59   64        22   27        0.76438          892.40628      934.63240         0.16534E+02    0.16534E+02    0
   60   65        22   27        0.85915          879.02533      929.61835         0.15353E+02    0.15353E+02    0
   61   66        22   27        0.91507          875.70510      933.28448         0.14370E+02    0.14370E+02    0
   62   67        22   27        0.95852          856.17897      920.48958         0.13234E+02    0.13234E+02    0
   63   68        22   27        0.99270          853.01198      924.24506         0.12377E+02    0.12377E+02    0
   64   69        22   27        1.07869          843.46806      929.71973         0.11501E+02    0.11079E+02    1
   65   70        22   27        1.11528          836.74972      935.95523         0.10718E+02    0.99541E+01    1
   66   71        22   27        1.15817          813.43071      927.09642         0.98099E+01    0.88547E+01    1
   67   72        22   27        1.18984          811.76305      939.55980         0.91985E+01    0.81383E+01    1
   68   73        22   27        1.23929          802.17607      947.52601         0.85526E+01    0.74420E+01    1
   69   74        22   27        1.17494          784.76136      927.42643         0.78818E+01    0.70342E+01    1
   70   75        22   27        1.17917          737.43065      886.23330         0.69934E+01    0.64152E+01    1
   71   76        22   27        1.15671          704.88862      854.21947         0.63079E+01    0.60199E+01    1
   72   77        22   27        1.09986          676.08403      819.67000         0.57110E+01    0.57110E+01    0
   73   78        22   27        1.05267          619.24339      766.11861         0.49458E+01    0.49458E+01    0
   74   79        22   27        0.98773          607.35656      753.46667         0.45820E+01    0.45820E+01    0
   75   80        22   27        0.94466          591.67805      740.10517         0.42205E+01    0.42205E+01    0
   76   81        22   27        0.90566          576.97622      728.03241         0.38946E+01    0.38946E+01    0
   77   82        22   27        0.88274          553.36731      710.16789         0.35383E+01    0.35383E+01    0
   78   83        22   27        0.87074          532.88649      697.75870         0.32302E+01    0.32302E+01    0
   79   84        22   27        0.86143          518.97016      692.62750         0.29844E+01    0.29844E+01    0
   80   85        22   27        0.85407          511.83863      694.81636         0.27944E+01    0.27944E+01    0
   81   86        22   27        0.84474          511.05302      702.84497         0.26509E+01    0.26509E+01    0
   82   87        22   27        0.85346          513.21042      718.99161         0.25313E+01    0.25313E+01    0
   83   88        22   27        0.82848          526.29912      736.03790         0.24700E+01    0.24700E+01    0
   84   89        22   27        0.79248          516.83767      728.30939         0.23104E+01    0.23104E+01    0
   85   90        22   27        0.74174          499.86150      708.06807         0.21302E+01    0.21302E+01    0
   86   91        22   27        0.68655          488.70914      690.45308         0.19867E+01    0.19867E+01    0
   87   92        22   27        0.64594          467.06410      667.02480         0.18126E+01    0.18126E+01    0
   88   93        22   27        0.60105          436.01586      632.38143         0.16165E+01    0.16165E+01    0
   29   34        23   28        4.54150          788.25358      921.29683         0.33333E+02    0.29119E+02    1
   30   35        23   28        0.75923         1087.78747     1112.84865         0.33333E+02    0.33333E+02    0
   31   36        23   28       -0.22852         1237.20866     1226.99519         0.33332E+02    0.27567E+02    1
   32   37        23   28       -0.69811         1379.22192     1341.48386         0.33331E+02    0.25163E+02    1
   33   38        23   28       -0.78575         1476.44202     1431.39056         0.33329E+02    0.25356E+02    1
   34   39        23   28       -0.82834         1581.59174     1531.62001         0.33326E+02    0.25800E+02    1
   35   40        23   28       -0.75645         1665.05205     1618.69697         0.33321E+02    0.26791E+02    1
   36   41        23   28       -0.77203         1712.46724     1664.84528         0.33314E+02    0.27374E+02    1
   37   42        23   28       -0.56113         1658.02389     1626.41350         0.33299E+02    0.29151E+02    1
   38   43        23   28       -0.62362         1623.07660     1588.71137         0.33277E+02    0.29141E+02    1
   39   44        23   28       -0.54720         1566.44527     1537.98644         0.33242E+02    0.29845E+02    1
   40   45        23   28       -0.63989         1539.18419     1506.05506         0.33194E+02    0.29408E+02    1
   41   46        23   28       -0.69940         1509.29685     1473.75138         0.33126E+02    0.29346E+02    1
   42   47        23   28       -0.65937         1456.77733     1425.29294         0.33022E+02    0.30178E+02    1
   43   48        23   28       -0.84820         1447.81929     1406.70458         0.32901E+02    0.29442E+02    1
   44   49        23   28       -0.85406         1417.98123     1378.27269         0.32726E+02    0.30069E+02    1
   45   50        23   28       -0.91279         1382.79770     1342.61265         0.32489E+02    0.30951E+02    1
   46   51        23   28       -0.83412         1349.16564     1314.64584         0.32182E+02    0.32182E+02    0
   47   52        23   28       -0.71068         1335.21286     1305.72995         0.31828E+02    0.31828E+02    0
   48   53        23   28       -0.69982         1315.44258     1286.43158         0.31381E+02    0.31381E+02    0
   49   54        23   28       -0.38176         1253.80639     1238.30546         0.30688E+02    0.30688E+02    0
   50   55        23   28       -0.37309         1235.30058     1220.03855         0.30011E+02    0.30011E+02    0
   51   56        23   28       -0.26647         1208.18361     1197.19878         0.29175E+02    0.29175E+02    0
   52   57        23   28       -0.02574         1161.59172     1160.52745         0.28076E+02    0.28076E+02    0
   53   58        23   28        0.10014         1123.24223     1127.43640         0.26869E+02    0.26869E+02    0
   54   59        23   28        0.25965         1088.06278     1099.17578         0.25551E+02    0.25551E+02    0
   55   60        23   28        0.42279         1039.97115     1058.47113         0.23978E+02    0.23978E+02    0
   56   61        23   28        0.48198         1005.80897     1027.62702         0.22459E+02    0.22459E+02    0
   57   62        23   28        0.58191          975.08438     1002.56686         0.20936E+02    0.20936E+02    0
   58   63        23   28        0.61462          946.62575      977.04725         0.19431E+02    0.19431E+02    0
   59   64        23   28        0.67226          926.66908      961.81139         0.18061E+02    0.18061E+02    0
   60   65        23   28        0.77786          914.06868      957.29802         0.16834E+02    0.16834E+02    0
   61   66        23   28        0.84656          911.50883      961.69674         0.15795E+02    0.15795E+02    0
   62   67        23   28        0.90926          891.74234      949.11356         0.14583E+02    0.14583E+02    0
   63   68        23   28        1.03038          883.90907      953.51763         0.13593E+02    0.13593E+02    0
   64   69        23   28        1.04359          883.14586      959.66707         0.12751E+02    0.12559E+02    1
   65   70        23   28        1.11380          874.02179      966.44955         0.11865E+02    0.11080E+02    1
   66   71        23   28        1.16342          850.22568      957.55953         0.10873E+02    0.97860E+01    1
   67   72        23   28        1.19527          849.45040      970.63071         0.10204E+02    0.89629E+01    1
   68   73        23   28        1.19623          847.75679      978.86024         0.95734E+01    0.83190E+01    1
   69   74        23   28        1.19630          819.58532      958.10005         0.87256E+01    0.76610E+01    1
   70   75        23   28        1.18799          772.70266      915.34896         0.77673E+01    0.70124E+01    1
   71   76        23   28        1.16513          738.76645      882.01410         0.70055E+01    0.65742E+01    1
   72   77        23   28        1.11162          708.57596      845.92991         0.63398E+01    0.62740E+01    1
   73   78        23   28        1.08028          648.92578      790.10378         0.54880E+01    0.54880E+01    0
   74   79        23   28        1.01170          636.28792      776.54135         0.50789E+01    0.50789E+01    0
   75   80        23   28        0.96685          619.80711      762.24049         0.46741E+01    0.46741E+01    0
   76   81        23   28        0.92740          604.15657      749.27661         0.43080E+01    0.43080E+01    0
   77   82        23   28        0.90637          579.17535      730.30244         0.39092E+01    0.39092E+01    0
   78   83        23   28        0.89515          557.77687      716.92230         0.35662E+01    0.35662E+01    0
   79   84        23   28        0.88951          542.40495      710.94943         0.32873E+01    0.32873E+01    0
   80   85        23   28        0.88083          535.12436      712.52157         0.30765E+01    0.30765E+01    0
   81   86        23   28        0.87126          534.06761      720.12689         0.29148E+01    0.29148E+01    0
   82   87        23   28        0.88037          536.35523      736.07840         0.27812E+01    0.27812E+01    0
   83   88        23   28        0.85246          549.80044      752.98608         0.27106E+01    0.27106E+01    0
   84   89        23   28        0.80761          542.00312      744.57519         0.25433E+01    0.25433E+01    0
   85   90        23   28        0.76245          521.65648      723.40977         0.23319E+01    0.23319E+01    0
   86   91        23   28        0.70496          509.43804      704.90049         0.21708E+01    0.21708E+01    0
   87   92        23   28        0.67535          482.07147      680.40992         0.19598E+01    0.19598E+01    0
   88   93        23   28        0.61702          454.12324      644.48386         0.17625E+01    0.17625E+01    0
   30   35        24   29        4.61194          751.82057      889.75607         0.33333E+02    0.27379E+02    1
   31   36        24   29        1.11539          998.89129     1032.88192         0.33333E+02    0.33333E+02    0
   32   37        24   29       -0.39556         1186.58341     1169.28024         0.33332E+02    0.26927E+02    1
   33   38        24   29       -0.74010         1315.18460     1277.40447         0.33331E+02    0.25392E+02    1
   34   39        24   29       -0.88099         1442.40329     1392.50839         0.33329E+02    0.25025E+02    1
   35   40        24   29       -0.84380         1545.08257     1494.84993         0.33326E+02    0.25530E+02    1
   36   41        24   29       -0.85970         1610.06288     1557.38949         0.33320E+02    0.25846E+02    1
   37   42        24   29       -0.64422         1572.93455     1536.19694         0.33310E+02    0.27259E+02    1
   38   43        24   29       -0.68500         1552.00944     1513.43025         0.33294E+02    0.27213E+02    1
   39   44        24   29       -0.57345         1505.80866     1475.16549         0.33268E+02    0.27892E+02    1
   40   45        24   29       -0.64865         1488.11198     1453.42978         0.33232E+02    0.27506E+02    1
   41   46        24   29       -0.72222         1468.48500     1430.10765         0.33181E+02    0.27272E+02    1
   42   47        24   29       -0.66003         1422.83694     1389.70170         0.33100E+02    0.28011E+02    1
   43   48        24   29       -0.86003         1421.87375     1377.66524         0.33007E+02    0.27229E+02    1
   44   49        24   29       -0.85910         1397.60584     1354.92391         0.32869E+02    0.27699E+02    1
   45   50        24   29       -0.92254         1368.40367     1324.45278         0.32682E+02    0.28259E+02    1
   46   51        24   29       -0.88152         1340.51647     1300.98536         0.32437E+02    0.29450E+02    1
   47   52        24   29       -0.83109         1331.10374     1295.91316         0.32152E+02    0.31019E+02    1
   48   53        24   29       -0.85114         1314.89971     1280.15609         0.31785E+02    0.31785E+02    0
   49   54        24   29       -0.57504         1258.08460     1235.12059         0.31215E+02    0.31215E+02    0
   50   55        24   29       -0.58331         1242.94910     1219.51512         0.30647E+02    0.30647E+02    0
   51   56        24   29       -0.48791         1218.80414     1199.09878         0.29934E+02    0.29934E+02    0
   52   57        24   29       -0.24396         1174.26685     1164.42224         0.28977E+02    0.28977E+02    0
   53   58        24   29       -0.12283         1138.02549     1133.02745         0.27906E+02    0.27906E+02    0
   54   59        24   29        0.04077         1104.60431     1106.29148         0.26711E+02    0.26711E+02    0
   55   60        24   29        0.21966         1057.44951     1066.68974         0.25247E+02    0.25247E+02    0
   56   61        24   29        0.28396         1024.52609     1036.82104         0.23804E+02    0.23804E+02    0
   57   62        24   29        0.40759          994.25147     1012.57659         0.22317E+02    0.22317E+02    0
   58   63        24   29        0.44504          966.83624      987.71700         0.20828E+02    0.20828E+02    0
   59   64        24   29        0.51020          947.96886      973.16531         0.19449E+02    0.19449E+02    0
   60   65        24   29        0.63944          935.85804      969.34774         0.18187E+02    0.18187E+02    0
   61   66        24   29        0.71793          934.48308      974.52508         0.17111E+02    0.17111E+02    0
   62   67        24   29        0.84925          912.11310      962.47151         0.15803E+02    0.15803E+02    0
   63   68        24   29        0.94109          907.93861      967.56400         0.14796E+02    0.14796E+02    0
   64   69        24   29        1.00968          906.00863      974.40094         0.13874E+02    0.13874E+02    0
   65   70        24   29        1.07923          899.42492      981.73015         0.12951E+02    0.12326E+02    1
   66   71        24   29        1.13640          875.86314      973.05402         0.11887E+02    0.10799E+02    1
   67   72        24   29        1.14240          879.51762      986.63685         0.11206E+02    0.99401E+01    1
   68   73        24   29        1.17681          874.30307      995.10844         0.10474E+02    0.90926E+01    1
   69   74        24   29        1.16307          848.17418      974.11235         0.95777E+01    0.84012E+01    1
   70   75        24   29        1.17504          797.69905      930.55326         0.85080E+01    0.76278E+01    1
   71   76        24   29        1.15202          763.02507      896.49344         0.76752E+01    0.71465E+01    1
   72   77        24   29        1.09963          731.32806      859.50073         0.69381E+01    0.68093E+01    1
   73   78        24   29        1.05192          674.10213      802.30786         0.60417E+01    0.60417E+01    0
   74   79        24   29        1.00999          657.08639      788.10402         0.55551E+01    0.55551E+01    0
   75   80        24   29        0.96488          640.06829      773.13867         0.51083E+01    0.51083E+01    0
   76   81        24   29        0.92512          623.94872      759.53397         0.47047E+01    0.47047E+01    0
   77   82        24   29        0.90892          597.73229      739.78323         0.42629E+01    0.42629E+01    0
   78   83        24   29        0.92844          570.15020      725.67854         0.38491E+01    0.38491E+01    0
   79   84        24   29        0.89594          559.76036      718.99857         0.35787E+01    0.35787E+01    0
   80   85        24   29        0.88837          552.06078      719.97652         0.33453E+01    0.33453E+01    0
   81   86        24   29        0.87851          550.93810      727.09272         0.31666E+01    0.31666E+01    0
   82   87        24   29        0.89007          552.92160      742.66302         0.30169E+01    0.30169E+01    0
   83   88        24   29        0.85917          566.68700      759.23263         0.29373E+01    0.29373E+01    0
   84   89        24   29        0.81295          558.45363      750.29863         0.27530E+01    0.27530E+01    0
   85   90        24   29        0.77003          536.60076      728.54599         0.25181E+01    0.25181E+01    0
   86   91        24   29        0.70852          524.36971      709.43898         0.23440E+01    0.23440E+01    0
   87   92        24   29        0.68413          494.62017      684.26382         0.21079E+01    0.21079E+01    0
   88   93        24   29        0.63499          461.75685      647.58916         0.18775E+01    0.18775E+01    0
   89   94        24   29        0.59070          432.22773      614.63667         0.16778E+01    0.16778E+01    0
   31   36        25   30        4.64001          671.32157      806.77890         0.33333E+02    0.25245E+02    1
   32   37        25   30        1.18766          940.43504      974.54720         0.33333E+02    0.33333E+02    0
   33   38        25   30       -0.31546         1111.89113     1099.56222         0.33332E+02    0.28292E+02    1
   34   39        25   30       -0.73956         1263.50829     1227.93708         0.33331E+02    0.25898E+02    1
   35   40        25   30       -0.80824         1387.26757     1344.10400         0.33329E+02    0.25570E+02    1
   36   41        25   30       -0.84552         1469.95884     1422.08924         0.33325E+02    0.25539E+02    1
   37   42        25   30       -0.61011         1450.98277     1418.31630         0.33317E+02    0.26794E+02    1
   38   43        25   30       -0.63218         1444.56883     1410.74148         0.33306E+02    0.26680E+02    1
   39   44        25   30       -0.49889         1410.99297     1385.42983         0.33286E+02    0.27287E+02    1
   40   45        25   30       -0.53297         1401.55042     1374.18816         0.33258E+02    0.27032E+02    1
   41   46        25   30       -0.60879         1391.63481     1360.26755         0.33218E+02    0.26704E+02    1
   42   47        25   30       -0.56924         1356.79815     1328.67420         0.33155E+02    0.27177E+02    1
   43   48        25   30       -0.76726         1362.53291     1323.49976         0.33080E+02    0.26397E+02    1
   44   49        25   30       -0.76309         1344.73693     1306.95132         0.32969E+02    0.26774E+02    1
   45   50        25   30       -0.82818         1321.98249     1282.32809         0.32816E+02    0.27193E+02    1
   46   51        25   30       -0.80202         1300.51820     1263.90147         0.32615E+02    0.28083E+02    1
   47   52        25   30       -0.76859         1296.53209     1262.88892         0.32378E+02    0.29234E+02    1
   48   53        25   30       -0.81212         1285.10462     1251.08385         0.32070E+02    0.30269E+02    1
   49   54        25   30       -0.59856         1233.19965     1210.05247         0.31589E+02    0.31589E+02    0
   50   55        25   30       -0.62100         1221.65139     1197.49937         0.31100E+02    0.31100E+02    0
   51   56        25   30       -0.54340         1201.20929     1179.98418         0.30480E+02    0.30480E+02    0
   52   57        25   30       -0.32170         1160.54400     1148.01595         0.29640E+02    0.29640E+02    0
   53   58        25   30       -0.20703         1127.07111     1118.96437         0.28679E+02    0.28679E+02    0
   54   59        25   30       -0.04623         1096.15164     1094.31611         0.27587E+02    0.27587E+02    0
   55   60        25   30        0.13540         1051.14519     1056.58615         0.26226E+02    0.26226E+02    0
   56   61        25   30        0.19577         1020.21898     1028.28586         0.24857E+02    0.24857E+02    0
   57   62        25   30        0.31804          991.78439     1005.34355         0.23422E+02    0.23422E+02    0
   58   63        25   30        0.35234          966.00917      981.63287         0.21961E+02    0.21961E+02    0
   59   64        25   30        0.42767          948.16502      968.07478         0.20580E+02    0.20580E+02    0
   60   65        25   30        0.56616          937.17937      965.07514         0.19302E+02    0.19302E+02    0
   61   66        25   30        0.64739          937.07516      971.00134         0.18203E+02    0.18203E+02    0
   62   67        25   30        0.78426          916.12020      959.73691         0.16862E+02    0.16862E+02    0
   63   68        25   30        0.88035          913.22131      965.48877         0.15818E+02    0.15818E+02    0
   64   69        25   30        0.96771          911.54809      972.95769         0.14843E+02    0.14843E+02    0
   65   70        25   30        1.06361          906.20009      980.76790         0.13877E+02    0.13450E+02    1
   66   71        25   30        1.13162          882.63903      972.50513         0.12745E+02    0.11671E+02    1
   67   72        25   30        1.13637          887.05893      986.43546         0.12020E+02    0.10702E+02    1
   68   73        25   30        1.12700          887.99469      995.06848         0.11301E+02    0.98994E+01    1
   69   74        25   30        1.15623          856.76763      974.23958         0.10284E+02    0.89985E+01    1
   70   75        25   30        1.17500          805.55082      930.63584         0.91334E+01    0.81404E+01    1
   71   76        25   30        1.14874          771.10922      896.45384         0.82420E+01    0.76269E+01    1
   72   77        25   30        1.09067          739.55043      859.19520         0.74510E+01    0.72734E+01    1
   73   78        25   30        1.15007          669.20564      801.59435         0.63712E+01    0.63712E+01    0
   74   79        25   30        1.01130          664.08755      787.01133         0.59548E+01    0.59548E+01    0
   75   80        25   30        0.96783          646.47115      771.65280         0.54678E+01    0.54678E+01    0
   76   81        25   30        0.92566          630.36315      757.65395         0.50326E+01    0.50326E+01    0
   77   82        25   30        0.90634          604.57452      737.46788         0.45614E+01    0.45614E+01    0
   78   83        25   30        0.90311          581.47905      722.88656         0.41488E+01    0.41488E+01    0
   79   84        25   30        0.90036          565.23254      715.62597         0.38164E+01    0.38164E+01    0
   80   85        25   30        0.89310          557.26187      716.01257         0.35629E+01    0.35629E+01    0
   81   86        25   30        0.88452          555.59081      722.54418         0.33664E+01    0.33664E+01    0
   82   87        25   30        0.89447          557.98839      737.50329         0.32068E+01    0.32068E+01    0
   83   88        25   30        0.86342          571.09206      753.48915         0.31152E+01    0.31152E+01    0
   84   89        25   30        0.81403          563.06356      744.18852         0.29187E+01    0.29187E+01    0
   85   90        25   30        0.76171          543.52575      722.20597         0.26799E+01    0.26799E+01    0
   86   91        25   30        0.70864          528.01836      702.81543         0.24781E+01    0.24781E+01    0
   88   93        25   30        0.63764          464.01504      640.52746         0.19780E+01    0.19780E+01    0
   89   94        25   30        0.60361          430.19564      607.44163         0.17495E+01    0.17495E+01    0
   90   95        25   30        0.56708          405.94486      581.75257         0.15760E+01    0.15760E+01    0
   32   37        26   31        4.64043          650.93718      790.05491         0.33333E+02    0.23958E+02    1
   33   38        26   31        1.08133          901.17904      930.89314         0.33333E+02    0.33333E+02    0
   34   39        26   31       -0.50309         1092.82982     1073.39140         0.33332E+02    0.28031E+02    1
   35   40        26   31       -0.82358         1243.26365     1204.26680         0.33331E+02    0.25843E+02    1
   36   41        26   31       -0.93516         1347.42076     1298.19921         0.33328E+02    0.25129E+02    1
   37   42        26   31       -0.67241         1345.35081     1311.30831         0.33323E+02    0.26236E+02    1
   38   43        26   31       -0.66459         1352.45366     1318.42236         0.33315E+02    0.26078E+02    1
   39   44        26   31       -0.50705         1330.47594     1305.36070         0.33301E+02    0.26606E+02    1
   40   45        26   31       -0.53442         1330.95782     1304.15258         0.33280E+02    0.26268E+02    1
   41   46        26   31       -0.57723         1328.45065     1299.30027         0.33250E+02    0.26016E+02    1
   42   47        26   31       -0.54110         1302.62386     1276.14097         0.33202E+02    0.26344E+02    1
   43   48        26   31       -0.74069         1315.34669     1277.73978         0.33143E+02    0.25534E+02    1
   44   49        26   31       -0.76117         1305.37234     1267.24891         0.33057E+02    0.25681E+02    1
   45   50        26   31       -0.84449         1289.72953     1248.32877         0.32937E+02    0.25883E+02    1
   46   51        26   31       -0.82518         1273.83623     1234.86795         0.32777E+02    0.26559E+02    1
   47   52        26   31       -0.80515         1274.89065     1237.97030         0.32587E+02    0.27398E+02    1
   48   53        26   31       -0.86380         1268.55290     1230.11662         0.32337E+02    0.28075E+02    1
   49   54        26   31       -0.70573         1220.74885     1192.88846         0.31942E+02    0.30568E+02    1
   50   55        26   31       -0.78699         1213.28334     1183.37999         0.31536E+02    0.31536E+02    0
   51   56        26   31       -0.72517         1196.38230     1168.73325         0.31014E+02    0.31014E+02    0
   52   57        26   31       -0.50619         1158.53156     1139.33468         0.30295E+02    0.30295E+02    0
   53   58        26   31       -0.39620         1127.56671     1112.50255         0.29457E+02    0.29457E+02    0
   54   59        26   31       -0.24968         1099.44221     1089.84946         0.28491E+02    0.28491E+02    0
   55   60        26   31       -0.07060         1056.52840     1053.79577         0.27261E+02    0.27261E+02    0
   56   61        26   31       -0.01098         1027.36246     1026.92841         0.25995E+02    0.25995E+02    0
   57   62        26   31        0.12954          999.91018     1005.18231         0.24633E+02    0.24633E+02    0
   58   63        26   31        0.17428          975.15689      982.50337         0.23221E+02    0.23221E+02    0
   59   64        26   31        0.24548          959.06564      969.89108         0.21871E+02    0.21871E+02    0
   60   65        26   31        0.38778          949.68623      967.73232         0.20601E+02    0.20601E+02    0
   61   66        26   31        0.48487          950.54329      974.49504         0.19484E+02    0.19484E+02    0
   62   67        26   31        0.64663          930.16995      963.98428         0.18109E+02    0.18109E+02    0
   63   68        26   31        0.76823          927.64923      970.48290         0.17019E+02    0.17019E+02    0
   64   69        26   31        0.85007          928.09695      978.68689         0.16016E+02    0.16016E+02    0
   65   70        26   31        0.98746          924.22642      987.08200         0.15008E+02    0.15008E+02    0
   66   71        26   31        1.07100          901.21482      979.21802         0.13813E+02    0.12902E+02    1
   67   72        26   31        1.08842          905.57342      993.65085         0.13026E+02    0.11726E+02    1
   68   73        26   31        1.12720          901.79411     1002.56001         0.12193E+02    0.10641E+02    1
   69   74        26   31        1.10860          876.88357      981.79198         0.11176E+02    0.98102E+01    1
   70   75        26   31        1.08910          830.88246      937.85688         0.10002E+02    0.89927E+01    1
   71   76        26   31        1.10514          790.72741      903.33305         0.89776E+01    0.83007E+01    1
   72   77        26   31        1.00352          764.06806      865.55830         0.81713E+01    0.80463E+01    1
   73   78        26   31        1.05587          694.37172      807.13242         0.70166E+01    0.70166E+01    0
   74   79        26   31        0.98328          680.48105      792.08515         0.64745E+01    0.64745E+01    0
   75   80        26   31        0.99328          655.61284      776.23967         0.58812E+01    0.58812E+01    0
   76   81        26   31        0.90205          645.80009      761.76114         0.54622E+01    0.54622E+01    0
   77   82        26   31        0.94377          610.67419      741.00215         0.48789E+01    0.48789E+01    0
   78   83        26   31        0.89135          595.20897      725.84823         0.44920E+01    0.44920E+01    0
   79   84        26   31        0.88847          579.04990      717.96633         0.41318E+01    0.41318E+01    0
   80   85        26   31        0.88312          570.76195      717.78018         0.38532E+01    0.38532E+01    0
   81   86        26   31        0.87554          568.92755      723.79410         0.36367E+01    0.36367E+01    0
   82   87        26   31        0.88872          570.98737      738.27601         0.34587E+01    0.34587E+01    0
   83   88        26   31        0.85300          584.77202      753.82042         0.33591E+01    0.33591E+01    0
   84   89        26   31        0.80112          576.82055      744.09107         0.31462E+01    0.31462E+01    0
   85   90        26   31        0.75348          555.58666      721.71293         0.28802E+01    0.28802E+01    0
   86   91        26   31        0.68975          542.30144      701.89309         0.26739E+01    0.26739E+01    0
   90   95        26   31        0.57510          410.30997      579.12727         0.16688E+01    0.16688E+01    0
   91   96        26   31        0.53423          380.88858      546.61263         0.14789E+01    0.14789E+01    0
   33   38        27   32        4.41156          611.50477      736.21009         0.33333E+02    0.23770E+02    1
   34   39        27   32        0.88428          874.52463      898.03522         0.33333E+02    0.33333E+02    0
   35   40        27   32       -0.54771         1065.42296     1045.35447         0.33332E+02    0.28803E+02    1
   36   41        27   32       -0.94989         1199.55351     1156.23510         0.33330E+02    0.25826E+02    1
   37   42        27   32       -0.70389         1219.39144     1187.46340         0.33327E+02    0.26529E+02    1
   38   43        27   32       -0.69580         1242.81894     1210.12060         0.33321E+02    0.26097E+02    1
   39   44        27   32       -0.50009         1232.90236     1209.93230         0.33311E+02    0.26591E+02    1
   40   45        27   32       -0.50187         1242.63819     1219.07262         0.33296E+02    0.26212E+02    1
   41   46        27   32       -0.52495         1248.63857     1223.61044         0.33273E+02    0.25926E+02    1
   42   47        27   32       -0.46756         1231.11237     1209.36926         0.33236E+02    0.26239E+02    1
   43   48        27   32       -0.67512         1250.90059     1217.99299         0.33191E+02    0.25324E+02    1
   44   49        27   32       -0.69155         1247.42823     1213.93168         0.33122E+02    0.25406E+02    1
   45   50        27   32       -0.78130         1238.54566     1201.17343         0.33027E+02    0.25500E+02    1
   46   51        27   32       -0.77678         1229.25613     1193.07631         0.32898E+02    0.26002E+02    1
   47   52        27   32       -0.76103         1235.22832     1200.51436         0.32743E+02    0.26697E+02    1
   48   53        27   32       -0.82940         1233.99755     1196.93627         0.32538E+02    0.27199E+02    1
   49   54        27   32       -0.68764         1191.76362     1164.09789         0.32212E+02    0.29276E+02    1
   50   55        27   32       -0.77568         1188.27408     1157.93621         0.31870E+02    0.29992E+02    1
   51   56        27   32       -0.78800         1175.63297     1146.49977         0.31429E+02    0.31403E+02    1
   52   57        27   32       -0.57617         1141.27398     1120.12989         0.30810E+02    0.30810E+02    0
   53   58        27   32       -0.48907         1113.89778     1095.93430         0.30082E+02    0.30082E+02    0
   54   59        27   32       -0.35198         1088.67641     1075.64334         0.29226E+02    0.29226E+02    0
   55   60        27   32       -0.17810         1048.35138     1041.73153         0.28116E+02    0.28116E+02    0
   56   61        27   32       -0.12800         1021.50611     1016.66636         0.26951E+02    0.26951E+02    0
   57   62        27   32        0.00613          996.18857      996.42660         0.25677E+02    0.25677E+02    0
   58   63        27   32        0.04804          973.16118      975.08481         0.24328E+02    0.24328E+02    0
   59   64        27   32        0.12333          958.47920      963.62965         0.23014E+02    0.23014E+02    0
   60   65        27   32        0.27451          950.36117      962.42791         0.21757E+02    0.21757E+02    0
   61   66        27   32        0.36975          952.84600      970.06666         0.20643E+02    0.20643E+02    0
   62   67        27   32        0.54110          933.87350      960.48638         0.19257E+02    0.19257E+02    0
   63   68        27   32        0.67107          932.62612      967.76841         0.18143E+02    0.18143E+02    0
   64   69        27   32        0.76075          934.25007      976.73095         0.17108E+02    0.17108E+02    0
   65   70        27   32        0.91498          931.12958      985.73148         0.16056E+02    0.16056E+02    0
   66   71        27   32        1.02552          909.55391      978.41177         0.14817E+02    0.14053E+02    1
   67   72        27   32        1.03820          915.54666      993.32275         0.13995E+02    0.12733E+02    1
   68   73        27   32        1.08526          912.15911     1002.52634         0.13106E+02    0.11489E+02    1
   69   74        27   32        1.06845          887.61583      982.05858         0.12026E+02    0.10567E+02    1
   70   75        27   32        1.09610          836.23409      938.19557         0.10713E+02    0.95272E+01    1
   71   76        27   32        1.07090          801.39175      903.65579         0.96770E+01    0.89168E+01    1
   72   77        27   32        1.00534          769.30867      865.70607         0.87514E+01    0.85160E+01    1
   73   78        27   32        1.02803          704.43721      806.93394         0.75678E+01    0.75678E+01    0
   74   79        27   32        0.95800          689.98919      791.58495         0.69743E+01    0.69743E+01    0
   75   80        27   32        0.91384          672.22104      775.41615         0.63989E+01    0.63989E+01    0
   76   81        27   32        0.87491          655.44653      760.60773         0.58798E+01    0.58798E+01    0
   77   82        27   32        0.87024          627.75488      739.46480         0.53135E+01    0.53135E+01    0
   78   83        27   32        0.87512          603.81603      723.88466         0.48252E+01    0.48252E+01    0
   79   84        27   32        0.87801          586.83862      715.47538         0.44300E+01    0.44300E+01    0
   80   85        27   32        0.87262          578.57930      714.75551         0.41285E+01    0.41285E+01    0
   81   86        27   32        0.86416          576.90574      720.24719         0.38941E+01    0.38941E+01    0
   82   87        27   32        0.87856          579.02487      734.18993         0.37004E+01    0.37004E+01    0
   83   88        27   32        0.83890          593.15568      749.22325         0.35915E+01    0.35915E+01    0
   84   89        27   32        0.78742          584.68181      739.15924         0.33586E+01    0.33586E+01    0
   85   90        27   32        0.73832          563.58940      716.55909         0.30746E+01    0.30746E+01    0
   86   91        27   32        0.67604          549.29220      696.46507         0.28478E+01    0.28478E+01    0
   87   92        27   32        0.64638          521.24596      670.26040         0.25707E+01    0.25707E+01    0
   90   95        27   32        0.57798          412.40330      572.87030         0.17586E+01    0.17586E+01    0
   91   96        27   32        0.54352          380.10844      540.21147         0.15463E+01    0.15463E+01    0
   34   39        28   33        4.35576          598.47383      725.28920         0.33333E+02    0.22664E+02    1
   35   40        28   33        1.01180          865.91249      892.60001         0.33333E+02    0.33333E+02    0
   36   41        28   33       -0.72187         1046.89489     1020.82488         0.33332E+02    0.28626E+02    1
   37   42        28   33       -0.67975         1096.26724     1069.59437         0.33330E+02    0.27597E+02    1
   38   43        28   33       -0.72036         1138.07243     1107.54422         0.33326E+02    0.26493E+02    1
   39   44        28   33       -0.50099         1140.74743     1119.63905         0.33319E+02    0.26823E+02    1
   40   45        28   33       -0.47689         1159.36776     1138.57887         0.33308E+02    0.26357E+02    1
   41   46        28   33       -0.48794         1173.89995     1152.04320         0.33292E+02    0.25962E+02    1
   42   47        28   33       -0.40239         1163.93191     1146.24306         0.33264E+02    0.26276E+02    1
   43   48        28   33       -0.59209         1189.11167     1161.66460         0.33229E+02    0.25354E+02    1
   44   49        28   33       -0.62323         1192.88313     1163.82667         0.33177E+02    0.25273E+02    1
   45   50        28   33       -0.71697         1190.38036     1157.08071         0.33102E+02    0.25270E+02    1
   46   51        28   33       -0.72766         1187.54532     1154.27624         0.33001E+02    0.25608E+02    1
   47   52        28   33       -0.73233         1199.24886     1166.05962         0.32877E+02    0.26094E+02    1
   48   53        28   33       -0.83760         1204.53585     1166.76819         0.32713E+02    0.26293E+02    1
   49   54        28   33       -0.67621         1165.83694     1138.25320         0.32446E+02    0.28241E+02    1
   50   55        28   33       -0.77359         1166.43346     1135.45758         0.32165E+02    0.28742E+02    1
   51   56        28   33       -0.79372         1157.63179     1127.25196         0.31797E+02    0.29846E+02    1
   52   57        28   33       -0.65917         1127.39675     1103.88542         0.31277E+02    0.31277E+02    0
   53   58        28   33       -0.58340         1103.10177     1082.30594         0.30653E+02    0.30653E+02    0
   54   59        28   33       -0.46832         1081.16912     1064.37314         0.29911E+02    0.29911E+02    0
   55   60        28   33       -0.30312         1043.42496     1032.54961         0.28931E+02    0.28931E+02    0
   56   61        28   33       -0.26220         1018.79164     1009.25534         0.27880E+02    0.27880E+02    0
   57   62        28   33       -0.13550          995.53572      990.49782         0.26708E+02    0.26708E+02    0
   58   63        28   33       -0.10226          974.37000      970.46183         0.25444E+02    0.25444E+02    0
   59   64        28   33       -0.02976          961.34268      960.16051         0.24188E+02    0.24188E+02    0
   60   65        28   33        0.12514          954.72190      959.93818         0.22966E+02    0.22966E+02    0
   61   66        28   33        0.22589          958.54854      968.50301         0.21864E+02    0.21864E+02    0
   62   67        28   33        0.40498          941.06470      959.85487         0.20484E+02    0.20484E+02    0
   63   68        28   33        0.54260          941.21520      967.97152         0.19357E+02    0.19357E+02    0
   64   69        28   33        0.63925          944.18752      977.75238         0.18300E+02    0.18300E+02    0
   65   70        28   33        0.80833          942.11861      987.41409         0.17214E+02    0.17214E+02    0
   66   71        28   33        0.96677          920.97049      980.64390         0.15921E+02    0.15399E+02    1
   67   72        28   33        0.97255          928.83968      996.11050         0.15067E+02    0.13909E+02    1
   68   73        28   33        1.02311          926.58006     1005.66362         0.14133E+02    0.12492E+02    1
   69   74        28   33        1.01012          902.29556      985.46014         0.12986E+02    0.11457E+02    1
   70   75        28   33        1.04532          850.72278      941.54965         0.11588E+02    0.10305E+02    1
   71   76        28   33        1.02234          815.60629      906.90008         0.10475E+02    0.96355E+01    1
   72   77        28   33        0.91523          787.52906      868.66307         0.95234E+01    0.93338E+01    1
   73   78        28   33        0.98674          717.59369      809.35550         0.81999E+01    0.81999E+01    0
   74   79        28   33        0.91733          702.87618      793.65675         0.75519E+01    0.75519E+01    0
   75   80        28   33        0.87500          684.86797      777.11204         0.69248E+01    0.69248E+01    0
   76   81        28   33        0.84081          667.50947      761.92419         0.63556E+01    0.63556E+01    0
   77   82        28   33        0.88518          633.66740      740.32384         0.56902E+01    0.56902E+01    0
   78   83        28   33        0.85307          614.80642      724.25969         0.52066E+01    0.52066E+01    0
   79   84        28   33        0.85774          597.73583      715.28446         0.47777E+01    0.47777E+01    0
   80   85        28   33        0.85491          589.13934      714.01622         0.44470E+01    0.44470E+01    0
   81   86        28   33        0.84525          587.71683      718.99095         0.41927E+01    0.41927E+01    0
   82   87        28   33        0.86157          589.87558      732.42652         0.39804E+01    0.39804E+01    0
   83   88        28   33        0.81922          604.09355      746.98461         0.38585E+01    0.38585E+01    0
   84   89        28   33        0.76651          595.47887      736.54289         0.36054E+01    0.36054E+01    0
   85   90        28   33        0.72143          573.26163      713.63884         0.32937E+01    0.32937E+01    0
   86   91        28   33        0.65744          558.71237      693.19571         0.30482E+01    0.30482E+01    0
   87   92        28   33        0.64456          526.43293      666.61546         0.27301E+01    0.27301E+01    0
   88   93        28   33        0.59529          492.07072      628.81786         0.24276E+01    0.24276E+01    0
   89   94        28   33        0.58648          451.02941      594.90035         0.21183E+01    0.21183E+01    0
   35   40        29   34        4.18310          594.12948      716.87454         0.33333E+02    0.22274E+02    1
   36   41        29   34        0.57197          860.01910      874.90392         0.33333E+02    0.33333E+02    0
   37   42        29   34       -0.43374          957.50933      944.42695         0.33332E+02    0.31529E+02    1
   38   43        29   34       -0.72834         1026.01633      999.51433         0.33329E+02    0.27832E+02    1
   39   44        29   34       -0.51361         1044.24252     1025.05323         0.33325E+02    0.27692E+02    1
   40   45        29   34       -0.48152         1073.42319     1054.39792         0.33317E+02    0.26926E+02    1
   41   46        29   34       -0.47327         1096.65846     1077.16241         0.33305E+02    0.26384E+02    1
   42   47        29   34       -0.36315         1094.83848     1080.01972         0.33285E+02    0.26648E+02    1
   43   48        29   34       -0.54207         1125.98851     1102.42220         0.33259E+02    0.25628E+02    1
   44   49        29   34       -0.54840         1135.10400     1110.99819         0.33219E+02    0.25548E+02    1
   45   50        29   34       -0.65144         1139.32269     1110.48606         0.33162E+02    0.25411E+02    1
   46   51        29   34       -0.66648         1142.51622     1113.20917         0.33082E+02    0.25648E+02    1
   47   52        29   34       -0.67755         1159.35514     1129.55543         0.32984E+02    0.26020E+02    1
   48   53        29   34       -0.82854         1171.66841     1134.79278         0.32855E+02    0.25909E+02    1
   49   54        29   34       -0.62838         1136.12894     1110.86140         0.32639E+02    0.27939E+02    1
   50   55        29   34       -0.73803         1141.04361     1111.65017         0.32409E+02    0.28279E+02    1
   51   56        29   34       -0.76051         1136.05557     1106.89482         0.32105E+02    0.29246E+02    1
   52   57        29   34       -0.65655         1109.91065     1086.74372         0.31672E+02    0.31126E+02    1
   53   58        29   34       -0.61177         1089.15854     1067.97307         0.31145E+02    0.31145E+02    0
   54   59        29   34       -0.50851         1070.27027     1052.57825         0.30507E+02    0.30507E+02    0
   55   60        29   34       -0.36347         1035.62286     1023.00619         0.29653E+02    0.29653E+02    0
   56   61        29   34       -0.34018         1013.56248     1001.62757         0.28719E+02    0.28719E+02    0
   57   62        29   34       -0.22449          992.50363      984.48045         0.27658E+02    0.27658E+02    0
   58   63        29   34       -0.20414          973.33710      965.86532         0.26490E+02    0.26490E+02    0
   59   64        29   34       -0.14444          962.30027      956.82434         0.25311E+02    0.25311E+02    0
   60   65        29   34        0.00965          957.29798      957.68059         0.24140E+02    0.24140E+02    0
   61   66        29   34        0.10623          962.82568      967.26987         0.23068E+02    0.23068E+02    0
   62   67        29   34        0.28927          946.94310      959.64365         0.21712E+02    0.21712E+02    0
   63   68        29   34        0.43525          948.42003      968.68822         0.20584E+02    0.20584E+02    0
   64   69        29   34        0.53757          952.77051      979.38213         0.19514E+02    0.19514E+02    0
   65   70        29   34        0.72203          951.71112      989.79636         0.18402E+02    0.18402E+02    0
   66   71        29   34        0.91248          931.47244      983.65313         0.17071E+02    0.16741E+02    1
   67   72        29   34        0.92176          940.31125      999.77135         0.16178E+02    0.15033E+02    1
   68   73        29   34        0.98108          938.60789     1009.76282         0.15193E+02    0.13426E+02    1
   69   74        29   34        0.96679          915.06337      989.88263         0.13989E+02    0.12301E+02    1
   70   75        29   34        1.01370          862.85863      945.94894         0.12500E+02    0.11026E+02    1
   71   76        29   34        0.99089          827.68616      911.21527         0.11311E+02    0.10306E+02    1
   72   77        29   34        0.86362          800.75499      872.70268         0.10302E+02    0.10037E+02    1
   73   78        29   34        0.96849          728.70373      812.83304         0.88642E+01    0.88642E+01    0
   74   79        29   34        0.89836          713.72589      796.80836         0.81584E+01    0.81584E+01    0
   75   80        29   34        0.85403          695.74655      779.90587         0.74791E+01    0.74791E+01    0
   76   81        29   34        0.81981          678.26710      764.35453         0.68609E+01    0.68609E+01    0
   77   82        29   34        0.88924          641.91651      742.29856         0.61203E+01    0.61203E+01    0
   78   83        29   34        0.84201          624.62914      725.75614         0.56113E+01    0.56113E+01    0
   79   84        29   34        0.85018          607.09651      716.22756         0.51429E+01    0.51429E+01    0
   80   85        29   34        0.84741          598.43859      714.43297         0.47832E+01    0.47832E+01    0
   81   86        29   34        0.83735          596.98155      718.92107         0.45052E+01    0.45052E+01    0
   82   87        29   34        0.85579          599.02842      731.89259         0.42720E+01    0.42720E+01    0
   83   88        29   34        0.81124          613.11789      746.01994         0.41349E+01    0.41349E+01    0
   84   89        29   34        0.75631          604.39588      735.20106         0.38604E+01    0.38604E+01    0
   85   90        29   34        0.71243          581.59382      711.97013         0.35223E+01    0.35223E+01    0
   86   91        29   34        0.64468          567.09495      691.15717         0.32586E+01    0.32586E+01    0
   87   92        29   34        0.63898          533.24661      664.16749         0.29104E+01    0.29104E+01    0
   88   93        29   34        0.58860          498.59170      625.99362         0.25866E+01    0.25866E+01    0
   89   94        29   34        0.57132          460.11267      591.74744         0.22707E+01    0.22707E+01    0
   36   41        30   35        3.79989          613.27103      720.33032         0.33333E+02    0.23616E+02    1
   37   42        30   35        0.89594          800.19822      821.99826         0.33333E+02    0.33333E+02    0
   38   43        30   35       -0.51633          911.32856      896.71091         0.33331E+02    0.31932E+02    1
   39   44        30   35       -0.47446          952.50563      937.36761         0.33329E+02    0.29616E+02    1
   40   45        30   35       -0.47341          994.86107      978.22470         0.33324E+02    0.28073E+02    1
   41   46        30   35       -0.44733         1027.82017     1011.08824         0.33316E+02    0.27254E+02    1
   42   47        30   35       -0.28536         1033.53601     1022.88959         0.33302E+02    0.27559E+02    1
   43   48        30   35       -0.48933         1072.58011     1052.71626         0.33283E+02    0.26177E+02    1
   44   49        30   35       -0.44763         1086.38070     1067.96268         0.33254E+02    0.26179E+02    1
   45   50        30   35       -0.51631         1095.32668     1073.87101         0.33211E+02    0.26099E+02    1
   46   51        30   35       -0.54291         1105.05039     1082.37667         0.33151E+02    0.26187E+02    1
   47   52        30   35       -0.54862         1126.77081     1103.69122         0.33075E+02    0.26509E+02    1
   48   53        30   35       -0.65211         1141.42544     1113.77493         0.32974E+02    0.26592E+02    1
   49   54        30   35       -0.51573         1114.61933     1094.43410         0.32806E+02    0.28220E+02    1
   50   55        30   35       -0.63586         1123.90653     1099.05827         0.32624E+02    0.28442E+02    1
   51   56        30   35       -0.66532         1123.16476     1097.94790         0.32381E+02    0.29299E+02    1
   52   57        30   35       -0.56773         1100.98097     1081.02227         0.32030E+02    0.31033E+02    1
   53   58        30   35       -0.55389         1083.90025     1065.06541         0.31598E+02    0.31598E+02    0
   54   59        30   35       -0.46454         1068.09276     1052.23992         0.31066E+02    0.31066E+02    0
   55   60        30   35       -0.33585         1036.17284     1024.76726         0.30343E+02    0.30343E+02    0
   56   61        30   35       -0.33717         1016.76566     1005.22550         0.29538E+02    0.29538E+02    0
   57   62        30   35       -0.24042          997.99197      989.63879         0.28604E+02    0.28604E+02    0
   58   63        30   35       -0.23989          980.86465      972.36261         0.27556E+02    0.27556E+02    0
   59   64        30   35       -0.18862          971.49842      964.60070         0.26472E+02    0.26472E+02    0
   60   65        30   35       -0.04682          968.44369      966.65869         0.25379E+02    0.25379E+02    0
   61   66        30   35        0.04157          975.82862      977.49545         0.24359E+02    0.24359E+02    0
   62   67        30   35        0.22997          961.26894      970.90798         0.23049E+02    0.23049E+02    0
   63   68        30   35        0.37172          964.61147      981.09186         0.21943E+02    0.21943E+02    0
   64   69        30   35        0.47780          970.46292      992.93109         0.20876E+02    0.20876E+02    0
   65   70        30   35        0.67090          970.78414     1004.32069         0.19754E+02    0.19754E+02    0
   66   71        30   35        0.88327          951.30785      998.82068         0.18396E+02    0.18123E+02    1
   67   72        30   35        0.89460          961.28131     1015.88265         0.17469E+02    0.16193E+02    1
   68   73        30   35        0.95039          961.13261     1026.52291         0.16449E+02    0.14439E+02    1
   69   74        30   35        0.93902          937.68968     1006.80106         0.15181E+02    0.13204E+02    1
   70   75        30   35        0.98846          885.24438      962.36117         0.13610E+02    0.11834E+02    1
   71   76        30   35        0.96866          849.35918      927.16674         0.12332E+02    0.11051E+02    1
   72   77        30   35        0.88690          816.58992      887.94081         0.11176E+02    0.10588E+02    1
   73   78        30   35        0.94528          748.87291      826.78178         0.96930E+01    0.95510E+01    1
   74   79        30   35        0.88743          733.52135      810.26334         0.89186E+01    0.89186E+01    0
   75   80        30   35        0.84444          714.98456      792.81895         0.81719E+01    0.81719E+01    0
   76   81        30   35        0.80909          697.24576      776.73325         0.74944E+01    0.74944E+01    0
   77   82        30   35        0.82126          667.68721      753.96005         0.67583E+01    0.67583E+01    0
   79   84        30   35        0.85317          623.97799      726.55393         0.56056E+01    0.56056E+01    0
   80   85        30   35        0.85101          615.05862      724.22299         0.52087E+01    0.52087E+01    0
   81   86        30   35        0.84102          613.44335      728.29571         0.49005E+01    0.49005E+01    0
   82   87        30   35        0.85998          615.72183      740.98508         0.46439E+01    0.46439E+01    0
   84   89        30   35        0.75408          621.01055      743.55057         0.41873E+01    0.41873E+01    0
   85   90        30   35        0.70786          597.95563      719.69543         0.38198E+01    0.38198E+01    0
   86   91        30   35        0.64067          582.23585      698.24454         0.35261E+01    0.35261E+01    0
   87   92        30   35        0.64002          547.00462      670.49256         0.31442E+01    0.31442E+01    0
   88   93        30   35        0.59915          508.97086      631.43930         0.27788E+01    0.27788E+01    0
   89   94        30   35        0.57559          471.36299      596.41232         0.24462E+01    0.24462E+01    0
   90   95        30   35        0.55736          440.10080      568.82650         0.21723E+01    0.21723E+01    0
   37   42        31   36        3.88918          599.86186      716.47884         0.33333E+02    0.21892E+02    1
   38   43        31   36        0.38586          796.63978      805.91534         0.33333E+02    0.33333E+02    0
   39   44        31   36       -0.45153          874.92161      862.84781         0.33331E+02    0.32494E+02    1
   40   45        31   36       -0.63902          936.63040      915.97507         0.33329E+02    0.28656E+02    1
   41   46        31   36       -0.59844          981.05122      959.89813         0.33324E+02    0.27455E+02    1
   42   47        31   36       -0.38565          994.67477      980.94610         0.33315E+02    0.27748E+02    1
   43   48        31   36       -0.55818         1040.70198     1018.82284         0.33302E+02    0.26270E+02    1
   44   49        31   36       -0.46542         1059.57339     1041.01719         0.33282E+02    0.26342E+02    1
   45   50        31   36       -0.51024         1074.19362     1053.50464         0.33252E+02    0.26236E+02    1
   46   51        31   36       -0.50504         1088.73006     1068.07021         0.33209E+02    0.26361E+02    1
   47   52        31   36       -0.49489         1115.40185     1094.88265         0.33154E+02    0.26654E+02    1
   48   53        31   36       -0.58973         1135.01367     1110.21305         0.33079E+02    0.26694E+02    1
   49   54        31   36       -0.45013         1112.97049     1095.37017         0.32955E+02    0.28238E+02    1
   50   55        31   36       -0.56884         1126.48556     1104.13953         0.32817E+02    0.28390E+02    1
   51   56        31   36       -0.59301         1129.62214     1106.90837         0.32631E+02    0.29195E+02    1
   52   57        31   36       -0.49426         1110.82680     1093.15303         0.32360E+02    0.30817E+02    1
   53   58        31   36       -0.49652         1096.82923     1079.95282         0.32021E+02    0.32021E+02    0
   54   59        31   36       -0.42565         1084.19683     1069.69014         0.31598E+02    0.31598E+02    0
   55   60        31   36       -0.31162         1054.56653     1044.02335         0.31014E+02    0.31014E+02    0
   56   61        31   36       -0.33062         1037.38392     1026.14389         0.30349E+02    0.30349E+02    0
   57   62        31   36       -0.24479         1020.40356     1011.98861         0.29560E+02    0.29560E+02    0
   58   63        31   36       -0.25967         1004.94188      995.87644         0.28656E+02    0.28656E+02    0
   59   64        31   36       -0.24122          998.02972      989.37805         0.27706E+02    0.27706E+02    0
   60   65        31   36       -0.10116          996.54811      992.78218         0.26718E+02    0.26718E+02    0
   61   66        31   36       -0.02175         1006.01510     1005.16667         0.25779E+02    0.25779E+02    0
   62   67        31   36        0.16895          992.75339      999.60835         0.24553E+02    0.24553E+02    0
   63   68        31   36        0.31601          997.70592     1011.21751         0.23492E+02    0.23492E+02    0
   64   69        31   36        0.41655         1005.69387     1024.52157         0.22458E+02    0.22458E+02    0
   65   70        31   36        0.62476         1007.26913     1037.18542         0.21346E+02    0.21346E+02    0
   66   71        31   36        0.86118          988.28086     1032.31428         0.19983E+02    0.19756E+02    1
   67   72        31   36        0.87506          999.62636     1050.72169         0.19031E+02    0.17554E+02    1
   68   73        31   36        0.93916         1000.12040     1062.28024         0.17972E+02    0.15575E+02    1
   69   74        31   36        0.91935          977.36480     1042.42745         0.16658E+02    0.14265E+02    1
   70   75        31   36        0.98109          922.92063      996.70939         0.14991E+02    0.12755E+02    1
   71   76        31   36        0.95592          886.51449      960.44264         0.13626E+02    0.11935E+02    1
   72   77        31   36        0.87261          852.19968      919.79769         0.12367E+02    0.11432E+02    1
   73   78        31   36        0.94349          781.19293      856.21075         0.10743E+02    0.10290E+02    1
   74   79        31   36        0.89160          766.66932      838.89612         0.99032E+01    0.99032E+01    0
   75   80        31   36        0.85216          747.00367      820.58527         0.90705E+01    0.90705E+01    0
   76   81        31   36        0.81816          728.35476      803.66286         0.83153E+01    0.83153E+01    0
   77   82        31   36        0.83554          697.50360      779.73641         0.74971E+01    0.74971E+01    0
   78   83        31   36        0.85979          670.93673      761.51038         0.67898E+01    0.67898E+01    0
   79   84        31   36        0.87781          651.49861      750.44167         0.62085E+01    0.62085E+01    0
   80   85        31   36        0.87255          642.55763      747.50416         0.57676E+01    0.57676E+01    0
   81   86        31   36        0.86320          640.60304      751.21171         0.54195E+01    0.54195E+01    0
   82   87        31   36        0.88428          642.89528      763.82988         0.51304E+01    0.51304E+01    0
   83   88        31   36        0.82511          658.53377      777.72527         0.49599E+01    0.49599E+01    0
   84   89        31   36        0.76551          648.74459      765.65596         0.46200E+01    0.46200E+01    0
   85   90        31   36        0.72243          623.81172      740.71422         0.42059E+01    0.42059E+01    0
   86   91        31   36        0.64832          607.72374      718.20391         0.38814E+01    0.38814E+01    0
   87   92        31   36        0.66228          568.59992      689.14684         0.34444E+01    0.34444E+01    0
   88   93        31   36        0.61564          529.79982      648.46194         0.30461E+01    0.30461E+01    0
   89   94        31   36        0.60614          487.33510      611.97942         0.26615E+01    0.26615E+01    0
   90   95        31   36        0.57747          457.20636      583.16824         0.23731E+01    0.23731E+01    0
   91   96        31   36        0.55629          418.47580      547.78191         0.20660E+01    0.20660E+01    0
   38   43        32   37        3.30975          626.41047      713.07674         0.33333E+02    0.25542E+02    1
   39   44        32   37        0.37196          795.49127      804.41782         0.33333E+02    0.33333E+02    0
   40   45        32   37       -0.85017          899.49244      874.24952         0.33331E+02    0.29868E+02    1
   41   46        32   37       -0.96861          967.25819      933.04773         0.33329E+02    0.26899E+02    1
   42   47        32   37       -0.76464          993.74723      965.76657         0.33324E+02    0.26772E+02    1
   43   48        32   37       -0.90323         1051.40457     1014.42973         0.33317E+02    0.25230E+02    1
   44   49        32   37       -0.74264         1076.41056     1045.42026         0.33304E+02    0.25421E+02    1
   45   50        32   37       -0.74783         1097.78337     1065.84576         0.33286E+02    0.25329E+02    1
   46   51        32   37       -0.71335         1118.79719     1087.85802         0.33258E+02    0.25437E+02    1
   47   52        32   37       -0.66952         1151.49452     1121.93076         0.33222E+02    0.25741E+02    1
   48   53        32   37       -0.74666         1177.56070     1143.89284         0.33172E+02    0.25740E+02    1
   49   54        32   37       -0.60193         1159.27644     1133.81199         0.33089E+02    0.27101E+02    1
   50   55        32   37       -0.70983         1178.14703     1147.77733         0.32995E+02    0.27180E+02    1
   51   56        32   37       -0.71320         1185.12226     1155.25067         0.32866E+02    0.27937E+02    1
   52   57        32   37       -0.61774         1169.21231     1144.82079         0.32676E+02    0.29302E+02    1
   53   58        32   37       -0.62767         1158.09471     1134.48911         0.32435E+02    0.30479E+02    1
   54   59        32   37       -0.58763         1148.03561     1126.97279         0.32129E+02    0.31734E+02    1
   55   60        32   37       -0.49445         1119.97124     1102.63734         0.31700E+02    0.31700E+02    0
   56   61        32   37       -0.51914         1104.41213     1086.18715         0.31199E+02    0.31199E+02    0
   57   62        32   37       -0.43723         1088.76931     1073.31835         0.30591E+02    0.30591E+02    0
   58   63        32   37       -0.46285         1074.62693     1058.10675         0.29876E+02    0.29876E+02    0
   59   64        32   37       -0.45495         1069.54377     1052.95511         0.29104E+02    0.29104E+02    0
   60   65        32   37       -0.32242         1070.27972     1058.14740         0.28282E+02    0.28282E+02    0
   61   66        32   37       -0.24683         1082.54899     1072.86813         0.27478E+02    0.27478E+02    0
   62   67        32   37       -0.04993         1070.42707     1068.40506         0.26406E+02    0.26406E+02    0
   63   68        32   37        0.10933         1077.53942     1082.17848         0.25449E+02    0.25449E+02    0
   64   69        32   37        0.22574         1087.68153     1097.75372         0.24490E+02    0.24490E+02    0
   65   70        32   37        0.45500         1091.06628     1112.45114         0.23441E+02    0.23441E+02    0
   66   71        32   37        0.73766         1071.89465     1108.23815         0.22123E+02    0.22123E+02    0
   67   72        32   37        0.77724         1085.36012     1128.97342         0.21176E+02    0.19729E+02    1
   68   73        32   37        0.86527         1086.54200     1142.12820         0.20100E+02    0.17342E+02    1
   69   74        32   37        0.85936         1062.24499     1121.51534         0.18743E+02    0.15827E+02    1
   70   75        32   37        0.93459         1004.19713     1072.77024         0.16998E+02    0.14148E+02    1
   71   76        32   37        0.91707          964.84149     1034.05085         0.15527E+02    0.13238E+02    1
   72   77        32   37        0.82480          928.22217      990.38830         0.14154E+02    0.12723E+02    1
   73   78        32   37        0.91622          850.80048      921.76885         0.12350E+02    0.11436E+02    1
   74   79        32   37        0.87377          834.71740      902.99726         0.11395E+02    0.11113E+02    1
   75   80        32   37        0.84062          814.95632      883.10571         0.10467E+02    0.10467E+02    0
   76   81        32   37        0.81084          794.66652      864.68210         0.96026E+01    0.96026E+01    0
   77   82        32   37        0.84207          760.94267      838.62515         0.86627E+01    0.86627E+01    0
   78   83        32   37        0.87706          732.08739      818.64144         0.78486E+01    0.78486E+01    0
   79   84        32   37        0.89886          711.37318      806.23599         0.71806E+01    0.71806E+01    0
   81   86        32   37        0.89028          699.20532      806.08329         0.62589E+01    0.62589E+01    0
   82   87        32   37        0.91852          701.41482      819.17517         0.59184E+01    0.59184E+01    0
   83   88        32   37        0.85217          718.17593      833.67369         0.57143E+01    0.57143E+01    0
   84   89        32   37        0.78829          707.34924      820.35917         0.53185E+01    0.53185E+01    0
   86   91        32   37        0.66467          662.33442      768.74832         0.44611E+01    0.44611E+01    0
   87   92        32   37        0.64899          626.77029      737.13856         0.40013E+01    0.40013E+01    0
   88   93        32   37        0.65037          575.01952      693.07321         0.34829E+01    0.34829E+01    0
   89   94        32   37        0.63872          529.97558      653.56581         0.30471E+01    0.30471E+01    0
   90   95        32   37        0.61839          495.04220      622.28508         0.27033E+01    0.27033E+01    0
   91   96        32   37        0.59027          454.75929      583.96227         0.23604E+01    0.23604E+01    0
   39   44        33   38        3.83639          560.61044      668.57159         0.33333E+02    0.21783E+02    1
   40   45        33   38        0.57895          753.93206      767.14141         0.33333E+02    0.33333E+02    0
   41   46        33   38       -0.69131          866.50092      847.22397         0.33331E+02    0.30728E+02    1
   42   47        33   38       -0.71192          919.30434      896.49916         0.33328E+02    0.28341E+02    1
   43   48        33   38       -0.95178          994.82885      958.68225         0.33324E+02    0.25716E+02    1
   44   49        33   38       -0.76979         1031.38356     1001.01270         0.33316E+02    0.25755E+02    1
   45   50        33   38       -0.75163         1062.34933     1031.58599         0.33304E+02    0.25578E+02    1
   46   51        33   38       -0.70703         1092.51180     1062.71705         0.33285E+02    0.25570E+02    1
   47   52        33   38       -0.64105         1132.69365     1104.93741         0.33260E+02    0.25838E+02    1
   48   53        33   38       -0.67774         1164.76967     1134.71377         0.33225E+02    0.25924E+02    1
   49   54        33   38       -0.53360         1153.97599     1131.53096         0.33166E+02    0.27167E+02    1
   50   55        33   38       -0.63011         1178.78842     1151.80781         0.33097E+02    0.27213E+02    1
   51   56        33   38       -0.61562         1191.13815     1165.21404         0.33003E+02    0.27977E+02    1
   52   57        33   38       -0.50858         1180.08592     1159.78193         0.32862E+02    0.29304E+02    1
   53   58        33   38       -0.50631         1173.18569     1153.84776         0.32681E+02    0.30463E+02    1
   54   59        33   38       -0.45990         1167.24085     1150.41008         0.32448E+02    0.31664E+02    1
   55   60        33   38       -0.37905         1142.51619     1129.11187         0.32118E+02    0.32118E+02    0
   56   61        33   38       -0.41643         1130.19348     1115.45604         0.31727E+02    0.31727E+02    0
   57   62        33   38       -0.34549         1117.32998     1105.04262         0.31244E+02    0.31244E+02    0
   58   63        33   38       -0.38055         1105.51786     1091.88273         0.30664E+02    0.30664E+02    0
   59   64        33   38       -0.39615         1103.35469     1088.89418         0.30028E+02    0.30028E+02    0
   60   65        33   38       -0.27142         1106.56084     1096.36965         0.29334E+02    0.29334E+02    0
   61   66        33   38       -0.25977         1123.78984     1113.64905         0.28657E+02    0.28657E+02    0
   62   67        33   38       -0.02771         1112.06744     1110.95595         0.27711E+02    0.27711E+02    0
   63   68        33   38        0.12945         1121.67196     1127.09144         0.26856E+02    0.26856E+02    0
   64   69        33   38        0.24542         1134.31476     1145.07968         0.25983E+02    0.25983E+02    0
   65   70        33   38        0.48325         1139.71887     1161.95584         0.25009E+02    0.25009E+02    0
   66   71        33   38        0.84814         1118.27377     1158.96348         0.23731E+02    0.23731E+02    0
   67   72        33   38        0.81523         1137.32212     1182.00967         0.22849E+02    0.21153E+02    1
   68   73        33   38        0.91038         1139.44096     1196.90223         0.21786E+02    0.18504E+02    1
   69   74        33   38        0.90113         1115.29418     1176.39265         0.20433E+02    0.16896E+02    1
   70   75        33   38        0.98616         1054.81980     1126.04393         0.18653E+02    0.15093E+02    1
   71   76        33   38        0.96297         1014.62083     1086.03508         0.17128E+02    0.14158E+02    1
   72   77        33   38        0.86123          976.92075     1040.57652         0.15678E+02    0.13643E+02    1
   73   78        33   38        0.95510          896.16351      968.60732         0.13749E+02    0.12286E+02    1
   74   79        33   38        0.90681          879.69525      949.01205         0.12709E+02    0.11956E+02    1
   75   80        33   38        0.89499          858.43223      928.17295         0.11680E+02    0.11458E+02    1
   76   81        33   38        0.86898          838.15934      908.83135         0.10735E+02    0.10735E+02    0
   77   82        33   38        0.89846          803.37793      881.35405         0.96990E+01    0.96990E+01    0
   78   83        33   38        0.94164          772.78399      860.18493         0.87882E+01    0.87882E+01    0
   79   84        33   38        0.96419          751.16400      846.85352         0.80414E+01    0.80414E+01    0
   80   85        33   38        0.96584          740.34944      842.70343         0.74587E+01    0.74587E+01    0
   81   86        33   38        0.95377          738.35628      846.10500         0.70018E+01    0.70018E+01    0
   82   87        33   38        0.98381          740.83101      859.58295         0.66172E+01    0.66172E+01    0
   83   88        33   38        0.91119          758.18190      874.57001         0.63805E+01    0.63805E+01    0
   84   89        33   38        0.83692          747.29946      860.39187         0.59389E+01    0.59389E+01    0
   85   90        33   38        0.78818          718.87862      831.78391         0.54029E+01    0.54029E+01    0
   86   91        33   38        0.70462          699.33205      805.79408         0.49726E+01    0.49726E+01    0
   87   92        33   38        0.70102          659.56658      772.29890         0.44428E+01    0.44428E+01    0
   88   93        33   38        0.65617          613.86835      725.72135         0.39201E+01    0.39201E+01    0
   89   94        33   38        0.68946          557.73152      683.96264         0.33793E+01    0.33793E+01    0
   90   95        33   38        0.66484          521.39453      650.83186         0.29982E+01    0.29982E+01    0
   91   96        33   38        0.64564          476.12800      610.29919         0.26007E+01    0.26007E+01    0
   40   45        34   39        3.83319          537.03307      637.77396         0.33333E+02    0.22296E+02    1
   41   46        34   39        0.74500          726.35368      742.77091         0.33332E+02    0.33332E+02    0
   42   47        34   39       -0.42899          821.59920      810.73831         0.33331E+02    0.32237E+02    1
   43   48        34   39       -0.99898          922.36674      888.09598         0.33328E+02    0.26384E+02    1
   44   49        34   39       -0.88291          976.21763      943.25446         0.33324E+02    0.25704E+02    1
   45   50        34   39       -0.89198         1020.72126      985.14467         0.33316E+02    0.25143E+02    1
   46   51        34   39       -0.84210         1061.58357     1026.37050         0.33304E+02    0.24964E+02    1
   47   52        34   39       -0.77315         1111.22969     1077.47784         0.33287E+02    0.25066E+02    1
   48   53        34   39       -0.78824         1151.48146     1115.89150         0.33262E+02    0.25107E+02    1
   49   54        34   39       -0.63371         1148.02625     1120.58460         0.33222E+02    0.26193E+02    1
   50   55        34   39       -0.72408         1180.21102     1147.96582         0.33173E+02    0.26138E+02    1
   51   56        34   39       -0.70027         1199.09940     1168.14646         0.33105E+02    0.26776E+02    1
   52   57        34   39       -0.59348         1193.74227     1168.59542         0.33004E+02    0.27875E+02    1
   53   58        34   39       -0.59018         1192.06426     1167.88399         0.32871E+02    0.28799E+02    1
   54   59        34   39       -0.54576         1190.95270     1169.30120         0.32700E+02    0.29746E+02    1
   55   60        34   39       -0.48686         1170.05934     1151.79893         0.32453E+02    0.30952E+02    1
   56   61        34   39       -0.53919         1161.48156     1141.60859         0.32155E+02    0.31243E+02    1
   57   62        34   39       -0.51389         1152.73877     1134.25149         0.31785E+02    0.31785E+02    0
   58   63        34   39       -0.53524         1143.06117     1123.69797         0.31328E+02    0.31328E+02    0
   59   64        34   39       -0.55813         1143.90085     1123.37222         0.30821E+02    0.30821E+02    0
   60   65        34   39       -0.44762         1150.47726     1133.58279         0.30258E+02    0.30258E+02    0
   61   66        34   39       -0.39923         1169.47309     1153.85143         0.29687E+02    0.29687E+02    0
   62   67        34   39       -0.16530         1159.97426     1153.35614         0.28890E+02    0.28890E+02    0
   63   68        34   39       -0.06112         1174.80753     1172.26117         0.28167E+02    0.28167E+02    0
   64   69        34   39        0.05064         1190.86605     1193.06854         0.27404E+02    0.27404E+02    0
   65   70        34   39        0.29788         1198.97802     1212.51343         0.26535E+02    0.26535E+02    0
   66   71        34   39        0.61755         1182.01277     1211.10058         0.25402E+02    0.25402E+02    0
   67   72        34   39        0.70318         1200.89713     1236.84520         0.24549E+02    0.23840E+02    1
   68   73        34   39        0.80962         1205.54617     1253.83862         0.23546E+02    0.20613E+02    1
   69   74        34   39        0.80428         1181.95091     1233.72297         0.22241E+02    0.18761E+02    1
   70   75        34   39        0.90755         1119.48247     1181.95577         0.20481E+02    0.16712E+02    1
   71   76        34   39        0.88810         1078.08567     1140.82950         0.18932E+02    0.15699E+02    1
   72   77        34   39        0.77864         1039.04645     1093.69279         0.17428E+02    0.15191E+02    1
   73   78        34   39        0.89113          954.16998     1018.36888         0.15392E+02    0.13685E+02    1
   74   79        34   39        0.83869          937.34413      998.07781         0.14267E+02    0.13359E+02    1
   75   80        34   39        0.83204          914.98612      976.39747         0.13141E+02    0.12808E+02    1
   76   81        34   39        0.81850          893.67547      956.23354         0.12097E+02    0.12097E+02    0
   77   82        34   39        0.86453          856.97918      927.38308         0.10950E+02    0.10950E+02    0
   78   83        34   39        0.91906          825.13935      905.08207         0.99386E+01    0.99386E+01    0
   79   84        34   39        0.95667          801.94789      890.89205         0.90956E+01    0.90956E+01    0
   80   85        34   39        0.95984          791.09117      886.34828         0.84421E+01    0.84421E+01    0
   81   86        34   39        0.95059          789.17565      889.76588         0.79236E+01    0.79236E+01    0
   82   87        34   39        0.98850          791.98834      903.79370         0.74856E+01    0.74856E+01    0
   83   88        34   39        0.90501          811.07135      919.44039         0.72164E+01    0.72164E+01    0
   84   89        34   39        0.83102          799.09725      904.43348         0.67112E+01    0.67112E+01    0
   85   90        34   39        0.78372          768.93353      874.25902         0.61051E+01    0.61051E+01    0
   86   91        34   39        0.69333          748.47651      846.76764         0.56192E+01    0.56192E+01    0
   87   92        34   39        0.70460          704.88017      811.29793         0.50111E+01    0.50111E+01    0
   88   93        34   39        0.67488          653.78264      762.04135         0.44045E+01    0.44045E+01    0
   89   94        34   39        0.67339          602.67229      717.87829         0.38496E+01    0.38496E+01    0
   90   95        34   39        0.66970          560.59199      682.77959         0.33964E+01    0.33964E+01    0
   91   96        34   39        0.67807          507.14853      639.87005         0.29169E+01    0.29169E+01    0
   41   46        35   40        4.02349          492.78635      593.25884         0.33333E+02    0.21684E+02    1
   42   47        35   40        1.41735          658.33293      686.93015         0.33332E+02    0.33332E+02    0
   43   48        35   40       -0.53912          795.14323      781.27640         0.33331E+02    0.30644E+02    1
   44   49        35   40       -0.70199          872.59341      850.46219         0.33328E+02    0.27326E+02    1
   45   50        35   40       -0.83319          934.22274      904.42477         0.33323E+02    0.25703E+02    1
   46   51        35   40       -0.82395          988.07519      956.11448         0.33315E+02    0.25059E+02    1
   47   52        35   40       -0.76067         1047.30672     1015.82846         0.33303E+02    0.24926E+02    1
   48   53        35   40       -0.80591         1098.14762     1062.84075         0.33286E+02    0.24661E+02    1
   49   54        35   40       -0.61376         1102.18618     1076.21307         0.33256E+02    0.25737E+02    1
   50   55        35   40       -0.69980         1141.60665     1110.79385         0.33220E+02    0.25576E+02    1
   51   56        35   40       -0.66719         1167.51007     1138.04989         0.33170E+02    0.26106E+02    1
   52   57        35   40       -0.55449         1168.89068     1145.17567         0.33093E+02    0.27052E+02    1
   53   58        35   40       -0.54943         1173.42527     1150.46354         0.32993E+02    0.27802E+02    1
   54   59        35   40       -0.49904         1177.79575     1157.42543         0.32860E+02    0.28604E+02    1
   55   60        35   40       -0.42529         1161.34765     1144.82942         0.32668E+02    0.29688E+02    1
   56   61        35   40       -0.50276         1158.42078     1138.97122         0.32435E+02    0.29692E+02    1
   57   62        35   40       -0.46590         1152.91697     1135.41069         0.32139E+02    0.30449E+02    1
   58   63        35   40       -0.53066         1147.94082     1128.23425         0.31773E+02    0.30646E+02    1
   59   64        35   40       -0.58196         1152.37144     1131.05944         0.31358E+02    0.31175E+02    1
   60   65        35   40       -0.49074         1162.53287     1144.21116         0.30892E+02    0.30892E+02    0
   61   66        35   40       -0.46540         1185.42980     1167.42802         0.30414E+02    0.30414E+02    0
   62   67        35   40       -0.29129         1181.06530     1169.55667         0.29747E+02    0.29747E+02    0
   63   68        35   40       -0.14644         1197.20818     1191.20129         0.29112E+02    0.29112E+02    0
   64   69        35   40       -0.03811         1216.38402     1214.75528         0.28442E+02    0.28442E+02    0
   65   70        35   40        0.20517         1227.57876     1236.71518         0.27669E+02    0.27669E+02    0
   66   71        35   40        0.53114         1212.85320     1237.27146         0.26646E+02    0.26646E+02    0
   67   72        35   40        0.63664         1234.74591     1265.52157         0.25859E+02    0.25859E+02    0
   68   73        35   40        0.76939         1241.84253     1284.60143         0.24921E+02    0.22728E+02    1
   69   74        35   40        0.76724         1219.27431     1265.63287         0.23679E+02    0.20560E+02    1
   70   75        35   40        0.87941         1156.71022     1213.81390         0.21974E+02    0.18250E+02    1
   71   76        35   40        0.85846         1115.48396     1172.68464         0.20436E+02    0.17167E+02    1
   72   77        35   40        0.73799         1076.38297     1125.06766         0.18912E+02    0.16683E+02    1
   73   78        35   40        0.86697          989.29208     1048.10110         0.16810E+02    0.15014E+02    1
   74   79        35   40        0.80869          972.72047     1027.71653         0.15626E+02    0.14704E+02    1
   75   80        35   40        0.79554          950.80733     1005.80687         0.14434E+02    0.14147E+02    1
   76   81        35   40        0.78390          929.03056      985.38727         0.13311E+02    0.13311E+02    0
   77   82        35   40        0.84549          891.20223      955.87762         0.12068E+02    0.12068E+02    0
   78   83        35   40        0.90590          859.09064      933.01767         0.10974E+02    0.10974E+02    0
   79   84        35   40        0.95257          835.32805      918.37458         0.10050E+02    0.10050E+02    0
   80   85        35   40        0.95971          824.34472      913.65370         0.93300E+01    0.93300E+01    0
   81   86        35   40        0.95145          822.72257      917.15181         0.87567E+01    0.87567E+01    0
   82   87        35   40        0.99483          826.02490      931.59731         0.82713E+01    0.82713E+01    0
   83   88        35   40        0.89718          846.91139      947.74216         0.79759E+01    0.79759E+01    0
   84   89        35   40        0.82633          833.91182      932.29328         0.74097E+01    0.74097E+01    0
   85   90        35   40        0.78431          802.14278      901.20068         0.67357E+01    0.67357E+01    0
   86   91        35   40        0.68779          781.13222      872.79722         0.61986E+01    0.61986E+01    0
   87   92        35   40        0.70645          735.74003      836.07144         0.55262E+01    0.55262E+01    0
   88   93        35   40        0.63684          689.47329      785.08271         0.49040E+01    0.49040E+01    0
   89   94        35   40        0.69857          626.68237      739.36048         0.42249E+01    0.42249E+01    0
   90   95        35   40        0.68480          585.36526      702.97129         0.37404E+01    0.37404E+01    0
   91   96        35   40        0.70790          527.78848      658.48584         0.31996E+01    0.31996E+01    0
   42   47        36   41        4.31982          441.21862      544.72927         0.33333E+02    0.20498E+02    1
   43   48        36   41        1.09006          639.18899      660.43785         0.33332E+02    0.33332E+02    0
   44   49        36   41       -0.22304          748.41607      743.13180         0.33330E+02    0.31477E+02    1
   45   50        36   41       -0.71496          830.03804      808.16849         0.33327E+02    0.26777E+02    1
   46   51        36   41       -0.81006          897.96182      869.57094         0.33322E+02    0.25214E+02    1
   47   52        36   41       -0.78173          967.03354      936.85610         0.33314E+02    0.24657E+02    1
   48   53        36   41       -0.83974         1026.64708      991.56414         0.33302E+02    0.24151E+02    1
   49   54        36   41       -0.64353         1039.55377     1013.16091         0.33280E+02    0.25024E+02    1
   50   55        36   41       -0.71472         1085.05374     1054.22238         0.33254E+02    0.24794E+02    1
   51   56        36   41       -0.66539         1117.13977     1088.07067         0.33215E+02    0.25237E+02    1
   52   57        36   41       -0.54258         1124.97023     1101.77046         0.33157E+02    0.26038E+02    1
   53   58        36   41       -0.52480         1135.15966     1113.03823         0.33079E+02    0.26667E+02    1
   54   59        36   41       -0.47594         1145.37268     1125.56216         0.32976E+02    0.27279E+02    1
   55   60        36   41       -0.41929         1135.06189     1118.21441         0.32825E+02    0.28038E+02    1
   56   61        36   41       -0.47816         1136.12890     1116.93042         0.32639E+02    0.28057E+02    1
   57   62        36   41       -0.44021         1134.67384     1117.36477         0.32399E+02    0.28636E+02    1
   58   63        36   41       -0.50442         1133.55648     1113.82059         0.32100E+02    0.28719E+02    1
   59   64        36   41       -0.57857         1142.51984     1119.88965         0.31759E+02    0.28920E+02    1
   60   65        36   41       -0.52209         1155.76944     1135.89602         0.31368E+02    0.30101E+02    1
   61   66        36   41       -0.53318         1181.99702     1161.81765         0.30963E+02    0.30963E+02    0
   62   67        36   41       -0.37449         1181.14661     1166.68334         0.30395E+02    0.30395E+02    0
   63   68        36   41       -0.23764         1200.38354     1190.86330         0.29844E+02    0.29844E+02    0
   64   69        36   41       -0.14015         1222.78657     1216.94311         0.29256E+02    0.29256E+02    0
   65   70        36   41        0.10547         1236.64136     1241.21518         0.28568E+02    0.28568E+02    0
   66   71        36   41        0.43909         1224.28094     1243.88062         0.27646E+02    0.27646E+02    0
   67   72        36   41        0.55368         1248.40963     1274.35178         0.26921E+02    0.26921E+02    0
   68   73        36   41        0.76030         1256.88780     1295.37078         0.26041E+02    0.25210E+02    1
   69   74        36   41        0.74576         1236.61870     1278.00456         0.24875E+02    0.22654E+02    1
   70   75        36   41        0.88120         1173.89188     1227.06985         0.23230E+02    0.19890E+02    1
   71   76        36   41        0.85880         1133.44651     1186.69426         0.21720E+02    0.18707E+02    1
   72   77        36   41        0.73149         1094.61382     1139.42807         0.20194E+02    0.18230E+02    1
   73   78        36   41        0.87060         1007.10388     1062.06140         0.18061E+02    0.16385E+02    1
   74   79        36   41        0.79939          991.59377     1041.96820         0.16839E+02    0.16132E+02    1
   75   80        36   41        0.78561          969.93825     1020.22939         0.15591E+02    0.15541E+02    1
   76   81        36   41        0.75417          948.94304      999.92583         0.14411E+02    0.14411E+02    0
   77   82        36   41        0.82979          910.64690      970.25180         0.13088E+02    0.13088E+02    0
   78   83        36   41        0.90498          877.92110      947.22002         0.11912E+02    0.11912E+02    0
   79   84        36   41        0.94697          854.97774      932.37778         0.10927E+02    0.10927E+02    0
   80   85        36   41        0.96053          843.77012      927.58426         0.10142E+02    0.10142E+02    0
   81   86        36   41        0.86247          851.21220      931.14677         0.96091E+01    0.96091E+01    0
   82   87        36   41        1.00183          846.06526      945.83424         0.89874E+01    0.89874E+01    0
   83   88        36   41        0.90293          866.93838      962.27943         0.86539E+01    0.86539E+01    0
   84   89        36   41        0.81618          855.38589      946.64939         0.80511E+01    0.80511E+01    0
   85   90        36   41        0.77996          822.55488      915.12333         0.73137E+01    0.73137E+01    0
   87   92        36   41        0.71257          753.57288      848.81710         0.59871E+01    0.59871E+01    0
   88   93        36   41        0.68483          699.59842      796.84658         0.52617E+01    0.52617E+01    0
   89   94        36   41        0.65978          650.66444      750.23695         0.46334E+01    0.46334E+01    0
   90   95        36   41        0.70737          598.49681      713.09200         0.40377E+01    0.40377E+01    0
   91   96        36   41        0.69709          547.05078      667.67530         0.34984E+01    0.34984E+01    0
   43   48        37   42        4.19122          448.74337      542.63260         0.33333E+02    0.22061E+02    1
   44   49        37   42        1.24033          609.28328      632.38264         0.33332E+02    0.33332E+02    0
   45   50        37   42       -0.57223          718.99300      704.68782         0.33330E+02    0.28474E+02    1
   46   51        37   42       -0.90582          802.86154      774.29077         0.33327E+02    0.24999E+02    1
   47   52        37   42       -0.94177          881.92569      847.75361         0.33321E+02    0.23832E+02    1
   48   53        37   42       -1.00140          949.05042      908.82049         0.33313E+02    0.23119E+02    1
   49   54        37   42       -0.80171          969.67309      937.47814         0.33298E+02    0.23743E+02    1
   50   55        37   42       -0.86870         1020.95757      983.72416         0.33278E+02    0.23383E+02    1
   51   56        37   42       -0.80756         1058.57408     1023.08727         0.33250E+02    0.23683E+02    1
   52   57        37   42       -0.68272         1072.36744     1042.61755         0.33205E+02    0.24267E+02    1
   53   58        37   42       -0.65748         1087.82340     1059.26105         0.33145E+02    0.24710E+02    1
   54   59        37   42       -0.60850         1103.24850     1076.84832         0.33064E+02    0.25123E+02    1
   55   60        37   42       -0.55590         1098.13361     1074.57373         0.32945E+02    0.25632E+02    1
   56   61        37   42       -0.60436         1103.41115     1077.66024         0.32796E+02    0.25593E+02    1
   57   62        37   42       -0.57848         1106.30834     1081.88866         0.32602E+02    0.25917E+02    1
   58   63        37   42       -0.63994         1108.93429     1081.86358         0.32357E+02    0.25893E+02    1
   59   64        37   42       -0.71587         1121.48063     1090.94511         0.32075E+02    0.25932E+02    1
   60   65        37   42       -0.68236         1138.23970     1109.42512         0.31748E+02    0.26612E+02    1
   61   66        37   42       -0.71254         1167.49659     1137.53471         0.31404E+02    0.27407E+02    1
   62   67        37   42       -0.65243         1170.42852     1144.98340         0.30921E+02    0.29683E+02    1
   63   68        37   42       -0.55602         1192.83188     1171.24496         0.30445E+02    0.30445E+02    0
   64   69        37   42       -0.47907         1218.73965     1199.38965         0.29933E+02    0.29933E+02    0
   65   70        37   42       -0.24080         1235.64069     1225.53636         0.29326E+02    0.29326E+02    0
   66   71        37   42        0.09437         1226.16877     1230.23494         0.28504E+02    0.28504E+02    0
   67   72        37   42        0.19117         1253.78557     1262.42180         0.27849E+02    0.27849E+02    0
   68   73        37   42        0.42249         1265.10235     1285.02147         0.27044E+02    0.27044E+02    0
   69   74        37   42        0.45873         1247.31504     1269.54884         0.25963E+02    0.25963E+02    0
   70   75        37   42        0.65367         1186.79145     1220.32158         0.24416E+02    0.23462E+02    1
   71   76        37   42        0.63920         1147.45979     1181.35253         0.22956E+02    0.21959E+02    1
   72   77        37   42        0.48145         1110.00396     1135.19004         0.21458E+02    0.21458E+02    0
   73   78        37   42        0.67607         1021.97961     1058.64794         0.19315E+02    0.19179E+02    1
   74   79        37   42        0.56838         1006.94882     1039.14530         0.18059E+02    0.18059E+02    0
   75   80        37   42        0.53361          986.02251     1017.90446         0.16768E+02    0.16768E+02    0
   76   81        37   42        0.51307          965.60205      998.02261         0.15536E+02    0.15536E+02    0
   77   82        37   42        0.61394          927.49437      968.63847         0.14145E+02    0.14145E+02    0
   78   83        37   42        0.72271          894.19806      945.77701         0.12887E+02    0.12887E+02    0
   79   84        37   42        0.78755          870.97345      930.93362         0.11829E+02    0.11829E+02    0
   80   85        37   42        0.80092          861.04410      926.09990         0.10996E+02    0.10996E+02    0
   81   86        37   42        0.80007          860.29052      929.62424         0.10322E+02    0.10322E+02    0
   82   87        37   42        0.72681          877.28413      944.26815         0.98780E+01    0.98780E+01    0
   83   88        37   42        0.75650          886.27439      960.70326         0.93814E+01    0.93814E+01    0
   84   89        37   42        0.68111          874.11410      945.12168         0.87207E+01    0.87207E+01    0
   85   90        37   42        0.64769          842.02560      913.66182         0.79325E+01    0.79325E+01    0
   86   91        37   42        0.56019          819.29056      884.76679         0.72861E+01    0.72861E+01    0
   88   93        37   42        0.60796          714.48169      795.11271         0.56858E+01    0.56858E+01    0
   89   94        37   42        0.64835          656.39396      748.36950         0.49441E+01    0.49441E+01    0
   90   95        37   42        0.60043          620.83770      711.06530         0.44249E+01    0.44249E+01    0
   91   96        37   42        0.67104          556.66578      665.45320         0.37593E+01    0.37593E+01    0
   44   49        38   43        4.62443          406.20573      511.90297         0.33333E+02    0.19995E+02    1
   45   50        38   43        1.21215          567.08097      588.08298         0.33332E+02    0.33332E+02    0
   46   51        38   43       -0.40504          677.35597      667.78627         0.33330E+02    0.28466E+02    1
   47   52        38   43       -0.73776          771.10508      748.65384         0.33326E+02    0.24968E+02    1
   48   53        38   43       -0.90377          849.08103      816.95468         0.33321E+02    0.23431E+02    1
   49   54        38   43       -0.71778          879.48217      853.29920         0.33310E+02    0.23750E+02    1
   50   55        38   43       -0.79632          936.58022      904.92679         0.33295E+02    0.23162E+02    1
   51   56        38   43       -0.73400          980.31536      949.91331         0.33274E+02    0.23299E+02    1
   52   57        38   43       -0.59647         1000.24072      975.44690         0.33240E+02    0.23764E+02    1
   53   58        38   43       -0.56473         1021.30062      997.63059         0.33192E+02    0.24083E+02    1
   54   59        38   43       -0.50778         1041.90671     1020.44503         0.33128E+02    0.24396E+02    1
   55   60        38   43       -0.45050         1042.30423     1023.52946         0.33032E+02    0.24784E+02    1
   56   61        38   43       -0.50263         1052.47175     1031.22796         0.32911E+02    0.24650E+02    1
   57   62        38   43       -0.47380         1059.45758     1039.47324         0.32752E+02    0.24881E+02    1
   58   63        38   43       -0.54317         1066.34560     1043.20152         0.32548E+02    0.24754E+02    1
   59   64        38   43       -0.62610         1082.56993     1055.46232         0.32311E+02    0.24690E+02    1
   60   65        38   43       -0.60209         1102.58234     1076.51616         0.32034E+02    0.25166E+02    1
   61   66        38   43       -0.64508         1135.00471     1106.85425         0.31740E+02    0.25685E+02    1
   62   67        38   43       -0.59445         1141.56751     1117.03810         0.31324E+02    0.27367E+02    1
   63   68        38   43       -0.55808         1167.24479     1145.42815         0.30909E+02    0.29579E+02    1
   64   69        38   43       -0.52489         1196.11472     1175.67905         0.30459E+02    0.30459E+02    0
   65   70        38   43       -0.30731         1216.18183     1203.75481         0.29921E+02    0.29921E+02    0
   66   71        38   43        0.01525         1210.01604     1210.64857         0.29185E+02    0.29185E+02    0
   67   72        38   43        0.10031         1240.22907     1244.58815         0.28590E+02    0.28590E+02    0
   68   73        38   43        0.31580         1254.55482     1268.85931         0.27854E+02    0.27854E+02    0
   69   74        38   43        0.34640         1239.45112     1255.54371         0.26853E+02    0.26853E+02    0
   70   75        38   43        0.57665         1181.29496     1208.42489         0.25396E+02    0.25396E+02    0
   71   76        38   43        0.55290         1144.53321     1171.20525         0.24001E+02    0.24001E+02    0
   72   77        38   43        0.36357         1108.47667     1126.50474         0.22536E+02    0.22536E+02    0
   73   78        38   43        0.57539         1022.02458     1051.24390         0.20412E+02    0.20412E+02    0
   74   79        38   43        0.46080         1007.98959     1032.55426         0.19138E+02    0.19138E+02    0
   75   80        38   43        0.42510          988.17322     1012.03117         0.17819E+02    0.17819E+02    0
   76   81        38   43        0.40769          968.61391      992.77698         0.16546E+02    0.16546E+02    0
   77   82        38   43        0.52115          931.20809      963.91271         0.15098E+02    0.15098E+02    0
   78   83        38   43        0.63354          899.14069      941.42169         0.13787E+02    0.13787E+02    0
   79   84        38   43        0.71529          875.84283      926.74735         0.12661E+02    0.12661E+02    0
   80   85        38   43        0.73823          865.95157      922.00678         0.11770E+02    0.11770E+02    0
   81   86        38   43        0.72940          866.51577      925.59751         0.11058E+02    0.11058E+02    0
   82   87        38   43        0.79553          871.29126      940.26969         0.10441E+02    0.10441E+02    0
   83   88        38   43        0.68389          893.80340      956.76071         0.10047E+02    0.10047E+02    0
   84   89        38   43        0.60834          882.00746      941.36904         0.93397E+01    0.93397E+01    0
   85   90        38   43        0.58866          849.16553      910.14643         0.84881E+01    0.84881E+01    0
   86   91        38   43        0.49059          827.69661      881.39281         0.78050E+01    0.78050E+01    0
   87   92        38   43        0.53861          781.08367      843.91611         0.69615E+01    0.69615E+01    0
   88   93        38   43        0.49035          731.28566      791.85643         0.61620E+01    0.61620E+01    0
   89   94        38   43        0.60296          665.06481      745.15280         0.53029E+01    0.53029E+01    0
   90   95        38   43        0.63920          616.98551      707.83618         0.46532E+01    0.46532E+01    0
   91   96        38   43        0.62923          566.80238      662.18305         0.40457E+01    0.40457E+01    0
   45   50        39   44        4.03108          403.59181      475.00445         0.33333E+02    0.24743E+02    1
   46   51        39   44        0.76899          558.97134      572.01717         0.33332E+02    0.33332E+02    0
   47   52        39   44       -0.55366          675.40919      661.73424         0.33330E+02    0.27067E+02    1
   48   53        39   44       -0.91076          766.75012      738.05659         0.33326E+02    0.23879E+02    1
   49   54        39   44       -0.77020          807.85845      781.96448         0.33319E+02    0.23642E+02    1
   50   55        39   44       -0.86150          871.49764      839.12200         0.33309E+02    0.22757E+02    1
   51   56        39   44       -0.79026          921.25722      889.77160         0.33294E+02    0.22725E+02    1
   52   57        39   44       -0.64270          947.09234      921.03029         0.33269E+02    0.23033E+02    1
   53   58        39   44       -0.58214          972.50437      948.50618         0.33234E+02    0.23298E+02    1
   54   59        39   44       -0.52492          998.53116      976.44451         0.33186E+02    0.23468E+02    1
   55   60        39   44       -0.45357         1003.54854      984.57899         0.33112E+02    0.23768E+02    1
   56   61        39   44       -0.49721         1017.95519      996.71982         0.33018E+02    0.23585E+02    1
   57   62        39   44       -0.46939         1029.03851     1008.86399         0.32892E+02    0.23707E+02    1
   58   63        39   44       -0.53265         1039.46531     1016.21109         0.32730E+02    0.23542E+02    1
   59   64        39   44       -0.62152         1059.42967     1031.65221         0.32538E+02    0.23393E+02    1
   60   65        39   44       -0.60923         1082.88287     1055.39030         0.32312E+02    0.23690E+02    1
   61   66        39   44       -0.66154         1118.59170     1088.19303         0.32069E+02    0.24011E+02    1
   62   67        39   44       -0.63176         1129.10481     1101.15349         0.31724E+02    0.25203E+02    1
   63   68        39   44       -0.61017         1158.05458     1131.92369         0.31375E+02    0.26735E+02    1
   64   69        39   44       -0.64724         1190.87180     1164.57703         0.30995E+02    0.28988E+02    1
   65   70        39   44       -0.49378         1214.33192     1194.85229         0.30534E+02    0.30534E+02    0
   66   71        39   44       -0.19145         1211.73085     1203.99668         0.29900E+02    0.29900E+02    0
   67   72        39   44       -0.12914         1245.52243     1240.05944         0.29379E+02    0.29379E+02    0
   68   73        39   44        0.06979         1263.19549     1266.26813         0.28727E+02    0.28727E+02    0
   69   74        39   44        0.07732         1251.51669     1254.99815         0.27834E+02    0.27834E+02    0
   70   75        39   44        0.31453         1195.23543     1209.50353         0.26505E+02    0.26505E+02    0
   71   76        39   44        0.29127         1160.17195     1173.65805         0.25202E+02    0.25202E+02    0
   72   77        39   44        0.08400         1125.97513     1129.95410         0.23811E+02    0.23811E+02    0
   73   78        39   44        0.33658         1038.94772     1055.16182         0.21735E+02    0.21735E+02    0
   74   79        39   44        0.22586         1025.70238     1037.08933         0.20458E+02    0.20458E+02    0
   75   80        39   44        0.19337         1006.83639     1017.06908         0.19123E+02    0.19123E+02    0
   76   81        39   44        0.18240          988.07583      998.24268         0.17818E+02    0.17818E+02    0
   77   82        39   44        0.32415          950.51172      969.59017         0.16311E+02    0.16311E+02    0
   78   83        39   44        0.46152          918.39891      947.22742         0.14932E+02    0.14932E+02    0
   79   84        39   44        0.54924          896.03422      932.55728         0.13748E+02    0.13748E+02    0
   80   85        39   44        0.58541          886.34282      927.85179         0.12791E+02    0.12791E+02    0
   81   86        39   44        0.58618          887.20862      931.54306         0.12021E+02    0.12021E+02    0
   82   87        39   44        0.65373          893.48854      946.39890         0.11363E+02    0.11363E+02    0
   83   88        39   44        0.54036          916.65866      963.12470         0.10928E+02    0.10928E+02    0
   84   89        39   44        0.46339          905.53259      947.76052         0.10167E+02    0.10167E+02    0
   85   90        39   44        0.46076          871.86816      916.44328         0.92407E+01    0.92407E+01    0
   86   91        39   44        0.37091          849.59402      887.52434         0.84922E+01    0.84922E+01    0
   87   92        39   44        0.41708          804.31051      849.70801         0.75960E+01    0.75960E+01    0
   88   93        39   44        0.46289          743.45882      797.13898         0.66398E+01    0.66398E+01    0
   89   94        39   44        0.53725          683.29339      749.97070         0.57701E+01    0.57701E+01    0
   90   95        39   44        0.59894          632.58229      712.23902         0.50500E+01    0.50500E+01    0
   91   96        39   44        0.63505          575.49795      666.04974         0.43458E+01    0.43458E+01    0
   46   51        40   45        3.91392          394.49877      457.44331         0.33333E+02    0.26439E+02    1
   47   52        40   45        0.46232          554.97641      562.72763         0.33332E+02    0.33332E+02    0
   48   53        40   45       -0.78485          670.58069      650.32005         0.33330E+02    0.25582E+02    1
   49   54        40   45       -0.80683          727.63806      703.59631         0.33325E+02    0.24014E+02    1
   50   55        40   45       -0.95489          800.78286      767.59750         0.33319E+02    0.22561E+02    1
   51   56        40   45       -0.89027          858.52299      824.89049         0.33308E+02    0.22277E+02    1
   52   57        40   45       -0.71971          890.66283      862.59065         0.33291E+02    0.22473E+02    1
   53   58        40   45       -0.64880          921.97714      895.89603         0.33266E+02    0.22609E+02    1
   54   59        40   45       -0.55815          952.49703      929.43281         0.33230E+02    0.22770E+02    1
   55   60        40   45       -0.46923          962.50404      943.06952         0.33175E+02    0.23003E+02    1
   56   61        40   45       -0.49820          981.28368      960.06848         0.33102E+02    0.22794E+02    1
   57   62        40   45       -0.45794          996.25108      976.50289         0.33004E+02    0.22872E+02    1
   58   63        40   45       -0.51394         1010.48505      987.84170         0.32876E+02    0.22677E+02    1
   59   64        40   45       -0.59878         1033.97016     1006.80976         0.32723E+02    0.22494E+02    1
   60   65        40   45       -0.59504         1061.03905     1033.55292         0.32541E+02    0.22672E+02    1
   61   66        40   45       -0.65539         1100.22535     1069.12973         0.32342E+02    0.22860E+02    1
   62   67        40   45       -0.63572         1114.57415     1085.17616         0.32060E+02    0.23783E+02    1
   63   68        40   45       -0.63157         1147.35759     1118.62706         0.31771E+02    0.24905E+02    1
   64   69        40   45       -0.67563         1183.73827     1153.98797         0.31453E+02    0.26544E+02    1
   65   70        40   45       -0.60757         1211.00026     1186.76300         0.31064E+02    0.30052E+02    1
   66   71        40   45       -0.34385         1212.01560     1198.43920         0.30525E+02    0.30525E+02    0
   67   72        40   45       -0.30448         1249.52365     1236.93731         0.30075E+02    0.30075E+02    0
   68   73        40   45       -0.12641         1270.81927     1265.38689         0.29509E+02    0.29509E+02    0
   69   74        40   45       -0.13035         1262.12951     1256.41458         0.28721E+02    0.28721E+02    0
   70   75        40   45        0.10220         1208.22611     1212.71966         0.27532E+02    0.27532E+02    0
   71   76        40   45        0.07496         1175.06810     1178.41742         0.26338E+02    0.26338E+02    0
   72   77        40   45       -0.14210         1142.30442     1135.83892         0.25034E+02    0.25034E+02    0
   73   78        40   45        0.13288         1055.43970     1061.54325         0.23044E+02    0.23044E+02    0
   74   79        40   45        0.01961         1043.28629     1044.22568         0.21787E+02    0.21787E+02    0
   75   80        40   45       -0.01078         1025.36876     1024.82843         0.20454E+02    0.20454E+02    0
   76   81        40   45       -0.01901         1007.54170     1006.54107         0.19132E+02    0.19132E+02    0
   77   82        40   45        0.14455          970.16326      978.17085         0.17585E+02    0.17585E+02    0
   78   83        40   45        0.29775          938.55315      956.01278         0.16154E+02    0.16154E+02    0
   79   84        40   45        0.40981          915.89643      941.43716         0.14900E+02    0.14900E+02    0
   80   85        40   45        0.44129          907.59283      936.88105         0.13894E+02    0.13894E+02    0
   81   86        40   45        0.44906          909.03136      940.81052         0.13068E+02    0.13068E+02    0
   82   87        40   45        0.53107          915.80571      956.02474         0.12356E+02    0.12356E+02    0
   83   88        40   45        0.39890          941.06693      973.16652         0.11893E+02    0.11893E+02    0
   84   89        40   45        0.32945          929.79078      957.88487         0.11067E+02    0.11067E+02    0
   85   90        40   45        0.33831          895.84208      926.45639         0.10068E+02    0.10068E+02    0
   86   91        40   45        0.25510          872.95134      897.35761         0.92513E+01    0.92513E+01    0
   87   92        40   45        0.34341          824.12839      859.14248         0.82534E+01    0.82534E+01    0
   88   93        40   45        0.36855          765.99442      805.93084         0.72517E+01    0.72517E+01    0
   89   94        40   45        0.49435          700.70998      758.17509         0.62719E+01    0.62719E+01    0
   90   95        40   45        0.53490          653.51258      719.93782         0.55257E+01    0.55257E+01    0
   91   96        40   45        0.61746          590.56379      673.07391         0.47215E+01    0.47215E+01    0
   47   52        41   46        3.81532          389.78202      446.04499         0.33333E+02    0.28297E+02    1
   48   53        41   46        0.09136          550.93081      552.44302         0.33332E+02    0.33332E+02    0
   49   54        41   46       -0.74353          633.77694      615.79695         0.33329E+02    0.25835E+02    1
   50   55        41   46       -1.09645          720.97668      687.12305         0.33325E+02    0.22798E+02    1
   51   56        41   46       -1.07100          788.84717      751.45152         0.33318E+02    0.22053E+02    1
   52   57        41   46       -0.88998          828.57935      795.81160         0.33307E+02    0.22056E+02    1
   53   58        41   46       -0.78926          865.32112      834.99139         0.33289E+02    0.22121E+02    1
   54   59        41   46       -0.68138          901.36761      874.11750         0.33263E+02    0.22196E+02    1
   55   60        41   46       -0.55515          915.72112      893.33329         0.33221E+02    0.22428E+02    1
   56   61        41   46       -0.56388          938.79622      915.24675         0.33167E+02    0.22196E+02    1
   57   62        41   46       -0.49566          957.09276      936.03733         0.33091E+02    0.22282E+02    1
   58   63        41   46       -0.53320          974.72839      951.47766         0.32990E+02    0.22086E+02    1
   59   64        41   46       -0.61961         1002.05895      974.03496         0.32869E+02    0.21844E+02    1
   60   65        41   46       -0.60876         1031.97857     1003.78283         0.32721E+02    0.21975E+02    1
   61   66        41   46       -0.67092         1074.22281     1042.07614         0.32559E+02    0.22083E+02    1
   62   67        41   46       -0.65835         1092.34640     1061.30355         0.32329E+02    0.22835E+02    1
   63   68        41   46       -0.66178         1128.43497     1097.40552         0.32089E+02    0.23734E+02    1
   64   69        41   46       -0.72230         1168.75386     1135.44396         0.31824E+02    0.24981E+02    1
   65   70        41   46       -0.66839         1199.32730     1170.70214         0.31497E+02    0.27669E+02    1
   66   71        41   46       -0.49575         1204.11208     1185.03423         0.31041E+02    0.31041E+02    0
   67   72        41   46       -0.47183         1244.94447     1225.92888         0.30654E+02    0.30654E+02    0
   68   73        41   46       -0.30892         1269.57930     1256.64309         0.30163E+02    0.30163E+02    0
   69   74        41   46       -0.33486         1264.51548     1250.23194         0.29477E+02    0.29477E+02    0
   70   75        41   46       -0.10031         1213.06114     1208.78724         0.28421E+02    0.28421E+02    0
   71   76        41   46       -0.13607         1182.27591     1176.40648         0.27339E+02    0.27339E+02    0
   72   77        41   46       -0.35999         1151.10496     1135.35635         0.26132E+02    0.26132E+02    0
   73   78        41   46       -0.06894         1065.12915     1062.10557         0.24253E+02    0.24253E+02    0
   74   79        41   46       -0.18250         1054.08666     1045.76610         0.23029E+02    0.23029E+02    0
   75   80        41   46       -0.21749         1037.55530     1027.21699         0.21718E+02    0.21718E+02    0
   76   81        41   46       -0.22105         1020.68255     1009.67970         0.20395E+02    0.20395E+02    0
   77   82        41   46       -0.03443          983.64015      981.84275         0.18824E+02    0.18824E+02    0
   78   83        41   46        0.13948          952.41163      960.09841         0.17351E+02    0.17351E+02    0
   79   84        41   46        0.25182          931.05971      945.77809         0.16055E+02    0.16055E+02    0
   80   85        41   46        0.29406          923.19369      941.47750         0.14994E+02    0.14994E+02    0
   81   86        41   46        0.29494          926.16992      945.70833         0.14128E+02    0.14128E+02    0
   82   87        41   46        0.39619          933.20380      961.29055         0.13361E+02    0.13361E+02    0
   83   88        41   46        0.25387          959.71981      978.85040         0.12862E+02    0.12862E+02    0
   84   89        41   46        0.18179          949.28626      963.79671         0.11983E+02    0.11983E+02    0
   85   90        41   46        0.20976          914.70643      932.46781         0.10907E+02    0.10907E+02    0
   86   91        41   46        0.12834          891.89479      903.38330         0.10028E+02    0.10028E+02    0
   87   92        41   46        0.24645          841.48066      864.99475         0.89422E+01    0.89422E+01    0
   88   93        41   46        0.30266          780.70508      811.41982         0.78433E+01    0.78433E+01    0
   89   94        41   46        0.42224          717.44668      763.32512         0.68119E+01    0.68119E+01    0
   90   95        41   46        0.50093          666.50583      724.78560         0.59758E+01    0.59758E+01    0
   91   96        41   46        0.56327          607.20817      677.47721         0.51438E+01    0.51438E+01    0
   48   53        42   47        3.73221          384.77794      438.60756         0.33333E+02    0.28503E+02    1
   49   54        42   47        0.32215          509.84833      514.79992         0.33332E+02    0.33332E+02    0
   50   55        42   47       -1.02494          619.38814      594.20375         0.33329E+02    0.24691E+02    1
   51   56        42   47       -1.16354          701.09942      665.97802         0.33325E+02    0.22640E+02    1
   52   57        42   47       -1.01382          750.69044      717.18799         0.33317E+02    0.22206E+02    1
   53   58        42   47       -0.90413          793.98690      762.14199         0.33304E+02    0.22087E+02    1
   54   59        42   47       -0.76298          834.89585      806.58240         0.33285E+02    0.22115E+02    1
   55   60        42   47       -0.60968          854.24196      831.19782         0.33255E+02    0.22295E+02    1
   56   61        42   47       -0.57492          880.38944      857.77955         0.33212E+02    0.22098E+02    1
   57   62        42   47       -0.47994          902.00268      882.68942         0.33153E+02    0.22174E+02    1
   58   63        42   47       -0.48799          922.30654      902.07151         0.33072E+02    0.21997E+02    1
   59   64        42   47       -0.56383          952.37832      927.98415         0.32974E+02    0.21729E+02    1
   60   65        42   47       -0.54403          984.65141      960.41082         0.32853E+02    0.21825E+02    1
   61   66        42   47       -0.60148         1028.88108     1000.99480         0.32718E+02    0.21890E+02    1
   62   67        42   47       -0.59595         1050.66572     1023.24614         0.32525E+02    0.22536E+02    1
   63   68        42   47       -0.59911         1089.23195     1061.62423         0.32323E+02    0.23336E+02    1
   64   69        42   47       -0.65765         1131.99975     1101.95634         0.32097E+02    0.24449E+02    1
   65   70        42   47       -0.60697         1165.43721     1139.34831         0.31816E+02    0.26810E+02    1
   66   71        42   47       -0.45971         1173.36902     1156.26315         0.31422E+02    0.31303E+02    1
   67   72        42   47       -0.45426         1216.80746     1199.15419         0.31084E+02    0.31084E+02    0
   68   73        42   47       -0.29055         1243.59759     1231.86431         0.30649E+02    0.30649E+02    0
   69   74        42   47       -0.32112         1241.43296     1228.23241         0.30039E+02    0.30039E+02    0
   70   75        42   47       -0.08294         1193.08124     1189.68412         0.29088E+02    0.29088E+02    0
   71   76        42   47       -0.12137         1164.76955     1159.74929         0.28098E+02    0.28098E+02    0
   72   77        42   47       -0.36349         1136.04986     1120.84437         0.26975E+02    0.26975E+02    0
   73   78        42   47       -0.07065         1052.57541     1049.62828         0.25198E+02    0.25198E+02    0
   74   79        42   47       -0.20461         1043.40418     1034.55245         0.24016E+02    0.24016E+02    0
   75   80        42   47       -0.24369         1028.12390     1017.15884         0.22727E+02    0.22727E+02    0
   76   81        42   47       -0.25876         1012.82628     1000.66229         0.21416E+02    0.21416E+02    0
   77   82        42   47       -0.07231          977.32054      973.76512         0.19840E+02    0.19840E+02    0
   78   83        42   47        0.10364          947.39269      952.76076         0.18343E+02    0.18343E+02    0
   79   84        42   47        0.22183          926.75743      938.92510         0.17007E+02    0.17007E+02    0
   80   85        42   47        0.25496          920.12239      934.98645         0.15910E+02    0.15910E+02    0
   81   86        42   47        0.25935          923.41578      939.52331         0.14997E+02    0.14997E+02    0
   82   87        42   47        0.35315          931.87753      955.34486         0.14199E+02    0.14199E+02    0
   83   88        42   47        0.20943          958.36756      973.17295         0.13661E+02    0.13661E+02    0
   84   89        42   47        0.13597          948.39360      958.57544         0.12733E+02    0.12733E+02    0
   85   90        42   47        0.16349          914.77660      927.75903         0.11601E+02    0.11601E+02    0
   86   91        42   47        0.08395          892.02160      899.07161         0.10665E+02    0.10665E+02    0
   87   92        42   47        0.18123          844.79654      860.99379         0.95427E+01    0.95427E+01    0
   88   93        42   47        0.27955          781.08796      807.70674         0.83420E+01    0.83420E+01    0
   89   94        42   47        0.42570          716.40238      759.85653         0.72289E+01    0.72289E+01    0
   90   95        42   47        0.48299          668.78259      721.48584         0.63673E+01    0.63673E+01    0
   91   96        42   47        0.57529          606.81382      674.29717         0.54556E+01    0.54556E+01    0
   49   54        43   48        4.04784          360.42937      424.62290         0.33333E+02    0.24696E+02    1
   50   55        43   48       -0.01280          510.58808      510.39203         0.33332E+02    0.33332E+02    0
   51   56        43   48       -1.04078          615.71903      590.30130         0.33329E+02    0.24688E+02    1
   52   57        43   48       -1.08750          680.75842      649.08162         0.33324E+02    0.22823E+02    1
   53   58        43   48       -1.02885          733.70013      700.50018         0.33316E+02    0.22219E+02    1
   54   59        43   48       -0.88614          781.74007      750.94700         0.33303E+02    0.22050E+02    1
   55   60        43   48       -0.71282          806.71537      781.14871         0.33282E+02    0.22134E+02    1
   56   61        43   48       -0.65262          837.19739      812.60888         0.33251E+02    0.21893E+02    1
   57   62        43   48       -0.51871          861.93013      841.83650         0.33207E+02    0.21990E+02    1
   58   63        43   48       -0.49032          884.95139      865.31003         0.33146E+02    0.21846E+02    1
   59   64        43   48       -0.55859          918.39674      894.87994         0.33070E+02    0.21534E+02    1
   60   65        43   48       -0.52199          953.14782      930.40620         0.32975E+02    0.21616E+02    1
   61   66        43   48       -0.57478         1000.07441      973.85420         0.32867E+02    0.21634E+02    1
   62   67        43   48       -0.57207         1025.57785      999.47810         0.32714E+02    0.22192E+02    1
   63   68        43   48       -0.56923         1066.89595     1040.72647         0.32549E+02    0.22921E+02    1
   64   69        43   48       -0.62808         1112.86120     1084.00240         0.32364E+02    0.23905E+02    1
   65   70        43   48       -0.57853         1149.42851     1124.13556         0.32132E+02    0.26001E+02    1
   66   71        43   48       -0.43095         1160.56059     1143.95657         0.31804E+02    0.29906E+02    1
   67   72        43   48       -0.45257         1206.76588     1189.56161         0.31518E+02    0.31518E+02    0
   68   73        43   48       -0.26670         1235.37094     1224.83711         0.31144E+02    0.31144E+02    0
   69   74        43   48       -0.29482         1235.89257     1224.04972         0.30619E+02    0.30619E+02    0
   70   75        43   48       -0.03734         1189.42915     1187.93934         0.29790E+02    0.29790E+02    0
   71   76        43   48       -0.07196         1163.00425     1160.11280         0.28908E+02    0.28908E+02    0
   72   77        43   48       -0.31814         1135.74963     1122.86772         0.27890E+02    0.27890E+02    0
   73   78        43   48       -0.03059         1053.92493     1052.69741         0.26252E+02    0.26252E+02    0
   74   79        43   48       -0.19547         1046.83638     1038.72803         0.25138E+02    0.25138E+02    0
   75   80        43   48       -0.23975         1032.60336     1022.29484         0.23895E+02    0.23895E+02    0
   76   81        43   48       -0.26558         1018.54706     1006.65485         0.22613E+02    0.22613E+02    0
   77   82        43   48       -0.08464          984.29801      980.34891         0.21055E+02    0.21055E+02    0
   78   83        43   48        0.09141          955.34040      959.81791         0.19548E+02    0.19548E+02    0
   79   84        43   48        0.21307          935.27210      946.29885         0.18179E+02    0.18179E+02    0
   80   85        43   48        0.24635          929.16980      942.70086         0.17039E+02    0.17039E+02    0
   81   86        43   48        0.24812          933.14344      947.65131         0.16083E+02    0.16083E+02    0
   82   87        43   48        0.34798          942.23013      963.99239         0.15240E+02    0.15240E+02    0
   83   88        43   48        0.18626          970.00826      982.40269         0.14670E+02    0.14670E+02    0
   84   89        43   48        0.11285          960.12709      968.07897         0.13682E+02    0.13682E+02    0
   85   90        43   48        0.14314          926.65375      937.34150         0.12482E+02    0.12482E+02    0
   86   91        43   48        0.05881          904.00363      908.64609         0.11481E+02    0.11481E+02    0
   87   92        43   48        0.17101          855.95812      870.32311         0.10275E+02    0.10275E+02    0
   88   93        43   48        0.24256          794.86444      816.52698         0.90212E+01    0.90212E+01    0
   89   94        43   48        0.43511          726.48327      768.20496         0.77919E+01    0.77919E+01    0
   90   95        43   48        0.49082          679.13028      729.43096         0.68692E+01    0.68692E+01    0
   91   96        43   48        0.59489          616.07647      681.64710         0.58818E+01    0.58818E+01    0
   50   55        44   49        3.56466          383.17658      431.95172         0.33333E+02    0.29751E+02    1
   51   56        44   49       -0.49456          527.64603      519.46638         0.33332E+02    0.31655E+02    1
   52   57        44   49       -1.21318          616.59556      586.15675         0.33329E+02    0.23964E+02    1
   53   58        44   49       -1.30376          683.29074      644.38006         0.33324E+02    0.22236E+02    1
   54   59        44   49       -1.17455          740.28153      701.36393         0.33316E+02    0.21750E+02    1
   55   60        44   49       -0.97754          771.08598      737.14003         0.33303E+02    0.21712E+02    1
   56   61        44   49       -0.87809          805.73003      773.41039         0.33282E+02    0.21449E+02    1
   57   62        44   49       -0.69157          833.08266      806.82047         0.33251E+02    0.21590E+02    1
   58   63        44   49       -0.59525          857.56252      834.21257         0.33206E+02    0.21562E+02    1
   59   64        44   49       -0.64666          894.22615      867.38588         0.33150E+02    0.21219E+02    1
   60   65        44   49       -0.59091          931.53889      906.02553         0.33077E+02    0.21278E+02    1
   61   66        44   49       -0.62926          981.05845      952.45994         0.32994E+02    0.21270E+02    1
   62   67        44   49       -0.63312         1010.56004      981.52591         0.32876E+02    0.21718E+02    1
   63   68        44   49       -0.64691         1056.05521     1025.83642         0.32748E+02    0.22283E+02    1
   64   69        44   49       -0.69252         1104.82457     1072.30656         0.32600E+02    0.23181E+02    1
   65   70        44   49       -0.62626         1143.57524     1115.40044         0.32413E+02    0.25105E+02    1
   66   71        44   49       -0.49660         1158.31394     1138.23845         0.32149E+02    0.28404E+02    1
   67   72        44   49       -0.53594         1207.34113     1186.85609         0.31913E+02    0.31318E+02    1
   68   73        44   49       -0.33807         1238.09308     1224.91869         0.31602E+02    0.31602E+02    0
   69   74        44   49       -0.37218         1241.76731     1227.02579         0.31165E+02    0.31165E+02    0
   70   75        44   49       -0.09316         1196.82134     1193.16665         0.30462E+02    0.30462E+02    0
   71   76        44   49       -0.11435         1171.81473     1167.31172         0.29699E+02    0.29699E+02    0
   72   77        44   49       -0.36773         1146.05058     1131.51152         0.28802E+02    0.28802E+02    0
   73   78        44   49       -0.08084         1065.08596     1061.94039         0.27333E+02    0.27333E+02    0
   74   79        44   49       -0.26753         1059.70120     1048.97874         0.26306E+02    0.26306E+02    0
   75   80        44   49       -0.31528         1046.43804     1033.39364         0.25134E+02    0.25134E+02    0
   76   81        44   49       -0.34690         1033.39364     1018.50533         0.23904E+02    0.23904E+02    0
   77   82        44   49       -0.16550          999.97808      992.61331         0.22388E+02    0.22388E+02    0
   78   83        44   49        0.01700          971.61521      972.40608         0.20891E+02    0.20891E+02    0
   79   84        44   49        0.14128          952.15706      959.07872         0.19506E+02    0.19506E+02    0
   80   85        44   49        0.17991          946.41906      955.75361         0.18330E+02    0.18330E+02    0
   81   86        44   49        0.17860          951.25285      961.10356         0.17336E+02    0.17336E+02    0
   82   87        44   49        0.28624          961.14650      978.01802         0.16449E+02    0.16449E+02    0
   83   88        44   49        0.11556          989.83491      997.08339         0.15839E+02    0.15839E+02    0
   84   89        44   49        0.03571          980.55992      982.92878         0.14798E+02    0.14798E+02    0
   85   90        44   49        0.08021          946.44690      952.07876         0.13519E+02    0.13519E+02    0
   86   91        44   49       -0.01284          924.14320      923.19120         0.12453E+02    0.12453E+02    0
   87   92        44   49        0.10746          875.90728      884.37852         0.11165E+02    0.11165E+02    0
   88   93        44   49        0.21181          811.99027      829.74205         0.97940E+01    0.97940E+01    0
   89   94        44   49        0.38214          746.36370      780.65233         0.85077E+01    0.85077E+01    0
   90   95        44   49        0.50224          692.91202      741.23336         0.74502E+01    0.74502E+01    0
   91   96        44   49        0.60206          630.32911      692.56081         0.63945E+01    0.63945E+01    0
   51   56        45   50        3.28428          377.49709      416.90446         0.33333E+02    0.33076E+02    1
   52   57        45   50       -0.57630          508.80343      499.53390         0.33332E+02    0.31344E+02    1
   53   58        45   50       -1.36303          600.50674      567.03870         0.33329E+02    0.23768E+02    1
   54   59        45   50       -1.39013          673.06903      632.07830         0.33324E+02    0.22124E+02    1
   55   60        45   50       -1.22125          713.65674      674.60896         0.33315E+02    0.21704E+02    1
   56   61        45   50       -1.11536          754.92736      716.34461         0.33301E+02    0.21261E+02    1
   57   62        45   50       -0.88634          786.18607      754.28172         0.33279E+02    0.21395E+02    1
   58   63        45   50       -0.75851          814.24849      785.81782         0.33247E+02    0.21342E+02    1
   59   64        45   50       -0.76436          853.01388      822.59323         0.33205E+02    0.21049E+02    1
   60   65        45   50       -0.68099          892.51545      864.17558         0.33149E+02    0.21104E+02    1
   61   66        45   50       -0.70041          944.11854      913.26274         0.33084E+02    0.21079E+02    1
   62   67        45   50       -0.68962          976.57485      945.74994         0.32991E+02    0.21501E+02    1
   63   68        45   50       -0.68619         1024.20046      992.81943         0.32888E+02    0.22051E+02    1
   64   69        45   50       -0.72537         1075.70915     1042.15116         0.32769E+02    0.22887E+02    1
   65   70        45   50       -0.67044         1117.95676     1087.92167         0.32617E+02    0.24618E+02    1
   66   71        45   50       -0.54022         1135.78900     1113.81577         0.32401E+02    0.27653E+02    1
   67   72        45   50       -0.56989         1187.18733     1165.06386         0.32203E+02    0.30296E+02    1
   68   73        45   50       -0.36785         1219.65846     1205.69233         0.31940E+02    0.31940E+02    0
   69   74        45   50       -0.38157         1225.75833     1211.03210         0.31569E+02    0.31569E+02    0
   70   75        45   50       -0.07181         1183.01709     1180.27706         0.30967E+02    0.30967E+02    0
   71   76        45   50       -0.07521         1159.96462     1157.08909         0.30301E+02    0.30301E+02    0
   72   77        45   50       -0.31802         1135.71425     1123.53818         0.29504E+02    0.29504E+02    0
   73   78        45   50       -0.03594         1057.16186     1055.81469         0.28183E+02    0.28183E+02    0
   74   79        45   50       -0.25604         1054.12400     1044.26240         0.27240E+02    0.27240E+02    0
   75   80        45   50       -0.30386         1041.98899     1029.94578         0.26138E+02    0.26138E+02    0
   76   81        45   50       -0.34189         1030.21617     1016.20309         0.24964E+02    0.24964E+02    0
   77   82        45   50       -0.17386          998.61151      991.25167         0.23503E+02    0.23503E+02    0
   78   83        45   50        0.00450          971.59970      971.79813         0.22032E+02    0.22032E+02    0
   79   84        45   50        0.13295          952.82497      958.98127         0.20643E+02    0.20643E+02    0
   80   85        45   50        0.17439          947.56496      956.10191         0.19444E+02    0.19444E+02    0
   81   86        45   50        0.17356          952.87950      961.90189         0.18417E+02    0.18417E+02    0
   82   87        45   50        0.29527          962.89034      979.28416         0.17490E+02    0.17490E+02    0
   83   88        45   50        0.10784          992.49825      998.87019         0.16850E+02    0.16850E+02    0
   84   89        45   50        0.01940          983.96339      985.17505         0.15766E+02    0.15766E+02    0
   85   90        45   50        0.06450          950.44971      954.70736         0.14430E+02    0.14430E+02    0
   86   91        45   50       -0.03073          928.22862      926.08649         0.13301E+02    0.13301E+02    0
   87   92        45   50        0.11507          878.83286      887.35621         0.11922E+02    0.11922E+02    0
   88   93        45   50        0.19059          817.65689      832.63649         0.10498E+02    0.10498E+02    0
   89   94        45   50        0.40067          749.71139      783.45499         0.91010E+01    0.91010E+01    0
   90   95        45   50        0.48870          699.90383      743.93741         0.80096E+01    0.80096E+01    0
   91   96        45   50        0.62966          633.93547      695.02564         0.68440E+01    0.68440E+01    0
   52   57        46   51        3.70474          357.11958      409.00575         0.33333E+02    0.27309E+02    1
   53   58        46   51       -0.11761          489.21788      487.49466         0.33331E+02    0.33331E+02    0
   54   59        46   51       -1.09010          586.96913      562.13423         0.33329E+02    0.25215E+02    1
   55   60        46   51       -1.14245          643.07660      612.12001         0.33323E+02    0.23157E+02    1
   56   61        46   51       -1.11569          694.17423      659.91445         0.33314E+02    0.22044E+02    1
   57   62        46   51       -0.88532          731.62245      702.72370         0.33299E+02    0.21968E+02    1
   58   63        46   51       -0.73905          763.99946      738.53456         0.33276E+02    0.21801E+02    1
   59   64        46   51       -0.73966          806.41961      779.00590         0.33245E+02    0.21386E+02    1
   60   65        46   51       -0.62586          848.01398      823.60625         0.33203E+02    0.21430E+02    1
   61   66        46   51       -0.62889          901.61986      875.46980         0.33153E+02    0.21367E+02    1
   62   67        46   51       -0.61629          937.73681      911.51515         0.33081E+02    0.21730E+02    1
   63   68        46   51       -0.60246          987.92437      961.54007         0.32999E+02    0.22256E+02    1
   64   69        46   51       -0.64675         1042.87506     1013.98104         0.32904E+02    0.23018E+02    1
   65   70        46   51       -0.60008         1088.87052     1062.66958         0.32782E+02    0.24637E+02    1
   66   71        46   51       -0.47556         1110.86781     1091.82484         0.32608E+02    0.27503E+02    1
   67   72        46   51       -0.51563         1165.94170     1145.99610         0.32447E+02    0.29883E+02    1
   68   73        46   51       -0.33829         1202.00184     1189.45126         0.32230E+02    0.32230E+02    0
   69   74        46   51       -0.37228         1212.27383     1198.21908         0.31924E+02    0.31924E+02    0
   70   75        46   51       -0.06884         1173.20769     1170.64021         0.31421E+02    0.31421E+02    0
   71   76        46   51       -0.07986         1153.18248     1150.20182         0.30856E+02    0.30856E+02    0
   72   77        46   51       -0.34166         1131.67129     1118.92747         0.30169E+02    0.30169E+02    0
   73   78        46   51       -0.06099         1055.15201     1052.93611         0.29010E+02    0.29010E+02    0
   74   79        46   51       -0.29702         1053.90739     1042.84914         0.28159E+02    0.28159E+02    0
   75   80        46   51       -0.35739         1043.48875     1029.84166         0.27148E+02    0.27148E+02    0
   76   81        46   51       -0.41434         1033.58829     1017.28224         0.26056E+02    0.26056E+02    0
   77   82        46   51       -0.24673         1003.24206      993.25863         0.24670E+02    0.24670E+02    0
   78   83        46   51       -0.07082          977.52728      974.55406         0.23250E+02    0.23250E+02    0
   79   84        46   51        0.05439          959.86199      962.25087         0.21881E+02    0.21881E+02    0
   80   85        46   51        0.08811          955.76950      959.85014         0.20682E+02    0.20682E+02    0
   81   86        46   51        0.07887          962.29148      966.16310         0.19641E+02    0.19641E+02    0
   82   87        46   51        0.20349          973.46204      984.11800         0.18691E+02    0.18691E+02    0
   83   88        46   51       -0.00043         1004.36491     1004.34089         0.18026E+02    0.18026E+02    0
   84   89        46   51       -0.09371          996.60870      991.09844         0.16902E+02    0.16902E+02    0
   85   90        46   51       -0.03820          963.31092      960.94101         0.15507E+02    0.15507E+02    0
   86   91        46   51       -0.14193          941.80174      932.51516         0.14323E+02    0.14323E+02    0
   87   92        46   51        0.03159          891.55476      893.74825         0.12855E+02    0.12855E+02    0
   88   93        46   51        0.11864          830.02688      838.75714         0.11339E+02    0.11339E+02    0
   89   94        46   51        0.35823          761.08743      789.31352         0.98374E+01    0.98374E+01    0
   90   95        46   51        0.45971          710.81516      749.56111         0.86615E+01    0.86615E+01    0
   91   96        46   51        0.59253          646.56141      700.23006         0.74307E+01    0.74307E+01    0
   53   58        47   52        3.43312          362.35274      406.58836         0.33333E+02    0.29806E+02    1
   54   59        47   52       -0.19404          499.36460      496.46603         0.33331E+02    0.33331E+02    0
   55   60        47   52       -1.09703          580.39061      555.77627         0.33329E+02    0.25315E+02    1
   56   61        47   52       -1.27076          646.58519      611.29181         0.33323E+02    0.22639E+02    1
   57   62        47   52       -1.07230          692.98897      660.23010         0.33314E+02    0.22143E+02    1
   58   63        47   52       -0.91052          731.00475      701.12267         0.33299E+02    0.21816E+02    1
   59   64        47   52       -0.91003          778.67560      746.02239         0.33278E+02    0.21243E+02    1
   60   65        47   52       -0.75263          822.89848      794.32863         0.33249E+02    0.21300E+02    1
   61   66        47   52       -0.73456          879.74348      849.77525         0.33212E+02    0.21194E+02    1
   62   67        47   52       -0.71058          919.91536      890.00573         0.33160E+02    0.21498E+02    1
   63   68        47   52       -0.67623          973.31333      943.85232         0.33099E+02    0.22001E+02    1
   64   69        47   52       -0.71742         1032.52543     1000.37056         0.33027E+02    0.22676E+02    1
   65   70        47   52       -0.66841         1082.42147     1052.88818         0.32934E+02    0.24162E+02    1
   66   71        47   52       -0.54763         1108.37736     1085.93625         0.32801E+02    0.26773E+02    1
   67   72        47   52       -0.58781         1167.61067     1144.07705         0.32675E+02    0.28869E+02    1
   68   73        47   52       -0.41681         1206.60358     1191.22923         0.32503E+02    0.32503E+02    0
   69   74        47   52       -0.44424         1220.49186     1203.80093         0.32261E+02    0.32261E+02    0
   70   75        47   52       -0.10603         1183.10195     1179.17095         0.31858E+02    0.31858E+02    0
   71   76        47   52       -0.10483         1165.23422     1161.35034         0.31397E+02    0.31397E+02    0
   72   77        47   52       -0.35512         1145.12928     1132.01263         0.30825E+02    0.30825E+02    0
   73   78        47   52       -0.07714         1069.56669     1066.80599         0.29848E+02    0.29848E+02    0
   74   79        47   52       -0.33976         1070.55008     1058.12786         0.29111E+02    0.29111E+02    0
   75   80        47   52       -0.39884         1061.21355     1046.31748         0.28214E+02    0.28214E+02    0
   76   81        47   52       -0.46679         1052.72389     1034.83043         0.27228E+02    0.27228E+02    0
   77   82        47   52       -0.31188         1023.64459     1011.41906         0.25958E+02    0.25958E+02    0
   78   83        47   52       -0.13751          998.78243      993.21979         0.24621E+02    0.24621E+02    0
   79   84        47   52       -0.01456          981.88232      981.26892         0.23303E+02    0.23303E+02    0
   80   85        47   52        0.02102          978.41124      979.34143         0.22119E+02    0.22119E+02    0
   81   86        47   52        0.01208          985.73984      986.30496         0.21074E+02    0.21074E+02    0
   82   87        47   52        0.14418          997.98055     1005.16231         0.20108E+02    0.20108E+02    0
   83   88        47   52       -0.07744         1030.49513     1026.39447         0.19421E+02    0.19421E+02    0
   84   89        47   52       -0.16800         1022.79269     1013.42480         0.18258E+02    0.18258E+02    0
   85   90        47   52       -0.11281          989.73275      983.11541         0.16815E+02    0.16815E+02    0
   86   91        47   52       -0.22038          968.04984      954.44170         0.15567E+02    0.15567E+02    0
   87   92        47   52       -0.05637          918.69305      915.01043         0.14034E+02    0.14034E+02    0
   88   93        47   52        0.09607          852.19494      858.84060         0.12367E+02    0.12367E+02    0
   89   94        47   52        0.32196          784.54223      808.31773         0.10784E+02    0.10784E+02    0
   90   95        47   52        0.46017          731.31427      767.67169         0.94843E+01    0.94843E+01    0
   91   96        47   52        0.60878          665.43516      717.09392         0.81426E+01    0.81426E+01    0
   54   59        48   53        3.49088          370.59467      417.65905         0.33333E+02    0.29199E+02    1
   55   60        48   53       -0.05640          486.97177      486.14843         0.33331E+02    0.33331E+02    0
   56   61        48   53       -1.15694          577.00073      550.71379         0.33329E+02    0.24812E+02    1
   57   62        48   53       -1.13008          637.37198      606.79474         0.33323E+02    0.22986E+02    1
   58   63        48   53       -1.00633          683.66054      653.35985         0.33314E+02    0.22198E+02    1
   59   64        48   53       -1.02060          737.32056      702.92388         0.33300E+02    0.21363E+02    1
   60   65        48   53       -0.85093          785.63372      754.86954         0.33279E+02    0.21302E+02    1
   61   66        48   53       -0.81295          845.56857      813.66060         0.33253E+02    0.21134E+02    1
   62   67        48   53       -0.77007          889.43965      857.99733         0.33215E+02    0.21397E+02    1
   63   68        48   53       -0.72923          946.54654      915.44035         0.33169E+02    0.21823E+02    1
   64   69        48   53       -0.76889         1009.90886      975.83994         0.33115E+02    0.22406E+02    1
   65   70        48   53       -0.72650         1064.11242     1032.02495         0.33045E+02    0.23728E+02    1
   66   71        48   53       -0.61294         1094.42310     1069.00416         0.32943E+02    0.26083E+02    1
   67   72        48   53       -0.65589         1157.83890     1130.94249         0.32844E+02    0.27906E+02    1
   68   73        48   53       -0.50488         1200.52351     1181.70910         0.32709E+02    0.31963E+02    1
   69   74        48   53       -0.54795         1218.71817     1198.35457         0.32519E+02    0.32519E+02    0
   70   75        48   53       -0.20003         1184.56050     1177.22423         0.32199E+02    0.32199E+02    0
   71   76        48   53       -0.19051         1169.46077     1162.48125         0.31826E+02    0.31826E+02    0
   72   77        48   53       -0.43725         1151.53341     1135.58674         0.31355E+02    0.31355E+02    0
   73   78        48   53       -0.15840         1077.46999     1071.89618         0.30540E+02    0.30540E+02    0
   74   79        48   53       -0.44845         1080.96817     1064.88211         0.29910E+02    0.29910E+02    0
   75   80        48   53       -0.51192         1073.22981     1054.53272         0.29128E+02    0.29128E+02    0
   76   81        48   53       -0.59387         1066.55014     1044.36632         0.28254E+02    0.28254E+02    0
   77   82        48   53       -0.44716         1038.87816     1021.88159         0.27108E+02    0.27108E+02    0
   78   83        48   53       -0.27874         1015.32018     1004.44094         0.25874E+02    0.25874E+02    0
   79   84        48   53       -0.15566          999.31730      993.02081         0.24627E+02    0.24627E+02    0
   80   85        48   53       -0.12484          996.94609      991.66021         0.23483E+02    0.23483E+02    0
   81   86        48   53       -0.14354         1005.70738      999.29976         0.22458E+02    0.22458E+02    0
   82   87        48   53       -0.00090         1019.04045     1018.99779         0.21492E+02    0.21492E+02    0
   83   88        48   53       -0.24014         1053.25773     1041.16464         0.20795E+02    0.20795E+02    0
   84   89        48   53       -0.33867         1046.54436     1028.63395         0.19619E+02    0.19619E+02    0
   85   90        48   53       -0.26392         1013.09036      998.45465         0.18136E+02    0.18136E+02    0
   86   91        48   53       -0.37958          991.89483      969.79064         0.16843E+02    0.16843E+02    0
   87   92        48   53       -0.18816          941.57017      930.00988         0.15231E+02    0.15231E+02    0
   88   93        48   53       -0.04536          876.01722      873.07673         0.13491E+02    0.13491E+02    0
   89   94        48   53        0.26383          803.60053      821.84527         0.11752E+02    0.11752E+02    0
   90   95        48   53        0.38847          751.92955      780.60285         0.10380E+02    0.10380E+02    0
   91   96        48   53        0.56747          684.18078      729.13023         0.89182E+01    0.89182E+01    0
   55   60        49   54        3.55504          351.15273      397.87685         0.33333E+02    0.28458E+02    1
   56   61        49   54       -0.02418          475.93464      475.58949         0.33331E+02    0.33331E+02    0
   57   62        49   54       -0.84844          557.78016      539.99347         0.33328E+02    0.26180E+02    1
   58   63        49   54       -0.93386          616.34500      592.50140         0.33322E+02    0.23670E+02    1
   59   64        49   54       -1.03024          677.44632      646.62048         0.33313E+02    0.22122E+02    1
   60   65        49   54       -0.85000          729.52794      701.70880         0.33299E+02    0.21863E+02    1
   61   66        49   54       -0.80894          792.28308      763.05777         0.33280E+02    0.21523E+02    1
   62   67        49   54       -0.75560          839.61606      810.87966         0.33252E+02    0.21697E+02    1
   63   68        49   54       -0.67402          897.95192      871.05857         0.33217E+02    0.22166E+02    1
   64   69        49   54       -0.71054          964.22505      934.48550         0.33175E+02    0.22680E+02    1
   65   70        49   54       -0.66394         1021.48132      993.54616         0.33120E+02    0.23944E+02    1
   66   71        49   54       -0.53203         1055.11625     1033.99395         0.33040E+02    0.26309E+02    1
   67   72        49   54       -0.56987         1121.44643     1098.90706         0.32961E+02    0.28068E+02    1
   68   73        49   54       -0.38284         1166.40707     1152.63754         0.32851E+02    0.32238E+02    1
   69   74        49   54       -0.40859         1188.06461     1173.31046         0.32697E+02    0.32697E+02    0
   70   75        49   54       -0.02676         1157.16160     1156.20715         0.32434E+02    0.32434E+02    0
   71   76        49   54       -0.01367         1145.44278     1144.95555         0.32124E+02    0.32124E+02    0
   72   77        49   54       -0.23204         1129.30534     1121.07556         0.31725E+02    0.31725E+02    0
   73   78        49   54        0.03237         1058.89129     1059.99639         0.31031E+02    0.31031E+02    0
   74   79        49   54       -0.28735         1064.84001     1054.84899         0.30482E+02    0.30482E+02    0
   75   80        49   54       -0.35443         1058.73079     1046.20787         0.29787E+02    0.29787E+02    0
   76   81        49   54       -0.45183         1053.89382     1037.60180         0.29001E+02    0.29001E+02    0
   77   82        49   54       -0.32828         1028.46178     1016.45656         0.27959E+02    0.27959E+02    0
   78   83        49   54       -0.18171         1006.89446     1000.09466         0.26816E+02    0.26816E+02    0
   79   84        49   54       -0.07409          992.27230      989.40885         0.25636E+02    0.25636E+02    0
   80   85        49   54       -0.05236          990.76902      988.65660         0.24530E+02    0.24530E+02    0
   81   86        49   54       -0.08014         1000.27686      996.87463         0.23523E+02    0.23523E+02    0
   82   87        49   54        0.06337         1014.27782     1017.13050         0.22562E+02    0.22562E+02    0
   83   88        49   54       -0.19501         1049.23602     1039.91668         0.21858E+02    0.21858E+02    0
   84   89        49   54       -0.30568         1043.35627     1028.04410         0.20675E+02    0.20675E+02    0
   85   90        49   54       -0.23777         1010.94177      998.48386         0.19175E+02    0.19175E+02    0
   86   91        49   54       -0.36010          990.06722      970.28692         0.17843E+02    0.17843E+02    0
   87   92        49   54       -0.16926          940.55966      930.77196         0.16181E+02    0.16181E+02    0
   88   93        49   54       -0.02120          875.23553      873.94469         0.14363E+02    0.14363E+02    0
   89   94        49   54        0.25990          805.95015      822.78591         0.12571E+02    0.12571E+02    0
   90   95        49   54        0.44046          751.08993      781.57365         0.11071E+02    0.11071E+02    0
   91   96        49   54        0.60024          685.47268      729.98107         0.95413E+01    0.95413E+01    0
   56   61        50   55        3.40808          362.35705      404.67338         0.33333E+02    0.30856E+02    1
   57   62        50   55        0.13549          478.44678      480.39563         0.33331E+02    0.33331E+02    0
   58   63        50   55       -0.87633          559.01759      540.30744         0.33328E+02    0.25742E+02    1
   59   64        50   55       -1.21611          634.18161      600.77594         0.33323E+02    0.22473E+02    1
   60   65        50   55       -1.06728          693.77992      660.63708         0.33314E+02    0.21803E+02    1
   61   66        50   55       -1.02778          762.12554      726.14538         0.33302E+02    0.21252E+02    1
   62   67        50   55       -0.98587          815.67288      778.65603         0.33283E+02    0.21227E+02    1
   63   68        50   55       -0.89351          878.58124      842.95682         0.33259E+02    0.21586E+02    1
   64   69        50   55       -0.92116          949.89051      910.91447         0.33229E+02    0.21986E+02    1
   65   70        50   55       -0.85308         1010.83570      974.25459         0.33189E+02    0.23144E+02    1
   66   71        50   55       -0.72782         1049.08880     1019.21568         0.33131E+02    0.25194E+02    1
   67   72        50   55       -0.77214         1120.75960     1088.71056         0.33073E+02    0.26614E+02    1
   68   73        50   55       -0.58404         1169.18501     1146.78109         0.32990E+02    0.30186E+02    1
   69   74        50   55       -0.63280         1195.29577     1172.24147         0.32874E+02    0.32491E+02    1
   70   75        50   55       -0.19488         1166.03692     1159.10280         0.32673E+02    0.32673E+02    0
   71   76        50   55       -0.14731         1156.62821     1151.38659         0.32433E+02    0.32433E+02    0
   72   77        50   55       -0.35733         1142.89976     1130.25525         0.32119E+02    0.32119E+02    0
   73   78        50   55       -0.08611         1073.58329     1070.65876         0.31567E+02    0.31567E+02    0
   74   79        50   55       -0.43215         1082.36504     1067.43835         0.31120E+02    0.31120E+02    0
   75   80        50   55       -0.47100         1076.96170     1060.47852         0.30538E+02    0.30538E+02    0
   76   81        50   55       -0.57330         1073.80999     1053.39756         0.29871E+02    0.29871E+02    0
   77   82        50   55       -0.48398         1050.66069     1033.25976         0.28980E+02    0.28980E+02    0
   78   83        50   55       -0.34542         1030.37430     1017.72966         0.27974E+02    0.27974E+02    0
   79   84        50   55       -0.24013         1016.66112     1007.62848         0.26907E+02    0.26907E+02    0
   80   85        50   55       -0.20122         1015.41000     1007.54397         0.25875E+02    0.25875E+02    0
   81   86        50   55       -0.22735         1025.91385     1016.59615         0.24918E+02    0.24918E+02    0
   82   87        50   55       -0.08484         1041.60867     1037.93249         0.23996E+02    0.23996E+02    0
   83   88        50   55       -0.35652         1078.29509     1061.92227         0.23301E+02    0.23301E+02    0
   84   89        50   55       -0.47502         1073.29965     1050.51598         0.22139E+02    0.22139E+02    0
   85   90        50   55       -0.38412         1040.16385     1020.98125         0.20636E+02    0.20636E+02    0
   86   91        50   55       -0.51785         1019.69248      992.67682         0.19286E+02    0.19286E+02    0
   87   92        50   55       -0.30568          969.29647      952.58211         0.17574E+02    0.17574E+02    0
   88   93        50   55       -0.14155          902.72470      894.61034         0.15676E+02    0.15676E+02    0
   89   94        50   55        0.20240          830.08776      842.39606         0.13751E+02    0.13751E+02    0
   90   95        50   55        0.35336          777.43344      800.30535         0.12187E+02    0.12187E+02    0
   91   96        50   55        0.58900          706.59515      747.43632         0.10482E+02    0.10482E+02    0
   57   62        51   56        3.81463          350.73678      404.22139         0.33333E+02    0.26877E+02    1
   58   63        51   56        0.56277          464.37408      472.28125         0.33331E+02    0.33331E+02    0
   59   64        51   56       -0.99021          561.86069      540.02375         0.33328E+02    0.24979E+02    1
   60   65        51   56       -1.05240          633.86678      605.25016         0.33323E+02    0.22781E+02    1
   61   66        51   56       -1.08372          709.92865      675.25588         0.33315E+02    0.21643E+02    1
   62   67        51   56       -1.07106          770.48979      732.74376         0.33302E+02    0.21323E+02    1
   63   68        51   56       -0.97582          838.19258      801.07323         0.33286E+02    0.21543E+02    1
   64   69        51   56       -1.00970          914.79778      873.37641         0.33265E+02    0.21791E+02    1
   65   70        51   56       -0.92647          979.71448      940.81051         0.33236E+02    0.22865E+02    1
   66   71        51   56       -0.80001         1022.86341      990.31547         0.33193E+02    0.24739E+02    1
   67   72        51   56       -0.84456         1099.32808     1064.14598         0.33149E+02    0.25965E+02    1
   68   73        51   56       -0.64363         1151.48734     1126.44473         0.33086E+02    0.29272E+02    1
   69   74        51   56       -0.65694         1181.39015     1157.02219         0.32997E+02    0.31520E+02    1
   70   75        51   56       -0.21772         1156.20551     1148.56630         0.32843E+02    0.32843E+02    0
   71   76        51   56       -0.13509         1149.74141     1144.99491         0.32655E+02    0.32655E+02    0
   72   77        51   56       -0.28155         1137.13642     1127.29874         0.32403E+02    0.32403E+02    0
   73   78        51   56       -0.01441         1070.65808     1070.17546         0.31960E+02    0.31960E+02    0
   74   79        51   56       -0.39377         1082.66551     1069.25550         0.31594E+02    0.31594E+02    0
   75   80        51   56       -0.41740         1078.73773     1064.35943         0.31106E+02    0.31106E+02    0
   76   81        51   56       -0.53243         1077.78934     1059.16325         0.30542E+02    0.30542E+02    0
   77   82        51   56       -0.46641         1056.90449     1040.47877         0.29777E+02    0.29777E+02    0
   78   83        51   56       -0.34412         1038.44367     1026.15047         0.28896E+02    0.28896E+02    0
   79   84        51   56       -0.29127         1027.56929     1016.91686         0.27951E+02    0.27951E+02    0
   80   85        51   56       -0.21310         1025.74183     1017.67488         0.26990E+02    0.26990E+02    0
   81   86        51   56       -0.24205         1037.22477     1027.64711         0.26092E+02    0.26092E+02    0
   82   87        51   56       -0.08364         1053.53029     1050.04022         0.25207E+02    0.25207E+02    0
   83   88        51   56       -0.36860         1091.46851     1075.18971         0.24529E+02    0.24529E+02    0
   84   89        51   56       -0.40800         1083.24995     1064.49110         0.23356E+02    0.23356E+02    0
   85   90        51   56       -0.40845         1054.82690     1035.35715         0.21924E+02    0.21924E+02    0
   86   91        51   56       -0.56188         1035.17863     1007.29144         0.20575E+02    0.20575E+02    0
   87   92        51   56       -0.33198          984.23090      967.03257         0.18832E+02    0.18832E+02    0
   88   93        51   56       -0.16312          917.27047      908.44800         0.16877E+02    0.16877E+02    0
   89   94        51   56        0.17382          845.71968      855.65072         0.14889E+02    0.14889E+02    0
   90   95        51   56        0.36152          791.11336      813.06421         0.13209E+02    0.13209E+02    0
   91   96        51   56        0.57453          722.12219      759.36361         0.11425E+02    0.11425E+02    0
   58   63        52   57        4.16497          335.91341      397.18692         0.33333E+02    0.24858E+02    1
   59   64        52   57        0.37983          468.71001      474.08187         0.33331E+02    0.33331E+02    0
   60   65        52   57       -0.72539          560.53669      544.82136         0.33328E+02    0.25509E+02    1
   61   66        52   57       -0.99562          647.21596      619.42737         0.33323E+02    0.22687E+02    1
   62   67        52   57       -1.07119          716.34807      681.92431         0.33315E+02    0.21751E+02    1
   63   68        52   57       -0.99528          789.51043      754.14004         0.33304E+02    0.21714E+02    1
   64   69        52   57       -1.03795          871.15174      830.61215         0.33289E+02    0.21781E+02    1
   65   70        52   57       -0.97348          941.51722      901.87573         0.33268E+02    0.22631E+02    1
   66   71        52   57       -0.84027          989.26834      955.70419         0.33237E+02    0.24343E+02    1
   67   72        52   57       -0.87716         1069.93057     1033.63254         0.33205E+02    0.25414E+02    1
   68   73        52   57       -0.66224         1125.84939     1099.96239         0.33157E+02    0.28469E+02    1
   69   74        52   57       -0.68635         1161.73667     1135.72739         0.33091E+02    0.30312E+02    1
   70   75        52   57       -0.20204         1139.13752     1132.17884         0.32972E+02    0.32972E+02    0
   71   76        52   57       -0.11680         1137.00330     1132.96483         0.32827E+02    0.32827E+02    0
   72   77        52   57       -0.23383         1126.99191     1118.94403         0.32628E+02    0.32628E+02    0
   73   78        52   57        0.03967         1063.32706     1064.63469         0.32276E+02    0.32276E+02    0
   74   79        52   57       -0.36191         1078.25047     1066.11630         0.31978E+02    0.31978E+02    0
   75   80        52   57       -0.39132         1076.65998     1063.39934         0.31576E+02    0.31576E+02    0
   76   81        52   57       -0.51679         1077.96726     1060.20445         0.31103E+02    0.31103E+02    0
   77   82        52   57       -0.46815         1059.28367     1043.12522         0.30456E+02    0.30456E+02    0
   78   83        52   57       -0.36828         1042.96859     1030.11396         0.29696E+02    0.29696E+02    0
   79   84        52   57       -0.28557         1031.97199     1021.80791         0.28851E+02    0.28851E+02    0
   80   85        52   57       -0.27057         1033.35566     1023.41758         0.27998E+02    0.27998E+02    0
   81   86        52   57       -0.30442         1045.93525     1034.28132         0.27169E+02    0.27169E+02    0
   82   87        52   57       -0.14030         1063.30051     1057.65181         0.26340E+02    0.26340E+02    0
   83   88        52   57       -0.44062         1102.62947     1083.87976         0.25691E+02    0.25691E+02    0
   84   89        52   57       -0.57159         1099.19991     1073.96266         0.24609E+02    0.24609E+02    0
   85   90        52   57       -0.49907         1068.12492     1045.38146         0.23188E+02    0.23188E+02    0
   86   91        52   57       -0.66177         1048.97907     1017.69148         0.21855E+02    0.21855E+02    0
   87   92        52   57       -0.46678         1000.35977      977.43965         0.20138E+02    0.20138E+02    0
   88   93        52   57       -0.23724          930.58659      918.47871         0.18115E+02    0.18115E+02    0
   89   94        52   57        0.11531          859.12140      865.31123         0.16062E+02    0.16062E+02    0
   90   95        52   57        0.31626          804.40666      822.39761         0.14298E+02    0.14298E+02    0
   91   96        52   57        0.55883          734.20927      768.06939         0.12395E+02    0.12395E+02    0
   59   64        53   58        3.70552          351.38818      394.76963         0.33333E+02    0.31831E+02    1
   60   65        53   58        0.25191          473.72529      477.31920         0.33331E+02    0.33331E+02    0
   61   66        53   58       -0.87838          578.51381      558.19776         0.33329E+02    0.24571E+02    1
   62   67        53   58       -1.15109          660.02638      626.77046         0.33324E+02    0.22265E+02    1
   63   68        53   58       -1.12159          740.90694      703.72348         0.33316E+02    0.21783E+02    1
   64   69        53   58       -1.18865          829.59566      785.10716         0.33307E+02    0.21566E+02    1
   65   70        53   58       -1.12935          905.63461      860.73697         0.33293E+02    0.22211E+02    1
   66   71        53   58       -1.00128          958.98048      919.27997         0.33271E+02    0.23682E+02    1
   67   72        53   58       -1.03652         1044.92863     1001.71540         0.33247E+02    0.24542E+02    1
   68   73        53   58       -0.81256         1104.87135     1072.45184         0.33213E+02    0.27284E+02    1
   69   74        53   58       -0.82774         1146.29143     1113.87506         0.33164E+02    0.28854E+02    1
   70   75        53   58       -0.39491         1129.05415     1115.65419         0.33076E+02    0.33076E+02    0
   71   76        53   58       -0.25245         1129.82658     1121.20771         0.32966E+02    0.32966E+02    0
   72   77        53   58       -0.35251         1123.21280     1111.21125         0.32814E+02    0.32814E+02    0
   73   78        53   58       -0.06425         1062.02731     1059.93264         0.32542E+02    0.32542E+02    0
   74   79        53   58       -0.48688         1080.23325     1064.07571         0.32307E+02    0.32307E+02    0
   75   80        53   58       -0.50346         1080.65349     1063.77591         0.31984E+02    0.31984E+02    0
   76   81        53   58       -0.63122         1084.25127     1062.80685         0.31599E+02    0.31599E+02    0
   77   82        53   58       -0.60557         1068.12194     1047.50284         0.31066E+02    0.31066E+02    0
   78   83        53   58       -0.52831         1054.09978     1035.95735         0.30431E+02    0.30431E+02    0
   79   84        53   58       -0.45681         1044.63871     1028.69762         0.29706E+02    0.29706E+02    0
   80   85        53   58       -0.45031         1047.44298     1031.28079         0.28958E+02    0.28958E+02    0
   81   86        53   58       -0.49087         1061.47833     1043.17157         0.28216E+02    0.28216E+02    0
   82   87        53   58       -0.31923         1080.16530     1067.68004         0.27458E+02    0.27458E+02    0
   83   88        53   58       -0.64012         1121.57693     1095.15940         0.26855E+02    0.26855E+02    0
   84   89        53   58       -0.77239         1119.05762     1086.10793         0.25844E+02    0.25844E+02    0
   85   90        53   58       -0.69221         1088.43373     1058.10950         0.24498E+02    0.24498E+02    0
   86   91        53   58       -0.86873         1070.12508     1030.81194         0.23210E+02    0.23210E+02    0
   87   92        53   58       -0.62226         1019.61719      990.52953         0.21500E+02    0.21500E+02    0
   88   93        53   58       -0.50673          955.53227      931.08484         0.19551E+02    0.19551E+02    0
   89   94        53   58       -0.02732          878.82607      877.44639         0.17387E+02    0.17387E+02    0
   90   95        53   58        0.19981          823.47087      834.12531         0.15543E+02    0.15543E+02    0
   91   96        53   58        0.47137          752.36641      779.03968         0.13530E+02    0.13530E+02    0
   60   65        54   59        4.10352          344.61852      399.22118         0.33333E+02    0.27900E+02    1
   61   66        54   59        0.40960          480.73861      486.68272         0.33331E+02    0.33331E+02    0
   62   67        54   59       -0.96187          584.31518      561.41958         0.33329E+02    0.24064E+02    1
   63   68        54   59       -1.14080          677.31842      643.49538         0.33324E+02    0.22270E+02    1
   64   69        54   59       -1.30038          775.96743      730.34383         0.33318E+02    0.21460E+02    1
   65   70        54   59       -1.25393          858.66188      810.79322         0.33308E+02    0.21860E+02    1
   66   71        54   59       -1.14929          919.16151      874.38343         0.33294E+02    0.23012E+02    1
   67   72        54   59       -1.18071         1010.61448      961.44618         0.33277E+02    0.23673E+02    1
   68   73        54   59       -0.94096         1074.71094     1036.71587         0.33252E+02    0.26142E+02    1
   69   74        54   59       -0.94892         1122.32820     1084.19066         0.33216E+02    0.27448E+02    1
   70   75        54   59       -0.48683         1108.50644     1091.88209         0.33152E+02    0.32218E+02    1
   71   76        54   59       -0.30890         1113.09150     1102.74231         0.33069E+02    0.33069E+02    0
   72   77        54   59       -0.35946         1109.37168     1097.33602         0.32953E+02    0.32953E+02    0
   73   78        54   59       -0.04737         1051.27559     1049.75587         0.32743E+02    0.32743E+02    0
   74   79        54   59       -0.49534         1073.12953     1056.92618         0.32558E+02    0.32558E+02    0
   75   80        54   59       -0.46113         1074.64017     1059.40542         0.32297E+02    0.32297E+02    0
   76   81        54   59       -0.57463         1080.69662     1061.00611         0.31984E+02    0.31250E+02    1
   77   82        54   59       -0.59323         1068.06267     1047.83940         0.31550E+02    0.31033E+02    1
   78   83        54   59       -0.54511         1056.47361     1038.07115         0.31021E+02    0.31021E+02    0
   79   84        54   59       -0.48337         1048.64971     1032.11018         0.30404E+02    0.30404E+02    0
   80   85        54   59       -0.45968         1051.99343     1035.86308         0.29749E+02    0.29749E+02    0
   81   86        54   59       -0.50032         1067.13397     1048.93641         0.29089E+02    0.29089E+02    0
   82   87        54   59       -0.33011         1087.25720     1074.69502         0.28405E+02    0.28405E+02    0
   83   88        54   59       -0.65334         1129.73140     1103.53271         0.27845E+02    0.27845E+02    0
   84   89        54   59       -0.80273         1128.71103     1095.54443         0.26915E+02    0.26915E+02    0
   85   90        54   59       -0.71212         1098.43508     1068.35975         0.25651E+02    0.25651E+02    0
   86   91        54   59       -0.90297         1080.90232     1041.66355         0.24420E+02    0.24420E+02    0
   87   92        54   59       -0.66743         1031.36119     1001.56321         0.22765E+02    0.22765E+02    0
   88   93        54   59       -0.47582          963.67128      941.86251         0.20787E+02    0.20787E+02    0
   89   94        54   59       -0.09588          892.52159      887.95150         0.18676E+02    0.18676E+02    0
   90   95        54   59        0.17715          835.50390      844.38689         0.16751E+02    0.16751E+02    0
   91   96        54   59        0.47151          763.71011      788.70796         0.14639E+02    0.14639E+02    0
   61   66        55   60        4.33292          349.01201      411.49098         0.33333E+02    0.26311E+02    1
   62   67        55   60        0.37730          485.09067      490.61300         0.33331E+02    0.33331E+02    0
   63   68        55   60       -0.84134          597.52349      577.40461         0.33329E+02    0.24565E+02    1
   64   69        55   60       -1.27732          709.76054      669.93057         0.33325E+02    0.22117E+02    1
   65   70        55   60       -1.31761          802.23380      755.49032         0.33319E+02    0.21948E+02    1
   66   71        55   60       -1.24691          870.55733      824.15910         0.33309E+02    0.22766E+02    1
   67   72        55   60       -1.28642          967.95969      915.74500         0.33298E+02    0.23199E+02    1
   68   73        55   60       -1.05527         1037.61258      995.31655         0.33280E+02    0.25357E+02    1
   69   74        55   60       -1.06937         1092.21623     1048.83234         0.33255E+02    0.26384E+02    1
   70   75        55   60       -0.62252         1084.44069     1062.54110         0.33208E+02    0.30514E+02    1
   71   76        55   60       -0.45089         1093.94597     1078.84010         0.33147E+02    0.32427E+02    1
   72   77        55   60       -0.44150         1092.84265     1078.20091         0.33059E+02    0.32732E+02    1
   73   78        55   60       -0.10853         1038.00581     1034.58726         0.32900E+02    0.32900E+02    0
   74   79        55   60       -0.54122         1063.06758     1044.85088         0.32755E+02    0.31312E+02    1
   75   80        55   60       -0.50574         1067.43849     1050.20203         0.32550E+02    0.31066E+02    1
   76   81        55   60       -0.61144         1076.19637     1054.47767         0.32300E+02    0.29991E+02    1
   77   82        55   60       -0.62832         1065.81969     1043.59190         0.31948E+02    0.29813E+02    1
   78   83        55   60       -0.60724         1056.93507     1035.71059         0.31515E+02    0.29934E+02    1
   79   84        55   60       -0.58437         1051.05011     1031.10076         0.31000E+02    0.30495E+02    1
   80   85        55   60       -0.59465         1056.63484     1036.02385         0.30443E+02    0.30187E+02    1
   81   86        55   60       -0.65491         1073.53665     1050.24242         0.29870E+02    0.29853E+02    1
   82   87        55   60       -0.46391         1094.37643     1077.16276         0.29261E+02    0.29261E+02    0
   83   88        55   60       -0.80206         1138.59047     1107.27007         0.28754E+02    0.28754E+02    0
   84   89        55   60       -0.96126         1138.96976     1100.41435         0.27913E+02    0.27913E+02    0
   85   90        55   60       -0.89004         1110.52027     1074.19380         0.26761E+02    0.26761E+02    0
   86   91        55   60       -1.09794         1094.15309     1048.23629         0.25610E+02    0.25610E+02    0
   87   92        55   60       -0.83252         1044.05321     1008.49130         0.24023E+02    0.24023E+02    0
   88   93        55   60       -0.63715          976.53273      948.77491         0.22095E+02    0.22095E+02    0
   89   94        55   60       -0.23958          905.59557      894.80860         0.19994E+02    0.19994E+02    0
   90   95        55   60        0.02133          850.16897      851.17421         0.18054E+02    0.18054E+02    0
   91   96        55   60        0.34642          777.93851      795.11192         0.15865E+02    0.15865E+02    0
   62   67        56   61        4.41607          348.24167      413.52072         0.33333E+02    0.25703E+02    1
   63   68        56   61        0.73616          494.49681      505.53983         0.33331E+02    0.33331E+02    0
   64   69        56   61       -0.96603          629.41067      604.87642         0.33329E+02    0.24297E+02    1
   65   70        56   61       -1.25262          736.72968      697.12429         0.33326E+02    0.22669E+02    1
   66   71        56   61       -1.28069          816.56458      772.07618         0.33319E+02    0.22860E+02    1
   67   72        56   61       -1.35155          922.00651      869.29149         0.33312E+02    0.22957E+02    1
   68   73        56   61       -1.12967          998.34975      953.96625         0.33300E+02    0.24841E+02    1
   69   74        56   61       -1.16673         1061.69020     1014.27391         0.33282E+02    0.25536E+02    1
   70   75        56   61       -0.70613         1059.75143     1034.54249         0.33250E+02    0.29330E+02    1
   71   76        56   61       -0.50333         1074.01415     1056.81678         0.33206E+02    0.31182E+02    1
   72   77        56   61       -0.43861         1076.14116     1061.38515         0.33141E+02    0.31768E+02    1
   73   78        56   61       -0.08450         1024.55646     1021.93819         0.33022E+02    0.33022E+02    0
   74   79        56   61       -0.52311         1053.60004     1035.65545         0.32912E+02    0.30452E+02    1
   75   80        56   61       -0.45206         1059.83687     1044.21557         0.32752E+02    0.30444E+02    1
   76   81        56   61       -0.55047         1071.31869     1051.49343         0.32555E+02    0.29470E+02    1
   77   82        56   61       -0.57384         1063.77745     1043.12513         0.32276E+02    0.29270E+02    1
   78   83        56   61       -0.56883         1057.68781     1037.34472         0.31928E+02    0.29290E+02    1
   79   84        56   61       -0.56986         1054.32892     1034.26356         0.31507E+02    0.29657E+02    1
   80   85        56   61       -0.58211         1061.37521     1040.55071         0.31040E+02    0.29377E+02    1
   81   86        56   61       -0.63728         1079.51884     1056.13904         0.30549E+02    0.29105E+02    1
   82   87        56   61       -0.45884         1101.20238     1084.49753         0.30017E+02    0.30017E+02    0
   83   88        56   61       -0.78582         1147.08002     1116.17243         0.29567E+02    0.28770E+02    1
   84   89        56   61       -0.97545         1149.31967     1110.57094         0.28823E+02    0.28442E+02    1
   85   90        56   61       -0.92146         1121.92806     1085.33272         0.27787E+02    0.27787E+02    0
   86   91        56   61       -1.15141         1106.77821     1060.11413         0.26729E+02    0.26729E+02    0
   87   92        56   61       -0.86831         1056.35745     1020.62920         0.25236E+02    0.25236E+02    0
   88   93        56   61       -0.69403          989.59986      960.67457         0.23396E+02    0.23396E+02    0
   89   94        56   61       -0.28303          918.55430      906.44636         0.21330E+02    0.21330E+02    0
   90   95        56   61       -0.01945          863.44431      862.57835         0.19383E+02    0.19383E+02    0
   91   96        56   61        0.30436          791.70497      805.88074         0.17150E+02    0.17150E+02    0
   63   68        57   62        4.52758          360.29182      431.59087         0.33333E+02    0.25075E+02    1
   64   69        57   62        0.33573          532.33666      537.72566         0.33332E+02    0.33332E+02    0
   65   70        57   62       -0.97432          664.77273      639.04418         0.33330E+02    0.24684E+02    1
   66   71        57   62       -1.25264          761.55679      721.85209         0.33326E+02    0.23394E+02    1
   67   72        57   62       -1.42705          879.85269      826.44101         0.33321E+02    0.22787E+02    1
   68   73        57   62       -1.23974          965.52073      917.45060         0.33314E+02    0.24276E+02    1
   69   74        57   62       -1.29008         1038.40451      985.55758         0.33302E+02    0.24699E+02    1
   70   75        57   62       -0.83698         1043.53757     1012.86197         0.33281E+02    0.28052E+02    1
   71   76        57   62       -0.59338         1062.47987     1041.59974         0.33250E+02    0.29896E+02    1
   72   77        57   62       -0.48619         1068.49598     1051.66927         0.33204E+02    0.30629E+02    1
   73   78        57   62       -0.10556         1019.44829     1016.20406         0.33119E+02    0.33119E+02    0
   74   79        57   62       -0.51227         1051.64272     1033.65274         0.33038E+02    0.29689E+02    1
   75   80        57   62       -0.39734         1059.64942     1045.67938         0.32917E+02    0.29940E+02    1
   76   81        57   62       -0.47389         1073.54406     1056.22628         0.32766E+02    0.29139E+02    1
   77   82        57   62       -0.52846         1069.97159     1050.49005         0.32553E+02    0.28759E+02    1
   78   83        57   62       -0.53384         1066.55783     1046.91749         0.32282E+02    0.28722E+02    1
   79   84        57   62       -0.53091         1064.67687     1045.43417         0.31945E+02    0.29109E+02    1
   80   85        57   62       -0.53529         1072.88892     1053.21046         0.31565E+02    0.28916E+02    1
   81   86        57   62       -0.58058         1092.21316     1070.36640         0.31156E+02    0.28735E+02    1
   82   87        57   62       -0.42415         1116.03127     1100.46405         0.30708E+02    0.30195E+02    1
   83   88        57   62       -0.73235         1163.66548     1134.05030         0.30318E+02    0.28408E+02    1
   84   89        57   62       -0.89905         1166.24896     1129.74903         0.29670E+02    0.28275E+02    1
   85   90        57   62       -0.89158         1140.17562     1105.37721         0.28765E+02    0.28765E+02    0
   86   91        57   62       -1.13411         1125.74011     1080.76366         0.27815E+02    0.27815E+02    0
   87   92        57   62       -0.89345         1077.00934     1041.25788         0.26466E+02    0.26466E+02    0
   88   93        57   62       -0.69538         1008.55688      980.59156         0.24729E+02    0.24729E+02    0
   89   94        57   62       -0.29710          937.83951      925.67164         0.22750E+02    0.22750E+02    0
   90   95        57   62       -0.05223          883.43317      881.22160         0.20837E+02    0.20837E+02    0
   91   96        57   62        0.31226          809.67250      823.41150         0.18558E+02    0.18558E+02    0
   64   69        58   63        4.17860          382.52761      441.85755         0.33333E+02    0.28981E+02    1
   65   70        58   63        0.24404          557.49319      561.58994         0.33332E+02    0.33332E+02    0
   66   71        58   63       -1.00267          681.72013      655.71801         0.33330E+02    0.25783E+02    1
   67   72        58   63       -1.43153          818.00772      769.52222         0.33327E+02    0.23428E+02    1
   68   73        58   63       -1.29811          915.44073      868.14137         0.33322E+02    0.24469E+02    1
   69   74        58   63       -1.43754         1002.95738      945.20109         0.33315E+02    0.24237E+02    1
   70   75        58   63       -1.01466         1017.91365      980.57719         0.33301E+02    0.27152E+02    1
   71   76        58   63       -0.78226         1044.67264     1016.57194         0.33281E+02    0.28688E+02    1
   72   77        58   63       -0.62569         1054.95874     1032.88636         0.33249E+02    0.29591E+02    1
   73   78        58   63       -0.15008         1006.83175     1002.22909         0.33188E+02    0.32754E+02    1
   74   79        58   63       -0.58230         1044.59565     1023.83203         0.33129E+02    0.29003E+02    1
   75   80        58   63       -0.43432         1055.23547     1039.76546         0.33040E+02    0.29408E+02    1
   76   81        58   63       -0.49080         1072.18035     1054.01954         0.32926E+02    0.28730E+02    1
   77   82        58   63       -0.55537         1072.23769     1051.39673         0.32765E+02    0.28295E+02    1
   78   83        58   63       -0.51927         1069.75264     1050.44656         0.32553E+02    0.28512E+02    1
   79   84        58   63       -0.55703         1071.52521     1050.88640         0.32291E+02    0.28640E+02    1
   80   85        58   63       -0.57552         1082.11601     1060.38965         0.31987E+02    0.28376E+02    1
   81   86        58   63       -0.62436         1103.46684     1079.28550         0.31654E+02    0.28178E+02    1
   82   87        58   63       -0.46567         1128.85514     1111.22211         0.31282E+02    0.29578E+02    1
   83   88        58   63       -0.71538         1176.21468     1146.81076         0.30942E+02    0.28258E+02    1
   84   89        58   63       -0.91495         1182.18715     1144.06304         0.30400E+02    0.27911E+02    1
   85   90        58   63       -0.92842         1157.86028     1120.87944         0.29625E+02    0.28602E+02    1
   86   91        58   63       -1.17467         1144.66254     1097.16285         0.28793E+02    0.27716E+02    1
   87   92        58   63       -0.99056         1096.61866     1057.94643         0.27591E+02    0.27591E+02    0
   88   93        58   63       -0.76977         1026.88972      996.92141         0.25990E+02    0.25990E+02    0
   89   94        58   63       -0.40441          957.52567      941.61979         0.24143E+02    0.24143E+02    0
   90   95        58   63       -0.13716          902.38002      896.84152         0.22278E+02    0.22278E+02    0
   91   96        58   63        0.22630          828.76739      838.18752         0.20023E+02    0.20023E+02    0
   65   70        59   64        4.25102          394.65950      465.57106         0.33333E+02    0.25726E+02    1
   66   71        59   64        0.77974          566.14323      579.54321         0.33332E+02    0.33332E+02    0
   67   72        59   64       -0.86816          728.13736      705.51034         0.33330E+02    0.27501E+02    1
   68   73        59   64       -1.05725          846.98520      813.85198         0.33328E+02    0.26494E+02    1
   69   74        59   64       -1.34640          951.30414      901.75466         0.33323E+02    0.25170E+02    1
   70   75        59   64       -0.97932          980.56859      946.54209         0.33314E+02    0.27729E+02    1
   71   76        59   64       -0.76171         1017.19723      990.86829         0.33301E+02    0.29045E+02    1
   72   77        59   64       -0.51783         1031.63105     1014.22468         0.33279E+02    0.30431E+02    1
   73   78        59   64       -0.04872          990.22972      988.77937         0.33238E+02    0.33238E+02    0
   74   79        59   64       -0.45850         1030.81796     1015.04954         0.33195E+02    0.29743E+02    1
   75   80        59   64       -0.28697         1045.27020     1035.39730         0.33130E+02    0.30239E+02    1
   76   81        59   64       -0.33003         1065.69923     1053.87776         0.33045E+02    0.29587E+02    1
   77   82        59   64       -0.35677         1067.68906     1054.79992         0.32923E+02    0.29375E+02    1
   78   83        59   64       -0.38854         1071.03137     1056.86357         0.32764E+02    0.29177E+02    1
   79   84        59   64       -0.40144         1074.06189     1059.54328         0.32559E+02    0.29497E+02    1
   80   85        59   64       -0.45588         1088.04848     1071.08467         0.32321E+02    0.29011E+02    1
   81   86        59   64       -0.50996         1111.56430     1092.05040         0.32053E+02    0.28793E+02    1
   82   87        59   64       -0.28728         1136.79456     1126.19747         0.31744E+02    0.30674E+02    1
   83   88        59   64       -0.60836         1188.97815     1164.18675         0.31468E+02    0.28871E+02    1
   84   89        59   64       -0.78023         1195.20800     1163.22965         0.31010E+02    0.28770E+02    1
   85   90        59   64       -0.82345         1173.86490     1141.36793         0.30363E+02    0.29331E+02    1
   86   91        59   64       -1.08778         1162.33248     1118.64767         0.29649E+02    0.28396E+02    1
   87   92        59   64       -0.85890         1112.64242     1079.70469         0.28582E+02    0.28582E+02    0
   88   93        59   64       -0.72150         1045.56377     1018.16056         0.27166E+02    0.27166E+02    0
   89   94        59   64       -0.36149          976.08205      962.32244         0.25462E+02    0.25462E+02    0
   90   95        59   64       -0.12231          921.83933      917.09456         0.23702E+02    0.23702E+02    0
   91   96        59   64        0.22422          848.47960      857.36979         0.21512E+02    0.21512E+02    0
   66   71        60   65        4.02816          419.36872      492.38515         0.33333E+02    0.25096E+02    1
   67   72        60   65        0.29771          634.42999      640.12184         0.33332E+02    0.33332E+02    0
   68   73        60   65       -0.88563          786.77990      763.32472         0.33331E+02    0.29262E+02    1
   69   74        60   65       -1.50541          918.77442      865.69213         0.33328E+02    0.25296E+02    1
   70   75        60   65       -1.18883          963.00219      922.05882         0.33323E+02    0.27363E+02    1
   71   76        60   65       -1.05868         1014.25931      976.49969         0.33316E+02    0.27905E+02    1
   72   77        60   65       -0.84735         1037.95008     1007.95076         0.33302E+02    0.28892E+02    1
   73   78        60   65       -0.36796          999.03362      987.54745         0.33276E+02    0.31820E+02    1
   74   79        60   65       -0.66801         1042.98886     1019.11429         0.33247E+02    0.28848E+02    1
   75   80        60   65       -0.37860         1057.69789     1044.44924         0.33202E+02    0.30035E+02    1
   76   81        60   65       -0.41981         1083.14174     1067.75727         0.33143E+02    0.29346E+02    1
   77   82        60   65       -0.48560         1090.72774     1072.53827         0.33058E+02    0.28876E+02    1
   78   83        60   65       -0.51866         1097.59677     1077.91283         0.32945E+02    0.28661E+02    1
   79   84        60   65       -0.46824         1100.44055     1083.04217         0.32793E+02    0.29381E+02    1
   80   85        60   65       -0.47793         1115.04181     1096.93110         0.32613E+02    0.29185E+02    1
   81   86        60   65       -0.56236         1142.52512     1120.41073         0.32411E+02    0.28772E+02    1
   82   87        60   65       -0.38283         1172.09353     1157.40525         0.32176E+02    0.30358E+02    1
   83   88        60   65       -0.68563         1227.49891     1198.51595         0.31957E+02    0.28694E+02    1
   84   89        60   65       -0.80703         1233.41334     1199.50454         0.31590E+02    0.28950E+02    1
   85   90        60   65       -0.80693         1211.06754     1178.80681         0.31064E+02    0.29887E+02    1
   86   91        60   65       -1.11570         1202.78642     1156.88028         0.30487E+02    0.28671E+02    1
   87   92        60   65       -0.95714         1154.43833     1117.71419         0.29607E+02    0.29607E+02    0
   88   93        60   65       -0.83922         1086.40882     1054.77414         0.28399E+02    0.28399E+02    0
   89   94        60   65       -0.44433         1014.22464      997.60005         0.26884E+02    0.26884E+02    0
   90   95        60   65       -0.20188          958.90293      951.27367         0.25273E+02    0.25273E+02    0
   91   96        60   65        0.15315          883.72004      889.57258         0.23202E+02    0.23202E+02    0
   67   72        61   66        3.90647          467.67971      548.55089         0.33333E+02    0.24493E+02    1
   68   73        61   66        0.80840          679.56576      696.24854         0.33332E+02    0.33332E+02    0
   69   74        61   66       -1.26632          854.95804      817.91479         0.33331E+02    0.28589E+02    1
   70   75        61   66       -1.27709          930.24408      889.19235         0.33329E+02    0.28296E+02    1
   71   76        61   66       -1.25258         1000.47909      956.53565         0.33324E+02    0.27887E+02    1
   72   77        61   66       -1.06241         1035.96686      998.18696         0.33316E+02    0.28598E+02    1
   73   78        61   66       -0.56423         1001.75162      984.02912         0.33300E+02    0.31609E+02    1
   74   79        61   66       -0.87340         1053.83080     1021.94097         0.33282E+02    0.28423E+02    1
   75   80        61   66       -0.52500         1071.84469     1053.21751         0.33252E+02    0.29946E+02    1
   76   81        61   66       -0.47630         1099.74185     1082.28899         0.33212E+02    0.29774E+02    1
   77   82        61   66       -0.51993         1111.20525     1091.73389         0.33153E+02    0.29411E+02    1
   78   83        61   66       -0.54616         1121.91563     1101.14122         0.33073E+02    0.29221E+02    1
   79   84        61   66       -0.55264         1130.19624     1109.29978         0.32966E+02    0.29613E+02    1
   80   85        61   66       -0.53615         1146.67097     1126.07971         0.32835E+02    0.29588E+02    1
   81   86        61   66       -0.56754         1175.00152     1152.62179         0.32683E+02    0.29513E+02    1
   82   87        61   66       -0.35512         1206.60079     1193.04826         0.32503E+02    0.31439E+02    1
   83   88        61   66       -0.65804         1265.63776     1237.90019         0.32333E+02    0.29695E+02    1
   84   89        61   66       -0.81946         1275.95518     1241.26919         0.32053E+02    0.29733E+02    1
   85   90        61   66       -0.81787         1254.92328     1222.03886         0.31644E+02    0.30801E+02    1
   86   91        61   66       -1.09917         1246.21309     1201.14471         0.31179E+02    0.29841E+02    1
   87   92        61   66       -0.91862         1197.39306     1161.82585         0.30464E+02    0.30464E+02    0
   88   93        61   66       -0.82671         1128.58606     1097.35920         0.29463E+02    0.29463E+02    0
   89   94        61   66       -0.50293         1057.41265     1038.71166         0.28185E+02    0.28185E+02    0
   90   95        61   66       -0.26816         1001.15979      991.17803         0.26762E+02    0.26762E+02    0
   91   96        61   66        0.08463          924.09083      927.24087         0.24870E+02    0.24870E+02    0
   68   73        62   67        4.20406          465.35925      572.88954         0.33333E+02    0.20223E+02    1
   69   74        62   67        0.98927          708.09107      729.42144         0.33332E+02    0.33332E+02    0
   70   75        62   67       -0.38054          829.15818      819.74541         0.33331E+02    0.33331E+02    0
   71   76        62   67       -0.95553          928.90505      902.04574         0.33328E+02    0.32566E+02    1
   72   77        62   67       -0.91072          983.37281      955.64538         0.33324E+02    0.31842E+02    1
   73   78        62   67       -0.35419          959.97836      949.82601         0.33313E+02    0.33313E+02    0
   74   79        62   67       -0.76626         1019.36213      994.34466         0.33301E+02    0.30837E+02    1
   75   80        62   67       -0.31929         1041.77427     1031.80056         0.33280E+02    0.33191E+02    1
   76   81        62   67       -0.21947         1073.92702     1066.86176         0.33252E+02    0.33251E+02    1
   77   82        62   67       -0.27293         1090.65150     1081.59135         0.33210E+02    0.32719E+02    1
   78   83        62   67       -0.29340         1105.48853     1095.56191         0.33151E+02    0.32528E+02    1
   79   84        62   67       -0.28413         1116.72196     1107.16851         0.33071E+02    0.33071E+02    0
   80   85        62   67       -0.25448         1135.70983     1126.97772         0.32970E+02    0.32970E+02    0
   81   86        62   67       -0.29846         1167.00410     1156.44976         0.32852E+02    0.32852E+02    0
   82   87        62   67       -0.00907         1200.15512     1199.82230         0.32709E+02    0.32709E+02    0
   83   88        62   67       -0.33616         1260.78662     1247.84086         0.32571E+02    0.32571E+02    0
   84   89        62   67       -0.49084         1273.15811     1253.98326         0.32344E+02    0.32344E+02    0
   85   90        62   67       -0.44879         1254.57206     1237.10623         0.32012E+02    0.32012E+02    0
   86   91        62   67       -0.73396         1246.70984     1218.10813         0.31624E+02    0.31624E+02    0
   87   92        62   67       -0.57093         1201.74587     1179.83857         0.31033E+02    0.31033E+02    0
   88   93        62   67       -0.47283         1133.15411     1115.53694         0.30176E+02    0.30176E+02    0
   89   94        62   67       -0.21290         1064.70093     1056.93267         0.29073E+02    0.29073E+02    0
   90   95        62   67       -0.01576         1009.99699     1009.42465         0.27807E+02    0.27807E+02    0
   91   96        62   67        0.30561          933.77484      944.78236         0.26078E+02    0.26078E+02    0
   69   74        63   68        3.93149          546.10623      660.36476         0.33333E+02    0.20694E+02    1
   70   75        63   68        1.06381          749.09554      773.38849         0.33333E+02    0.33333E+02    0
   71   76        63   68       -0.92737          898.96925      874.30227         0.33331E+02    0.33331E+02    0
   72   77        63   68       -1.28717          982.21304      942.31535         0.33329E+02    0.31040E+02    1
   73   78        63   68       -0.90885          970.20489      944.05223         0.33324E+02    0.33260E+02    1
   74   79        63   68       -1.22220         1039.09385      996.45472         0.33316E+02    0.29169E+02    1
   75   80        63   68       -0.75103         1066.11441     1041.10138         0.33304E+02    0.31634E+02    1
   76   81        63   68       -0.59141         1103.31839     1083.18786         0.33286E+02    0.32117E+02    1
   77   82        63   68       -0.57755         1123.59072     1103.54901         0.33259E+02    0.32090E+02    1
   78   83        63   68       -0.58387         1143.10404     1122.42983         0.33221E+02    0.31990E+02    1
   79   84        63   68       -0.53084         1156.06453     1137.64760         0.33166E+02    0.33056E+02    1
   80   85        63   68       -0.46133         1177.21358     1160.91842         0.33097E+02    0.33097E+02    0
   81   86        63   68       -0.45338         1210.60267     1194.09075         0.33013E+02    0.33013E+02    0
   82   87        63   68       -0.17714         1248.33120     1241.63040         0.32911E+02    0.32911E+02    0
   83   88        63   68       -0.47097         1312.96219     1294.24953         0.32809E+02    0.32809E+02    0
   84   89        63   68       -0.57486         1326.55503     1303.39760         0.32642E+02    0.32642E+02    0
   85   90        63   68       -0.51294         1309.01635     1288.45296         0.32396E+02    0.32396E+02    0
   86   91        63   68       -0.82116         1303.76327     1270.83870         0.32104E+02    0.32104E+02    0
   87   92        63   68       -0.59684         1255.93604     1232.47190         0.31647E+02    0.31647E+02    0
   88   93        63   68       -0.56402         1187.80597     1166.37922         0.30984E+02    0.30984E+02    0
   89   94        63   68       -0.29483         1116.92904     1106.04103         0.30097E+02    0.30097E+02    0
   90   95        63   68       -0.11647         1061.35721     1057.11054         0.29051E+02    0.29051E+02    0
   91   96        63   68        0.19339          982.85252      989.77020         0.27573E+02    0.27573E+02    0
   70   75        64   69        4.22210          554.70568      698.57464         0.33333E+02    0.18309E+02    1
   71   76        64   69        1.23954          799.20423      829.48367         0.33333E+02    0.33333E+02    0
   72   77        64   69       -0.60130          934.55111      917.84291         0.33332E+02    0.33332E+02    0
   73   78        64   69       -0.63380          948.10419      930.24475         0.33329E+02    0.33329E+02    0
   74   79        64   69       -1.30546         1036.16362      993.18492         0.33325E+02    0.30816E+02    1
   75   80        64   69       -0.79455         1072.39891     1047.12694         0.33317E+02    0.33317E+02    0
   76   81        64   69       -0.56865         1116.92063     1098.01289         0.33306E+02    0.33306E+02    0
   77   82        64   69       -0.54250         1143.84970     1125.36012         0.33289E+02    0.33289E+02    0
   78   83        64   69       -0.51796         1168.32380     1150.27283         0.33264E+02    0.33264E+02    0
   79   84        64   69       -0.43292         1185.26153     1169.91936         0.33228E+02    0.33228E+02    0
   80   85        64   69       -0.32472         1209.16578     1197.39001         0.33181E+02    0.33181E+02    0
   81   86        64   69       -0.25940         1244.70918     1234.99883         0.33122E+02    0.33122E+02    0
   82   87        64   69        0.10653         1283.33587     1287.47953         0.33048E+02    0.33048E+02    0
   83   88        64   69       -0.15930         1352.05763     1345.54108         0.32973E+02    0.32973E+02    0
   84   89        64   69       -0.24816         1368.65203     1358.35185         0.32850E+02    0.32850E+02    0
   85   90        64   69       -0.16734         1352.76506     1345.85316         0.32668E+02    0.32668E+02    0
   86   91        64   69       -0.45275         1348.72192     1330.03346         0.32448E+02    0.32448E+02    0
   87   92        64   69       -0.22855         1300.97410     1291.74389         0.32099E+02    0.32099E+02    0
   88   93        64   69       -0.17764         1230.67304     1223.77038         0.31582E+02    0.31582E+02    0
   89   94        64   69       -0.01464         1162.13711     1161.58653         0.30890E+02    0.30890E+02    0
   90   95        64   69        0.13165         1106.28159     1111.14012         0.30043E+02    0.30043E+02    0
   91   96        64   69        0.42450         1025.57985     1040.80528         0.28806E+02    0.28806E+02    0
   71   76        65   70        4.07052          650.36092      808.44659         0.33333E+02    0.18708E+02    1
   72   77        65   70        0.88249          894.57775      918.57819         0.33333E+02    0.33333E+02    0
   73   78        65   70       -0.34070          950.34893      940.68446         0.33332E+02    0.33332E+02    0
   74   79        65   70       -1.50801         1066.85588     1016.84447         0.33330E+02    0.31409E+02    1
   75   80        65   70       -1.07386         1117.99390     1082.54320         0.33326E+02    0.33326E+02    0
   76   81        65   70       -0.86287         1174.61964     1144.59184         0.33320E+02    0.33320E+02    0
   77   82        65   70       -0.77539         1207.87947     1180.08744         0.33310E+02    0.33310E+02    0
   78   83        65   70       -0.70943         1238.03305     1211.93326         0.33296E+02    0.33296E+02    0
   79   84        65   70       -0.58010         1258.12137     1236.37721         0.33274E+02    0.33274E+02    0
   80   85        65   70       -0.42334         1284.90199     1268.64333         0.33244E+02    0.33244E+02    0
   81   86        65   70       -0.35513         1325.76583     1311.66280         0.33206E+02    0.33206E+02    0
   82   87        65   70        0.04740         1368.61284     1370.57062         0.33158E+02    0.33158E+02    0
   83   88        65   70       -0.19209         1444.22904     1435.87395         0.33107E+02    0.33107E+02    0
   84   89        65   70       -0.24945         1463.88320     1452.86761         0.33025E+02    0.33025E+02    0
   85   90        65   70       -0.12079         1447.93565     1442.62971         0.32901E+02    0.32901E+02    0
   86   91        65   70       -0.39661         1445.66131     1428.25857         0.32748E+02    0.32748E+02    0
   87   92        65   70       -0.15376         1395.48478     1388.89887         0.32504E+02    0.32504E+02    0
   88   93        65   70       -0.10533         1321.25205     1316.92854         0.32135E+02    0.32135E+02    0
   89   94        65   70        0.02606         1249.93649     1250.96662         0.31632E+02    0.31632E+02    0
   90   95        65   70        0.15822         1191.31988     1197.41640         0.30996E+02    0.30996E+02    0
   91   96        65   70        0.41631         1106.39344     1121.83131         0.30044E+02    0.30044E+02    0
   72   77        66   71        3.73034          697.79210      839.04175         0.33333E+02    0.20236E+02    1
   73   78        66   71        1.37862          860.74920      897.09581         0.33333E+02    0.33333E+02    0
   74   79        66   71       -1.10656         1028.57975      994.99334         0.33332E+02    0.33332E+02    0
   75   80        66   71       -0.99858         1111.12168     1078.32569         0.33330E+02    0.33330E+02    0
   76   81        66   71       -0.91471         1188.34289     1156.17029         0.33327E+02    0.33327E+02    0
   77   82        66   71       -0.79644         1232.80236     1203.68538         0.33321E+02    0.33321E+02    0
   78   83        66   71       -0.71349         1272.33355     1245.37235         0.33313E+02    0.33313E+02    0
   79   84        66   71       -0.55593         1298.22014     1276.72641         0.33299E+02    0.33299E+02    0
   80   85        66   71       -0.40647         1331.45293     1315.29022         0.33280E+02    0.33280E+02    0
   81   86        66   71       -0.30087         1377.20718     1364.80358         0.33256E+02    0.33256E+02    0
   82   87        66   71        0.19118         1422.63400     1430.84390         0.33223E+02    0.33223E+02    0
   83   88        66   71       -0.00145         1504.08704     1504.02119         0.33188E+02    0.33188E+02    0
   84   89        66   71       -0.01730         1527.28770     1526.49022         0.33131E+02    0.33131E+02    0
   85   90        66   71        0.11513         1514.77973     1520.06632         0.33045E+02    0.33045E+02    0
   86   91        66   71       -0.12108         1514.11391     1508.55785         0.32937E+02    0.32937E+02    0
   87   92        66   71        0.18966         1461.11898     1469.60235         0.32760E+02    0.32760E+02    0
   88   93        66   71        0.24641         1384.71231     1395.25361         0.32492E+02    0.32492E+02    0
   89   94        66   71        0.34074         1312.90694     1326.90878         0.32121E+02    0.32121E+02    0
   90   95        66   71        0.41075         1254.99151     1271.38763         0.31645E+02    0.31645E+02    0
   91   96        66   71        0.60843         1168.50365     1191.72911         0.30914E+02    0.30914E+02    0
   73   78        67   72        4.06498          686.59259      848.27362         0.33333E+02    0.19223E+02    1
   74   79        67   72        0.36190          964.90910      975.44233         0.33333E+02    0.33333E+02    0
   75   80        67   72       -0.62571         1103.00570     1082.49315         0.33332E+02    0.33332E+02    0
   76   81        67   72       -0.97275         1217.47975     1182.46118         0.33331E+02    0.33331E+02    0
   77   82        67   72       -1.04697         1286.75373     1246.95933         0.33328E+02    0.33328E+02    0
   78   83        67   72       -0.97200         1341.11933     1302.56544         0.33323E+02    0.33323E+02    0
   79   84        67   72       -0.81103         1376.71573     1343.60598         0.33316E+02    0.33316E+02    0
   80   85        67   72       -0.63986         1417.97509     1390.99259         0.33305E+02    0.33305E+02    0
   81   86        67   72       -0.49376         1471.30020     1449.63883         0.33290E+02    0.33290E+02    0
   82   87        67   72        0.02977         1524.46799     1525.83253         0.33270E+02    0.33270E+02    0
   83   88        67   72       -0.06052         1613.17096     1610.23722         0.33247E+02    0.33247E+02    0
   84   89        67   72       -0.00687         1640.56984     1640.23068         0.33211E+02    0.33211E+02    0
   85   90        67   72        0.17908         1630.01667     1638.84451         0.33155E+02    0.33155E+02    0
   86   91        67   72       -0.00411         1631.31690     1631.11435         0.33084E+02    0.33084E+02    0
   87   92        67   72        0.30900         1577.58543     1592.44120         0.32968E+02    0.32968E+02    0
   88   93        67   72        0.44149         1494.06905     1514.32452         0.32785E+02    0.32785E+02    0
   89   94        67   72        0.49521         1420.45687     1442.24494         0.32532E+02    0.32532E+02    0
   90   95        67   72        0.53868         1360.70920     1383.66426         0.32200E+02    0.32200E+02    0
   91   96        67   72        0.70432         1269.37493     1297.91245         0.31680E+02    0.31680E+02    0
   74   79        68   73        3.23847          809.29580      916.30641         0.33333E+02    0.26077E+02    1
   75   80        68   73        0.25780         1065.80441     1074.07945         0.33333E+02    0.33333E+02    0
   76   81        68   73       -1.22134         1253.82532     1206.88888         0.33332E+02    0.32011E+02    1
   77   82        68   73       -1.52619         1365.49919     1295.66616         0.33331E+02    0.29073E+02    1
   78   83        68   73       -1.58593         1449.49040     1370.98158         0.33329E+02    0.28480E+02    1
   79   84        68   73       -1.52641         1500.31154     1425.38598         0.33325E+02    0.29795E+02    1
   80   85        68   73       -1.36171         1550.64294     1484.50138         0.33319E+02    0.31239E+02    1
   81   86        68   73       -1.21571         1613.60383     1554.95977         0.33311E+02    0.32839E+02    1
   82   87        68   73       -0.56151         1672.08916     1644.13021         0.33300E+02    0.33300E+02    0
   83   88        68   73       -0.54008         1771.42224     1742.91222         0.33286E+02    0.33286E+02    0
   84   89        68   73       -0.45536         1807.22162     1782.65118         0.33265E+02    0.33265E+02    0
   85   90        68   73       -0.12119         1794.44689     1787.91450         0.33231E+02    0.33231E+02    0
   86   91        68   73       -0.22857         1797.58658     1785.24862         0.33187E+02    0.33187E+02    0
   87   92        68   73        0.08386         1742.76718     1747.18602         0.33115E+02    0.33115E+02    0
   88   93        68   73        0.34103         1647.40002     1664.51413         0.32998E+02    0.32998E+02    0
   89   94        68   73        0.36998         1570.09997     1587.89134         0.32835E+02    0.32835E+02    0
   90   95        68   73        0.43575         1505.35446     1525.60050         0.32617E+02    0.32617E+02    0
   91   96        68   73        0.58334         1406.59700     1432.25550         0.32269E+02    0.32269E+02    0
   75   80        69   74        3.76298          746.18969      875.60378         0.33333E+02    0.23528E+02    1
   76   81        69   74        0.36507         1061.32962     1073.01733         0.33333E+02    0.33333E+02    0
   77   82        69   74       -1.26869         1252.68022     1201.79958         0.33332E+02    0.30596E+02    1
   78   83        69   74       -1.61262         1385.46820     1306.82797         0.33331E+02    0.27597E+02    1
   79   84        69   74       -1.67462         1467.84881     1382.12864         0.33329E+02    0.27830E+02    1
   80   85        69   74       -1.57491         1540.15887     1457.50322         0.33326E+02    0.28551E+02    1
   81   86        69   74       -1.46577         1620.22475     1541.76822         0.33321E+02    0.29531E+02    1
   82   87        69   74       -0.96454         1691.87239     1643.58881         0.33313E+02    0.33313E+02    0
   83   88        69   74       -0.93812         1805.50727     1755.35929         0.33304E+02    0.33304E+02    0
   84   89        69   74       -0.71721         1846.45271     1807.09767         0.33290E+02    0.33290E+02    0
   85   90        69   74       -0.29685         1839.37806     1823.03806         0.33267E+02    0.33267E+02    0
   86   91        69   74       -0.31253         1846.75078     1829.46658         0.33237E+02    0.33237E+02    0
   87   92        69   74        0.13116         1790.58883     1797.67955         0.33186E+02    0.33186E+02    0
   88   93        69   74        0.34744         1700.24303     1718.18173         0.33104E+02    0.33104E+02    0
   89   94        69   74        0.42681         1622.73425     1643.86644         0.32987E+02    0.32987E+02    0
   90   95        69   74        0.45457         1561.71699     1583.49092         0.32830E+02    0.32830E+02    0
   91   96        69   74        0.57475         1463.41933     1489.46769         0.32577E+02    0.32577E+02    0
   76   81        70   75        3.99022          768.49563      906.38718         0.33333E+02    0.24179E+02    1
   77   82        70   75        0.14436         1078.00559     1082.68430         0.33333E+02    0.33333E+02    0
   78   83        70   75       -1.38249         1283.05390     1221.96379         0.33332E+02    0.28339E+02    1
   79   84        70   75       -1.69806         1405.90898     1319.37396         0.33331E+02    0.26730E+02    1
   80   85        70   75       -1.74551         1508.45139     1411.68682         0.33329E+02    0.26328E+02    1
   81   86        70   75       -1.73207         1612.10099     1509.83535         0.33326E+02    0.26429E+02    1
   82   87        70   75       -1.37997         1701.62458     1623.91988         0.33322E+02    0.29524E+02    1
   83   88        70   75       -1.39224         1832.04920     1748.35396         0.33316E+02    0.29774E+02    1
   84   89        70   75       -1.25888         1884.47296     1812.42839         0.33307E+02    0.32295E+02    1
   85   90        70   75       -0.80072         1884.63077     1839.84286         0.33292E+02    0.33292E+02    0
   87   92        70   75       -0.15514         1840.34659     1831.77613         0.33236E+02    0.33236E+02    0
   88   93        70   75        0.12558         1750.11464     1756.75115         0.33179E+02    0.33179E+02    0
   89   94        70   75        0.18005         1676.80356     1685.95005         0.33097E+02    0.33097E+02    0
   90   95        70   75        0.26611         1615.45156     1628.53737         0.32984E+02    0.32984E+02    0
   91   96        70   75        0.41221         1515.79912     1534.96878         0.32800E+02    0.32800E+02    0
   77   82        71   76        4.09912          766.78453      903.14051         0.33333E+02    0.25045E+02    1
   78   83        71   76        0.46319         1090.59889     1105.85941         0.33333E+02    0.33333E+02    0
   79   84        71   76       -1.20313         1283.87726     1232.07206         0.33332E+02    0.29211E+02    1
   80   85        71   76       -1.63278         1432.86555     1345.93153         0.33331E+02    0.26087E+02    1
   81   86        71   76       -1.80955         1571.34266     1461.25041         0.33330E+02    0.24912E+02    1
   82   87        71   76       -1.57793         1686.66684     1589.95265         0.33327E+02    0.26722E+02    1
   83   88        71   76       -1.64669         1840.20582     1729.12214         0.33323E+02    0.26447E+02    1
   87   92        71   76       -0.50694         1890.46911     1861.88291         0.33271E+02    0.33271E+02    0
   88   93        71   76       -0.16832         1802.08911     1792.98480         0.33232E+02    0.33232E+02    0
   89   94        71   76       -0.06950         1730.76554     1727.14365         0.33175E+02    0.33175E+02    0
   90   95        71   76        0.03714         1672.09718     1673.97486         0.33096E+02    0.33096E+02    0
   91   96        71   76        0.17548         1573.46718     1581.86533         0.32966E+02    0.32966E+02    0
   78   83        72   77        4.64860          799.76835      982.57919         0.33333E+02    0.22581E+02    1
   79   84        72   77        0.49054         1111.36540     1127.84154         0.33333E+02    0.33333E+02    0
   80   85        72   77       -1.31674         1330.46858     1266.72152         0.33332E+02    0.26818E+02    1
   81   86        72   77       -1.87720         1518.49393     1401.75988         0.33332E+02    0.23468E+02    1
   82   87        72   77       -1.83369         1670.03865     1547.01485         0.33330E+02    0.23964E+02    1
   83   88        72   77       -1.99048         1855.24059     1702.77529         0.33328E+02    0.23211E+02    1
   88   93        72   77       -0.82073         1874.55294     1828.87541         0.33270E+02    0.33270E+02    0
   89   94        72   77       -0.69711         1806.40697     1768.90865         0.33232E+02    0.33232E+02    0
   90   95        72   77       -0.57537         1750.96474     1720.86234         0.33179E+02    0.33179E+02    0
   91   96        72   77       -0.42896         1652.09829     1630.81968         0.33090E+02    0.33090E+02    0
   79   84        73   78        4.56188          776.09766      943.35655         0.33333E+02    0.23374E+02    1
   80   85        73   78        0.79426         1104.15769     1130.78351         0.33333E+02    0.33333E+02    0
   81   86        73   78       -1.36032         1360.80418     1291.09599         0.33332E+02    0.25869E+02    1
   82   87        73   78       -1.66961         1557.37028     1454.30303         0.33332E+02    0.24384E+02    1
   83   88        73   78       -2.01935         1779.18845     1626.99035         0.33330E+02    0.22581E+02    1
   88   93        73   78       -1.05615         1881.68277     1822.92453         0.33292E+02    0.33292E+02    0
   89   94        73   78       -0.87608         1818.59703     1771.32758         0.33266E+02    0.33266E+02    0
   90   95        73   78       -0.72988         1768.99383     1730.56011         0.33228E+02    0.33228E+02    0
   91   96        73   78       -0.56469         1673.64029     1645.38459         0.33165E+02    0.33165E+02    0
   80   85        74   79        4.52230          815.58762      975.22233         0.33333E+02    0.25299E+02    1
   81   86        74   79       -0.08874         1185.51041     1182.35839         0.33333E+02    0.33333E+02    0
   82   87        74   79       -1.52418         1458.74011     1371.71551         0.33333E+02    0.24779E+02    1
   83   88        74   79       -2.19027         1739.31195     1570.35056         0.33332E+02    0.21433E+02    1
   90   95        74   79       -1.47415         1863.83540     1782.71355         0.33269E+02    0.33127E+02    1
   91   96        74   79       -1.29569         1769.59771     1701.92212         0.33228E+02    0.33228E+02    0
   81   86        75   80        4.34937          860.13041     1008.07418         0.33333E+02    0.27404E+02    1
   82   87        75   80       -0.50609         1249.32630     1230.01771         0.33333E+02    0.32492E+02    1
   83   88        75   80       -2.18830         1615.37988     1461.76579         0.33333E+02    0.21899E+02    1
   84   89        75   80       -2.60423         1849.86447     1625.70998         0.33332E+02    0.20162E+02    1
   91   96        75   80       -1.88351         1843.46106     1734.02294         0.33267E+02    0.30776E+02    1
   82   87        76   81        4.24545          863.00078     1005.27825         0.33333E+02    0.27820E+02    1
   83   88        76   81       -1.00943         1346.34284     1300.48205         0.33333E+02    0.29126E+02    1
   84   89        76   81       -2.38229         1676.68673     1499.88151         0.33333E+02    0.21379E+02    1
   85   90        76   81       -2.57521         1873.59028     1652.49472         0.33332E+02    0.20508E+02    1
   91   96        76   81       -2.08139         1875.84718     1744.62414         0.33291E+02    0.28700E+02    1
   83   88        77   82        4.32361          946.99394     1110.91337         0.33333E+02    0.27083E+02    1
   84   89        77   82       -1.42211         1413.02548     1339.29666         0.33333E+02    0.26538E+02    1
   85   90        77   82       -2.36627         1707.18017     1528.60558         0.33333E+02    0.21417E+02    1
   91   96        77   82       -2.25336         1892.25541     1739.47412         0.33307E+02    0.26766E+02    1
   84   89        78   83        3.82585          984.91298     1114.71843         0.33333E+02    0.30903E+02    1
   85   90        78   83       -1.02194         1419.64973     1373.29787         0.33333E+02    0.30786E+02    1
   86   91        78   83       -2.18693         1733.56820     1573.68286         0.33333E+02    0.22601E+02    1
   87   92        78   83       -2.16460         1859.84679     1693.10907         0.33332E+02    0.23045E+02    1
   88   93        78   83       -2.07869         1879.93255     1728.01163         0.33331E+02    0.24669E+02    1
   91   96        78   83       -2.08421         1866.03662     1735.41274         0.33317E+02    0.28719E+02    1
   85   90        79   84        3.71540         1042.58261     1182.80738         0.33333E+02    0.29443E+02    1
   86   91        79   84       -1.06111         1515.73084     1463.61151         0.33333E+02    0.30326E+02    1
   87   92        79   84       -1.77316         1741.20456     1625.38814         0.33333E+02    0.25761E+02    1
   88   93        79   84       -1.86155         1811.23617     1688.75499         0.33332E+02    0.26587E+02    1
   89   94        79   84       -1.93237         1861.84283     1733.89439         0.33331E+02    0.27141E+02    1
   91   96        79   84       -2.03568         1879.32523     1755.12026         0.33324E+02    0.29772E+02    1
   86   91        80   85        3.74740         1130.01992     1289.75077         0.33333E+02    0.28344E+02    1
   87   92        80   85       -0.29653         1519.25216     1505.79692         0.33333E+02    0.33333E+02    0
   88   93        80   85       -1.36670         1677.71922     1606.80730         0.33333E+02    0.31647E+02    1
   89   94        80   85       -1.68527         1780.63434     1683.38171         0.33332E+02    0.30006E+02    1
   90   95        80   85       -1.93144         1872.14478     1755.82906         0.33331E+02    0.30111E+02    1
   91   96        80   85       -1.91675         1862.06467     1753.48442         0.33328E+02    0.31903E+02    1
   87   92        81   86        3.62336         1151.07387     1322.42128         0.33333E+02    0.26111E+02    1
   88   93        81   86        0.32696         1460.58116     1474.97843         0.33333E+02    0.33333E+02    0
   89   94        81   86       -1.09229         1644.33549     1591.32495         0.33333E+02    0.33333E+02    0
   90   95        81   86       -1.74025         1790.07337     1699.01214         0.33332E+02    0.33332E+02    0
   91   96        81   86       -1.66742         1813.42198     1724.93427         0.33331E+02    0.33331E+02    0
   88   93        82   87        3.63443         1131.74918     1315.50397         0.33333E+02    0.24156E+02    1
   89   94        82   87        0.45637         1461.90983     1482.06277         0.33333E+02    0.33333E+02    0
   90   95        82   87       -1.35785         1699.62866     1631.78376         0.33333E+02    0.33333E+02    0
   91   96        82   87       -1.53045         1772.46276     1692.91962         0.33332E+02    0.33332E+02    0
   89   94        83   88        3.86762         1114.85414     1335.79702         0.33333E+02    0.21391E+02    1
   90   95        83   88        0.11961         1521.15486     1526.62287         0.33333E+02    0.33333E+02    0
   91   96        83   88       -1.02348         1684.97716     1634.02612         0.33333E+02    0.33333E+02    0
   90   95        84   89        3.56132         1101.61385     1298.15603         0.33333E+02    0.21693E+02    1
   91   96        84   89        1.30699         1429.46482     1486.62757         0.33333E+02    0.33333E+02    0
   91   96        85   90        4.69300         1009.60777     1316.11367         0.33333E+02    0.17701E+02    1
