3032 1635 1
1 330 350 361 1 1
2 299 292 431 2 1
3 292 299 429 3 1
4 344 286 346 4 1
5 331 290 368 5 1
6 314 278 315 6 1
7 244 278 314 7 1
8 327 330 383 8 1
9 353 354 360 9 1
10 354 357 366 10 1
11 357 340 375 11 1
12 350 351 419 12 1
13 320 317 382 13 1
14 435 283 436 14 1
15 257 289 424 15 1
16 283 401 436 16 1
17 369 291 441 17 1
18 290 347 442 18 1
19 330 349 350 19 1
20 252 131 376 20 1
21 290 314 368 21 1
22 395 379 410 22 1
23 257 258 289 23 1
24 314 315 368 24 1
25 386 364 387 25 1
26 327 383 422 26 1
27 256 298 299 27 1
28 291 274 441 28 1
29 242 290 442 29 1
30 384 350 430 30 1
31 340 357 426 31 1
32 294 260 297 32 1
33 298 257 424 33 1
34 376 292 429 34 1
35 334 376 429 35 1
36 386 365 391 36 1
37 377 321 379 37 1
38 256 257 298 38 1
39 131 253 376 39 1
40 133 264 374 40 1
41 258 295 415 41 1
42 344 346 440 42 1
43 363 365 386 43 1
44 353 360 362 44 1
45 259 260 294 45 1
46 290 331 347 46 1
47 385 364 386 47 1
48 259 294 450 48 1
49 294 297 370 49 1
50 273 291 300 50 1
51 299 298 371 51 1
52 378 379 395 52 1
53 305 291 440 53 1
54 300 291 305 54 1
55 273 274 291 55 1
56 242 243 290 56 1
57 258 259 295 57 1
58 130 129 307 58 1
59 284 377 379 59 1
60 255 299 431 60 1
61 362 387 388 61 1
62 423 332 424 62 1
63 361 350 384 63 1
64 281 393 394 64 1
65 277 272 300 65 1
66 372 373 449 66 1
67 330 361 383 67 1
68 295 259 450 68 1
69 350 349 351 69 1
70 355 373 426 70 1
71 246 276 324 71 1
72 339 338 444 72 1
73 322 408 409 73 1
74 272 273 300 74 1
75 255 256 299 75 1
76 260 261 297 76 1
77 244 245 278 77 1
78 271 272 277 78 1
79 275 270 345 79 1
80 261 134 433 80 1
81 301 300 305 81 1
82 424 332 448 82 1
83 313 357 375 83 1
84 347 331 425 84 1
85 353 351 354 85 1
86 297 261 428 86 1
87 264 265 335 87 1
88 306 305 346 88 1
89 99 318 377 89 1
90 243 244 314 90 1
91 374 335 427 91 1
92 253 254 292 92 1
93 262 263 293 93 1
94 351 353 419 94 1
95 362 363 387 95 1
96 373 355 417 96 1
97 99 238 285 97 1
98 241 130 286 98 1
99 362 360 363 99 1
100 277 300 301 100 1
101 129 281 307 101 1
102 251 252 334 102 1
103 333 279 341 103 1
104 362 388 436 104 1
105 263 133 374 105 1
106 379 381 410 106 1
107 340 303 375 107 1
108 392 309 411 108 1
109 399 400 432 109 1
110 322 405 407 110 1
111 390 388 397 111 1
112 327 329 330 112 1
113 274 98 441 113 1
114 1 242 442 114 1
115 265 288 335 115 1
116 366 356 367 116 1
117 301 305 306 117 1
118 250 287 341 118 1
119 365 366 367 119 1
120 321 320 382 120 1
121 293 374 427 121 1
122 250 251 287 122 1
123 265 266 288 123 1
124 304 312 346 124 1
125 245 246 324 125 1
126 316 324 325 126 1
127 338 275 444 127 1
128 253 292 376 128 1
129 371 287 429 129 1
130 132 255 431 130 1
131 246 247 276 131 1
132 269 270 275 132 1
133 318 321 377 133 1
134 270 271 345 134 1
135 309 392 414 135 1
136 380 382 384 136 1
137 248 279 336 137 1
138 357 356 366 138 1
139 266 267 342 139 1
140 262 293 433 140 1
141 330 348 349 141 1
142 355 416 417 142 1
143 248 249 279 143 1
144 267 268 280 144 1
145 268 269 337 145 1
146 287 371 438 146 1
147 324 276 325 147 1
148 409 410 413 148 1
149 358 402 432 149 1
150 249 250 341 150 1
151 247 248 336 151 1
152 445 343 449 152 1
153 356 308 394 153 1
154 240 241 344 154 1
155 357 354 426 155 1
156 369 344 440 156 1
157 413 381 430 157 1
158 413 358 432 158 1
159 287 334 429 159 1
160 293 263 374 160 1
161 416 355 421 161 1
162 373 340 426 162 1
163 239 240 369 163 1
164 288 266 342 164 1
165 279 333 420 165 1
166 312 306 346 166 1
167 310 392 411 167 1
168 237 236 347 168 1
169 296 445 449 169 1
170 275 345 444 170 1
171 363 360 365 171 1
172 389 362 436 172 1
173 401 389 436 173 1
174 362 389 418 174 1
175 307 308 312 175 1
176 290 243 314 176 1
177 319 368 412 177 1
178 291 369 440 178 1
179 343 445 447 179 1
180 379 321 380 180 1
181 405 400 407 181 1
182 241 286 344 182 1
183 303 301 306 183 1
184 419 358 430 184 1
185 346 305 440 185 1
186 254 132 431 186 1
187 269 275 337 187 1
188 382 317 383 188 1
189 310 391 392 189 1
190 402 399 432 190 1
191 267 280 342 191 1
192 388 352 397 192 1
193 405 413 432 193 1
194 382 361 384 194 1
195 280 268 337 195 1
196 367 356 394 196 1
197 240 344 369 197 1
198 363 386 387 198 1
199 319 285 331 199 1
200 333 328 420 200 1
201 387 364 406 201 1
202 387 352 388 202 1
203 341 287 438 203 1
204 352 387 406 204 1
205 330 329 348 205 1
206 99 285 318 206 1
207 316 278 324 207 1
208 373 296 449 208 1
209 298 424 448 209 1
210 343 437 449 210 1
211 370 297 446 211 1
212 286 130 304 212 1
213 264 335 374 213 1
214 338 339 372 214 1
215 317 316 422 215 1
216 331 285 425 216 1
217 334 252 376 217 1
218 333 438 448 218 1
219 292 254 431 219 1
220 333 341 438 220 1
221 308 281 394 221 1
222 293 428 433 222 1
223 405 322 409 223 1
224 388 390 436 224 1
225 315 278 316 225 1
226 379 380 381 226 1
227 287 251 334 227 1
228 238 237 425 228 1
229 402 358 418 229 1
230 332 328 333 230 1
231 367 394 414 231 1
232 445 370 447 232 1
233 285 238 425 233 1
234 278 245 324 234 1
235 320 319 412 235 1
236 101 100 284 236 1
237 121 120 282 237 1
238 113 112 283 238 1
239 129 128 281 239 1
240 396 415 416 240 1
241 315 317 412 241 1
242 360 354 366 242 1
243 335 288 446 243 1
244 237 347 425 244 1
245 112 111 403 245 1
246 390 435 436 246 1
247 400 359 404 247 1
248 134 262 433 248 1
249 102 101 378 249 1
250 271 277 345 250 1
251 122 121 434 251 1
252 114 113 435 252 1
253 342 280 343 253 1
254 120 119 385 254 1
255 111 110 398 255 1
256 361 382 383 256 1
257 103 102 395 257 1
258 315 316 317 258 1
259 415 295 416 259 1
260 123 122 310 260 1
261 239 369 441 261 1
262 289 348 423 262 1
263 316 325 422 263 1
264 115 114 390 264 1
265 119 118 364 265 1
266 116 115 397 266 1
267 371 298 448 267 1
268 118 117 406 268 1
269 110 109 359 269 1
270 117 116 352 270 1
271 319 331 368 271 1
272 337 275 338 272 1
273 128 127 393 273 1
274 104 103 439 274 1
275 347 236 442 275 1
276 410 381 413 276 1
277 109 108 404 277 1
278 438 371 448 278 1
279 124 123 411 279 1
280 294 370 445 280 1
281 348 289 396 281 1
282 105 104 323 282 1
283 400 405 432 283 1
284 325 326 327 284 1
285 349 348 396 285 1
286 296 373 417 286 1
287 313 308 356 287 1
288 312 308 313 288 1
289 336 279 420 289 1
290 389 402 418 290 1
291 108 107 407 291 1
292 125 124 309 292 1
293 358 413 430 293 1
294 100 99 377 294 1
295 325 327 422 295 1
296 297 427 446 296 1
297 106 105 408 297 1
298 98 239 441 298 1
299 236 1 442 299 1
300 396 416 421 300 1
301 126 125 443 301 1
302 381 384 430 302 1
303 339 340 372 303 1
304 302 301 303 304 1
305 327 328 329 305 1
306 107 106 322 306 1
307 127 126 311 307 1
308 276 247 336 308 1
309 279 249 341 309 1
310 391 365 392 310 1
311 277 301 302 311 1
312 296 417 450 312 1
313 343 280 437 313 1
314 365 360 366 314 1
315 368 315 412 315 1
316 399 359 400 316 1
317 318 285 319 317 1
318 353 362 418 318 1
319 365 367 392 319 1
320 354 351 355 320 1
321 446 288 447 321 1
322 307 281 308 322 1
323 299 371 429 323 1
324 277 302 345 324 1
325 329 328 332 325 1
326 327 326 328 326 1
327 318 320 321 327 1
328 288 342 447 328 1
329 303 306 375 329 1
330 326 276 336 330 1
331 339 303 340 331 1
332 325 276 326 332 1
333 306 312 375 333 1
334 289 423 424 334 1
335 349 396 421 335 1
336 286 304 346 336 1
337 304 130 307 337 1
338 372 340 373 338 1
339 326 336 420 339 1
340 401 283 403 340 1
341 417 295 450 341 1
342 389 401 402 342 1
343 396 289 415 343 1
344 282 391 434 344 1
345 398 401 403 345 1
346 350 419 430 346 1
347 383 317 422 347 1
348 370 446 447 348 1
349 416 295 417 349 1
350 380 321 382 350 1
351 391 310 434 351 1
352 302 303 339 352 1
353 328 326 420 353 1
354 351 349 421 354 1
355 293 427 428 355 1
356 282 386 391 356 1
357 283 112 403 357 1
358 381 380 384 358 1
359 101 284 378 359 1
360 121 282 434 360 1
361 392 367 414 361 1
362 113 283 435 362 1
363 395 410 439 363 1
364 282 120 385 364 1
365 318 319 320 365 1
366 398 399 401 366 1
367 427 335 446 367 1
368 405 409 413 368 1
369 342 343 447 369 1
370 348 329 423 370 1
371 111 398 403 371 1
372 410 323 439 372 1
373 281 128 393 373 1
374 102 378 395 374 1
375 445 296 450 375 1
376 310 122 434 376 1
377 390 114 435 377 1
378 119 364 385 378 1
379 110 359 398 379 1
380 418 358 419 380 1
381 354 355 426 381 1
382 280 337 437 382 1
383 284 100 377 383 1
384 103 395 439 384 1
385 312 313 375 385 1
386 115 390 397 386 1
387 409 323 410 387 1
388 364 118 406 388 1
389 352 116 397 389 1
390 117 352 406 390 1
391 401 399 402 391 1
392 427 297 428 392 1
393 359 109 404 393 1
394 123 310 411 394 1
395 313 356 357 395 1
396 323 104 439 396 1
397 329 332 423 397 1
398 282 385 386 398 1
399 355 351 421 399 1
400 404 108 407 400 1
401 309 414 443 401 1
402 332 333 448 402 1
403 398 359 399 403 1
404 345 302 444 404 1
405 309 124 411 405 1
406 414 311 443 406 1
407 127 311 393 407 1
408 105 323 408 408 1
409 378 284 379 409 1
410 338 372 449 410 1
411 400 404 407 411 1
412 337 338 437 412 1
413 408 323 409 413 1
414 125 309 443 414 1
415 428 261 433 415 1
416 107 322 407 416 1
417 322 106 408 417 1
418 311 126 443 418 1
419 394 311 414 419 1
420 393 311 394 420 1
421 437 338 449 421 1
422 304 307 312 422 1
423 302 339 444 423 1
424 353 418 419 424 1
425 294 445 450 425 1
426 289 258 415 426 1
427 317 320 412 427 1
428 662 1033 1195 428 1
429 900 1031 1032 429 1
430 870 1108 1109 430 1
431 992 457 1229 431 1
432 738 959 979 432 1
433 688 1157 1451 433 1
434 1308 1408 1449 434 1
435 97 488 537 435 1
436 805 545 996 436 1
437 1015 511 1121 437 1
438 545 546 547 438 1
439 1155 503 1218 439 1
440 1051 820 1442 440 1
441 460 972 1162 441 1
442 945 730 1063 442 1
443 945 1063 1114 443 1
444 1197 454 1548 444 1
445 1427 1281 1442 445 1
446 1160 470 1205 446 1
447 1334 1315 1369 447 1
448 1419 983 1559 448 1
449 976 1095 1315 449 1
450 1061 464 1275 450 1
451 1063 1016 1486 451 1
452 1026 758 1027 452 1
453 922 1018 1170 453 1
454 758 1026 1453 454 1
455 1002 687 1111 455 1
456 1055 1046 1299 456 1
457 820 946 1442 457 1
458 870 1109 1356 458 1
459 695 947 1318 459 1
460 497 1000 1373 460 1
461 1025 930 1178 461 1
462 1060 451 1219 462 1
463 236 539 1452 463 1
464 900 1406 1497 464 1
465 1015 850 1351 465 1
466 1277 1021 1278 466 1
467 780 1056 1119 467 1
468 1086 454 1197 468 1
469 667 1047 1431 469 1
470 539 544 545 470 1
471 687 1002 1110 471 1
472 1156 1155 1218 472 1
473 1093 1092 1094 473 1
474 1075 475 1252 474 1
475 1011 874 1475 475 1
476 797 1046 1055 476 1
477 608 1189 1297 477 1
478 1169 1028 1292 478 1
479 1297 1189 1424 479 1
480 922 796 1018 480 1
481 1476 941 1588 481 1
482 1127 675 1358 482 1
483 1017 455 1228 483 1
484 674 1139 1436 484 1
485 451 1060 1156 485 1
486 910 1040 1193 486 1
487 475 1075 1253 487 1
488 1095 976 1314 488 1
489 1035 782 1036 489 1
490 910 726 1040 490 1
491 780 1120 1341 491 1
492 1038 768 1039 492 1
493 545 547 1182 493 1
494 1105 937 1338 494 1
495 749 930 1025 495 1
496 492 1014 1375 496 1
497 780 775 1056 497 1
498 1010 1303 1471 498 1
499 850 992 1351 499 1
500 545 544 546 500 1
501 1192 1010 1471 501 1
502 972 460 1512 502 1
503 662 612 1033 503 1
504 957 767 1115 504 1
505 881 1328 1525 505 1
506 961 679 1166 506 1
507 1037 510 1123 507 1
508 1118 764 1455 508 1
509 937 1105 1441 509 1
510 675 1161 1358 510 1
511 907 895 1041 511 1
512 969 1173 1254 512 1
513 679 961 1405 513 1
514 1000 497 1202 514 1
515 587 581 1110 515 1
516 753 767 957 516 1
517 1071 780 1341 517 1
518 485 1115 1232 518 1
519 1084 532 1276 519 1
520 1265 1046 1289 520 1
521 959 738 1349 521 1
522 1281 1280 1442 522 1
523 1190 534 1329 523 1
524 938 1165 1431 524 1
525 1307 567 1316 525 1
526 907 1041 1187 526 1
527 939 790 1069 527 1
528 672 1106 1343 528 1
529 1037 856 1340 529 1
530 1145 541 1215 530 1
531 539 545 805 531 1
532 1130 1242 1350 532 1
533 667 586 1047 533 1
534 521 1174 1199 534 1
535 473 1146 1330 535 1
536 1067 922 1068 536 1
537 725 1395 1488 537 1
538 1153 1151 1333 538 1
539 516 1236 1594 539 1
540 1042 452 1226 540 1
541 964 661 1302 541 1
542 996 545 1182 542 1
543 143 7 1191 543 1
544 872 1021 1383 544 1
545 116 1143 1529 545 1
546 1151 678 1333 546 1
547 539 543 544 547 1
548 691 695 1318 548 1
549 1420 1419 1559 549 1
550 920 769 1072 550 1
551 671 1169 1292 551 1
552 745 746 931 552 1
553 939 1069 1319 553 1
554 936 902 1057 554 1
555 856 1017 1340 555 1
556 873 1005 1530 556 1
557 1134 1312 1502 557 1
558 1236 1062 1594 558 1
559 1165 938 1332 559 1
560 1109 648 1461 560 1
561 989 1145 1215 561 1
562 540 1128 1552 562 1
563 1048 508 1131 563 1
564 1164 239 1437 564 1
565 661 964 1402 565 1
566 1091 498 1092 566 1
567 900 1032 1167 567 1
568 581 687 1110 568 1
569 499 1097 1098 569 1
570 1125 901 1435 570 1
571 1036 1235 1286 571 1
572 1091 1092 1093 572 1
573 988 885 1073 573 1
574 1048 862 1342 574 1
575 1084 872 1383 575 1
576 1353 1352 1474 576 1
577 1269 1268 1319 577 1
578 998 1482 1573 578 1
579 1139 674 1551 579 1
580 672 1214 1470 580 1
581 1242 1130 1243 581 1
582 874 1011 1436 582 1
583 1003 737 1004 583 1
584 1155 873 1530 584 1
585 745 931 932 585 1
586 749 711 753 586 1
587 963 804 1076 587 1
588 479 1078 1245 588 1
589 1062 1236 1364 589 1
590 1395 1396 1488 590 1
591 1038 1039 1429 591 1
592 710 549 711 592 1
593 969 1254 1492 593 1
594 1105 1338 1629 594 1
595 476 1200 1434 595 1
596 930 753 957 596 1
597 650 1074 1474 597 1
598 901 936 1435 598 1
599 749 753 930 599 1
600 862 1042 1342 600 1
601 1157 1094 1451 601 1
602 710 711 749 602 1
603 1031 900 1497 603 1
604 1268 467 1319 604 1
605 765 969 1492 605 1
606 759 1052 1053 606 1
607 1312 494 1502 607 1
608 740 782 1035 608 1
609 1126 1038 1429 609 1
610 511 1015 1351 610 1
611 1200 476 1409 611 1
612 978 836 1514 612 1
613 457 992 1561 613 1
614 718 768 1038 614 1
615 764 1118 1325 615 1
616 676 1334 1369 616 1
617 677 650 1474 617 1
618 1006 704 1570 618 1
619 963 1076 1495 619 1
620 920 1072 1205 620 1
621 1064 812 1089 621 1
622 547 549 710 622 1
623 988 1158 1244 623 1
624 531 1089 1274 624 1
625 1185 1348 1377 625 1
626 1119 469 1263 626 1
627 484 1076 1222 627 1
628 932 931 1085 628 1
629 1125 520 1247 629 1
630 453 1181 1224 630 1
631 646 648 1109 631 1
632 1112 527 1264 632 1
633 1047 715 1322 633 1
634 1058 667 1593 634 1
635 1109 935 1356 635 1
636 936 1057 1413 636 1
637 1061 1275 1446 637 1
638 509 1227 1467 638 1
639 587 1110 1417 639 1
640 988 1073 1158 640 1
641 539 237 543 641 1
642 997 805 1523 642 1
643 454 1086 1566 643 1
644 1434 1200 1444 644 1
645 1126 471 1260 645 1
646 1208 590 1407 646 1
647 686 1211 1360 647 1
648 695 745 947 648 1
649 592 715 1047 649 1
650 686 1163 1359 650 1
651 116 117 1143 651 1
652 1019 1084 1416 652 1
653 1075 765 1492 653 1
654 1122 968 1453 654 1
655 1184 472 1513 655 1
656 1078 479 1159 656 1
657 584 667 1058 657 1
658 807 812 1064 658 1
659 794 922 1067 659 1
660 1004 1087 1196 660 1
661 676 1327 1334 661 1
662 500 1105 1629 662 1
663 735 737 1003 663 1
664 1239 909 1490 664 1
665 1000 997 1373 665 1
666 1221 1039 1541 666 1
667 665 1176 1391 667 1
668 1120 1119 1263 668 1
669 602 712 1049 669 1
670 1207 665 1391 670 1
671 722 740 804 671 1
672 1140 490 1141 672 1
673 1049 712 1331 673 1
674 773 780 1071 674 1
675 779 797 1055 675 1
676 756 1016 1063 676 1
677 1061 1019 1416 677 1
678 1214 672 1343 678 1
679 912 914 1210 679 1
680 697 700 722 680 1
681 1175 686 1360 681 1
682 640 1127 1463 682 1
683 547 548 549 683 1
684 1117 459 1550 684 1
685 722 700 740 685 1
686 506 1221 1541 686 1
687 730 728 1063 687 1
688 804 740 1035 688 1
689 704 743 1570 689 1
690 1121 511 1572 690 1
691 1352 677 1474 691 1
692 931 940 1083 692 1
693 1163 638 1491 693 1
694 1112 1055 1299 694 1
695 1014 492 1412 695 1
696 709 707 735 696 1
697 697 555 700 697 1
698 1327 911 1334 698 1
699 1085 1227 1566 699 1
700 695 706 745 700 1
701 1087 1004 1516 701 1
702 501 1150 1625 702 1
703 1072 1160 1205 703 1
704 236 237 539 704 1
705 765 751 969 705 1
706 999 996 1485 706 1
707 736 735 873 707 1
708 1178 486 1179 708 1
709 931 746 940 709 1
710 1114 1063 1486 710 1
711 732 1006 1007 711 1
712 750 749 1025 712 1
713 455 1017 1574 713 1
714 873 1003 1005 714 1
715 732 704 1006 715 1
716 1188 703 1189 716 1
717 1007 1006 1023 717 1
718 909 948 1490 718 1
719 466 1170 1271 719 1
720 690 691 707 720 1
721 699 704 732 721 1
722 946 1427 1442 722 1
723 510 1037 1340 723 1
724 1278 1021 1421 724 1
725 759 754 1052 725 1
726 1076 484 1495 726 1
727 962 1118 1455 727 1
728 1029 1030 1294 728 1
729 699 689 704 729 1
730 123 498 1091 730 1
731 890 891 1078 731 1
732 553 555 697 732 1
733 499 111 1097 733 1
734 500 103 1105 734 1
735 523 1253 1492 735 1
736 451 1156 1218 736 1
737 909 747 948 737 1
738 547 546 548 738 1
739 988 1244 1545 739 1
740 1124 781 1520 740 1
741 981 842 990 741 1
742 972 836 978 742 1
743 1198 522 1249 743 1
744 819 820 1051 744 1
745 1039 1221 1429 745 1
746 1036 1286 1335 746 1
747 1059 868 1060 747 1
748 240 1164 1577 748 1
749 1007 1023 1077 749 1
750 979 959 989 750 1
751 1099 1098 1100 751 1
752 1026 1122 1453 752 1
753 805 996 1523 753 1
754 599 1049 1605 754 1
755 1108 646 1109 755 1
756 804 1035 1076 756 1
757 1027 758 1028 757 1
758 1094 1092 1096 758 1
759 1093 1094 1095 759 1
760 717 716 728 760 1
761 890 1078 1159 761 1
762 1366 1451 1471 762 1
763 720 718 1038 763 1
764 714 713 718 764 1
765 891 984 1078 765 1
766 680 640 1463 766 1
767 690 707 709 767 1
768 715 671 716 768 1
769 712 670 713 769 1
770 570 672 1470 770 1
771 916 1307 1316 771 1
772 1298 587 1417 772 1
773 1096 1192 1471 773 1
774 992 1229 1351 774 1
775 973 939 1022 775 1
776 615 1153 1333 776 1
777 559 689 699 777 1
778 1146 967 1330 778 1
779 836 838 1514 779 1
780 1032 576 1518 780 1
781 986 1190 1329 781 1
782 692 1366 1471 782 1
783 923 1075 1252 783 1
784 908 1127 1358 784 1
785 1005 1003 1489 785 1
786 1033 617 1034 786 1
787 880 884 1129 787 1
788 1386 1387 1534 788 1
789 753 764 767 789 1
790 743 747 909 790 1
791 1113 929 1444 791 1
792 1024 633 1044 792 1
793 1020 819 1050 793 1
794 491 116 1529 794 1
795 726 720 1040 795 1
796 1346 881 1525 796 1
797 1211 686 1359 797 1
798 668 1132 1396 798 1
799 954 1434 1444 799 1
800 566 569 1137 800 1
801 915 912 1210 801 1
802 499 1098 1099 802 1
803 709 735 736 803 1
804 921 804 963 804 1
805 1129 884 1130 805 1
806 1195 1033 1450 806 1
807 638 680 1491 807 1
808 493 1091 1093 808 1
809 1089 531 1539 809 1
810 492 1375 1441 810 1
811 118 490 1140 811 1
812 797 985 1045 812 1
813 789 790 939 813 1
814 974 830 1598 814 1
815 1373 1374 1482 815 1
816 750 1025 1180 816 1
817 500 989 1215 817 1
818 1174 477 1413 818 1
819 718 719 768 819 1
820 717 728 730 820 1
821 751 730 945 821 1
822 1102 1188 1189 822 1
823 768 769 920 823 1
824 452 1042 1586 824 1
825 715 716 717 825 1
826 751 945 969 826 1
827 745 706 746 827 1
828 1100 1208 1407 828 1
829 754 726 910 829 1
830 728 729 756 830 1
831 1167 587 1298 831 1
832 736 873 953 832 1
833 660 685 690 833 1
834 901 902 936 834 1
835 1198 928 1504 835 1
836 1185 666 1348 836 1
837 923 765 1075 837 1
838 602 603 670 838 1
839 579 581 587 839 1
840 720 1038 1040 840 1
841 756 757 967 841 1
842 714 718 720 842 1
843 1328 1137 1525 843 1
844 648 677 1461 844 1
845 550 553 962 845 1
846 1046 1265 1299 846 1
847 712 713 714 847 1
848 464 1061 1416 848 1
849 1007 1077 1594 849 1
850 754 910 1052 850 1
851 1482 1374 1573 851 1
852 508 1048 1342 852 1
853 660 690 1569 853 1
854 728 756 1063 854 1
855 696 1152 1177 855 1
856 1189 703 1424 856 1
857 592 671 715 857 1
858 756 967 1016 858 1
859 1152 696 1388 859 1
860 574 576 1032 860 1
861 735 707 737 861 1
862 723 950 1213 862 1
863 704 742 743 863 1
864 553 554 555 864 1
865 592 593 671 865 1
866 873 735 1003 866 1
867 1021 1277 1383 867 1
868 1017 1228 1340 868 1
869 1019 872 1084 869 1
870 740 781 782 870 1
871 1065 1064 1090 871 1
872 884 885 988 872 1
873 928 1168 1504 873 1
874 1227 1085 1467 874 1
875 602 670 712 875 1
876 854 856 1037 876 1
877 1059 1060 1625 877 1
878 848 850 1015 878 1
879 1093 1095 1314 879 1
880 860 862 1048 880 1
881 840 842 981 881 1
882 834 836 972 882 1
883 828 830 974 883 1
884 109 1103 1568 884 1
885 1140 1141 1142 885 1
886 885 887 1073 886 1
887 887 890 1073 887 1
888 541 1145 1554 888 1
889 862 864 1042 889 1
890 1073 890 1439 890 1
891 891 893 984 891 1
892 581 582 687 892 1
893 935 1109 1461 893 1
894 866 868 1059 894 1
895 856 858 1017 895 1
896 850 852 992 896 1
897 830 832 987 897 1
898 844 846 994 898 1
899 824 826 986 899 1
900 650 652 1074 900 1
901 560 562 1107 901 1
902 822 824 977 902 1
903 796 799 1018 903 1
904 801 803 1065 904 1
905 809 811 1019 905 1
906 814 816 1020 906 1
907 628 630 1024 907 1
908 820 822 946 908 1
909 895 897 1041 909 1
910 902 904 1057 910 1
911 775 777 1056 911 1
912 790 792 1069 912 1
913 1141 490 1493 913 1
914 612 614 1033 914 1
915 769 771 1072 915 1
916 1174 955 1199 916 1
917 556 559 1001 917 1
918 858 860 995 918 1
919 852 854 991 919 1
920 846 848 993 920 1
921 838 840 980 921 1
922 832 834 971 922 1
923 826 828 958 923 1
924 579 580 581 924 1
925 864 866 1013 925 1
926 634 636 686 926 1
927 890 1159 1439 927 1
928 586 589 1047 928 1
929 654 656 1011 929 1
930 879 880 1129 930 1
931 656 658 674 931 1
932 638 640 680 932 1
933 642 644 675 933 1
934 648 650 677 934 1
935 652 654 673 935 1
936 1529 1154 1623 936 1
937 789 939 973 937 1
938 797 1045 1046 938 1
939 893 907 984 939 1
940 996 1182 1485 940 1
941 589 592 1047 941 1
942 897 901 1041 942 1
943 743 744 747 943 1
944 792 794 1067 944 1
945 794 796 922 945 1
946 799 801 883 946 1
947 803 807 1064 947 1
948 807 809 812 948 1
949 811 814 872 949 1
950 816 818 819 950 1
951 618 620 669 951 1
952 1387 999 1534 952 1
953 1142 1141 1152 953 1
954 644 646 1108 954 1
955 932 1085 1086 955 1
956 884 988 1545 956 1
957 622 624 666 957 1
958 626 628 663 958 1
959 1003 1181 1489 959 1
960 630 632 633 960 1
961 870 1357 1624 961 1
962 599 602 1049 962 1
963 559 560 689 963 1
964 1084 1276 1416 964 1
965 1154 1397 1488 965 1
966 550 552 553 966 1
967 565 566 1137 967 1
968 904 955 1057 968 1
969 1186 519 1460 969 1
970 1026 759 1122 970 1
971 1130 884 1545 971 1
972 981 990 1117 972 1
973 771 773 1071 973 1
974 985 786 1576 974 1
975 1165 667 1431 975 1
976 773 775 780 976 1
977 777 779 1055 977 1
978 779 784 797 978 1
979 786 788 789 979 1
980 532 1084 1383 980 1
981 1008 1007 1062 981 1
982 614 617 1033 982 1
983 543 238 1554 983 1
984 1092 498 1192 984 1
985 605 607 665 985 1
986 1483 1476 1588 986 1
987 610 612 662 987 1
988 614 616 617 988 1
989 904 906 955 989 1
990 1056 1055 1112 990 1
991 777 1055 1056 991 1
992 771 1071 1072 992 1
993 1303 1302 1367 993 1
994 1062 1007 1594 994 1
995 110 499 1101 995 1
996 630 633 1024 996 1
997 241 540 1552 997 1
998 640 642 1127 998 1
999 893 895 907 999 1
1000 1050 819 1051 1000 1
1001 816 819 1020 1001 1
1002 811 872 1019 1002 1
1003 595 597 664 1003 1
1004 803 1064 1065 1004 1
1005 792 1067 1069 1005 1
1006 799 883 1018 1006 1
1007 897 899 901 1007 1
1008 1160 526 1262 1008 1
1009 977 824 1581 1009 1
1010 1004 737 1516 1010 1
1011 1011 656 1595 1011 1
1012 1294 1030 1634 1012 1
1013 599 601 602 1013 1
1014 658 660 1079 1014 1
1015 972 978 1162 1015 1
1016 1213 950 1326 1016 1
1017 459 1117 1582 1017 1
1018 1003 1004 1181 1018 1
1019 652 673 1074 1019 1
1020 1069 1067 1269 1020 1
1021 995 860 1048 1021 1
1022 991 854 1037 1022 1
1023 993 848 1015 1023 1
1024 980 840 981 1024 1
1025 971 834 972 1025 1
1026 958 828 974 1026 1
1027 946 822 977 1027 1
1028 1095 1094 1157 1028 1
1029 1013 866 1059 1029 1
1030 864 1013 1042 1030 1
1031 1289 1046 1496 1031 1
1032 887 889 890 1032 1
1033 1016 967 1146 1033 1
1034 826 958 986 1034 1
1035 832 971 987 1035 1
1036 846 993 994 1036 1
1037 852 991 992 1037 1
1038 858 995 1017 1038 1
1039 784 786 985 1039 1
1040 1123 510 1591 1040 1
1041 584 586 667 1041 1
1042 928 924 1168 1042 1
1043 589 591 592 1043 1
1044 673 654 1011 1044 1
1045 1224 1181 1225 1045 1
1046 1345 493 1600 1046 1
1047 1154 1153 1397 1047 1
1048 747 748 1029 1048 1
1049 238 99 1553 1049 1
1050 130 241 1552 1050 1
1051 880 882 884 1051 1
1052 570 572 672 1052 1
1053 1198 1249 1434 1053 1
1054 7 486 1191 1054 1
1055 677 1352 1461 1055 1
1056 1408 514 1468 1056 1
1057 636 638 1163 1057 1
1058 597 599 1605 1058 1
1059 1107 562 1558 1059 1
1060 1008 1062 1148 1060 1
1061 240 239 1164 1061 1
1062 819 818 820 1062 1
1063 1177 914 1323 1063 1
1064 1042 1226 1342 1064 1
1065 576 578 579 1065 1
1066 1336 526 1341 1066 1
1067 987 971 1149 1067 1
1068 633 634 1175 1068 1
1069 748 878 879 1069 1
1070 566 568 569 1070 1
1071 31 166 1201 1071 1
1072 1135 1502 1508 1072 1
1073 620 622 1185 1073 1
1074 767 764 1325 1074 1
1075 556 558 559 1075 1
1076 633 632 634 1076 1
1077 1132 1133 1396 1077 1
1078 1115 485 1449 1078 1
1079 1232 1115 1347 1079 1
1080 929 954 1444 1080 1
1081 1056 1112 1433 1081 1
1082 968 1122 1257 1082 1
1083 993 1015 1121 1083 1
1084 489 1373 1482 1084 1
1085 710 749 750 1085 1
1086 718 713 719 1086 1
1087 1040 1038 1126 1087 1
1088 1001 1124 1520 1088 1
1089 675 644 1108 1089 1
1090 674 658 1079 1090 1
1091 1129 1130 1350 1091 1
1092 1354 680 1355 1092 1
1093 990 842 1575 1093 1
1094 1041 901 1125 1094 1
1095 1052 1184 1513 1095 1
1096 562 564 565 1096 1
1097 797 784 985 1097 1
1098 789 788 790 1098 1
1099 1035 1036 1335 1099 1
1100 962 697 1118 1100 1
1101 496 1304 1454 1101 1
1102 768 719 769 1102 1
1103 496 1172 1304 1103 1
1104 1119 1056 1433 1104 1
1105 722 921 1118 1105 1
1106 728 716 729 1106 1
1107 1163 918 1359 1107 1
1108 991 1037 1123 1108 1
1109 812 1061 1446 1109 1
1110 1273 465 1536 1110 1
1111 1253 1075 1492 1111 1
1112 617 616 618 1112 1
1113 1271 1170 1521 1113 1
1114 493 122 1091 1114 1
1115 104 492 1105 1115 1
1116 112 494 1097 1116 1
1117 955 906 956 1117 1
1118 953 873 1155 1118 1
1119 1102 1099 1188 1119 1
1120 576 579 1518 1120 1
1121 1108 870 1624 1121 1
1122 690 685 691 1122 1
1123 1031 574 1032 1123 1
1124 929 928 954 1124 1
1125 1272 530 1527 1125 1
1126 1036 782 1148 1126 1
1127 948 1029 1294 1127 1
1128 924 923 1168 1128 1
1129 940 1054 1371 1129 1
1130 1100 1098 1166 1130 1
1131 540 240 1577 1131 1
1132 869 1074 1563 1132 1
1133 1475 1070 1563 1133 1
1134 753 711 764 1134 1
1135 1179 486 1363 1135 1
1136 756 729 757 1136 1
1137 967 757 968 1137 1
1138 1255 474 1616 1138 1
1139 731 730 751 1139 1
1140 1001 699 1124 1140 1
1141 995 1048 1131 1141 1
1142 780 1119 1120 1142 1
1143 1089 812 1446 1143 1
1144 713 670 1400 1144 1
1145 617 618 1300 1145 1
1146 1220 504 1439 1146 1
1147 527 1112 1299 1147 1
1148 1076 1035 1630 1148 1
1149 602 601 603 1149 1
1150 786 789 1576 1150 1
1151 1118 921 1325 1151 1
1152 1072 1071 1160 1152 1
1153 478 1246 1599 1153 1
1154 901 899 902 1154 1
1155 930 957 1408 1155 1
1156 607 610 1176 1156 1
1157 752 751 765 1157 1
1158 766 765 923 1158 1
1159 1408 957 1449 1159 1
1160 1324 1411 1412 1160 1
1161 1053 1052 1513 1161 1
1162 1125 1247 1500 1162 1
1163 722 804 921 1163 1
1164 549 548 550 1164 1
1165 1090 1064 1539 1165 1
1166 1150 1059 1625 1166 1
1167 117 1140 1143 1167 1
1168 969 945 1173 1168 1
1169 624 626 1305 1169 1
1170 683 1307 1415 1170 1
1171 1302 661 1367 1171 1
1172 1315 693 1369 1172 1
1173 503 1155 1530 1173 1
1174 721 720 726 1174 1
1175 1245 1078 1460 1175 1
1176 1432 963 1565 1176 1
1177 994 1549 1606 1177 1
1178 732 1008 1124 1178 1
1179 553 552 554 1179 1
1180 1074 869 1474 1180 1
1181 814 1020 1592 1181 1
1182 1035 1335 1630 1182 1
1183 1013 1059 1150 1183 1
1184 592 591 593 1184 1
1185 1052 910 1184 1185 1
1186 1126 1260 1511 1186 1
1187 890 889 891 1187 1
1188 237 238 543 1188 1
1189 1064 1089 1539 1189 1
1190 1217 1005 1223 1190 1
1191 687 582 1058 1191 1
1192 1097 494 1609 1192 1
1193 1057 955 1174 1193 1
1194 727 726 754 1194 1
1195 755 754 759 1195 1
1196 704 689 742 1196 1
1197 581 580 582 1197 1
1198 981 1117 1550 1198 1
1199 948 747 1029 1199 1
1200 672 572 1031 1200 1
1201 1030 1029 1617 1201 1
1202 241 240 540 1202 1
1203 126 127 496 1203 1
1204 115 116 491 1204 1
1205 121 122 493 1205 1
1206 107 108 495 1206 1
1207 110 111 499 1207 1
1208 104 105 492 1208 1
1209 112 113 494 1209 1
1210 102 103 500 1210 1
1211 123 124 498 1211 1
1212 118 119 490 1212 1
1213 117 118 1140 1213 1
1214 1166 679 1208 1214 1
1215 1068 922 1494 1215 1
1216 1098 1097 1194 1216 1
1217 1470 1043 1525 1217 1
1218 740 700 781 1218 1
1219 1079 660 1569 1219 1
1220 642 675 1127 1220 1
1221 490 1210 1493 1221 1
1222 732 1007 1008 1222 1
1223 107 495 1324 1223 1
1224 884 882 885 1224 1
1225 572 574 1031 1225 1
1226 996 999 1523 1226 1
1227 480 1243 1545 1227 1
1228 579 578 580 1228 1
1229 1324 495 1559 1229 1
1230 1029 748 1617 1230 1
1231 1182 750 1485 1231 1
1232 102 500 1215 1232 1
1233 926 924 928 1233 1
1234 824 986 1581 1234 1
1235 1066 1065 1536 1235 1
1236 121 493 1345 1236 1
1237 984 907 1186 1237 1
1238 1373 997 1374 1238 1
1239 994 993 1549 1239 1
1240 628 1024 1618 1240 1
1241 1131 508 1612 1241 1
1242 569 568 570 1242 1
1243 743 742 744 1243 1
1244 1101 1099 1102 1244 1
1245 108 109 1568 1245 1
1246 603 605 1147 1246 1
1247 1144 1142 1151 1247 1
1248 1145 543 1554 1248 1
1249 553 697 962 1249 1
1250 486 1178 1191 1250 1
1251 879 878 880 1251 1
1252 759 1053 1122 1252 1
1253 986 958 1190 1253 1
1254 1305 626 1506 1254 1
1255 550 962 1555 1255 1
1256 620 1185 1560 1256 1
1257 1039 768 1596 1257 1
1258 830 987 1598 1258 1
1259 559 699 1001 1259 1
1260 801 1065 1614 1260 1
1261 1021 872 1592 1261 1
1262 125 1478 1479 1262 1
1263 747 744 748 1263 1
1264 559 558 560 1264 1
1265 1176 610 1547 1265 1
1266 697 722 1118 1266 1
1267 565 564 566 1267 1
1268 1143 1142 1144 1268 1
1269 526 1160 1341 1269 1
1270 555 554 556 1270 1
1271 1002 1111 1622 1271 1
1272 1087 1086 1196 1272 1
1273 1152 1141 1177 1273 1
1274 842 844 1575 1274 1
1275 530 1204 1527 1275 1
1276 1300 669 1376 1276 1
1277 1323 914 1480 1277 1
1278 1047 1322 1431 1278 1
1279 947 932 1087 1279 1
1280 582 584 1058 1280 1
1281 707 691 1318 1281 1
1282 686 636 1163 1282 1
1283 1442 533 1537 1283 1
1284 1066 1527 1614 1284 1
1285 670 603 1147 1285 1
1286 122 123 1091 1286 1
1287 593 595 1169 1287 1
1288 809 1019 1631 1288 1
1289 699 732 1124 1289 1
1290 1114 1255 1616 1290 1
1291 111 112 1097 1291 1
1292 103 104 1105 1292 1
1293 1176 952 1391 1293 1
1294 1168 923 1252 1294 1
1295 1150 501 1632 1295 1
1296 1137 569 1525 1296 1
1297 562 565 1558 1297 1
1298 1216 933 1320 1298 1
1299 1196 1086 1197 1299 1
1300 1199 1200 1201 1300 1
1301 989 500 1629 1301 1
1302 540 1088 1306 1302 1
1303 494 113 1502 1303 1
1304 1086 1085 1566 1304 1
1305 1106 672 1497 1305 1
1306 1008 1148 1473 1306 1
1307 820 821 822 1307 1
1308 469 1119 1433 1308 1
1309 634 686 1175 1309 1
1310 1269 1067 1501 1310 1
1311 1397 725 1488 1311 1
1312 1187 478 1599 1312 1
1313 734 1132 1296 1313 1
1314 1183 915 1210 1314 1
1315 716 671 1292 1315 1
1316 1067 1068 1501 1316 1
1317 1009 966 1010 1317 1
1318 1151 1142 1152 1318 1
1319 617 1300 1507 1319 1
1320 1120 1336 1341 1320 1
1321 567 1307 1447 1321 1
1322 1274 1089 1446 1322 1
1323 875 1175 1360 1323 1
1324 634 635 636 1324 1
1325 822 823 824 1325 1
1326 1157 688 1503 1326 1
1327 166 521 1201 1327 1
1328 858 859 860 1328 1
1329 856 857 858 1329 1
1330 854 855 856 1330 1
1331 852 853 854 1331 1
1332 850 851 852 1332 1
1333 848 849 850 1333 1
1334 846 847 848 1334 1
1335 844 845 846 1335 1
1336 842 843 844 1336 1
1337 840 841 842 1337 1
1338 838 839 840 1338 1
1339 836 837 838 1339 1
1340 834 835 836 1340 1
1341 832 833 834 1341 1
1342 824 825 826 1342 1
1343 830 831 832 1343 1
1344 828 829 830 1344 1
1345 826 827 828 1345 1
1346 862 863 864 1346 1
1347 860 861 862 1347 1
1348 1090 1273 1536 1348 1
1349 556 1001 1628 1349 1
1350 520 1125 1435 1350 1
1351 748 879 1617 1351 1
1352 622 666 1185 1352 1
1353 678 1151 1542 1353 1
1354 864 865 866 1354 1
1355 1146 473 1531 1355 1
1356 544 543 1145 1356 1
1357 1099 1100 1188 1357 1
1358 1231 1498 1550 1358 1
1359 496 127 1171 1359 1
1360 636 637 638 1360 1
1361 565 1137 1382 1361 1
1362 638 639 640 1362 1
1363 640 641 642 1363 1
1364 642 643 644 1364 1
1365 644 645 646 1365 1
1366 646 647 648 1366 1
1367 648 649 650 1367 1
1368 650 651 652 1368 1
1369 652 653 654 1369 1
1370 654 655 656 1370 1
1371 948 1294 1557 1371 1
1372 1065 1090 1536 1372 1
1373 110 1101 1635 1373 1
1374 745 932 947 1374 1
1375 491 1529 1623 1375 1
1376 868 1138 1425 1376 1
1377 549 550 1555 1377 1
1378 1018 883 1204 1378 1
1379 711 549 1455 1379 1
1380 790 791 792 1380 1
1381 1049 1331 1440 1381 1
1382 656 657 658 1382 1
1383 866 867 868 1383 1
1384 470 1160 1262 1384 1
1385 536 1179 1363 1385 1
1386 665 607 1176 1386 1
1387 992 991 1561 1387 1
1388 1201 1200 1409 1388 1
1389 954 928 1198 1389 1
1390 471 1126 1429 1390 1
1391 618 619 620 1391 1
1392 955 956 1199 1392 1
1393 717 730 731 1393 1
1394 792 793 794 1394 1
1395 1408 1468 1611 1395 1
1396 794 795 796 1396 1
1397 796 798 799 1397 1
1398 799 800 801 1398 1
1399 801 802 803 1399 1
1400 803 806 807 1400 1
1401 807 808 809 1401 1
1402 809 810 811 1402 1
1403 633 1175 1543 1403 1
1404 811 813 814 1404 1
1405 814 815 816 1405 1
1406 1280 533 1442 1406 1
1407 816 817 818 1407 1
1408 666 1305 1378 1408 1
1409 1438 692 1471 1409 1
1410 872 814 1592 1410 1
1411 1069 1269 1319 1411 1
1412 1159 1220 1439 1412 1
1413 610 662 1547 1413 1
1414 1112 1264 1433 1414 1
1415 1138 871 1615 1415 1
1416 124 125 1479 1416 1
1417 1159 479 1220 1417 1
1418 1057 1174 1413 1418 1
1419 620 621 622 1419 1
1420 622 623 624 1420 1
1421 624 625 626 1421 1
1422 626 627 628 1422 1
1423 671 593 1169 1423 1
1424 628 629 630 1424 1
1425 630 631 632 1425 1
1426 769 770 771 1426 1
1427 546 544 959 1427 1
1428 1102 1189 1464 1428 1
1429 1144 1151 1153 1429 1
1430 1102 1464 1604 1430 1
1431 871 1138 1139 1431 1
1432 106 1324 1412 1432 1
1433 1105 492 1441 1433 1
1434 496 1171 1172 1434 1
1435 1158 504 1448 1435 1
1436 1088 1422 1465 1436 1
1437 999 1387 1522 1437 1
1438 714 720 721 1438 1
1439 966 964 1302 1439 1
1440 490 119 1183 1440 1
1441 603 604 605 1441 1
1442 771 772 773 1442 1
1443 926 928 929 1443 1
1444 773 774 775 1444 1
1445 775 776 777 1445 1
1446 777 778 779 1446 1
1447 1113 1002 1622 1447 1
1448 779 783 784 1448 1
1449 1115 767 1116 1449 1
1450 784 785 786 1450 1
1451 786 787 788 1451 1
1452 689 560 1107 1452 1
1453 976 975 1314 1453 1
1454 537 488 538 1454 1
1455 940 942 1054 1455 1
1456 658 659 660 1456 1
1457 976 1315 1334 1457 1
1458 902 903 904 1458 1
1459 1094 1096 1451 1459 1
1460 805 997 1000 1460 1
1461 1283 1190 1469 1461 1
1462 731 751 752 1462 1
1463 605 606 607 1463 1
1464 607 609 610 1464 1
1465 610 611 612 1465 1
1466 612 613 614 1466 1
1467 614 615 616 1467 1
1468 675 1108 1624 1468 1
1469 766 923 924 1469 1
1470 844 994 1575 1470 1
1471 752 765 766 1471 1
1472 119 120 1183 1472 1
1473 1372 497 1373 1473 1
1474 1306 1088 1465 1474 1
1475 913 975 976 1475 1
1476 904 905 906 1476 1
1477 460 1162 1578 1477 1
1478 502 1259 1621 1478 1
1479 1422 761 1465 1479 1
1480 492 105 1412 1480 1
1481 953 1155 1156 1481 1
1482 504 1158 1439 1482 1
1483 593 594 595 1483 1
1484 1017 995 1574 1484 1
1485 550 551 552 1485 1
1486 1254 523 1492 1486 1
1487 891 892 893 1487 1
1488 521 1199 1201 1488 1
1489 1050 1051 1537 1489 1
1490 1256 473 1330 1490 1
1491 1244 480 1545 1491 1
1492 499 1099 1101 1492 1
1493 721 726 727 1493 1
1494 595 596 597 1494 1
1495 1088 724 1422 1495 1
1496 597 598 599 1496 1
1497 755 759 1026 1497 1
1498 599 600 601 1498 1
1499 627 625 1323 1499 1
1500 727 754 755 1500 1
1501 984 1186 1460 1501 1
1502 546 959 1349 1502 1
1503 768 920 1596 1503 1
1504 605 665 1620 1504 1
1505 1023 1006 1466 1505 1
1506 893 894 895 1506 1
1507 709 736 871 1507 1
1508 895 896 897 1508 1
1509 963 1432 1556 1509 1
1510 897 898 899 1510 1
1511 663 628 1618 1511 1
1512 1135 1134 1502 1512 1
1513 1167 1032 1518 1513 1
1514 700 555 1520 1514 1
1515 1133 1135 1136 1515 1
1516 1148 782 1473 1516 1
1517 931 1083 1467 1517 1
1518 1152 1388 1542 1518 1
1519 1188 1100 1407 1519 1
1520 582 583 584 1520 1
1521 1258 1053 1290 1521 1
1522 595 664 1603 1522 1
1523 1243 1130 1545 1523 1
1524 961 1166 1194 1524 1
1525 1042 1013 1586 1525 1
1526 971 972 1512 1526 1
1527 1044 633 1543 1527 1
1528 885 886 887 1528 1
1529 1174 521 1423 1529 1
1530 1183 120 1590 1530 1
1531 584 585 586 1531 1
1532 1077 1023 1580 1532 1
1533 586 588 589 1533 1
1534 1103 1104 1420 1534 1
1535 477 1174 1423 1535 1
1536 1128 540 1306 1536 1
1537 982 1324 1559 1537 1
1538 589 590 591 1538 1
1539 626 663 1506 1539 1
1540 734 944 1132 1540 1
1541 1010 1302 1303 1541 1
1542 1140 1142 1143 1542 1
1543 883 801 1614 1543 1
1544 1153 615 1397 1544 1
1545 1133 1136 1396 1545 1
1546 1179 536 1385 1546 1
1547 1074 673 1563 1547 1
1548 932 1086 1087 1548 1
1549 887 888 889 1549 1
1550 1193 502 1621 1550 1
1551 570 571 572 1551 1
1552 1100 1166 1208 1552 1
1553 618 669 1300 1553 1
1554 128 1128 1171 1554 1
1555 1287 1272 1527 1555 1
1556 1132 668 1410 1556 1
1557 911 913 1334 1557 1
1558 1199 956 1200 1558 1
1559 1085 931 1467 1559 1
1560 554 552 1310 1560 1
1561 1083 940 1597 1561 1
1562 1036 1148 1528 1562 1
1563 572 573 574 1563 1
1564 1464 1104 1604 1564 1
1565 1034 617 1507 1565 1
1566 703 1188 1407 1566 1
1567 880 881 882 1567 1
1568 574 575 576 1568 1
1569 1010 966 1302 1569 1
1570 127 128 1171 1570 1
1571 1235 1036 1528 1571 1
1572 493 1093 1314 1572 1
1573 576 577 578 1573 1
1574 547 710 1182 1574 1
1575 980 981 1550 1575 1
1576 934 1147 1392 1576 1
1577 1189 608 1464 1577 1
1578 691 694 695 1578 1
1579 876 1300 1376 1579 1
1580 566 567 568 1580 1
1581 933 937 1320 1581 1
1582 1020 1050 1627 1582 1
1583 560 561 562 1583 1
1584 750 1180 1485 1584 1
1585 115 491 1508 1585 1
1586 1104 1103 1604 1586 1
1587 1041 1125 1500 1587 1
1588 1181 453 1489 1588 1
1589 1425 1138 1615 1589 1
1590 695 705 706 1590 1
1591 557 554 1310 1591 1
1592 1096 1092 1192 1592 1
1593 1307 960 1415 1593 1
1594 967 968 1330 1594 1
1595 1169 595 1603 1595 1
1596 556 557 558 1596 1
1597 748 877 878 1597 1
1598 879 1129 1584 1598 1
1599 1040 1126 1511 1599 1
1600 1254 1173 1426 1600 1
1601 820 818 821 1601 1
1602 1527 883 1614 1602 1
1603 973 1022 1524 1603 1
1604 491 1487 1508 1604 1
1605 666 624 1305 1605 1
1606 1046 1045 1496 1606 1
1607 960 982 983 1607 1
1608 634 632 635 1608 1
1609 916 917 960 1609 1
1610 871 736 1615 1610 1
1611 669 620 1560 1611 1
1612 465 1287 1536 1612 1
1613 562 563 564 1613 1
1614 1203 236 1499 1614 1
1615 1486 1016 1626 1615 1
1616 958 974 1469 1616 1
1617 472 1184 1472 1617 1
1618 1078 984 1460 1618 1
1619 812 809 1631 1619 1
1620 1024 1044 1301 1620 1
1621 1352 935 1461 1621 1
1622 1172 761 1304 1622 1
1623 587 1167 1518 1623 1
1624 674 1079 1551 1624 1
1625 790 788 791 1625 1
1626 1033 1034 1450 1626 1
1627 1043 1346 1525 1627 1
1628 1257 1256 1330 1628 1
1629 1012 1185 1377 1629 1
1630 519 1186 1430 1630 1
1631 696 1177 1323 1631 1
1632 1080 542 1295 1632 1
1633 656 674 1595 1633 1
1634 698 739 933 1634 1
1635 1103 109 1635 1635 1
1636 618 616 619 1636 1
1637 946 977 1427 1637 1
1638 1066 1287 1527 1638 1
1639 682 763 916 1639 1
1640 717 731 1322 1640 1
1641 669 1368 1376 1641 1
1642 1004 1196 1225 1642 1
1643 822 821 823 1643 1
1644 1147 934 1585 1644 1
1645 1127 908 1463 1645 1
1646 1005 1217 1530 1646 1
1647 858 857 859 1647 1
1648 856 855 857 1648 1
1649 854 853 855 1649 1
1650 852 851 853 1650 1
1651 850 849 851 1651 1
1652 848 847 849 1652 1
1653 824 823 825 1653 1
1654 846 845 847 1654 1
1655 844 843 845 1655 1
1656 842 841 843 1656 1
1657 840 839 841 1657 1
1658 838 837 839 1658 1
1659 836 835 837 1659 1
1660 834 833 835 1660 1
1661 832 831 833 1661 1
1662 830 829 831 1662 1
1663 828 827 829 1663 1
1664 826 825 827 1664 1
1665 860 859 861 1665 1
1666 100 101 541 1666 1
1667 862 861 863 1667 1
1668 956 906 1113 1668 1
1669 916 960 1307 1669 1
1670 673 1011 1475 1670 1
1671 769 719 770 1671 1
1672 864 863 865 1672 1
1673 1144 1153 1154 1673 1
1674 1148 1062 1364 1674 1
1675 1025 1178 1179 1675 1
1676 625 696 1323 1676 1
1677 1303 1438 1471 1677 1
1678 636 635 637 1678 1
1679 682 916 1316 1679 1
1680 638 637 639 1680 1
1681 640 639 641 1681 1
1682 642 641 643 1682 1
1683 644 643 645 1683 1
1684 646 645 647 1684 1
1685 648 647 649 1685 1
1686 650 649 651 1686 1
1687 652 651 653 1687 1
1688 654 653 655 1688 1
1689 1101 1102 1604 1689 1
1690 760 701 964 1690 1
1691 656 655 657 1691 1
1692 1502 114 1508 1692 1
1693 660 684 685 1693 1
1694 1468 1191 1611 1694 1
1695 1065 1066 1614 1695 1
1696 603 601 604 1696 1
1697 541 101 1215 1697 1
1698 1190 958 1469 1698 1
1699 1147 605 1620 1699 1
1700 792 791 793 1700 1
1701 1305 919 1378 1701 1
1702 866 865 867 1702 1
1703 794 793 795 1703 1
1704 673 1475 1563 1704 1
1705 796 795 798 1705 1
1706 799 798 800 1706 1
1707 801 800 802 1707 1
1708 803 802 806 1708 1
1709 902 899 903 1709 1
1710 1396 1136 1488 1710 1
1711 807 806 808 1711 1
1712 809 808 810 1712 1
1713 811 810 813 1713 1
1714 814 813 815 1714 1
1715 816 815 817 1715 1
1716 757 729 758 1716 1
1717 1088 540 1577 1717 1
1718 714 721 1331 1718 1
1719 868 867 1138 1719 1
1720 1287 1066 1536 1720 1
1721 990 1404 1587 1721 1
1722 913 976 1334 1722 1
1723 620 619 621 1723 1
1724 906 1002 1113 1724 1
1725 622 621 623 1725 1
1726 624 623 625 1726 1
1727 626 625 627 1727 1
1728 628 627 629 1728 1
1729 630 629 631 1729 1
1730 522 1198 1504 1730 1
1731 128 129 1128 1731 1
1732 1205 470 1261 1732 1
1733 593 591 594 1733 1
1734 1028 758 1292 1734 1
1735 490 1183 1210 1735 1
1736 771 770 772 1736 1
1737 1027 1028 1209 1737 1
1738 667 1165 1593 1738 1
1739 773 772 774 1739 1
1740 1237 1077 1580 1740 1
1741 775 774 776 1741 1
1742 777 776 778 1742 1
1743 779 778 783 1743 1
1744 784 783 785 1744 1
1745 534 1190 1517 1745 1
1746 1355 680 1463 1746 1
1747 786 785 787 1747 1
1748 891 889 892 1748 1
1749 1233 515 1432 1749 1
1750 1204 530 1521 1750 1
1751 1361 869 1563 1751 1
1752 101 102 1215 1752 1
1753 605 604 606 1753 1
1754 698 933 1310 1754 1
1755 1022 939 1610 1755 1
1756 658 657 659 1756 1
1757 555 556 1628 1757 1
1758 607 606 609 1758 1
1759 610 609 611 1759 1
1760 1115 1116 1347 1760 1
1761 612 611 613 1761 1
1762 614 613 615 1762 1
1763 582 580 583 1763 1
1764 1246 1430 1599 1764 1
1765 478 1187 1500 1765 1
1766 925 924 926 1766 1
1767 664 597 1605 1767 1
1768 459 1231 1550 1768 1
1769 1170 466 1494 1769 1
1770 945 1114 1616 1770 1
1771 904 903 905 1771 1
1772 1322 938 1431 1772 1
1773 906 905 1002 1773 1
1774 550 548 551 1774 1
1775 1187 1041 1500 1775 1
1776 1526 927 1608 1776 1
1777 885 882 886 1777 1
1778 1132 944 1133 1778 1
1779 1101 1604 1635 1779 1
1780 1070 1361 1563 1780 1
1781 595 594 596 1781 1
1782 570 568 571 1782 1
1783 507 1224 1225 1783 1
1784 920 1205 1206 1784 1
1785 597 596 598 1785 1
1786 599 598 600 1786 1
1787 922 1170 1494 1787 1
1788 143 1191 1468 1788 1
1789 1151 1152 1542 1789 1
1790 731 938 1322 1790 1
1791 1054 1483 1588 1791 1
1792 672 1031 1497 1792 1
1793 126 496 1458 1793 1
1794 762 681 1216 1794 1
1795 893 892 894 1795 1
1796 895 894 896 1796 1
1797 897 896 898 1797 1
1798 635 632 1327 1798 1
1799 1255 1114 1486 1799 1
1800 838 980 1514 1800 1
1801 1192 498 1613 1801 1
1802 1193 1040 1511 1802 1
1803 552 551 698 1803 1
1804 1331 951 1440 1804 1
1805 687 1058 1526 1805 1
1806 742 689 1107 1806 1
1807 957 1115 1449 1807 1
1808 918 1163 1491 1808 1
1809 880 878 881 1809 1
1810 584 583 585 1810 1
1811 1010 1192 1613 1811 1
1812 566 564 567 1812 1
1813 965 964 966 1813 1
1814 560 558 561 1814 1
1815 569 570 1470 1815 1
1816 586 585 588 1816 1
1817 680 1354 1491 1817 1
1818 88 223 503 1818 1
1819 180 44 471 1819 1
1820 87 222 451 1820 1
1821 24 159 1220 1821 1
1822 222 86 1219 1822 1
1823 86 221 501 1823 1
1824 148 12 1222 1824 1
1825 181 45 506 1825 1
1826 225 89 453 1826 1
1827 220 84 452 1827 1
1828 90 225 1224 1828 1
1829 84 219 1226 1829 1
1830 226 90 507 1830 1
1831 219 83 508 1831 1
1832 92 227 454 1832 1
1833 82 217 455 1833 1
1834 217 81 1228 1834 1
1835 81 216 510 1835 1
1836 215 79 457 1836 1
1837 79 214 1229 1837 1
1838 214 78 511 1838 1
1839 77 212 458 1839 1
1840 212 76 1230 1840 1
1841 76 211 512 1841 1
1842 74 209 1231 1842 1
1843 210 74 459 1843 1
1844 209 73 513 1844 1
1845 145 9 485 1845 1
1846 10 145 1232 1846 1
1847 146 10 515 1847 1
1848 12 147 484 1848 1
1849 150 14 483 1849 1
1850 15 150 1236 1850 1
1851 151 15 516 1851 1
1852 17 152 482 1852 1
1853 153 17 1238 1853 1
1854 18 153 517 1854 1
1855 155 19 481 1855 1
1856 20 155 1241 1856 1
1857 156 20 518 1857 1
1858 22 157 480 1858 1
1859 160 24 479 1859 1
1860 25 160 1245 1860 1
1861 161 25 519 1861 1
1862 27 162 478 1862 1
1863 163 27 1247 1863 1
1864 28 163 520 1864 1
1865 165 29 477 1865 1
1866 166 30 521 1866 1
1867 32 167 476 1867 1
1868 168 32 1249 1868 1
1869 33 168 522 1869 1
1870 170 34 475 1870 1
1871 35 170 1253 1871 1
1872 171 35 523 1872 1
1873 37 172 474 1873 1
1874 173 37 1255 1874 1
1875 38 173 524 1875 1
1876 175 39 473 1876 1
1877 40 175 1256 1877 1
1878 176 40 525 1878 1
1879 42 177 472 1879 1
1880 179 43 502 1880 1
1881 44 179 1260 1881 1
1882 47 182 470 1882 1
1883 183 47 1262 1883 1
1884 48 183 526 1884 1
1885 185 49 469 1885 1
1886 50 185 1264 1886 1
1887 186 50 527 1887 1
1888 52 187 468 1888 1
1889 188 52 1266 1889 1
1890 53 188 528 1890 1
1891 190 54 467 1891 1
1892 55 190 1268 1892 1
1893 191 55 529 1893 1
1894 57 192 466 1894 1
1895 193 57 1271 1895 1
1896 58 193 530 1896 1
1897 195 59 465 1897 1
1898 60 195 1273 1898 1
1899 196 60 531 1899 1
1900 62 197 464 1900 1
1901 198 62 1276 1901 1
1902 63 198 532 1902 1
1903 200 64 463 1903 1
1904 65 200 1279 1904 1
1905 201 65 533 1905 1
1906 67 202 462 1906 1
1907 203 67 1282 1907 1
1908 68 203 534 1908 1
1909 205 69 461 1909 1
1910 70 205 1284 1910 1
1911 206 70 535 1911 1
1912 72 207 460 1912 1
1913 45 180 1221 1913 1
1914 13 148 505 1914 1
1915 159 23 504 1915 1
1916 223 87 1218 1916 1
1917 69 204 1283 1917 1
1918 202 66 1281 1918 1
1919 64 199 1278 1919 1
1920 66 201 1280 1920 1
1921 199 63 1277 1921 1
1922 59 194 1287 1922 1
1923 197 61 1275 1923 1
1924 192 56 1288 1924 1
1925 194 58 1272 1925 1
1926 61 196 1274 1926 1
1927 56 191 1270 1927 1
1928 187 51 1289 1928 1
1929 51 186 1265 1929 1
1930 49 184 1263 1930 1
1931 177 41 1290 1931 1
1932 182 46 1261 1932 1
1933 43 178 1259 1933 1
1934 41 176 1258 1934 1
1935 715 717 1322 1935 1
1936 36 171 1254 1936 1
1937 34 169 1251 1937 1
1938 169 33 1250 1938 1
1939 29 164 1291 1939 1
1940 589 588 590 1940 1
1941 164 28 1248 1941 1
1942 162 26 1246 1942 1
1943 157 21 1243 1943 1
1944 158 22 1244 1944 1
1945 940 746 942 1945 1
1946 690 709 1544 1946 1
1947 21 156 1242 1947 1
1948 19 154 1293 1948 1
1949 184 48 1336 1949 1
1950 1296 1132 1410 1950 1
1951 89 224 1223 1951 1
1952 1124 1008 1473 1952 1
1953 152 16 1237 1953 1
1954 818 817 1212 1954 1
1955 154 18 1240 1955 1
1956 149 13 1286 1956 1
1957 887 886 888 1957 1
1958 502 1193 1511 1958 1
1959 1309 509 1467 1959 1
1960 147 11 1234 1960 1
1961 224 88 1217 1961 1
1962 1122 1053 1443 1962 1
1963 1104 1418 1419 1963 1
1964 1400 670 1585 1964 1
1965 1166 1098 1194 1965 1
1966 572 571 573 1966 1
1967 1348 666 1378 1967 1
1968 474 1426 1616 1968 1
1969 1045 985 1505 1969 1
1970 748 744 877 1970 1
1971 619 616 1333 1971 1
1972 14 149 1235 1972 1
1973 556 554 557 1973 1
1974 1309 1083 1317 1974 1
1975 574 573 575 1975 1
1976 1137 1328 1382 1976 1
1977 1000 1202 1499 1977 1
1978 1009 1010 1613 1978 1
1979 943 733 961 1979 1
1980 1028 1169 1603 1980 1
1981 11 146 1233 1981 1
1982 576 575 577 1982 1
1983 964 701 1402 1983 1
1984 914 708 1480 1984 1
1985 174 38 1321 1985 1
1986 1120 1263 1336 1986 1
1987 712 714 1331 1987 1
1988 578 577 608 1988 1
1989 788 787 1344 1989 1
1990 968 1257 1330 1990 1
1991 761 1172 1465 1991 1
1992 721 951 1331 1992 1
1993 933 739 937 1993 1
1994 909 1239 1466 1994 1
1995 956 1113 1444 1995 1
1996 1016 1146 1626 1996 1
1997 970 966 1009 1997 1
1998 929 1113 1622 1998 1
1999 562 561 563 1999 1
2000 1451 1096 1471 2000 1
2001 989 959 1145 2001 1
2002 723 949 950 2002 1
2003 1111 1526 1608 2003 1
2004 1385 1384 1386 2004 1
2005 601 600 1296 2005 1
2006 960 917 982 2006 1
2007 1060 1219 1625 2007 1
2008 1149 971 1512 2008 1
2009 916 763 917 2009 1
2010 899 898 1298 2010 1
2011 782 781 1473 2011 1
2012 1374 1387 1573 2012 1
2013 912 708 914 2013 1
2014 979 989 1629 2014 1
2015 1050 1537 1601 2015 1
2016 914 1177 1493 2016 1
2017 959 544 1145 2017 1
2018 9 144 1308 2018 1
2019 737 707 1318 2019 1
2020 136 135 1202 2020 1
2021 228 92 1227 2021 1
2022 940 1371 1597 2022 1
2023 578 608 1297 2023 1
2024 706 723 1213 2024 1
2025 1206 1205 1261 2025 1
2026 495 108 1568 2026 1
2027 569 1470 1525 2027 1
2028 498 124 1479 2028 1
2029 1171 1128 1306 2029 1
2030 1273 1090 1539 2030 1
2031 1156 1060 1425 2031 1
2032 961 733 1405 2032 1
2033 1144 1154 1529 2033 1
2034 106 107 1324 2034 1
2035 1204 883 1527 2035 1
2036 515 1347 1432 2036 1
2037 892 889 1343 2037 1
2038 920 1206 1541 2038 1
2039 16 151 1394 2039 1
2040 564 563 1316 2040 1
2041 760 964 965 2041 1
2042 1053 1258 1443 2042 1
2043 731 752 938 2043 1
2044 766 924 925 2044 1
2045 1172 1171 1306 2045 1
2046 1170 1018 1521 2046 1
2047 600 734 1296 2047 1
2048 729 716 1292 2048 1
2049 1162 978 1571 2049 1
2050 631 708 911 2050 1
2051 878 877 1328 2051 1
2052 506 1206 1540 2052 1
2053 1216 681 1339 2053 1
2054 721 727 951 2054 1
2055 755 1026 1027 2055 1
2056 1386 487 1387 2056 1
2057 757 758 1453 2057 1
2058 911 912 913 2058 1
2059 913 915 975 2059 1
2060 898 1167 1298 2060 1
2061 1275 1274 1446 2061 1
2062 109 110 1635 2062 1
2063 120 1345 1590 2063 1
2064 886 882 1346 2064 1
2065 580 578 1297 2065 1
2066 120 121 1345 2066 1
2067 1104 1419 1420 2067 1
2068 691 685 694 2068 1
2069 921 963 1556 2069 1
2070 632 631 1327 2070 1
2071 698 551 738 2071 1
2072 1095 1157 1533 2072 1
2073 1133 1134 1135 2073 1
2074 1148 1364 1528 2074 1
2075 207 71 1380 2075 1
2076 953 1425 1615 2076 1
2077 30 165 1423 2077 1
2078 234 233 1295 2078 1
2079 561 558 1339 2079 1
2080 1210 914 1493 2080 1
2081 739 738 979 2081 1
2082 698 738 739 2082 1
2083 719 713 1400 2083 1
2084 54 189 1401 2084 1
2085 144 8 514 2085 1
2086 925 926 927 2086 1
2087 1025 1179 1180 2087 1
2088 600 733 734 2088 1
2089 616 615 1333 2089 1
2090 676 635 1327 2090 1
2091 93 228 509 2091 1
2092 125 126 1458 2092 1
2093 1173 945 1616 2093 1
2094 1061 812 1631 2094 1
2095 734 943 944 2095 1
2096 898 900 1167 2096 1
2097 662 1195 1393 2097 1
2098 1212 817 1301 2098 1
2099 960 983 1415 2099 1
2100 1111 687 1526 2100 1
2101 105 106 1412 2101 1
2102 821 818 1212 2102 1
2103 1181 1004 1225 2103 1
2104 73 208 1398 2104 1
2105 495 1420 1559 2105 1
2106 965 966 970 2106 1
2107 558 557 1339 2107 1
2108 660 659 684 2108 1
2109 172 36 1426 2109 1
2110 1175 875 1543 2110 1
2111 925 927 1165 2111 1
2112 743 909 1570 2112 1
2113 791 788 1344 2113 1
2114 1019 1061 1631 2114 1
2115 1083 1309 1467 2115 1
2116 857 855 869 2116 1
2117 851 849 935 2117 1
2118 847 845 870 2118 1
2119 843 841 1161 2119 1
2120 825 823 875 2120 1
2121 839 837 908 2121 1
2122 833 831 918 2122 1
2123 829 827 1211 2123 1
2124 861 859 1070 2124 1
2125 1161 675 1624 2125 1
2126 865 863 874 2126 1
2127 762 1216 1320 2127 1
2128 1430 1186 1599 2128 1
2129 637 635 676 2129 1
2130 641 639 693 2130 1
2131 647 645 688 2131 1
2132 651 649 692 2132 1
2133 670 1147 1585 2133 1
2134 888 1043 1214 2134 1
2135 563 681 682 2135 1
2136 1018 1204 1521 2136 1
2137 604 601 1296 2137 1
2138 795 793 876 2138 1
2139 802 800 1012 2139 1
2140 808 806 1348 2140 1
2141 813 810 919 2141 1
2142 817 815 1313 2142 1
2143 917 763 1014 2143 1
2144 567 564 1316 2144 1
2145 657 655 661 2145 1
2146 26 161 1430 2146 1
2147 552 698 1310 2147 1
2148 758 729 1292 2148 1
2149 889 888 1343 2149 1
2150 621 619 678 2150 1
2151 1146 1321 1626 2151 1
2152 625 623 696 2152 1
2153 631 629 708 2153 1
2154 568 567 1447 2154 1
2155 903 899 1298 2155 1
2156 530 1271 1521 2156 1
2157 682 762 763 2157 1
2158 678 619 1333 2158 1
2159 583 580 1297 2159 1
2160 772 770 934 2160 1
2161 1404 990 1575 2161 1
2162 776 774 1207 2162 1
2163 783 778 952 2163 1
2164 787 785 1195 2164 1
2165 942 1326 1484 2165 1
2166 229 93 1309 2166 1
2167 563 561 681 2167 1
2168 609 606 668 2168 1
2169 613 611 725 2169 1
2170 702 760 761 2170 1
2171 977 1329 1532 2171 1
2172 954 1198 1434 2172 1
2173 596 594 679 2173 1
2174 1133 944 1134 2174 1
2175 1138 867 1139 2175 1
2176 600 598 733 2176 1
2177 1002 905 1110 2177 1
2178 882 881 1346 2178 1
2179 1209 1028 1603 2179 1
2180 577 575 741 2180 1
2181 573 571 683 2181 1
2182 588 585 703 2182 1
2183 1158 1073 1439 2183 1
2184 1222 1076 1630 2184 1
2185 1160 1071 1341 2185 1
2186 682 681 762 2186 1
2187 898 896 900 2187 1
2188 1077 1237 1394 2188 1
2189 31 1201 1409 2189 1
2190 894 892 1106 2190 1
2191 235 234 542 2191 1
2192 987 1149 1633 2192 1
2193 1054 942 1484 2193 1
2194 881 878 1328 2194 1
2195 1027 1209 1337 2195 1
2196 983 1419 1602 2196 1
2197 1375 1320 1441 2197 1
2198 1250 522 1504 2198 1
2199 869 1353 1474 2199 1
2200 888 886 1043 2200 1
2201 1060 868 1425 2201 1
2202 1244 1158 1448 2202 1
2203 1387 487 1403 2203 1
2204 702 701 760 2204 1
2205 710 750 1182 2205 1
2206 1117 990 1587 2206 1
2207 1080 1081 1082 2207 1
2208 911 708 912 2208 1
2209 913 912 915 2209 1
2210 1371 1054 1588 2210 1
2211 944 943 1312 2211 1
2212 1185 1012 1560 2212 1
2213 631 911 1327 2213 1
2214 734 733 943 2214 1
2215 742 1107 1311 2215 1
2216 1505 1267 1519 2216 1
2217 915 1183 1590 2217 1
2218 744 742 1311 2218 1
2219 531 1273 1539 2219 1
2220 591 590 1535 2220 1
2221 167 31 1409 2221 1
2222 86 501 1219 2222 1
2223 503 223 1218 2223 1
2224 451 222 1219 2224 1
2225 471 44 1260 2225 1
2226 180 471 1221 2226 1
2227 87 451 1218 2227 1
2228 479 24 1220 2228 1
2229 225 453 1224 2229 1
2230 452 84 1226 2230 1
2231 12 484 1222 2231 1
2232 507 90 1224 2232 1
2233 219 508 1226 2233 1
2234 505 148 1222 2234 1
2235 455 217 1228 2235 1
2236 81 510 1228 2236 1
2237 457 79 1229 2237 1
2238 214 511 1229 2238 1
2239 519 25 1245 2239 1
2240 522 168 1249 2240 1
2241 523 35 1253 2241 1
2242 516 15 1236 2242 1
2243 518 20 1241 2243 1
2244 515 10 1232 2244 1
2245 458 212 1230 2245 1
2246 37 474 1255 2246 1
2247 57 466 1271 2247 1
2248 62 464 1276 2248 1
2249 175 473 1256 2249 1
2250 195 465 1273 2250 1
2251 200 463 1279 2251 1
2252 525 40 1256 2252 1
2253 531 60 1273 2253 1
2254 533 65 1279 2254 1
2255 524 173 1255 2255 1
2256 530 193 1271 2256 1
2257 532 198 1276 2257 1
2258 17 482 1238 2258 1
2259 27 478 1247 2259 1
2260 517 153 1238 2260 1
2261 520 163 1247 2261 1
2262 179 502 1260 2262 1
2263 145 485 1232 2263 1
2264 150 483 1236 2264 1
2265 155 481 1241 2265 1
2266 459 74 1231 2266 1
2267 76 512 1230 2267 1
2268 527 50 1264 2268 1
2269 535 70 1284 2269 1
2270 526 183 1262 2270 1
2271 32 476 1249 2271 1
2272 529 55 1268 2272 1
2273 160 479 1245 2273 1
2274 528 188 1266 2274 1
2275 534 203 1282 2275 1
2276 170 475 1253 2276 1
2277 209 513 1231 2277 1
2278 47 470 1262 2278 1
2279 185 469 1264 2279 1
2280 205 461 1284 2280 1
2281 52 468 1266 2281 1
2282 67 462 1282 2282 1
2283 190 467 1268 2283 1
2284 159 504 1220 2284 1
2285 506 45 1221 2285 1
2286 461 69 1283 2286 1
2287 462 202 1281 2287 1
2288 463 64 1278 2288 1
2289 201 533 1280 2289 1
2290 63 532 1277 2290 1
2291 66 1280 1281 2291 1
2292 465 59 1287 2292 1
2293 464 197 1275 2293 1
2294 199 1277 1278 2294 1
2295 466 192 1288 2295 1
2296 58 530 1272 2296 1
2297 196 531 1274 2297 1
2298 194 1272 1287 2298 1
2299 61 1274 1275 2299 1
2300 191 529 1270 2300 1
2301 468 187 1289 2301 1
2302 56 1270 1288 2302 1
2303 186 527 1265 2303 1
2304 469 49 1263 2304 1
2305 51 1265 1289 2305 1
2306 472 177 1290 2306 1
2307 470 182 1261 2307 1
2308 502 43 1259 2308 1
2309 176 525 1258 2309 1
2310 41 1258 1290 2310 1
2311 171 523 1254 2311 1
2312 475 34 1251 2312 1
2313 33 522 1250 2313 1
2314 477 29 1291 2314 1
2315 169 1250 1251 2315 1
2316 28 520 1248 2316 1
2317 665 1207 1392 2317 1
2318 164 1248 1291 2318 1
2319 478 162 1246 2319 1
2320 480 157 1243 2320 1
2321 48 526 1336 2321 1
2322 1263 184 1336 2322 1
2323 1116 767 1325 2323 1
2324 22 480 1244 2324 1
2325 156 518 1242 2325 1
2326 481 19 1293 2326 1
2327 453 89 1223 2327 1
2328 21 1242 1243 2328 1
2329 695 694 705 2329 1
2330 548 546 1349 2330 1
2331 482 152 1237 2331 1
2332 18 517 1240 2332 1
2333 13 505 1286 2333 1
2334 1426 1173 1616 2334 1
2335 484 147 1234 2335 1
2336 88 503 1217 2336 1
2337 38 524 1321 2337 1
2338 154 1240 1293 2338 1
2339 590 1208 1535 2339 1
2340 1012 1368 1560 2340 1
2341 483 14 1235 2341 1
2342 224 1217 1223 2342 1
2343 952 1176 1547 2343 1
2344 536 1384 1385 2344 1
2345 760 965 1304 2345 1
2346 1380 1149 1512 2346 1
2347 146 515 1233 2347 1
2348 1344 787 1450 2348 1
2349 1235 149 1286 2349 1
2350 947 1087 1516 2350 1
2351 534 1282 1329 2351 1
2352 1301 817 1313 2352 1
2353 781 1124 1473 2353 1
2354 706 705 723 2354 1
2355 563 682 1316 2355 1
2356 761 760 1304 2356 1
2357 11 1233 1234 2357 1
2358 1106 892 1343 2358 1
2359 1604 1103 1635 2359 1
2360 23 158 1448 2360 1
2361 1223 1005 1489 2361 1
2362 231 95 941 2362 1
2363 1498 980 1550 2363 1
2364 579 587 1518 2364 1
2365 94 229 1317 2365 1
2366 1562 535 1633 2366 1
2367 991 1123 1561 2367 1
2368 993 1121 1549 2368 1
2369 151 516 1394 2369 1
2370 995 1131 1574 2370 1
2371 1398 1162 1571 2371 1
2372 1307 683 1447 2372 1
2373 1237 16 1394 2373 1
2374 936 1413 1583 2374 1
2375 1051 1442 1537 2375 1
2376 752 766 1332 2376 1
2377 460 207 1380 2377 1
2378 1206 506 1541 2378 1
2379 165 477 1423 2379 1
2380 521 30 1423 2380 1
2381 467 54 1401 2381 1
2382 137 136 497 2382 1
2383 681 561 1339 2383 1
2384 1418 1104 1464 2384 1
2385 685 684 1428 2385 1
2386 507 1225 1589 2386 1
2387 513 73 1398 2387 1
2388 485 9 1308 2388 1
2389 1043 886 1346 2389 1
2390 1044 1212 1301 2390 1
2391 727 755 1337 2391 1
2392 474 172 1426 2392 1
2393 36 1254 1426 2393 1
2394 92 454 1227 2394 1
2395 1184 1259 1472 2395 1
2396 1257 1122 1443 2396 1
2397 1219 501 1625 2397 1
2398 953 1156 1425 2398 1
2399 161 519 1430 2399 1
2400 973 1267 1505 2400 1
2401 239 1082 1437 2401 1
2402 551 548 1349 2402 1
2403 1246 26 1430 2403 1
2404 877 744 1311 2404 1
2405 95 230 1370 2405 1
2406 746 706 1213 2406 1
2407 1228 510 1340 2407 1
2408 535 1284 1285 2408 1
2409 529 1268 1269 2409 1
2410 528 1266 1267 2410 1
2411 1265 527 1299 2411 1
2412 525 1256 1257 2412 1
2413 475 1251 1252 2413 1
2414 1013 1150 1586 2414 1
2415 1226 508 1342 2415 1
2416 1239 1445 1466 2416 1
2417 1485 1180 1534 2417 1
2418 1178 930 1611 2418 1
2419 1324 982 1411 2419 1
2420 515 1232 1347 2420 1
2421 476 167 1409 2421 1
2422 1242 518 1350 2422 1
2423 684 659 701 2423 1
2424 888 1214 1343 2424 1
2425 853 851 1352 2425 1
2426 835 833 1354 2426 1
2427 481 1293 1294 2427 1
2428 517 1238 1239 2428 1
2429 849 847 1356 2429 1
2430 845 843 1357 2430 1
2431 841 839 1358 2431 1
2432 831 829 1359 2432 1
2433 827 825 1360 2433 1
2434 859 857 1361 2434 1
2435 855 853 1353 2435 1
2436 837 835 1355 2436 1
2437 863 861 1362 2437 1
2438 968 757 1453 2438 1
2439 800 798 1368 2439 1
2440 1247 478 1500 2440 1
2441 504 23 1448 2441 1
2442 139 3 998 2442 1
2443 158 1244 1448 2443 1
2444 211 75 1456 2444 1
2445 1368 669 1560 2445 1
2446 655 653 1367 2446 1
2447 1229 511 1351 2447 1
2448 643 641 1365 2448 1
2449 649 647 1366 2449 1
2450 639 637 1369 2450 1
2451 7 142 486 2451 1
2452 539 805 1452 2452 1
2453 702 761 1422 2453 1
2454 1236 483 1364 2454 1
2455 1134 944 1312 2455 1
2456 738 551 1349 2456 1
2457 218 82 1457 2457 1
2458 823 821 1389 2458 1
2459 230 94 456 2459 1
2460 178 42 1472 2460 1
2461 1286 505 1335 2461 1
2462 512 211 1456 2462 1
2463 1260 502 1511 2463 1
2464 937 739 1338 2464 1
2465 85 220 1459 2465 1
2466 487 1386 1390 2466 1
2467 770 719 1400 2467 1
2468 653 651 1438 2468 1
2469 142 6 1363 2469 1
2470 82 455 1457 2470 1
2471 1310 933 1538 2471 1
2472 42 472 1472 2472 1
2473 1259 178 1472 2473 1
2474 496 1454 1458 2474 1
2475 798 795 1376 2475 1
2476 739 979 1338 2476 1
2477 806 802 1377 2477 1
2478 810 808 1378 2478 1
2479 815 813 1379 2479 1
2480 220 452 1459 2480 1
2481 215 457 1462 2481 1
2482 80 215 1462 2482 1
2483 938 752 1332 2483 1
2484 1180 1179 1385 2484 1
2485 477 1291 1413 2485 1
2486 53 528 1481 2486 1
2487 927 926 1608 2487 1
2488 867 865 1381 2488 1
2489 1303 1367 1438 2489 1
2490 113 114 1502 2490 1
2491 1277 532 1383 2491 1
2492 1319 467 1610 2492 1
2493 6 141 536 2493 1
2494 77 458 1477 2494 1
2495 4 139 1403 2495 1
2496 623 621 1388 2496 1
2497 189 53 1481 2497 1
2498 114 115 1508 2498 1
2499 1186 907 1599 2499 1
2500 684 701 702 2500 1
2501 1345 975 1590 2501 1
2502 793 791 1399 2502 1
2503 141 5 1384 2503 1
2504 494 1312 1510 2504 1
2505 951 727 1337 2505 1
2506 1394 516 1594 2506 1
2507 778 776 1391 2507 1
2508 785 783 1393 2508 1
2509 68 534 1517 2509 1
2510 1283 204 1517 2510 1
2511 766 925 1332 2511 1
2512 1209 664 1619 2512 1
2513 1230 512 1404 2513 1
2514 1270 1068 1288 2514 1
2515 907 1187 1599 2515 1
2516 925 1165 1332 2516 1
2517 213 77 1477 2517 1
2518 1045 1505 1519 2518 1
2519 473 39 1531 2519 1
2520 5 140 1390 2520 1
2521 181 506 1540 2521 1
2522 1261 46 1540 2522 1
2523 1200 956 1444 2523 1
2524 611 609 1395 2524 1
2525 615 613 1397 2525 1
2526 1386 1384 1390 2526 1
2527 1014 763 1375 2527 1
2528 1520 555 1628 2528 1
2529 206 535 1562 2529 1
2530 1329 977 1581 2530 1
2531 8 143 1468 2531 1
2532 789 973 1576 2532 1
2533 1194 1097 1609 2533 1
2534 1411 1014 1412 2534 1
2535 511 78 1572 2535 1
2536 1481 528 1524 2536 1
2537 501 221 1632 2537 1
2538 72 460 1578 2538 1
2539 508 83 1612 2539 1
2540 210 459 1582 2540 1
2541 755 1027 1337 2541 1
2542 510 216 1591 2542 1
2543 663 1313 1379 2543 1
2544 2 137 1372 2544 1
2545 1300 876 1507 2545 1
2546 140 4 487 2546 1
2547 1249 476 1434 2547 1
2548 233 97 537 2548 1
2549 961 1194 1510 2549 1
2550 174 1321 1531 2550 1
2551 571 568 1447 2551 1
2552 463 1278 1421 2552 1
2553 1276 464 1416 2553 1
2554 144 514 1308 2554 1
2555 764 711 1455 2555 1
2556 1212 1044 1389 2556 1
2557 100 541 1553 2557 1
2558 1184 910 1621 2558 1
2559 606 604 1410 2559 1
2560 943 961 1510 2560 1
2561 736 953 1615 2561 1
2562 509 228 1227 2562 1
2563 598 596 1405 2563 1
2564 694 685 1428 2564 1
2565 462 1281 1427 2565 1
2566 1414 683 1415 2566 1
2567 1418 741 1419 2567 1
2568 226 507 1515 2568 1
2569 1172 1306 1465 2569 1
2570 905 903 1417 2570 1
2571 1136 1135 1487 2571 1
2572 1432 1116 1556 2572 1
2573 1395 668 1396 2573 1
2574 896 894 1406 2574 1
2575 1196 1197 1589 2575 1
2576 1208 679 1535 2576 1
2577 1401 189 1481 2577 1
2578 1082 1081 1546 2578 1
2579 1328 877 1382 2579 1
2580 454 227 1548 2580 1
2581 763 762 1375 2581 1
2582 1143 1144 1529 2582 1
2583 590 588 1407 2583 1
2584 851 935 1352 2584 1
2585 833 918 1354 2585 1
2586 847 870 1356 2586 1
2587 843 1161 1357 2587 1
2588 839 908 1358 2588 1
2589 829 1211 1359 2589 1
2590 857 869 1361 2590 1
2591 825 875 1360 2591 1
2592 874 863 1362 2592 1
2593 1221 471 1429 2593 1
2594 935 849 1356 2594 1
2595 870 845 1357 2595 1
2596 1161 841 1358 2596 1
2597 918 831 1359 2597 1
2598 1211 827 1360 2598 1
2599 1070 859 1361 2599 1
2600 861 1070 1362 2600 1
2601 869 855 1353 2601 1
2602 908 837 1355 2602 1
2603 1012 800 1368 2603 1
2604 659 657 1402 2604 1
2605 692 649 1366 2605 1
2606 693 639 1369 2606 1
2607 641 693 1365 2607 1
2608 647 688 1366 2608 1
2609 637 676 1369 2609 1
2610 1128 129 1552 2610 1
2611 875 823 1389 2611 1
2612 661 655 1367 2612 1
2613 762 1320 1375 2613 1
2614 575 573 1414 2614 1
2615 1290 1053 1513 2615 1
2616 950 949 1164 2616 1
2617 1348 806 1377 2617 1
2618 919 810 1378 2618 1
2619 1313 815 1379 2619 1
2620 651 692 1438 2620 1
2621 125 1458 1478 2621 1
2622 865 874 1381 2622 1
2623 608 577 1418 2623 1
2624 795 876 1376 2624 1
2625 802 1012 1377 2625 1
2626 821 1212 1389 2626 1
2627 808 1348 1378 2627 1
2628 1248 520 1435 2628 1
2629 813 919 1379 2629 1
2630 696 623 1388 2630 1
2631 585 583 1424 2631 1
2632 933 1216 1538 2632 1
2633 702 1422 1428 2633 1
2634 965 970 1454 2634 1
2635 662 1393 1547 2635 1
2636 876 793 1399 2636 1
2637 1466 1006 1570 2637 1
2638 999 1485 1534 2638 1
2639 952 778 1391 2639 1
2640 1195 785 1393 2640 1
2641 949 724 1088 2641 1
2642 982 917 1411 2642 1
2643 741 575 1414 2643 1
2644 1314 975 1600 2644 1
2645 621 678 1388 2645 1
2646 1168 1252 1579 2646 1
2647 693 1315 1533 2647 1
2648 919 1305 1506 2648 1
2649 204 68 1517 2649 1
2650 725 611 1395 2650 1
2651 683 571 1447 2651 1
2652 934 770 1400 2652 1
2653 1139 867 1381 2653 1
2654 733 598 1405 2654 1
2655 723 705 724 2655 1
2656 975 1345 1600 2656 1
2657 910 1193 1621 2657 1
2658 1380 71 1562 2658 1
2659 776 1207 1391 2659 1
2660 783 952 1393 2660 1
2661 668 606 1410 2661 1
2662 791 1344 1399 2662 1
2663 975 915 1590 2663 1
2664 485 1308 1449 2664 1
2665 703 585 1424 2665 1
2666 900 896 1406 2666 1
2667 609 668 1395 2667 1
2668 613 725 1397 2668 1
2669 1110 905 1417 2669 1
2670 1264 469 1433 2670 1
2671 875 1389 1543 2671 1
2672 91 226 1515 2672 1
2673 917 1014 1411 2673 1
2674 1398 208 1578 2674 1
2675 39 174 1531 2675 1
2676 723 724 949 2676 1
2677 596 679 1405 2677 1
2678 1584 1030 1617 2678 1
2679 1455 549 1555 2679 1
2680 608 1418 1464 2680 1
2681 604 1296 1410 2681 1
2682 942 746 1213 2682 1
2683 588 703 1407 2683 1
2684 1206 1261 1540 2684 1
2685 970 1009 1478 2685 1
2686 93 509 1309 2686 1
2687 46 181 1540 2687 1
2688 573 683 1414 2688 1
2689 894 1106 1406 2689 1
2690 577 741 1418 2690 1
2691 903 1298 1417 2691 1
2692 1514 1498 1571 2692 1
2693 853 1352 1353 2693 1
2694 835 1354 1355 2694 1
2695 1445 1023 1466 2695 1
2696 1149 1562 1633 2696 1
2697 657 661 1402 2697 1
2698 787 1195 1450 2698 1
2699 877 1311 1382 2699 1
2700 583 1297 1424 2700 1
2701 1304 965 1454 2701 1
2702 688 645 1503 2702 1
2703 871 1139 1551 2703 1
2704 1190 1283 1517 2704 1
2705 1320 937 1441 2705 1
2706 1368 798 1376 2706 1
2707 708 629 1480 2707 1
2708 1389 1044 1543 2708 1
2709 96 231 1476 2709 1
2710 1367 653 1438 2710 1
2711 467 1401 1610 2711 1
2712 942 1213 1326 2712 1
2713 1344 1034 1399 2713 1
2714 920 1541 1596 2714 1
2715 701 659 1402 2715 1
2716 627 1323 1480 2716 1
2717 1381 874 1436 2717 1
2718 1034 1344 1450 2718 1
2719 71 206 1562 2719 1
2720 227 91 1548 2720 1
2721 494 1510 1609 2721 1
2722 664 1440 1619 2722 1
2723 1288 1068 1494 2723 1
2724 1387 1374 1522 2724 1
2725 663 1379 1506 2725 1
2726 679 594 1535 2726 1
2727 519 1245 1460 2727 1
2728 1207 774 1567 2728 1
2729 1317 1083 1597 2729 1
2730 542 1080 1082 2730 1
2731 514 8 1468 2731 1
2732 78 213 1572 2732 1
2733 1225 1196 1589 2733 1
2734 1399 1034 1507 2734 1
2735 1404 512 1587 2735 1
2736 99 100 1553 2736 1
2737 129 130 1552 2737 1
2738 994 1404 1575 2738 1
2739 974 1285 1564 2739 1
2740 208 72 1578 2740 1
2741 1177 1141 1493 2741 1
2742 1157 1365 1533 2742 1
2743 3 138 1482 2743 1
2744 645 643 1503 2744 1
2745 781 700 1520 2745 1
2746 1393 952 1547 2746 1
2747 1214 1043 1470 2747 1
2748 75 210 1582 2748 1
2749 879 1584 1617 2749 1
2750 1150 1459 1586 2750 1
2751 684 702 1428 2751 1
2752 772 934 1567 2752 1
2753 934 1392 1567 2753 1
2754 629 627 1480 2754 1
2755 1258 525 1443 2755 1
2756 1456 75 1582 2756 1
2757 216 80 1591 2757 1
2758 461 1283 1469 2758 1
2759 538 488 1483 2759 1
2760 1116 1325 1556 2760 1
2761 1366 688 1451 2761 1
2762 1131 1457 1574 2762 1
2763 1259 1184 1621 2763 1
2764 218 1457 1612 2764 1
2765 229 1309 1317 2765 1
2766 1238 482 1445 2766 1
2767 80 1462 1591 2767 1
2768 557 1310 1538 2768 1
2769 1077 1394 1594 2769 1
2770 85 1459 1632 2770 1
2771 83 218 1612 2771 1
2772 1392 1207 1567 2772 1
2773 643 1365 1503 2773 1
2774 525 1257 1443 2774 1
2775 213 1477 1572 2775 1
2776 1374 997 1522 2776 1
2777 221 85 1632 2777 1
2778 939 1319 1610 2778 1
2779 1454 970 1458 2779 1
2780 484 1234 1495 2780 1
2781 876 1399 1507 2781 1
2782 135 1 1203 2782 1
2783 1458 970 1478 2783 1
2784 1329 1282 1532 2784 1
2785 983 982 1559 2785 1
2786 737 1318 1516 2786 1
2787 1080 538 1081 2787 1
2788 1240 517 1490 2788 1
2789 1414 1415 1602 2789 1
2790 542 234 1295 2790 1
2791 1239 1238 1445 2791 1
2792 468 1289 1496 2792 1
2793 1312 943 1510 2793 1
2794 517 1239 1490 2794 1
2795 1357 1161 1624 2795 1
2796 1379 919 1506 2796 1
2797 1267 1266 1519 2797 1
2798 529 1269 1501 2798 1
2799 1483 1054 1484 2799 1
2800 1231 513 1498 2800 1
2801 524 1255 1486 2801 1
2802 1350 518 1607 2802 1
2803 1023 1445 1580 2803 1
2804 709 871 1544 2804 1
2805 1022 1481 1524 2805 1
2806 594 591 1535 2806 1
2807 537 538 1080 2807 1
2808 1285 1284 1564 2808 1
2809 466 1288 1494 2809 1
2810 453 1223 1489 2810 1
2811 690 1544 1569 2811 1
2812 1123 1462 1561 2812 1
2813 1251 1250 1579 2813 1
2814 1456 1117 1587 2814 1
2815 941 95 1370 2815 1
2816 1285 974 1598 2816 1
2817 1315 1095 1533 2817 1
2818 1347 1116 1432 2818 1
2819 1301 1313 1618 2819 1
2820 1294 1293 1557 2820 1
2821 908 1355 1463 2821 1
2822 91 1515 1548 2822 1
2823 460 1380 1512 2823 1
2824 1362 1070 1475 2824 1
2825 1326 1081 1484 2825 1
2826 741 1414 1602 2826 1
2827 987 1285 1598 2827 1
2828 1321 1146 1531 2828 1
2829 1469 974 1564 2829 1
2830 1364 483 1528 2830 1
2831 1370 456 1371 2831 1
2832 1584 1350 1607 2832 1
2833 1267 973 1524 2833 1
2834 481 1294 1634 2834 1
2835 472 1290 1513 2835 1
2836 1413 1291 1583 2836 1
2837 926 929 1608 2837 1
2838 1436 1011 1595 2838 1
2839 456 94 1317 2839 1
2840 774 772 1567 2840 1
2841 462 1427 1532 2841 1
2842 1406 1106 1497 2842 1
2843 1266 468 1519 2843 1
2844 1230 1404 1606 2844 1
2845 1022 1401 1481 2845 1
2846 1487 491 1623 2846 1
2847 978 1514 1571 2847 1
2848 1081 538 1484 2848 1
2849 1428 1422 1509 2849 1
2850 1270 529 1501 2850 1
2851 1387 1403 1573 2851 1
2852 1544 871 1551 2852 1
2853 1335 505 1630 2853 1
2854 1549 458 1606 2854 1
2855 528 1267 1524 2855 1
2856 230 456 1370 2856 1
2857 463 1421 1601 2857 1
2858 1419 741 1602 2858 1
2859 963 1495 1565 2859 1
2860 950 1164 1437 2860 1
2861 973 1505 1576 2861 1
2862 1149 1380 1562 2862 1
2863 232 96 488 2863 1
2864 1477 458 1549 2864 1
2865 1282 462 1532 2865 1
2866 1478 1009 1479 2866 1
2867 1354 918 1491 2867 1
2868 1339 557 1538 2868 1
2869 1162 1398 1578 2869 1
2870 1365 1157 1503 2870 1
2871 664 1209 1603 2871 1
2872 1216 1339 1538 2872 1
2873 724 705 1509 2873 1
2874 533 1279 1537 2874 1
2875 138 2 489 2875 1
2876 486 142 1363 2876 1
2877 1217 503 1530 2877 1
2878 1248 1435 1583 2878 1
2879 483 1235 1528 2879 1
2880 139 998 1403 2880 1
2881 1462 457 1561 2881 1
2882 233 537 1295 2882 1
2883 1233 1432 1565 2883 1
2884 236 1452 1499 2884 1
2885 6 536 1363 2885 1
2886 1440 951 1619 2886 1
2887 1325 921 1556 2887 1
2888 1422 724 1509 2888 1
2889 1498 513 1571 2889 1
2890 1553 541 1554 2890 1
2891 1293 1240 1557 2891 1
2892 1252 1251 1579 2892 1
2893 536 141 1384 2893 1
2894 1457 455 1574 2894 1
2895 1284 461 1564 2895 1
2896 1121 1477 1549 2896 1
2897 493 1314 1600 2897 1
2898 1250 1504 1579 2898 1
2899 1103 1420 1568 2899 1
2900 538 1483 1484 2900 1
2901 535 1285 1633 2901 1
2902 513 1398 1571 2902 1
2903 468 1496 1519 2903 1
2904 1437 1082 1546 2904 1
2905 1384 5 1390 2905 1
2906 461 1469 1564 2906 1
2907 487 4 1403 2907 1
2908 1421 1021 1627 2908 1
2909 1068 1270 1501 2909 1
2910 1285 987 1633 2910 1
2911 1165 927 1593 2911 1
2912 1024 1301 1618 2912 1
2913 1385 1386 1534 2913 1
2914 1117 1456 1582 2914 1
2915 137 497 1372 2915 1
2916 1457 1131 1612 2916 1
2917 1459 452 1586 2917 1
2918 1227 454 1566 2918 1
2919 512 1456 1587 2919 1
2920 1459 1150 1632 2920 1
2921 488 1476 1483 2921 1
2922 1487 1135 1508 2922 1
2923 986 1329 1581 2923 1
2924 805 1000 1452 2924 1
2925 1462 1123 1591 2925 1
2926 140 487 1390 2926 1
2927 1515 507 1589 2927 1
2928 497 136 1202 2928 1
2929 482 1237 1580 2929 1
2930 231 941 1476 2930 1
2931 1477 1121 1572 2931 1
2932 1291 1248 1583 2932 1
2933 949 1088 1577 2933 1
2934 1445 482 1580 2934 1
2935 1240 1490 1557 2935 1
2936 1318 947 1516 2936 1
2937 1311 1107 1558 2937 1
2938 705 694 1509 2938 1
2939 1234 1233 1565 2939 1
2940 1388 678 1542 2940 1
2941 1279 463 1601 2941 1
2942 694 1428 1509 2942 1
2943 524 1486 1626 2943 1
2944 927 1526 1593 2944 1
2945 1365 693 1533 2945 1
2946 1337 1209 1619 2946 1
2947 458 1230 1606 2947 1
2948 1495 1234 1565 2948 1
2949 489 1372 1373 2949 1
2950 1427 977 1532 2950 1
2951 1164 949 1577 2951 1
2952 1321 524 1626 2952 1
2953 998 3 1482 2953 1
2954 1030 1584 1607 2954 1
2955 518 1241 1607 2955 1
2956 1241 481 1634 2956 1
2957 1522 997 1523 2957 1
2958 950 1437 1546 2958 1
2959 1537 1279 1601 2959 1
2960 1338 979 1629 2960 1
2961 505 1222 1630 2961 1
2962 565 1382 1558 2962 1
2963 1191 1178 1611 2963 1
2964 1079 1544 1551 2964 1
2965 1313 663 1618 2965 1
2966 1382 1311 1558 2966 1
2967 1420 495 1568 2967 1
2968 1392 1147 1620 2968 1
2969 1404 994 1606 2969 1
2970 1081 1326 1546 2970 1
2971 934 1400 1585 2971 1
2972 1050 1421 1627 2972 1
2973 1421 1050 1601 2973 1
2974 1515 1197 1548 2974 1
2975 1136 1487 1623 2975 1
2976 1435 936 1583 2976 1
2977 665 1392 1620 2977 1
2978 1488 1136 1623 2978 1
2979 1452 1000 1499 2979 1
2980 1129 1350 1584 2980 1
2981 951 1337 1619 2981 1
2982 1021 1592 1627 2982 1
2983 980 1498 1514 2983 1
2984 537 1080 1295 2984 1
2985 1202 135 1203 2985 1
2986 1479 1009 1613 2986 1
2987 962 1455 1555 2987 1
2988 1154 1488 1623 2988 1
2989 1401 1022 1610 2989 1
2990 1505 985 1576 2990 1
2991 498 1479 1613 2991 1
2992 999 1522 1523 2992 1
2993 930 1408 1611 2993 1
2994 1496 1045 1519 2994 1
2995 1440 664 1605 2995 1
2996 909 1466 1570 2996 1
2997 1180 1385 1534 2997 1
2998 1415 983 1602 2998 1
2999 489 2 1372 2999 1
3000 1371 456 1597 3000 1
3001 1370 1371 1588 3001 1
3002 1526 1058 1593 3002 1
3003 1049 1440 1605 3003 1
3004 1490 948 1557 3004 1
3005 1403 998 1573 3005 1
3006 1607 1241 1634 3006 1
3007 1326 950 1546 3007 1
3008 1510 1194 1609 3008 1
3009 674 1436 1595 3009 1
3010 456 1317 1597 3010 1
3011 941 1370 1588 3011 1
3012 1197 1515 1589 3012 1
3013 1504 1168 1579 3013 1
3014 488 96 1476 3014 1
3015 1544 1079 1569 3015 1
3016 1541 1039 1596 3016 1
3017 1592 1020 1627 3017 1
3018 138 489 1482 3018 1
3019 1202 1203 1499 3019 1
3020 1001 1520 1628 3020 1
3021 1608 929 1622 3021 1
3022 1030 1607 1634 3022 1
3023 238 1553 1554 3023 1
3024 1111 1608 1622 3024 1
3025 1 236 1203 3025 1
3026 97 232 488 3026 1
3027 98 235 542 3027 1
3028 239 98 1082 3028 1
3029 98 542 1082 3029 1
3030 1308 514 1408 3030 1
3031 874 1362 1475 3031 1
3032 1139 1381 1436 3032 1
1                -7.50000000      0.00000000       
2                0.00000000       0.00000000       
3                1.50000000       0.00000000       
4                3.00000000       0.00000000       
5                4.50000000       0.00000000       
6                6.00000000       0.00000000       
7                7.50000000       0.00000000       
8                9.00000000       0.00000000       
9                10.50000000      0.00000000       
10               12.00000000      0.00000000       
11               13.50000000      0.00000000       
12               15.00000000      0.00000000       
13               16.50000000      0.00000000       
14               18.00000000      0.00000000       
15               19.50000000      0.00000000       
16               21.00000000      0.00000000       
17               22.50000000      0.00000000       
18               24.00000000      0.00000000       
19               25.50000000      0.00000000       
20               27.00000000      0.00000000       
21               28.50000000      0.00000000       
22               30.00000000      0.00000000       
23               31.50000000      0.00000000       
24               33.00000000      0.00000000       
25               34.50000000      0.00000000       
26               36.00000000      0.00000000       
27               37.50000000      0.00000000       
28               39.00000000      0.00000000       
29               40.50000000      0.00000000       
30               42.00000000      0.00000000       
31               43.50000000      0.00000000       
32               45.00000000      0.00000000       
33               46.50000000      0.00000000       
34               48.00000000      0.00000000       
35               49.50000000      0.00000000       
36               51.00000000      0.00000000       
37               52.50000000      0.00000000       
38               54.00000000      0.00000000       
39               55.50000000      0.00000000       
40               57.00000000      0.00000000       
41               58.50000000      0.00000000       
42               60.00000000      0.00000000       
43               61.50000000      0.00000000       
44               63.00000000      0.00000000       
45               64.50000000      0.00000000       
46               66.00000000      0.00000000       
47               67.50000000      0.00000000       
48               69.00000000      0.00000000       
49               70.50000000      0.00000000       
50               72.00000000      0.00000000       
51               73.50000000      0.00000000       
52               75.00000000      0.00000000       
53               76.50000000      0.00000000       
54               78.00000000      0.00000000       
55               79.50000000      0.00000000       
56               81.00000000      0.00000000       
57               82.50000000      0.00000000       
58               84.00000000      0.00000000       
59               85.50000000      0.00000000       
60               87.00000000      0.00000000       
61               88.50000000      0.00000000       
62               90.00000000      0.00000000       
63               91.50000000      0.00000000       
64               93.00000000      0.00000000       
65               94.50000000      0.00000000       
66               96.00000000      0.00000000       
67               97.50000000      0.00000000       
68               99.00000000      0.00000000       
69               100.50000000     0.00000000       
70               102.00000000     0.00000000       
71               103.50000000     0.00000000       
72               105.00000000     0.00000000       
73               106.50000000     0.00000000       
74               108.00000000     0.00000000       
75               109.50000000     0.00000000       
76               111.00000000     0.00000000       
77               112.50000000     0.00000000       
78               114.00000000     0.00000000       
79               115.50000000     0.00000000       
80               117.00000000     0.00000000       
81               118.50000000     0.00000000       
82               120.00000000     0.00000000       
83               121.50000000     0.00000000       
84               123.00000000     0.00000000       
85               124.50000000     0.00000000       
86               126.00000000     0.00000000       
87               127.50000000     0.00000000       
88               129.00000000     0.00000000       
89               130.50000000     0.00000000       
90               132.00000000     0.00000000       
91               133.50000000     0.00000000       
92               135.00000000     0.00000000       
93               136.50000000     0.00000000       
94               138.00000000     0.00000000       
95               139.50000000     0.00000000       
96               141.00000000     0.00000000       
97               142.50000000     0.00000000       
98               150.00000000     0.00000000       
99               -7.50000000      -28.50000000     
100              -2.42000000      -28.50000000     
101              2.66000000       -28.50000000     
102              7.74000000       -28.50000000     
103              12.82000000      -28.50000000     
104              17.90000000      -28.50000000     
105              22.98000000      -28.50000000     
106              28.06000000      -28.50000000     
107              33.15000000      -28.50000000     
108              38.23000000      -28.50000000     
109              43.31000000      -28.50000000     
110              48.39000000      -28.50000000     
111              53.47000000      -28.50000000     
112              58.55000000      -28.50000000     
113              63.63000000      -28.50000000     
114              68.71000000      -28.50000000     
115              73.79000000      -28.50000000     
116              78.87000000      -28.50000000     
117              83.95000000      -28.50000000     
118              89.03000000      -28.50000000     
119              94.11000000      -28.50000000     
120              99.19000000      -28.50000000     
121              104.27000000     -28.50000000     
122              109.35000000     -28.50000000     
123              114.44000000     -28.50000000     
124              119.52000000     -28.50000000     
125              124.60000000     -28.50000000     
126              129.68000000     -28.50000000     
127              134.76000000     -28.50000000     
128              139.84000000     -28.50000000     
129              144.92000000     -28.50000000     
130              150.00000000     -28.50000000     
131              -720.00000000    0.00000000       
132              -720.00000000    -456.00000000    
133              862.50000000     0.00000000       
134              862.50000000     -456.00000000    
135              -4.66272060      0.00000000       
136              -2.59748621      0.00000000       
137              -1.09421780      0.00000000       
138              0.75000000       0.00000000       
139              2.25000000       0.00000000       
140              3.75000000       0.00000000       
141              5.25000000       0.00000000       
142              6.75000000       0.00000000       
143              8.25000000       0.00000000       
144              9.75000000       0.00000000       
145              11.25000000      0.00000000       
146              12.75000000      0.00000000       
147              14.25000000      0.00000000       
148              15.75000000      0.00000000       
149              17.25000000      0.00000000       
150              18.75000000      0.00000000       
151              20.25000000      0.00000000       
152              21.75000000      0.00000000       
153              23.25000000      0.00000000       
154              24.75000000      0.00000000       
155              26.25000000      0.00000000       
156              27.75000000      0.00000000       
157              29.25000000      0.00000000       
158              30.75000000      0.00000000       
159              32.25000000      0.00000000       
160              33.75000000      0.00000000       
161              35.25000000      0.00000000       
162              36.75000000      0.00000000       
163              38.25000000      0.00000000       
164              39.75000000      0.00000000       
165              41.25000000      0.00000000       
166              42.75000000      0.00000000       
167              44.25000000      0.00000000       
168              45.75000000      0.00000000       
169              47.25000000      0.00000000       
170              48.75000000      0.00000000       
171              50.25000000      0.00000000       
172              51.75000000      0.00000000       
173              53.25000000      0.00000000       
174              54.75000000      0.00000000       
175              56.25000000      0.00000000       
176              57.75000000      0.00000000       
177              59.25000000      0.00000000       
178              60.75000000      0.00000000       
179              62.25000000      0.00000000       
180              63.75000000      0.00000000       
181              65.25000000      0.00000000       
182              66.75000000      0.00000000       
183              68.25000000      0.00000000       
184              69.75000000      0.00000000       
185              71.25000000      0.00000000       
186              72.75000000      0.00000000       
187              74.25000000      0.00000000       
188              75.75000000      0.00000000       
189              77.25000000      0.00000000       
190              78.75000000      0.00000000       
191              80.25000000      0.00000000       
192              81.75000000      0.00000000       
193              83.25000000      0.00000000       
194              84.75000000      0.00000000       
195              86.25000000      0.00000000       
196              87.75000000      0.00000000       
197              89.25000000      0.00000000       
198              90.75000000      0.00000000       
199              92.25000000      0.00000000       
200              93.75000000      0.00000000       
201              95.25000000      0.00000000       
202              96.75000000      0.00000000       
203              98.25000000      0.00000000       
204              99.75000000      0.00000000       
205              101.25000000     0.00000000       
206              102.75000000     0.00000000       
207              104.25000000     0.00000000       
208              105.75000000     0.00000000       
209              107.25000000     0.00000000       
210              108.75000000     0.00000000       
211              110.25000000     0.00000000       
212              111.75000000     0.00000000       
213              113.25000000     0.00000000       
214              114.75000000     0.00000000       
215              116.25000000     0.00000000       
216              117.75000000     0.00000000       
217              119.25000000     0.00000000       
218              120.75000000     0.00000000       
219              122.25000000     0.00000000       
220              123.75000000     0.00000000       
221              125.25000000     0.00000000       
222              126.75000000     0.00000000       
223              128.25000000     0.00000000       
224              129.75000000     0.00000000       
225              131.25000000     0.00000000       
226              132.75000000     0.00000000       
227              134.25000000     0.00000000       
228              135.75000000     0.00000000       
229              137.25000000     0.00000000       
230              138.75000000     0.00000000       
231              140.25000000     0.00000000       
232              141.75000000     0.00000000       
233              143.59421780     0.00000000       
234              145.09748621     0.00000000       
235              147.16272060     0.00000000       
236              -7.50000000      -7.12500000      
237              -7.50000000      -14.25000000     
238              -7.50000000      -21.37500000     
239              150.00000000     -7.12500000      
240              150.00000000     -14.25000000     
241              150.00000000     -21.37500000     
242              -16.63367098     0.00000000       
243              -28.57741191     0.00000000       
244              -44.19576906     0.00000000       
245              -64.61927920     0.00000000       
246              -91.32629372     0.00000000       
247              -126.25000578    0.00000000       
248              -171.91835794    0.00000000       
249              -231.63705560    0.00000000       
250              -309.72885162    0.00000000       
251              -411.84639200    0.00000000       
252              -545.38146771    0.00000000       
253              -720.00000000    -152.00000000    
254              -720.00000000    -304.00000000    
255              -522.18750000    -456.00000000    
256              -324.37500000    -456.00000000    
257              -126.56250000    -456.00000000    
258              71.25000000      -456.00000000    
259              269.06250000     -456.00000000    
260              466.87500000     -456.00000000    
261              664.68750000     -456.00000000    
262              862.50000000     -304.00000000    
263              862.50000000     -152.00000000    
264              687.88146771     0.00000000       
265              554.34639200     0.00000000       
266              452.22885162     0.00000000       
267              374.13705560     0.00000000       
268              314.41835794     0.00000000       
269              268.75000578     0.00000000       
270              233.82629372     0.00000000       
271              207.11927920     0.00000000       
272              186.69576906     0.00000000       
273              171.07741191     0.00000000       
274              159.13367098     0.00000000       
275              251.28814975     -26.68688744     
276              -106.36092941    -26.20320194     
277              196.01960015     -14.91880710     
278              -52.13583241     -14.34068530     
279              -201.77770677    -45.63393119     
280              344.99530889     -47.70467406     
281              141.91346266     -34.29625821     
282              102.15416667     -33.41512565     
283              61.51333333      -33.72540390     
284              0.62800000       -32.37361895     
285              -13.25664735     -24.32845543     
286              154.80545248     -25.30091327     
287              -357.67317161    -86.46443520     
288              503.89901459     -76.08821991     
289              -28.89736378     -312.50858291    
290              -21.57053784     -9.47961728      
291              164.80745686     -9.02430295      
292              -574.93887223    -235.53394745    
293              746.16426203     -241.09279086    
294              395.56506309     -312.67984243    
295              167.51441398     -321.99352905    
296              259.58093021     -182.63355734    
297              544.89582714     -302.70664746    
298              -251.76761733    -321.85968430    
299              -432.01751691    -316.60451360    
300              178.88659049     -11.62688924     
301              184.81186132     -27.58717593     
302              203.14672362     -33.67910814     
303              188.48319199     -47.59575567     
304              155.04144984     -31.24422558     
305              170.12636073     -20.68301680     
306              171.95372561     -35.75076701     
307              149.65505483     -34.49695284     
308              145.58606509     -42.66985198     
309              121.93059755     -33.88286002     
310              111.76643089     -33.87672767     
311              131.79666667     -33.48849735     
312              157.89422775     -39.40450357     
313              151.23617289     -52.06146322     
314              -35.10668883     -11.46935332     
315              -40.68972273     -26.78155289     
316              -59.23378888     -35.38448823     
317              -38.21933232     -45.54997372     
318              -12.73424534     -31.83899112     
319              -20.65900258     -28.09617255     
320              -21.79329577     -39.30248753     
321              -9.78900224      -41.45496238     
322              29.36347931      -34.15766105     
323              20.01666667      -33.48874045     
324              -75.64052906     -19.49696613     
325              -84.55875737     -46.66617554     
326              -118.07260409    -62.62782726     
327              -77.73010920     -88.93189865     
328              -133.25765817    -113.94995713    
329              -84.20009580     -151.26604640    
330              -25.70208780     -118.06435212    
331              -18.94448423     -19.46349436     
332              -147.55759967    -180.13252692    
333              -201.10486090    -114.56651083    
334              -464.15225790    -78.12947761     
335              608.58493475     -92.59430086     
336              -148.03941988    -34.66035144     
337              292.09898136     -35.81600918     
338              256.94830347     -64.21995982     
339              215.72808865     -59.83839517     
340              184.26490491     -80.58444790     
341              -264.28991866    -59.84237418     
342              413.71720079     -60.62828980     
343              356.69858988     -105.74256804    
344              156.16489530     -18.20370044     
345              216.31065129     -17.15831855     
346              162.22820933     -27.66838581     
347              -13.47354098     -11.58846567     
348              -27.67712343     -197.35134329    
349              27.24270749      -155.65834896    
350              22.64184326      -97.80176699     
351              68.34346708      -117.28291623    
352              81.54412057      -34.10695491     
353              76.59942147      -79.77616648     
354              109.54152999     -93.28006316     
355              131.01866080     -150.13548359    
356              136.77481183     -55.41583339     
357              146.86138376     -71.89441008     
358              39.99556054      -63.86657005     
359              45.26919618      -33.50879720     
360              97.18037126      -66.03831808     
361              -10.20829124     -81.09593451     
362              77.53705884      -53.57640735     
363              94.10738620      -50.01103431     
364              91.99333333      -33.74708864     
365              107.90917712     -50.34778888     
366              118.96706479     -66.69585937     
367              124.45127710     -47.40305886     
368              -28.07210105     -21.51609699     
369              156.43322851     -11.24115691     
370              455.63409615     -220.91236802    
371              -324.09308633    -203.97364860    
372              226.03565513     -90.84869464     
373              198.84941780     -131.08068096    
374              741.27234472     -107.98628291    
375              166.78226782     -54.54855791     
376              -577.45012159    -112.00595878    
377              -4.85920793      -33.62280818     
378              4.79360000       -32.26846093     
379              3.17670120       -38.97083664     
380              -1.28782964      -50.09850668     
381              11.42167500      -52.10180578     
382              -16.26655898     -55.76164786     
383              -38.45159758     -75.24276718     
384              4.86874845       -67.60867178     
385              97.32750000      -32.64978837     
386              98.11343762      -39.90981288     
387              86.56757497      -40.66558931     
388              77.03120127      -39.77095291     
389              63.24716639      -48.45360363     
390              71.79020021      -33.91796422     
391              107.15988294     -38.71825565     
392              116.76248080     -39.39572892     
393              136.61402587     -32.85498384     
394              134.80978703     -39.92432340     
395              9.87505020       -33.29681256     
396              40.54939168      -232.93049935    
397              76.60510441      -32.95917441     
398              51.25653270      -33.54748987     
399              47.48790447      -40.68242073     
400              39.82517710      -38.99282315     
401              56.67490162      -39.19395822     
402              50.85598074      -51.32310044     
403              56.29295353      -32.69337040     
404              40.46487466      -32.48020588     
405              31.45007985      -41.70945951     
406              86.61700577      -33.10392657     
407              35.41393515      -34.05669160     
408              24.68002920      -32.82757148     
409              23.95319329      -38.63970350     
410              15.29674862      -39.36481790     
411              116.88390185     -32.83106332     
412              -30.88801587     -33.23892259     
413              23.76688472      -50.96867294     
414              126.63411642     -38.22889550     
415              72.83236461      -315.38615599    
416              114.70526303     -231.85998108    
417              192.65662638     -208.91518237    
418              59.46713850      -63.55869914     
419              48.32651385      -81.84641463     
420              -161.42372577    -74.06183920     
421              78.56810012      -175.96040222    
422              -59.63871707     -58.35506066     
423              -82.97893654     -231.35729300    
424              -141.57743063    -284.86087537    
425              -12.13493451     -18.20108309     
426              154.10717945     -105.39501714    
427              640.95848072     -204.37599436    
428              672.83069833     -316.83508654    
429              -435.34579739    -186.95564607    
430              25.17020430      -69.03231703     
431              -602.40566495    -355.67936300    
432              39.09752448      -48.92612350     
433              763.36818627     -361.98969677    
434              106.94009610     -32.60202179     
435              66.87070671      -33.11627648     
436              67.80922405      -40.25065239     
437              309.88881820     -76.23208898     
438              -271.77232079    -134.43082678    
439              15.18169310      -32.63007418     
440              163.05719944     -16.88495878     
441              156.07487127     -5.47809197      
442              -13.33554996     -5.63861659      
443              126.92827613     -32.52005057     
444              228.68438336     -40.31653382     
445              352.13480161     -190.88724407    
446              541.38399435     -162.57876632    
447              439.36056639     -132.20074332    
448              -222.97881927    -206.63734547    
449              278.35952254     -120.40204827    
450              275.79570675     -270.51987415    
451              127.04980984     -0.76934814      
452              123.37500000     -0.64951905      
453              130.85217390     -0.71455862      
454              134.44799468     -0.75489960      
455              119.62500000     -0.64951905      
456              138.37500000     -0.68900231      
457              115.87500000     -0.64951905      
458              112.13496153     -0.60634670      
459              108.52343461     -0.57979365      
460              104.75638232     -0.74663507      
461              100.87500000     -0.63743404      
462              97.12500000      -0.64951905      
463              93.37500000      -0.64132658      
464              89.63826141      -0.74153557      
465              85.86437226      -0.53446886      
466              82.10318385      -0.70559091      
467              78.27899405      -0.68202440      
468              74.62500000      -0.63968940      
469              70.88119452      -0.72346425      
470              67.14876218      -0.69156644      
471              63.38150474      -0.72403322      
472              59.69776794      -0.61356300      
473              55.76338996      -0.62545750      
474              52.10771075      -0.51371877      
475              48.37500000      -0.64951905      
476              44.62500000      -0.64951905      
477              40.91956405      -0.65833569      
478              37.04226556      -0.80464753      
479              33.33602108      -0.75095705      
480              29.63063841      -0.53646513      
481              25.87500000      -0.64224410      
482              22.12500000      -0.63623885      
483              18.37500000      -0.64951905      
484              14.65059518      -0.67884946      
485              10.87615346      -0.74576415      
486              7.10332975       -0.85564580      
487              3.44280545       -0.75534957      
488              141.71776374     -0.72924919      
489              0.27405027       -0.65785462      
490              91.50755176      -23.73551111     
491              75.79781822      -24.44053420     
492              21.13829904      -24.00950399     
493              106.53178003     -24.30244238     
494              60.89273338      -24.39495860     
495              35.51165257      -25.03675937     
496              132.22000000     -24.10059095     
497              -1.54611219      -1.39228506      
498              116.76667697     -23.99659051     
499              51.35135272      -24.17274558     
500              9.87050419       -24.56676890     
501              125.48724886     -0.55642164      
502              61.80427122      -0.79946177      
503              128.64070479     -0.67428904      
504              31.80957860      -0.65646630      
505              16.12500000      -0.64300035      
506              65.02998405      -0.60594521      
507              132.37500000     -0.64951905      
508              121.73149875     -0.74160939      
509              136.15428606     -0.56951054      
510              117.97588864     -0.74964700      
511              114.21592456     -0.75725930      
512              110.61403539     -0.61857052      
513              106.86984041     -0.62114653      
514              9.33733077       -0.57205407      
515              12.39518696      -0.69810615      
516              19.91396548      -0.51928717      
517              23.62500000      -0.66281419      
518              27.37176911      -0.64217637      
519              34.93615767      -0.64753189      
520              38.63204284      -0.72483048      
521              42.33839210      -0.71330742      
522              46.18056893      -0.72005687      
523              49.89084172      -0.54493381      
524              53.62579647      -0.62362845      
525              57.37500000      -0.66459056      
526              68.62500000      -0.64951905      
527              72.36508212      -0.73097262      
528              76.12283578      -0.64781615      
529              79.87500000      -0.64951905      
530              83.67191950      -0.81363571      
531              87.40981461      -0.70436553      
532              91.12529266      -0.73822661      
533              94.91662358      -0.66893113      
534              98.70223085      -0.61494991      
535              102.36166077     -0.62479394      
536              5.68151789       -0.77850284      
537              143.00931214     -0.95187963      
538              142.17263038     -2.12709332      
539              -1.95619106      -10.78381708     
540              144.10939857     -18.48738789     
541              0.07614254       -24.38034512     
542              146.09106211     -1.46465431      
543              -2.35352633      -16.72288620     
544              2.46723145       -13.94103342     
545              3.25045150       -9.19440998      
546              6.17703321       -11.93512308     
547              6.90444548       -8.63562136      
548              9.12621498       -10.52345004     
549              9.57584118       -7.68937710      
550              11.68802443      -9.28291048      
551              11.45749034      -12.15623610     
552              13.88354521      -10.93727623     
553              14.17178631      -8.35947879      
554              16.12754011      -9.76452248      
555              16.29382645      -7.29725813      
556              18.19140146      -8.37134930      
557              18.16555465      -10.92013507     
558              20.18841890      -9.70646474      
559              20.27107415      -7.48073388      
560              22.10408513      -8.52630372      
561              22.21487035      -10.86720591     
562              24.26934033      -9.24484869      
563              24.39473041      -11.95773271     
564              26.36841680      -10.55263198     
565              26.33901763      -8.35533074      
566              28.29446428      -9.25910970      
567              28.77332381      -11.61168210     
568              30.43366067      -10.10602900     
569              29.93058069      -8.16155911      
570              32.04350606      -8.83918341      
571              32.52091985      -10.89076113     
572              34.20849286      -9.47785088      
573              34.68689208      -11.72668502     
574              36.38403678      -10.19072311     
575              36.94923438      -12.54601257     
576              38.86442769      -10.58939847     
577              39.33308181      -13.41483993     
578              41.21989224      -11.68612877     
579              40.93165734      -9.30746680      
580              43.02686045      -10.09039903     
581              42.55439090      -7.92153480      
582              44.57450846      -8.59634196      
583              45.13243444      -10.70431650     
584              46.69233502      -9.16312952      
585              47.28875665      -11.33748050     
586              48.96271426      -9.73684053      
587              40.63625391      -6.94670437      
588              49.53838090      -11.99810827     
589              51.28093372      -10.33348117     
590              52.13406270      -12.49794829     
591              53.62904084      -10.85421937     
592              52.98315679      -8.71589500      
593              55.12134306      -9.24393196      
594              55.87485564      -11.35748720     
595              57.40338114      -9.39617863      
596              58.15551829      -11.85444913     
597              59.54885651      -10.14025551     
598              60.49959738      -12.38967800     
599              61.86400425      -10.33314052     
600              62.92418017      -12.92646251     
601              64.52474720      -11.00921675     
602              63.74969664      -8.83118470      
603              65.98379576      -9.26896733      
604              66.88667090      -11.36311137     
605              68.29820891      -9.43415260      
606              69.19526280      -11.71258156     
607              70.58484603      -9.88825875      
608              41.80545583      -14.37905882     
609              71.54105256      -12.09502271     
610              72.98546458      -9.89805523      
611              73.95064601      -12.42481033     
612              75.47344929      -10.49549588     
613              76.41071898      -12.82514821     
614              78.00574667      -10.87157676     
615              78.86461283      -13.33843406     
616              80.44540746      -11.18092378     
617              79.62400333      -8.78377029      
618              81.90097021      -9.28323985      
619              82.78457394      -11.40609095     
620              84.23685823      -9.20567060      
621              85.13905635      -11.51882906     
622              86.53696531      -9.61942605      
623              87.46038197      -11.71171997     
624              88.72652338      -9.83873992      
625              89.86125163      -12.02941553     
626              91.08475169      -9.72417438      
627              92.26438033      -12.13842481     
628              93.66969078      -9.80826197      
629              94.67545749      -12.25550486     
630              96.05824185      -10.29355312     
631              97.10595538      -12.52009038     
632              98.40140465      -10.47919125     
633              97.49242423      -8.21521524      
634              99.70235803      -8.57831219      
635              100.68432598     -10.55947076     
636              101.79426279     -8.67205614      
637              102.91226090     -10.54844202     
638              103.98329895     -8.36500214      
639              105.12412656     -10.56250153     
640              106.31619756     -8.33911985      
641              107.34400836     -10.56679152     
642              108.47131632     -8.70167898      
643              109.55216072     -10.59654997     
644              110.64731983     -8.77356393      
645              111.76407894     -10.66080627     
646              112.78501559     -8.79825860      
647              113.97358556     -10.73780481     
648              115.02844245     -8.49663155      
649              116.22635722     -10.75116768     
650              117.41591294     -8.47555285      
651              118.47036472     -10.75071569     
652              119.61485954     -8.86862512      
653              120.70729852     -10.82244014     
654              121.82046402     -8.94598739      
655              122.94708865     -10.89741238     
656              124.05717278     -8.77707461      
657              125.20592819     -10.90613772     
658              126.32495242     -8.98568870      
659              127.47415434     -11.00848368     
660              128.66186839     -8.99043598      
661              124.04317628     -12.97153625     
662              74.77629409      -8.39418555      
663              92.48259090      -8.05387572      
664              58.93993117      -7.96420445      
665              69.76243295      -7.79271854      
666              87.84796693      -7.91273991      
667              48.12021299      -7.60896275      
668              70.04039342      -14.07342813     
669              82.96602788      -7.51177011      
670              65.31499109      -7.16202232      
671              54.51310436      -7.15101751      
672              33.65355423      -7.16433790      
673              120.74697345     -7.30116880      
674              125.44486226     -7.10167384      
675              109.59870995     -6.89985704      
676              101.76721777     -12.32739609     
677              116.24788266     -6.99207898      
678              83.82150099      -13.64462847     
679              56.48235598      -14.15440840     
680              105.18153445     -6.86476050      
681              22.20939439      -13.42734985     
682              24.66127395      -14.70501893     
683              32.79818260      -13.26930684     
684              129.92420202     -11.10802763     
685              131.03601315     -8.98963455      
686              100.74802086     -6.65716389      
687              44.09443979      -6.51120407      
688              112.66129793     -12.64505322     
689              21.96198452      -6.45480457      
690              129.85792887     -6.98456331      
691              131.99657207     -6.96587818      
692              117.35605661     -12.44558084     
693              106.28496597     -12.66884355     
694              133.34882845     -8.84919604      
695              134.23519159     -6.44543755      
696              88.52315937      -14.34823361     
697              14.55294658      -6.17055832      
698              13.82756357      -13.83224109     
699              20.42591426      -5.54792461      
700              16.18168422      -5.26775158      
701              128.61567899     -13.37937782     
702              131.43202928     -13.49545269     
703              47.68125294      -13.88635651     
704              22.03728663      -4.47273246      
705              135.76691737     -8.74530931      
706              136.72378973     -6.45887313      
707              130.82106325     -5.31559548      
708              95.67432641      -14.71941760     
709              129.14648192     -5.23023871      
710              7.73358400       -6.12058177      
711              9.64900278       -5.35794981      
712              63.32314074      -6.87451659      
713              64.49595127      -5.47869232      
714              62.90739846      -5.14697100      
715              52.61540191      -6.72306089      
716              53.84118723      -5.42100483      
717              52.31182672      -4.98330026      
718              63.98379651      -4.00213301      
719              65.40998366      -4.24638086      
720              62.55096179      -3.72503449      
721              61.53490379      -4.74452493      
722              14.84704159      -4.35391821      
723              138.37982914     -8.66483071      
724              137.10689620     -11.21484317     
725              74.96721692      -14.49735351     
726              61.20177756      -3.39305254      
727              60.21646374      -4.31713266      
728              53.44541806      -3.94864931      
729              54.82768901      -4.25578189      
730              52.04934650      -3.56199565      
731              50.98504459      -4.49857677      
732              20.55770592      -3.85571760      
733              61.19075114      -14.98368115     
734              63.98830632      -15.59192891     
735              129.94635617     -3.90981503      
736              128.54013164     -3.85213480      
737              131.44332240     -3.84887113      
738              11.14471566      -15.11854894     
739              13.75325104      -16.93987046     
740              16.27693406      -3.69086611      
741              37.33438018      -15.19292363     
742              23.42403137      -5.42321548      
743              23.44092685      -3.84528704      
744              24.69859648      -4.55522629      
745              135.57235518     -4.61483825      
746              137.51380181     -4.42481091      
747              24.56109764      -3.14917322      
748              25.88968011      -3.56287506      
749              8.19345783       -4.13026408      
750              6.49802302       -4.38414983      
751              50.74425398      -3.15596312      
752              49.72639255      -3.99714002      
753              9.89455512       -3.60827498      
754              59.91256295      -3.04534325      
755              58.95512200      -3.92306488      
756              54.45303895      -2.97816488      
757              55.66991725      -3.22890770      
758              56.45253845      -4.37088534      
759              58.75364484      -2.67055441      
760              129.92823418     -16.11520655     
761              133.19159005     -16.29113625     
762              22.21770132      -16.29562283     
763              24.95906006      -17.75943591     
764              11.32506445      -4.40181050      
765              49.56954246      -2.56083655      
766              48.51585478      -3.53246400      
767              11.25345257      -2.91654230      
768              64.92093976      -2.89520947      
769              66.27063113      -3.18567850      
770              66.77421878      -4.41634809      
771              67.59412405      -3.36042359      
772              68.10296524      -4.55997010      
773              68.91337719      -3.50542682      
774              69.45775058      -4.70901882      
775              70.29531113      -3.65166950      
776              70.82871282      -4.90985592      
777              71.68402031      -3.80696884      
778              72.22370977      -5.08863750      
779              73.06949386      -3.95157618      
780              69.64325117      -2.37689523      
781              17.57450561      -4.35443738      
782              17.49974656      -2.98037769      
783              73.63857423      -5.26384615      
784              74.47530050      -4.11772108      
785              75.07704526      -5.42621337      
786              75.95144718      -4.05715303      
787              76.54645606      -5.56574551      
788              77.38924442      -4.35704383      
789              76.94704039      -3.09299557      
790              78.21306894      -3.27105264      
791              78.77800367      -4.47071655      
792              79.53757997      -3.36864907      
793              80.12376054      -4.55605440      
794              80.85529999      -3.42117169      
795              81.47005410      -4.63318307      
796              82.23365555      -3.50732746      
797              73.90833501      -2.90142115      
798              82.83463608      -4.70138784      
799              83.60496501      -3.57702242      
800              84.20691540      -4.79235961      
801              84.99924063      -3.46349561      
802              85.59264249      -4.84054162      
803              86.36002476      -3.68250695      
804              15.07269963      -2.86028306      
805              0.53057271       -6.50569095      
806              86.98236201      -4.94007675      
807              87.74442414      -3.75961869      
808              88.38426580      -5.02490622      
809              89.19643936      -3.67221894      
810              89.80710010      -5.08076016      
811              90.58679438      -3.89535397      
812              88.50670963      -2.64166297      
813              91.23090580      -5.18393790      
814              92.05718999      -3.79804665      
815              92.67602199      -5.24251415      
816              93.46849551      -4.04047144      
817              94.14421826      -5.33143122      
818              94.87034149      -4.10260477      
819              94.20880374      -2.94691682      
820              95.51566046      -2.77021325      
821              96.21187597      -4.08790299      
822              96.81692548      -2.95873454      
823              97.49330340      -4.08494951      
824              98.13133641      -2.95683806      
825              98.78172835      -4.07764750      
826              99.43775613      -2.97527383      
827              100.06897402     -4.07153474      
828              100.67830098     -2.97075896      
829              101.34395218     -4.06181363      
830              101.97714386     -2.92649522      
831              102.62550304     -4.04481889      
832              103.27859510     -2.94505863      
833              103.90748444     -4.03742562      
834              104.51430687     -2.94030868      
835              105.17736567     -4.01553265      
836              105.91045043     -2.78782848      
837              106.47107488     -3.98990287      
838              107.18521736     -2.91472892      
839              107.73266538     -3.98685649      
840              108.34910447     -2.90696830      
841              108.99860456     -3.98890249      
842              109.72275907     -2.77534797      
843              110.27982631     -3.95923178      
844              111.01069310     -2.90883992      
845              111.55747733     -3.96842225      
846              112.18318612     -2.86414941      
847              112.80953149     -3.95440106      
848              113.40753955     -2.86645442      
849              114.06484231     -3.94429600      
850              114.69471663     -2.64818711      
851              115.33004578     -3.89843103      
852              115.95680252     -2.81198281      
853              116.59065096     -3.90018679      
854              117.18935950     -2.82856948      
855              117.84630984     -3.90440100      
856              118.47023788     -2.62072993      
857              119.10713417     -3.86230564      
858              119.72630780     -2.78219619      
859              120.36355222     -3.87399257      
860              120.95898708     -2.79894171      
861              121.61427790     -3.87061478      
862              122.23345391     -2.59390935      
863              122.87005205     -3.82793824      
864              123.48730317     -2.75053616      
865              124.12280555     -3.83922909      
866              124.71790751     -2.76616657      
867              125.37380308     -3.84000096      
868              125.86457756     -2.70234176      
869              118.57008916     -5.33940455      
870              112.07092022     -5.43917516      
871              127.54125485     -4.81911587      
872              91.34278443      -2.66174044      
873              129.17186725     -2.51852425      
874              123.24258373     -5.27975403      
875              98.15117806      -5.25463241      
876              80.72701297      -5.86922281      
877              26.00611128      -5.13869441      
878              27.14327737      -4.27696648      
879              27.14976793      -2.99207247      
880              28.25631839      -3.47038984      
881              28.49991008      -4.85469526      
882              29.49279111      -3.93153557      
883              84.26055251      -2.46451725      
884              29.29173987      -2.48971253      
885              30.46227037      -3.05214244      
886              30.74583567      -4.35558659      
887              31.75274769      -3.43778189      
888              32.04648312      -4.72513343      
889              33.00703584      -3.78536003      
890              32.65989898      -2.42401361      
891              33.91596313      -2.86443026      
892              34.26964041      -4.11406495      
893              35.18857677      -3.16281888      
894              35.55875022      -4.39716123      
895              36.49199133      -3.44288992      
896              36.87278306      -4.72769364      
897              37.83255180      -3.73428907      
898              38.21462672      -5.03565622      
899              39.14632438      -3.99890997      
900              36.92326182      -6.44571823      
901              38.76533902      -2.58841423      
902              39.99902578      -3.00528007      
903              40.45704877      -4.21319961      
904              41.30487834      -3.22585229      
905              41.75869107      -4.45030983      
906              42.55456419      -3.41741322      
907              36.10053300      -2.19820147      
908              107.08728748     -5.24012181      
909              23.57473764      -2.39373289      
910              60.82604656      -2.13490510      
911              98.46982574      -15.06862273     
912              96.66692405      -17.68979224     
913              100.06053317     -17.87386012     
914              93.36460640      -16.97278843     
915              98.12461474      -20.49400600     
916              27.59408074      -15.86465395     
917              27.93134541      -19.22607763     
918              103.28229005     -5.26420652      
919              90.42888502      -6.48288892      
920              65.80597520      -2.04806157      
921              13.80413951      -3.34336478      
922              81.61320952      -2.30751786      
923              48.30682312      -2.35121466      
924              47.35291805      -3.10942525      
925              47.56553921      -4.37635037      
926              46.38802119      -3.83599122      
927              46.61883935      -5.11446255      
928              46.25343144      -2.49117238      
929              45.10233442      -3.25332955      
930              8.60134838       -2.54645947      
931              136.39667962     -2.83595063      
932              134.77528100     -3.09110439      
933              16.80899190      -15.38871758     
934              67.38036046      -5.86454390      
935              114.70904448     -5.08293307      
936              39.82253924      -1.93029387      
937              16.57805368      -18.74976703     
938              49.90482759      -5.34426630      
939              77.68593900      -2.09629492      
940              138.14767449     -2.58890454      
941              139.80000000     -0.52479007      
942              139.41333895     -3.97989111      
943              62.00377605      -17.84184504     
944              65.13007032      -18.56455086     
945              51.79326137      -2.21862842      
946              96.38571483      -2.09780502      
947              133.85242018     -4.33178806      
948              24.65195150      -1.97310291      
949              140.46049284     -11.26330754     
950              141.67508199     -7.98379022      
951              60.49081022      -5.68787486      
952              72.76148422      -6.47027738      
953              128.01345867     -2.62763002      
954              45.29631939      -2.22698916      
955              42.09942059      -2.25778942      
956              43.22174178      -2.44628717      
957              10.10609676      -2.24816772      
958              100.02907120     -2.03508420      
959              7.05590609       -15.95541391     
960              30.71260529      -17.29013040     
961              58.73692060      -16.92500298     
962              12.66241988      -7.10508099      
963              13.98771662      -2.02036368      
964              126.39297230     -15.54228235     
965              128.05748364     -18.86709110     
966              124.53709283     -18.67218573     
967              55.33414803      -2.04610775      
968              56.42455898      -2.27065641      
969              50.67608094      -1.88844448      
970              126.10166948     -21.87307776     
971              103.84819326     -1.99274196      
972              104.99700846     -1.79139209      
973              76.50506297      -1.98986514      
974              101.19408926     -1.99956351      
975              101.68723723     -20.82448196     
976              103.80076238     -17.84951720     
977              97.34624673      -1.93318283      
978              105.97262333     -1.75952346      
979              10.56561725      -18.30669787     
980              107.80746156     -2.05582713      
981              108.91915368     -1.98097285      
982              30.90127914      -20.74063912     
983              33.77602575      -18.51336114     
984              34.84684392      -2.09771059      
985              75.09440339      -2.98193418      
986              98.90135838      -2.11164251      
987              102.72349546     -1.93941456      
988              30.38980786      -1.83968081      
989              7.52336978       -20.47533761     
990              109.99498935     -1.77323742      
991              116.62484796     -1.89541453      
992              115.57177683     -1.65820103      
993              112.84841159     -1.92234761      
994              111.72673265     -1.92817724      
995              120.39173990     -1.87285977      
996              3.36079615       -5.88210705      
997              0.97292755       -3.71149391      
998              1.95000000       -0.53985675      
999              3.63957149       -3.51816410      
1000             -1.51112235      -3.68429770      
1001             18.86267062      -6.46522546      
1002             43.38521259      -4.67572888      
1003             130.55717298     -2.47301534      
1004             131.92685938     -2.48967353      
1005             129.83138740     -1.59184038      
1006             21.71649872      -2.98458995      
1007             20.56545140      -2.32663417      
1008             19.48972877      -3.06670670      
1009             122.57656628     -21.72284412     
1010             120.65969872     -18.32032108     
1011             122.78726053     -7.12596727      
1012             84.81875113      -6.08815447      
1013             124.14931214     -1.84758301      
1014             24.95769187      -21.33810790     
1015             113.91306045     -1.81612237      
1016             54.19686684      -1.86404353      
1017             119.37970010     -1.58721110      
1018             83.01115779      -2.37575252      
1019             90.07038513      -2.66690494      
1020             93.06813152      -2.88788740      
1021             92.19665513      -1.78624643      
1022             77.15680871      -1.29566008      
1023             21.64695314      -1.89189613      
1024             95.40669806      -8.23754439      
1025             7.12968983       -2.89020259      
1026             57.76540938      -3.54041119      
1027             57.93635783      -4.87127747      
1028             57.01130101      -6.06346231      
1029             25.52587374      -2.38281879      
1030             26.31397919      -1.75894146      
1031             35.68481643      -8.08238916      
1032             37.67896216      -8.37053193      
1033             77.03045351      -8.48154563      
1034             78.53269891      -7.09521745      
1035             16.26626073      -2.20539606      
1036             17.46344561      -1.71302107      
1037             117.64911938     -1.74278855      
1038             63.55285552      -2.56314155      
1039             64.38575756      -1.81893164      
1040             62.19182651      -2.38542946      
1041             37.42615559      -2.38295628      
1042             123.13423169     -1.57307837      
1043             30.95294363      -5.72839380      
1044             96.33004823      -6.67927254      
1045             74.54443260      -2.06102861      
1046             73.54444863      -1.75904930      
1047             50.76077333      -8.09832592      
1048             121.41180031     -1.72561746      
1049             61.89272287      -8.04178363      
1050             93.73994542      -1.94357457      
1051             94.69283022      -2.07505067      
1052             59.62399247      -1.97420068      
1053             58.57967338      -1.52293660      
1054             139.65019288     -2.38567781      
1055             72.58776828      -2.58402731      
1056             71.15788321      -2.48921053      
1057             40.89170033      -2.18765688      
1058             45.98026268      -7.38009099      
1059             125.25216643     -1.87093027      
1060             126.35770824     -1.64451522      
1061             89.32956849      -1.79362673      
1062             19.41826755      -1.82726731      
1063             53.11482624      -2.50010497      
1064             87.14448729      -2.46756105      
1065             85.85122139      -2.48611713      
1066             85.12584497      -1.57886111      
1067             80.24809310      -2.19006272      
1068             80.97688377      -1.38711274      
1069             78.92648511      -2.31487172      
1070             120.90852327     -5.00382962      
1071             68.30217021      -2.39162029      
1072             67.06091228      -2.30602408      
1073             31.37422822      -2.25031904      
1074             118.94156947     -7.09904122      
1075             48.88842903      -1.50354406      
1076             15.05032459      -1.55657188      
1077             20.93675762      -1.34103614      
1078             33.73440129      -1.65437029      
1079             127.32600070     -7.49423727      
1080             143.95031917     -2.25370899      
1081             142.73887444     -3.85033818      
1082             145.92378365     -4.05065072      
1083             137.17672648     -1.64888211      
1084             90.75175599      -1.76081789      
1085             135.41640350     -1.86246358      
1086             134.20767473     -1.81788921      
1087             133.40181321     -2.90755882      
1088             139.24216635     -15.15542816     
1089             87.84299536      -1.70118362      
1090             86.52840347      -1.66682129      
1091             111.77229680     -24.33131636     
1092             113.79976143     -20.36090882     
1093             109.47742449     -20.46698778     
1094             111.77244789     -17.01809262     
1095             107.66568786     -17.16938742     
1096             114.94469165     -17.44094755     
1097             56.26065054      -24.24530411     
1098             53.54821687      -20.44998236     
1099             49.56085133      -20.22841506     
1100             51.75684524      -16.91678258     
1101             47.02879600      -23.17074347     
1102             45.67576785      -19.30173279     
1103             41.73237341      -23.62363027     
1104             40.52944509      -19.60560476     
1105             15.21531661      -23.38043629     
1106             34.63591384      -5.52925512      
1107             23.59106112      -7.17121751      
1108             111.55046246     -7.16752175      
1109             113.54819918     -6.74997419      
1110             42.22426879      -5.98658262      
1111             44.64421523      -5.08095030      
1112             71.94049275      -1.70229621      
1113             43.83655082      -3.37385871      
1114             52.61585199      -1.64912139      
1115             11.25357656      -1.72264781      
1116             12.19873286      -2.24598528      
1117             109.31651238     -1.06021224      
1118             13.23246205      -4.92325344      
1119             70.50870796      -1.65077015      
1120             69.56635531      -1.37713944      
1121             113.34491202     -1.07645627      
1122             57.62600914      -2.21965709      
1123             117.10674611     -1.05820521      
1124             19.11724603      -4.57197574      
1125             38.29225704      -1.70679044      
1126             63.03902846      -1.69824567      
1127             107.70875403     -6.88977134      
1128             142.12293892     -24.15402699     
1129             28.11414962      -2.31091880      
1130             28.63484692      -1.47803154      
1131             120.86630326     -1.04652392      
1132             67.40129403      -15.83296221     
1133             68.67661060      -19.17054803     
1134             66.56696674      -21.42840010     
1135             69.82721313      -22.41710242     
1136             72.13945748      -19.75340377     
1137             27.90272317      -7.46829517      
1138             126.53496715     -3.71927296      
1139             125.79527718     -5.23386298      
1140             86.77978745      -24.13625482     
1141             88.57713756      -20.25047438     
1142             84.67590412      -20.33708564     
1143             82.37368877      -24.00867404     
1144             81.03037500      -19.98721321     
1145             2.42660287       -19.59497216     
1146             54.97561539      -1.14710719      
1147             67.16193736      -7.65392891      
1148             18.45134420      -2.26366382      
1149             103.41054231     -1.25088610      
1150             124.74731358     -1.05722753      
1151             83.05951404      -16.93269797     
1152             86.60149098      -17.11943671     
1153             79.81632766      -16.34094859     
1154             77.84223363      -18.74735624     
1155             128.50856362     -1.75705677      
1156             127.44738118     -1.64460954      
1157             110.26967333     -14.39969610     
1158             31.08399019      -1.26212254      
1159             32.80765552      -1.43367771      
1160             67.83489087      -1.41344863      
1161             109.79545956     -5.20188528      
1162             105.61584276     -1.09255378      
1163             102.62718132     -6.85827483      
1164             144.32428837     -10.99860150     
1165             48.21851134      -5.78778997      
1166             55.25340945      -17.20958515     
1167             38.75770130      -6.68127269      
1168             47.31566497      -1.99754420      
1169             56.17423571      -7.48791097      
1170             82.36910309      -1.65976432      
1171             137.13917686     -24.29296920     
1172             134.99485494     -20.22453864     
1173             51.32119064      -1.33083490      
1174             41.59993004      -1.33488670      
1175             98.96782440      -6.87786019      
1176             71.69651106      -8.15709682      
1177             89.99503518      -17.08785376     
1178             7.60262603       -1.82652023      
1179             6.38367712       -1.63243111      
1180             5.80690706       -2.84444805      
1181             131.11304341     -1.70504722      
1182             5.59214763       -6.39031145      
1183             96.03493649      -24.45569803     
1184             60.35882593      -1.21555578      
1185             85.87219899      -7.66657616      
1186             35.45055323      -1.35043006      
1187             36.89358052      -1.64378588      
1188             48.30018437      -16.76295733     
1189             45.02516214      -15.20737062     
1190             99.44995934      -1.15894803      
1191             7.91165070       -0.82367150      
1192             117.30950649     -19.58903368     
1193             61.66929500      -1.63082127      
1194             57.09237682      -20.25224677     
1195             75.64172876      -6.87511071      
1196             132.90701978     -1.81506698      
1197             133.56807749     -1.09043916      
1198             45.79319588      -1.47176936      
1199             42.82543321      -1.54064373      
1200             43.84986134      -1.39546146      
1201             43.20558138      -0.78909009      
1202             -3.31637288      -1.80747601      
1203             -5.44834834      -2.37656668      
1204             83.71582491      -1.65877160      
1205             66.55768222      -1.43691189      
1206             65.71834794      -1.10446301      
1207             69.76635348      -5.98645174      
1208             53.83600070      -14.70852222     
1209             58.34601638      -6.34688335      
1210             94.05956326      -21.04556201     
1211             100.71829931     -5.02104127      
1212             95.55328058      -5.34143305      
1213             139.11664933     -6.15397121      
1214             32.26890905      -5.97451540      
1215             5.04943656       -24.33623730     
1216             19.87627098      -14.70057166     
1217             129.37500000     -0.64951905      
1218             127.89940990     -0.80755058      
1219             126.23434891     -0.71444881      
1220             32.58727920      -0.67523165      
1221             64.25586060      -0.84029783      
1222             15.37500000      -0.64951905      
1223             130.13476022     -0.70653074      
1224             131.59836955     -0.75874128      
1225             132.09119856     -1.44248208      
1226             122.62345507     -0.72458019      
1227             135.43430208     -0.85784097      
1228             118.87176479     -0.72847930      
1229             115.11045023     -0.74044620      
1230             111.37483282     -0.62910709      
1231             107.69503662     -0.64362359      
1232             11.62915283      -0.76150101      
1233             13.13701605      -0.66296097      
1234             13.88126854      -0.64516782      
1235             17.65041019      -0.69302514      
1236             19.25386578      -0.81404620      
1237             21.36445960      -0.63680483      
1238             22.87500000      -0.66459305      
1239             23.19321411      -1.41536512      
1240             24.37500000      -0.63999068      
1241             26.62307685      -0.62615500      
1242             28.14693601      -0.69249321      
1243             28.87500000      -0.64951905      
1244             30.37555601      -0.72648130      
1245             34.12500000      -0.64951905      
1246             36.35843955      -0.59692066      
1247             37.87945832      -0.69236873      
1248             39.37500000      -0.64951905      
1249             45.38675771      -0.68558425      
1250             46.92273102      -0.66974745      
1251             47.63984437      -0.65802418      
1252             48.00000000      -1.38454414      
1253             49.12500000      -0.64951905      
1254             50.63172900      -0.74062695      
1255             52.76970185      -0.76841220      
1256             56.59597099      -0.68330989      
1257             56.98155092      -1.44143853      
1258             58.13827890      -0.69017547      
1259             61.05096757      -0.64783810      
1260             62.62908365      -0.67907166      
1261             66.29996539      -0.62084153      
1262             67.87173061      -0.55090682      
1263             70.09687630      -0.73328666      
1264             71.61446157      -0.74871539      
1265             73.13075512      -0.75400707      
1266             75.37500000      -0.64951905      
1267             75.75000000      -1.38449863      
1268             79.04637062      -0.71578574      
1269             79.45336308      -1.45003772      
1270             80.62500000      -0.64951905      
1271             82.87500000      -0.64951905      
1272             84.37974671      -0.62855436      
1273             86.59427541      -0.76073656      
1274             88.16409125      -0.74558802      
1275             88.91477644      -0.78320170      
1276             90.37755168      -0.76618811      
1277             91.86615797      -0.75724930      
1278             92.61463552      -0.75700649      
1279             94.12995519      -0.63115358      
1280             95.60827301      -0.55842339      
1281             96.33103865      -0.66123016      
1282             97.88787181      -0.65148679      
1283             100.07499322     -0.60121558      
1284             101.62277680     -0.64491534      
1285             101.97409140     -1.39827287      
1286             16.91480930      -0.73919334      
1287             85.12357964      -0.74648923      
1288             81.37500000      -0.64951905      
1289             73.87717807      -0.67296395      
1290             58.89472860      -0.67231785      
1291             40.13242734      -0.64748993      
1292             55.42916789      -5.72541182      
1293             25.12500000      -0.64951905      
1294             25.49882920      -1.40143336      
1295             144.34847949     -0.93404859      
1296             65.46297113      -13.31323886     
1297             43.53570107      -12.32991583     
1298             39.68809659      -5.38162610      
1299             72.71370938      -1.50607050      
1300             81.31181274      -7.52182684      
1301             94.77370476      -6.68469106      
1302             122.89012314     -15.54321140     
1303             120.47017324     -14.94522047     
1304             131.52762952     -19.07683251     
1305             89.58198418      -8.09017365      
1306             139.02339723     -19.94101398     
1307             30.07917733      -14.20356087     
1308             10.12500000      -0.64951905      
1309             136.82957381     -0.73607105      
1310             16.08123784      -12.49209787     
1311             24.79998411      -6.01963262      
1312             62.88341970      -21.14688533     
1313             93.31480080      -6.63963879      
1314             105.47016631     -20.56837322     
1315             105.35442807     -15.29300811     
1316             26.59737582      -13.06390922     
1317             137.62500000     -0.64951905      
1318             132.51503228     -5.13456686      
1319             78.41525027      -1.53693245      
1320             19.44914336      -17.59868147     
1321             54.41353178      -0.57296871      
1322             51.04897759      -6.09342115      
1323             91.10545421      -14.56949308     
1324             30.60500000      -25.01405348     
1325             12.50973338      -3.39830258      
1326             141.20526098     -5.20446073      
1327             99.44611884      -12.63082120     
1328             27.51025060      -5.83575519      
1329             98.25000000      -1.39866767      
1330             56.07941823      -1.45633857      
1331             61.84946363      -6.27484555      
1332             48.78622509      -4.60760213      
1333             81.46532282      -13.80728730     
1334             101.84124837     -14.78513718     
1335             16.50000000      -1.38611348      
1336             69.37500000      -0.64834611      
1337             59.24619162      -5.16633893      
1338             13.40833045      -19.73835578     
1339             20.19565718      -12.14098494     
1340             118.46934216     -1.48577117      
1341             68.67384060      -1.49059111      
1342             122.22688795     -1.47175895      
1343             33.32549271      -5.14278950      
1344             77.95686804      -5.68262477      
1345             101.73000000     -25.08239316     
1346             29.81154514      -5.10417857      
1347             12.06955420      -1.38307022      
1348             87.60500514      -6.26776841      
1349             8.99227206       -13.13775441     
1350             27.75220651      -1.38415005      
1351             114.70118574     -1.52404320      
1352             116.08648962     -5.38615786      
1353             117.32561240     -4.97805233      
1354             104.56065607     -5.26608687      
1355             105.81481525     -5.28232992      
1356             113.44050754     -5.03415589      
1357             110.87691159     -4.98652380      
1358             108.48691350     -5.36789908      
1359             101.89087446     -5.31788651      
1360             99.43412214      -5.17033439      
1361             119.74327163     -4.86578339      
1362             122.06812526     -4.82372470      
1363             6.38370495       -0.65331595      
1364             18.75000000      -1.38449863      
1365             108.57564850     -12.50497595     
1366             115.07768095     -12.66503657     
1367             121.76809779     -12.98731276     
1368             83.53122285      -6.02018849      
1369             103.88070794     -12.69755474     
1370             139.12500000     -0.64951905      
1371             138.77532886     -1.50177670      
1372             -0.54710890      -0.74888617      
1373             0.05475968       -1.86921188      
1374             1.66095681       -2.10086481      
1375             21.93678363      -19.69086811     
1376             82.14012777      -6.04292986      
1377             86.17419195      -5.96062348      
1378             88.94253453      -6.47653955      
1379             91.86520605      -6.57011909      
1380             103.87725419     -0.61925062      
1381             124.60929714     -4.88702351      
1382             26.25802466      -6.69763655      
1383             91.45652923      -1.54085613      
1384             4.82379378       -0.76682468      
1385             5.25000000       -1.67239212      
1386             4.20393392       -1.33610275      
1387             3.07607914       -1.81211494      
1388             86.12244839      -13.62864594     
1389             96.91120298      -5.32216682      
1390             4.14410663       -0.57165540      
1391             71.17320072      -6.40083965      
1392             68.52235964      -6.78751192      
1393             74.17119468      -6.71890947      
1394             20.62500000      -0.62916558      
1395             72.43821115      -14.29911112     
1396             70.89987640      -16.82257224     
1397             77.10073362      -15.59253680     
1398             106.09662094     -0.56056455      
1399             79.35146363      -5.78414592      
1400             66.00118274      -5.45947892      
1401             77.56008956      -0.62898445      
1402             126.34638202     -12.76156356     
1403             2.66148076       -0.75126115      
1404             110.90799478     -1.33836047      
1405             59.01302868      -14.06144393     
1406             35.81060219      -5.56921222      
1407             50.54112114      -14.46177920     
1408             9.32717909       -1.45217255      
1409             43.87500000      -0.58938737      
1410             67.79731846      -13.25906442     
1411             27.92168055      -22.29355471     
1412             25.40329151      -25.09517855     
1413             40.50000000      -1.37154434      
1414             35.08528786      -14.25763217     
1415             33.17574880      -15.95002415     
1416             90.03350454      -1.54581465      
1417             40.95287183      -5.39568451      
1418             39.77347694      -15.99353232     
1419             37.22732841      -18.40588446     
1420             38.22262875      -21.87305444     
1421             93.09237324      -1.40254576      
1422             134.81960396     -13.49646161     
1423             41.62500000      -0.61492942      
1424             45.73266145      -12.69308799     
1425             126.95956414     -2.64738504      
1426             51.40099542      -0.61792767      
1427             96.75000000      -1.35322772      
1428             132.36706907     -11.08028197     
1429             63.75000000      -1.34691554      
1430             35.62500000      -0.60409773      
1431             49.61066057      -6.58655322      
1432             12.93325079      -1.54140009      
1433             71.22054800      -1.46289131      
1434             44.85790122      -1.47065157      
1435             39.07585454      -1.43201892      
1436             124.31623896     -6.18529130      
1437             145.02412627     -7.24367565      
1438             119.55072690     -12.74405593     
1439             31.95904525      -1.47178607      
1440             60.37937487      -7.27843028      
1441             18.88080263      -20.91018045     
1442             95.53172987      -1.45710467      
1443             57.74010246      -1.30775965      
1444             44.31378146      -2.37066480      
1445             22.42982264      -1.31864415      
1446             88.60673751      -1.41845989      
1447             30.88055957      -12.15224590     
1448             31.10987497      -0.54386697      
1449             10.45772625      -1.37487594      
1450             77.11859401      -6.90349490      
1451             113.69682417     -14.91429240     
1452             -2.97911060      -6.70616955      
1453             56.78768664      -3.12610355      
1454             129.17104504     -21.82528429     
1455             11.17991418      -6.15973473      
1456             109.83162669     -0.54573799      
1457             120.40598639     -0.54680775      
1458             127.72894175     -25.02379876     
1459             124.17781104     -0.54466500      
1460             34.54321838      -1.30316356      
1461             115.00462929     -6.49853702      
1462             116.65517331     -0.55203376      
1463             106.41864781     -6.46446472      
1464             42.60524362      -17.43260385     
1465             136.39025322     -17.17356093     
1466             22.54610446      -2.17397365      
1467             136.25803075     -1.50111611      
1468             8.70251816       -0.75523989      
1469             100.47885217     -1.27583513      
1470             31.35924629      -7.15358232      
1471             117.45515326     -15.31692835     
1472             60.37372897      -0.53169109      
1473             18.42651423      -3.44743227      
1474             117.53452244     -6.36011144      
1475             121.70518932     -6.13648683      
1476             140.54462729     -0.71513486      
1477             112.90642506     -0.55117893      
1478             124.30112300     -24.37480768     
1479             120.49843751     -24.75431776     
1480             93.41684497      -14.13112576     
1481             76.83997495      -0.64183590      
1482             1.20568097       -0.93829053      
1483             140.77922635     -1.74675088      
1484             141.02093680     -3.21076939      
1485             4.90981030       -4.24319772      
1486             53.38797037      -1.42912665      
1487             72.85017859      -22.56615789     
1488             74.32864307      -17.17112287     
1489             130.50000000     -1.28326640      
1490             24.02022658      -1.35991719      
1491             103.92699217     -6.52366617      
1492             49.84187188      -1.34635942      
1493             91.64653412      -19.54819714     
1494             81.75000000      -1.27474304      
1495             14.22427213      -1.24841295      
1496             74.31821186      -1.27741310      
1497             35.13501332      -6.69728184      
1498             107.34289276     -1.31515128      
1499             -4.15099083      -4.33990199      
1500             37.57035935      -1.39539979      
1501             80.23566799      -1.26525026      
1502             66.26122089      -24.90311533     
1503             110.56457189     -12.16141630     
1504             46.65385551      -1.38416204      
1505             75.47653002      -2.15459222      
1506             91.05803176      -7.81785908      
1507             79.93255241      -7.01660892      
1508             71.57363180      -25.73422269     
1509             134.68186301     -10.67721842     
1510             60.11691945      -20.10325920     
1511             62.33192372      -1.38645335      
1512             104.19929213     -1.26232282      
1513             59.31596125      -1.23926896      
1514             106.82635261     -2.00277469      
1515             133.14450634     -0.55030714      
1516             132.66038512     -3.78744570      
1517             99.39543668      -0.47502270      
1518             39.45962335      -8.40005636      
1519             75.01486241      -1.36112350      
1520             17.52144582      -5.76361310      
1521             83.06986911      -1.38492866      
1522             2.38529058       -3.11408425      
1523             2.47303248       -4.45863641      
1524             76.45657673      -1.25600694      
1525             29.42388566      -6.32949420      
1526             45.58830894      -5.85790055      
1527             84.41925526      -1.38175060      
1528             18.07042857      -1.29654670      
1529             78.85626001      -22.71343129     
1530             129.10550461     -1.43824590      
1531             55.08050743      -0.46910668      
1532             97.47182371      -1.19721681      
1533             107.50413705     -14.42051998     
1534             4.52041333       -2.50687529      
1535             54.41035623      -12.77276640     
1536             85.84794952      -1.29558236      
1537             94.47155765      -1.30305191      
1538             18.24846005      -13.07141016     
1539             87.17460039      -1.38429258      
1540             65.65965947      -0.46624995      
1541             65.04250950      -1.42322493      
1542             84.90229019      -15.57435372     
1543             97.64743160      -6.47716707      
1544             128.20217268     -6.33012734      
1545             29.56729167      -1.31425957      
1546             143.22765960     -5.95783875      
1547             73.20660692      -7.90621206      
1548             133.84115004     -0.48989299      
1549             112.45190714     -1.21181127      
1550             108.27694468     -1.38069307      
1551             126.81546857     -6.15394332      
1552             146.58176250     -24.41305927     
1553             -4.06535219      -24.77151841     
1554             -2.28322662      -21.36894438     
1555             11.24937980      -7.61386902      
1556             13.08671463      -2.50988328      
1557             24.73420146      -1.20479264      
1558             25.05148557      -7.49773322      
1559             34.24362122      -21.61883136     
1560             84.38186884      -7.35994453      
1561             116.36670884     -1.16267471      
1562             103.09490365     -0.62256907      
1563             119.93825493     -6.10052461      
1564             101.24452362     -1.21454976      
1565             13.63270483      -1.22366110      
1566             134.87659375     -1.32327334      
1567             68.66106401      -5.58642693      
1568             39.40133094      -25.50668882     
1569             128.51199266     -7.44984098      
1570             22.66311086      -3.17406320      
1571             106.45831842     -1.21496602      
1572             113.60377247     -0.46760319      
1573             2.19928555       -1.33764796      
1574             120.13374593     -1.14058432      
1575             110.70113197     -2.10589883      
1576             76.03986096      -2.80034892      
1577             142.57002135     -14.31927756     
1578             105.37500000     -0.46052020      
1579             47.32161431      -1.25278759      
1580             21.71471329      -1.17905669      
1581             98.15723538      -2.10008276      
1582             109.18431473     -0.43714877      
1583             39.75000000      -1.20554047      
1584             27.10592696      -2.01140761      
1585             66.44904084      -6.60504680      
1586             123.88896768     -1.13521262      
1587             110.13303172     -1.06722373      
1588             139.77906256     -1.25394156      
1589             132.81716043     -1.10956289      
1590             99.14287205      -23.63494717     
1591             117.37500000     -0.44663578      
1592             92.21304304      -2.61996641      
1593             46.90522706      -6.34984136      
1594             20.11888464      -1.24290610      
1595             124.08612777     -7.38858637      
1596             65.05913164      -2.12165031      
1597             138.00000000     -1.32491226      
1598             101.95489178     -2.09125222      
1599             36.25945628      -1.23502491      
1600             103.79859873     -22.72385123     
1601             93.75000000      -1.19170470      
1602             35.37203698      -16.55412105     
1603             57.64468702      -7.49714426      
1604             43.66167743      -21.43146545     
1605             60.41993203      -8.72709271      
1606             111.73432948     -1.16411582      
1607             26.90282644      -1.26532921      
1608             45.48348301      -4.53307358      
1609             58.61392259      -22.41126283     
1610             77.81941632      -1.24797926      
1611             8.41760274       -1.53873515      
1612             121.12500000     -0.43364845      
1613             119.41241248     -22.00369926     
1614             85.04867699      -2.33391721      
1615             127.53929204     -3.54594075      
1616             52.02503269      -1.26520867      
1617             26.36168148      -2.49849752      
1618             93.90263556      -7.88038198      
1619             59.48046485      -6.48874637      
1620             68.43623472      -7.91707799      
1621             61.09128147      -1.30982366      
1622             44.53409884      -4.10230181      
1623             75.30243183      -20.89866771     
1624             110.73035898     -6.02265999      
1625             125.65734844     -1.21090845      
1626             54.11995617      -1.12737490      
1627             92.87800338      -2.09541578      
1628             17.68557802      -7.00728489      
1629             10.92941366      -21.31500727     
1630             15.86331707      -1.28812016      
1631             89.27577565      -2.69360340      
1632             124.85950244     -0.42681530      
1633             102.68562574     -1.21377223      
1634             26.24274234      -1.13882063      
1635             44.39843860      -25.45447757     
