$MeshFormat
4.1 0 8
$EndMeshFormat
$Entities
134 135 2 0
1 -7.5 0 0 0 
2 0 0 0 0 
3 1.5 0 0 0 
4 3 0 0 0 
5 4.5 0 0 0 
6 6 0 0 0 
7 7.5 0 0 0 
8 9 0 0 0 
9 10.5 0 0 0 
10 12 0 0 0 
11 13.5 0 0 0 
12 15 0 0 0 
13 16.5 0 0 0 
14 18 0 0 0 
15 19.5 0 0 0 
16 21 0 0 0 
17 22.5 0 0 0 
18 24 0 0 0 
19 25.5 0 0 0 
20 27 0 0 0 
21 28.5 0 0 0 
22 30 0 0 0 
23 31.5 0 0 0 
24 33 0 0 0 
25 34.5 0 0 0 
26 36 0 0 0 
27 37.5 0 0 0 
28 39 0 0 0 
29 40.5 0 0 0 
30 42 0 0 0 
31 43.5 0 0 0 
32 45 0 0 0 
33 46.5 0 0 0 
34 48 0 0 0 
35 49.5 0 0 0 
36 51 0 0 0 
37 52.5 0 0 0 
38 54 0 0 0 
39 55.5 0 0 0 
40 57 0 0 0 
41 58.5 0 0 0 
42 60 0 0 0 
43 61.5 0 0 0 
44 63 0 0 0 
45 64.5 0 0 0 
46 66 0 0 0 
47 67.5 0 0 0 
48 69 0 0 0 
49 70.5 0 0 0 
50 72 0 0 0 
51 73.5 0 0 0 
52 75 0 0 0 
53 76.5 0 0 0 
54 78 0 0 0 
55 79.5 0 0 0 
56 81 0 0 0 
57 82.5 0 0 0 
58 84 0 0 0 
59 85.5 0 0 0 
60 87 0 0 0 
61 88.5 0 0 0 
62 90 0 0 0 
63 91.5 0 0 0 
64 93 0 0 0 
65 94.5 0 0 0 
66 96 0 0 0 
67 97.5 0 0 0 
68 99 0 0 0 
69 100.5 0 0 0 
70 102 0 0 0 
71 103.5 0 0 0 
72 105 0 0 0 
73 106.5 0 0 0 
74 108 0 0 0 
75 109.5 0 0 0 
76 111 0 0 0 
77 112.5 0 0 0 
78 114 0 0 0 
79 115.5 0 0 0 
80 117 0 0 0 
81 118.5 0 0 0 
82 120 0 0 0 
83 121.5 0 0 0 
84 123 0 0 0 
85 124.5 0 0 0 
86 126 0 0 0 
87 127.5 0 0 0 
88 129 0 0 0 
89 130.5 0 0 0 
90 132 0 0 0 
91 133.5 0 0 0 
92 135 0 0 0 
93 136.5 0 0 0 
94 138 0 0 0 
95 139.5 0 0 0 
96 141 0 0 0 
97 142.5 0 0 0 
98 150 0 0 0 
99 -7.5 0 -28.5 0 
100 -2.42 0 -28.5 0 
101 2.66 0 -28.5 0 
102 7.74 0 -28.5 0 
103 12.82 0 -28.5 0 
104 17.9 0 -28.5 0 
105 22.98 0 -28.5 0 
106 28.06 0 -28.5 0 
107 33.15 0 -28.5 0 
108 38.23 0 -28.5 0 
109 43.31 0 -28.5 0 
110 48.39 0 -28.5 0 
111 53.47 0 -28.5 0 
112 58.55 0 -28.5 0 
113 63.63 0 -28.5 0 
114 68.70999999999999 0 -28.5 0 
115 73.79000000000001 0 -28.5 0 
116 78.87 0 -28.5 0 
117 83.95 0 -28.5 0 
118 89.03 0 -28.5 0 
119 94.11 0 -28.5 0 
120 99.19 0 -28.5 0 
121 104.27 0 -28.5 0 
122 109.35 0 -28.5 0 
123 114.44 0 -28.5 0 
124 119.52 0 -28.5 0 
125 124.6 0 -28.5 0 
126 129.68 0 -28.5 0 
127 134.76 0 -28.5 0 
128 139.84 0 -28.5 0 
129 144.92 0 -28.5 0 
130 150 0 -28.5 0 
131 -720 0 0 0 
132 -720 0 -456 0 
133 862.5 0 0 0 
134 862.5 0 -456 0 
1 -7.5 0 0 0 0 0 0 2 1 -2 
2 0 0 0 1.5 0 0 0 2 2 -3 
3 1.5 0 0 3 0 0 0 2 3 -4 
4 3 0 0 4.5 0 0 0 2 4 -5 
5 4.5 0 0 6 0 0 0 2 5 -6 
6 6 0 0 7.5 0 0 0 2 6 -7 
7 7.5 0 0 9 0 0 0 2 7 -8 
8 9 0 0 10.5 0 0 0 2 8 -9 
9 10.5 0 0 12 0 0 0 2 9 -10 
10 12 0 0 13.5 0 0 0 2 10 -11 
11 13.5 0 0 15 0 0 0 2 11 -12 
12 15 0 0 16.5 0 0 0 2 12 -13 
13 16.5 0 0 18 0 0 0 2 13 -14 
14 18 0 0 19.5 0 0 0 2 14 -15 
15 19.5 0 0 21 0 0 0 2 15 -16 
16 21 0 0 22.5 0 0 0 2 16 -17 
17 22.5 0 0 24 0 0 0 2 17 -18 
18 24 0 0 25.5 0 0 0 2 18 -19 
19 25.5 0 0 27 0 0 0 2 19 -20 
20 27 0 0 28.5 0 0 0 2 20 -21 
21 28.5 0 0 30 0 0 0 2 21 -22 
22 30 0 0 31.5 0 0 0 2 22 -23 
23 31.5 0 0 33 0 0 0 2 23 -24 
24 33 0 0 34.5 0 0 0 2 24 -25 
25 34.5 0 0 36 0 0 0 2 25 -26 
26 36 0 0 37.5 0 0 0 2 26 -27 
27 37.5 0 0 39 0 0 0 2 27 -28 
28 39 0 0 40.5 0 0 0 2 28 -29 
29 40.5 0 0 42 0 0 0 2 29 -30 
30 42 0 0 43.5 0 0 0 2 30 -31 
31 43.5 0 0 45 0 0 0 2 31 -32 
32 45 0 0 46.5 0 0 0 2 32 -33 
33 46.5 0 0 48 0 0 0 2 33 -34 
34 48 0 0 49.5 0 0 0 2 34 -35 
35 49.5 0 0 51 0 0 0 2 35 -36 
36 51 0 0 52.5 0 0 0 2 36 -37 
37 52.5 0 0 54 0 0 0 2 37 -38 
38 54 0 0 55.5 0 0 0 2 38 -39 
39 55.5 0 0 57 0 0 0 2 39 -40 
40 57 0 0 58.5 0 0 0 2 40 -41 
41 58.5 0 0 60 0 0 0 2 41 -42 
42 60 0 0 61.5 0 0 0 2 42 -43 
43 61.5 0 0 63 0 0 0 2 43 -44 
44 63 0 0 64.5 0 0 0 2 44 -45 
45 64.5 0 0 66 0 0 0 2 45 -46 
46 66 0 0 67.5 0 0 0 2 46 -47 
47 67.5 0 0 69 0 0 0 2 47 -48 
48 69 0 0 70.5 0 0 0 2 48 -49 
49 70.5 0 0 72 0 0 0 2 49 -50 
50 72 0 0 73.5 0 0 0 2 50 -51 
51 73.5 0 0 75 0 0 0 2 51 -52 
52 75 0 0 76.5 0 0 0 2 52 -53 
53 76.5 0 0 78 0 0 0 2 53 -54 
54 78 0 0 79.5 0 0 0 2 54 -55 
55 79.5 0 0 81 0 0 0 2 55 -56 
56 81 0 0 82.5 0 0 0 2 56 -57 
57 82.5 0 0 84 0 0 0 2 57 -58 
58 84 0 0 85.5 0 0 0 2 58 -59 
59 85.5 0 0 87 0 0 0 2 59 -60 
60 87 0 0 88.5 0 0 0 2 60 -61 
61 88.5 0 0 90 0 0 0 2 61 -62 
62 90 0 0 91.5 0 0 0 2 62 -63 
63 91.5 0 0 93 0 0 0 2 63 -64 
64 93 0 0 94.5 0 0 0 2 64 -65 
65 94.5 0 0 96 0 0 0 2 65 -66 
66 96 0 0 97.5 0 0 0 2 66 -67 
67 97.5 0 0 99 0 0 0 2 67 -68 
68 99 0 0 100.5 0 0 0 2 68 -69 
69 100.5 0 0 102 0 0 0 2 69 -70 
70 102 0 0 103.5 0 0 0 2 70 -71 
71 103.5 0 0 105 0 0 0 2 71 -72 
72 105 0 0 106.5 0 0 0 2 72 -73 
73 106.5 0 0 108 0 0 0 2 73 -74 
74 108 0 0 109.5 0 0 0 2 74 -75 
75 109.5 0 0 111 0 0 0 2 75 -76 
76 111 0 0 112.5 0 0 0 2 76 -77 
77 112.5 0 0 114 0 0 0 2 77 -78 
78 114 0 0 115.5 0 0 0 2 78 -79 
79 115.5 0 0 117 0 0 0 2 79 -80 
80 117 0 0 118.5 0 0 0 2 80 -81 
81 118.5 0 0 120 0 0 0 2 81 -82 
82 120 0 0 121.5 0 0 0 2 82 -83 
83 121.5 0 0 123 0 0 0 2 83 -84 
84 123 0 0 124.5 0 0 0 2 84 -85 
85 124.5 0 0 126 0 0 0 2 85 -86 
86 126 0 0 127.5 0 0 0 2 86 -87 
87 127.5 0 0 129 0 0 0 2 87 -88 
88 129 0 0 130.5 0 0 0 2 88 -89 
89 130.5 0 0 132 0 0 0 2 89 -90 
90 132 0 0 133.5 0 0 0 2 90 -91 
91 133.5 0 0 135 0 0 0 2 91 -92 
92 135 0 0 136.5 0 0 0 2 92 -93 
93 136.5 0 0 138 0 0 0 2 93 -94 
94 138 0 0 139.5 0 0 0 2 94 -95 
95 139.5 0 0 141 0 0 0 2 95 -96 
96 141 0 0 142.5 0 0 0 2 96 -97 
97 142.5 0 0 150 0 0 0 2 97 -98 
98 -7.5 0 -28.5 -2.42 0 -28.5 0 2 99 -100 
99 -2.42 0 -28.5 2.66 0 -28.5 0 2 100 -101 
100 2.66 0 -28.5 7.74 0 -28.5 0 2 101 -102 
101 7.74 0 -28.5 12.82 0 -28.5 0 2 102 -103 
102 12.82 0 -28.5 17.9 0 -28.5 0 2 103 -104 
103 17.9 0 -28.5 22.98 0 -28.5 0 2 104 -105 
104 22.98 0 -28.5 28.06 0 -28.5 0 2 105 -106 
105 28.06 0 -28.5 33.15 0 -28.5 0 2 106 -107 
106 33.15 0 -28.5 38.23 0 -28.5 0 2 107 -108 
107 38.23 0 -28.5 43.31 0 -28.5 0 2 108 -109 
108 43.31 0 -28.5 48.39 0 -28.5 0 2 109 -110 
109 48.39 0 -28.5 53.47 0 -28.5 0 2 110 -111 
110 53.47 0 -28.5 58.55 0 -28.5 0 2 111 -112 
111 58.55 0 -28.5 63.63 0 -28.5 0 2 112 -113 
112 63.63 0 -28.5 68.70999999999999 0 -28.5 0 2 113 -114 
113 68.70999999999999 0 -28.5 73.79000000000001 0 -28.5 0 2 114 -115 
114 73.79000000000001 0 -28.5 78.87 0 -28.5 0 2 115 -116 
115 78.87 0 -28.5 83.95 0 -28.5 0 2 116 -117 
116 83.95 0 -28.5 89.03 0 -28.5 0 2 117 -118 
117 89.03 0 -28.5 94.11 0 -28.5 0 2 118 -119 
118 94.11 0 -28.5 99.19 0 -28.5 0 2 119 -120 
119 99.19 0 -28.5 104.27 0 -28.5 0 2 120 -121 
120 104.27 0 -28.5 109.35 0 -28.5 0 2 121 -122 
121 109.35 0 -28.5 114.44 0 -28.5 0 2 122 -123 
122 114.44 0 -28.5 119.52 0 -28.5 0 2 123 -124 
123 119.52 0 -28.5 124.6 0 -28.5 0 2 124 -125 
124 124.6 0 -28.5 129.68 0 -28.5 0 2 125 -126 
125 129.68 0 -28.5 134.76 0 -28.5 0 2 126 -127 
126 134.76 0 -28.5 139.84 0 -28.5 0 2 127 -128 
127 139.84 0 -28.5 144.92 0 -28.5 0 2 128 -129 
128 144.92 0 -28.5 150 0 -28.5 0 2 129 -130 
129 -7.5 0 -28.5 -7.5 0 0 0 2 1 -99 
130 150 0 -28.5 150 0 0 0 2 98 -130 
131 -720 0 0 -7.5 0 0 0 2 1 -131 
132 -720 0 -456 -720 0 0 0 2 131 -132 
133 -720 0 -456 862.5 0 -456 0 2 132 -134 
134 862.5 0 -456 862.5 0 0 0 2 134 -133 
135 150 0 0 862.5 0 0 0 2 133 -98 
1 -720 0 -456 862.5 0 0 1 1 168 129 98 99 100 101 102 103 104 105 106 107 108 109 110 111 112 113 114 115 116 117 118 119 120 121 122 123 124 125 126 127 128 -130 -97 -96 -95 -94 -93 -92 -91 -90 -89 -88 -87 -86 -85 -84 -83 -82 -81 -80 -79 -78 -77 -76 -75 -74 -73 -72 -71 -70 -69 -68 -67 -66 -65 -64 -63 -62 -61 -60 -59 -58 -57 -56 -55 -54 -53 -52 -51 -50 -49 -48 -47 -46 -45 -44 -43 -42 -41 -40 -39 -38 -37 -36 -35 -34 -33 -32 -31 -30 -29 -28 -27 -26 -25 -24 -23 -22 -21 -20 -19 -18 -17 -16 -15 -14 -13 -12 -11 -10 -9 -8 -7 -6 -5 -4 -3 -2 -1 129 98 99 100 101 102 103 104 105 106 107 108 109 110 111 112 113 114 115 116 117 118 119 120 121 122 123 124 125 126 127 128 -130 -135 -134 -133 -132 -131 
2 -7.5 0 -28.5 150 0 0 1 1 130 129 98 99 100 101 102 103 104 105 106 107 108 109 110 111 112 113 114 115 116 117 118 119 120 121 122 123 124 125 126 127 128 -130 -97 -96 -95 -94 -93 -92 -91 -90 -89 -88 -87 -86 -85 -84 -83 -82 -81 -80 -79 -78 -77 -76 -75 -74 -73 -72 -71 -70 -69 -68 -67 -66 -65 -64 -63 -62 -61 -60 -59 -58 -57 -56 -55 -54 -53 -52 -51 -50 -49 -48 -47 -46 -45 -44 -43 -42 -41 -40 -39 -38 -37 -36 -35 -34 -33 -32 -31 -30 -29 -28 -27 -26 -25 -24 -23 -22 -21 -20 -19 -18 -17 -16 -15 -14 -13 -12 -11 -10 -9 -8 -7 -6 -5 -4 -3 -2 -1 
$EndEntities
$Nodes
240 1635 1 1635
0 1 0 1
1
-7.5 0 0
0 2 0 1
2
0 0 0
0 3 0 1
3
1.5 0 0
0 4 0 1
4
3 0 0
0 5 0 1
5
4.5 0 0
0 6 0 1
6
6 0 0
0 7 0 1
7
7.5 0 0
0 8 0 1
8
9 0 0
0 9 0 1
9
10.5 0 0
0 10 0 1
10
12 0 0
0 11 0 1
11
13.5 0 0
0 12 0 1
12
15 0 0
0 13 0 1
13
16.5 0 0
0 14 0 1
14
18 0 0
0 15 0 1
15
19.5 0 0
0 16 0 1
16
21 0 0
0 17 0 1
17
22.5 0 0
0 18 0 1
18
24 0 0
0 19 0 1
19
25.5 0 0
0 20 0 1
20
27 0 0
0 21 0 1
21
28.5 0 0
0 22 0 1
22
30 0 0
0 23 0 1
23
31.5 0 0
0 24 0 1
24
33 0 0
0 25 0 1
25
34.5 0 0
0 26 0 1
26
36 0 0
0 27 0 1
27
37.5 0 0
0 28 0 1
28
39 0 0
0 29 0 1
29
40.5 0 0
0 30 0 1
30
42 0 0
0 31 0 1
31
43.5 0 0
0 32 0 1
32
45 0 0
0 33 0 1
33
46.5 0 0
0 34 0 1
34
48 0 0
0 35 0 1
35
49.5 0 0
0 36 0 1
36
51 0 0
0 37 0 1
37
52.5 0 0
0 38 0 1
38
54 0 0
0 39 0 1
39
55.5 0 0
0 40 0 1
40
57 0 0
0 41 0 1
41
58.5 0 0
0 42 0 1
42
60 0 0
0 43 0 1
43
61.5 0 0
0 44 0 1
44
63 0 0
0 45 0 1
45
64.5 0 0
0 46 0 1
46
66 0 0
0 47 0 1
47
67.5 0 0
0 48 0 1
48
69 0 0
0 49 0 1
49
70.5 0 0
0 50 0 1
50
72 0 0
0 51 0 1
51
73.5 0 0
0 52 0 1
52
75 0 0
0 53 0 1
53
76.5 0 0
0 54 0 1
54
78 0 0
0 55 0 1
55
79.5 0 0
0 56 0 1
56
81 0 0
0 57 0 1
57
82.5 0 0
0 58 0 1
58
84 0 0
0 59 0 1
59
85.5 0 0
0 60 0 1
60
87 0 0
0 61 0 1
61
88.5 0 0
0 62 0 1
62
90 0 0
0 63 0 1
63
91.5 0 0
0 64 0 1
64
93 0 0
0 65 0 1
65
94.5 0 0
0 66 0 1
66
96 0 0
0 67 0 1
67
97.5 0 0
0 68 0 1
68
99 0 0
0 69 0 1
69
100.5 0 0
0 70 0 1
70
102 0 0
0 71 0 1
71
103.5 0 0
0 72 0 1
72
105 0 0
0 73 0 1
73
106.5 0 0
0 74 0 1
74
108 0 0
0 75 0 1
75
109.5 0 0
0 76 0 1
76
111 0 0
0 77 0 1
77
112.5 0 0
0 78 0 1
78
114 0 0
0 79 0 1
79
115.5 0 0
0 80 0 1
80
117 0 0
0 81 0 1
81
118.5 0 0
0 82 0 1
82
120 0 0
0 83 0 1
83
121.5 0 0
0 84 0 1
84
123 0 0
0 85 0 1
85
124.5 0 0
0 86 0 1
86
126 0 0
0 87 0 1
87
127.5 0 0
0 88 0 1
88
129 0 0
0 89 0 1
89
130.5 0 0
0 90 0 1
90
132 0 0
0 91 0 1
91
133.5 0 0
0 92 0 1
92
135 0 0
0 93 0 1
93
136.5 0 0
0 94 0 1
94
138 0 0
0 95 0 1
95
139.5 0 0
0 96 0 1
96
141 0 0
0 97 0 1
97
142.5 0 0
0 98 0 1
98
150 0 0
0 99 0 1
99
-7.5 0 -28.5
0 100 0 1
100
-2.42 0 -28.5
0 101 0 1
101
2.66 0 -28.5
0 102 0 1
102
7.74 0 -28.5
0 103 0 1
103
12.82 0 -28.5
0 104 0 1
104
17.9 0 -28.5
0 105 0 1
105
22.98 0 -28.5
0 106 0 1
106
28.06 0 -28.5
0 107 0 1
107
33.15 0 -28.5
0 108 0 1
108
38.23 0 -28.5
0 109 0 1
109
43.31 0 -28.5
0 110 0 1
110
48.39 0 -28.5
0 111 0 1
111
53.47 0 -28.5
0 112 0 1
112
58.55 0 -28.5
0 113 0 1
113
63.63 0 -28.5
0 114 0 1
114
68.70999999999999 0 -28.5
0 115 0 1
115
73.79000000000001 0 -28.5
0 116 0 1
116
78.87 0 -28.5
0 117 0 1
117
83.95 0 -28.5
0 118 0 1
118
89.03 0 -28.5
0 119 0 1
119
94.11 0 -28.5
0 120 0 1
120
99.19 0 -28.5
0 121 0 1
121
104.27 0 -28.5
0 122 0 1
122
109.35 0 -28.5
0 123 0 1
123
114.44 0 -28.5
0 124 0 1
124
119.52 0 -28.5
0 125 0 1
125
124.6 0 -28.5
0 126 0 1
126
129.68 0 -28.5
0 127 0 1
127
134.76 0 -28.5
0 128 0 1
128
139.84 0 -28.5
0 129 0 1
129
144.92 0 -28.5
0 130 0 1
130
150 0 -28.5
0 131 0 1
131
-720 0 0
0 132 0 1
132
-720 0 -456
0 133 0 1
133
862.5 0 0
0 134 0 1
134
862.5 0 -456
1 1 0 3
135
136
137
-4.662720597354957 0 0
-2.597486213265717 0 0
-1.094217804438182 0 0
1 2 0 1
138
0.7499999999971423 0 0
1 3 0 1
139
2.249999999998827 0 0
1 4 0 1
140
3.749999999992627 0 0
1 5 0 1
141
5.249999999977969 0 0
1 6 0 1
142
6.749999999977969 0 0
1 7 0 1
143
8.249999999985254 0 0
1 8 0 1
144
9.75 0 0
1 9 0 1
145
11.25 0 0
1 10 0 1
146
12.75 0 0
1 11 0 1
147
14.25 0 0
1 12 0 1
148
15.75000000002949 0 0
1 13 0 1
149
17.25 0 0
1 14 0 1
150
18.75 0 0
1 15 0 1
151
20.25 0 0
1 16 0 1
152
21.75 0 0
1 17 0 1
153
23.25 0 0
1 18 0 1
154
24.75 0 0
1 19 0 1
155
26.25 0 0
1 20 0 1
156
27.75 0 0
1 21 0 1
157
29.25 0 0
1 22 0 1
158
30.75 0 0
1 23 0 1
159
32.24999999994102 0 0
1 24 0 1
160
33.75 0 0
1 25 0 1
161
35.25 0 0
1 26 0 1
162
36.75 0 0
1 27 0 1
163
38.25 0 0
1 28 0 1
164
39.75 0 0
1 29 0 1
165
41.25 0 0
1 30 0 1
166
42.75 0 0
1 31 0 1
167
44.25 0 0
1 32 0 1
168
45.75 0 0
1 33 0 1
169
47.25 0 0
1 34 0 1
170
48.75 0 0
1 35 0 1
171
50.25 0 0
1 36 0 1
172
51.75 0 0
1 37 0 1
173
53.25 0 0
1 38 0 1
174
54.75 0 0
1 39 0 1
175
56.25 0 0
1 40 0 1
176
57.75 0 0
1 41 0 1
177
59.25 0 0
1 42 0 1
178
60.75 0 0
1 43 0 1
179
62.25 0 0
1 44 0 1
180
63.75000000011796 0 0
1 45 0 1
181
65.25 0 0
1 46 0 1
182
66.75 0 0
1 47 0 1
183
68.25 0 0
1 48 0 1
184
69.75 0 0
1 49 0 1
185
71.25 0 0
1 50 0 1
186
72.75 0 0
1 51 0 1
187
74.25 0 0
1 52 0 1
188
75.75 0 0
1 53 0 1
189
77.25 0 0
1 54 0 1
190
78.75 0 0
1 55 0 1
191
80.25 0 0
1 56 0 1
192
81.75 0 0
1 57 0 1
193
83.25 0 0
1 58 0 1
194
84.75 0 0
1 59 0 1
195
86.25 0 0
1 60 0 1
196
87.75 0 0
1 61 0 1
197
89.25 0 0
1 62 0 1
198
90.75 0 0
1 63 0 1
199
92.25 0 0
1 64 0 1
200
93.75 0 0
1 65 0 1
201
95.25 0 0
1 66 0 1
202
96.75 0 0
1 67 0 1
203
98.25 0 0
1 68 0 1
204
99.75 0 0
1 69 0 1
205
101.25 0 0
1 70 0 1
206
102.75 0 0
1 71 0 1
207
104.25 0 0
1 72 0 1
208
105.75 0 0
1 73 0 1
209
107.25 0 0
1 74 0 1
210
108.75 0 0
1 75 0 1
211
110.25 0 0
1 76 0 1
212
111.75 0 0
1 77 0 1
213
113.25 0 0
1 78 0 1
214
114.75 0 0
1 79 0 1
215
116.25 0 0
1 80 0 1
216
117.75 0 0
1 81 0 1
217
119.25 0 0
1 82 0 1
218
120.75 0 0
1 83 0 1
219
122.25 0 0
1 84 0 1
220
123.75 0 0
1 85 0 1
221
125.25 0 0
1 86 0 1
222
126.75 0 0
1 87 0 1
223
128.2499999997641 0 0
1 88 0 1
224
129.75 0 0
1 89 0 1
225
131.25 0 0
1 90 0 1
226
132.75 0 0
1 91 0 1
227
134.25 0 0
1 92 0 1
228
135.75 0 0
1 93 0 1
229
137.25 0 0
1 94 0 1
230
138.75 0 0
1 95 0 1
231
140.25 0 0
1 96 0 1
232
141.75 0 0
1 97 0 3
233
234
235
143.594217804388 0 0
145.097486213181 0 0
147.1627205972797 0 0
1 129 0 3
236
237
238
-7.5 0 -7.124999999976596
-7.5 0 -14.24999999995511
-7.5 0 -21.37499999997738
1 130 0 3
239
240
241
150 0 -7.124999999976596
150 0 -14.24999999995511
150 0 -21.37499999997738
1 131 0 11
242
243
244
245
246
247
248
249
250
251
252
-16.63367098365038 0 0
-28.57741190838231 0 0
-44.19576906254896 0 0
-64.61927919616193 0 0
-91.32629372268542 0 0
-126.2500057831368 0 0
-171.9183579427467 0 0
-231.6370556009934 0 0
-309.7288516181873 0 0
-411.846392001883 0 0
-545.3814677065959 0 0
1 132 0 2
253
254
-720 0 -151.9999999995096
-720 0 -303.9999999995179
1 133 0 7
255
256
257
258
259
260
261
-522.1874999996114 0 -456
-324.3749999999112 0 -456
-126.5625000005218 0 -456
71.24999999846784 0 -456
269.0624999988343 0 -456
466.8749999992228 0 -456
664.6874999996116 0 -456
1 134 0 2
262
263
862.5 0 -304.0000000002258
862.5 0 -152.0000000001962
1 135 0 11
264
265
266
267
268
269
270
271
272
273
274
687.8814677069468 0 0
554.3463920032059 0 0
452.2288516195888 0 0
374.1370556018249 0 0
314.4183579432954 0 0
268.75000578349 0 0
233.8262937229044 0 0
207.1192791962908 0 0
186.695769062628 0 0
171.0774119084202 0 0
159.1336709836642 0 0
2 1 0 176
275
276
277
278
279
280
281
282
283
284
285
286
287
288
289
290
291
292
293
294
295
296
297
298
299
300
301
302
303
304
305
306
307
308
309
310
311
312
313
314
315
316
317
318
319
320
321
322
323
324
325
326
327
328
329
330
331
332
333
334
335
336
337
338
339
340
341
342
343
344
345
346
347
348
349
350
351
352
353
354
355
356
357
358
359
360
361
362
363
364
365
366
367
368
369
370
371
372
373
374
375
376
377
378
379
380
381
382
383
384
385
386
387
388
389
390
391
392
393
394
395
396
397
398
399
400
401
402
403
404
405
406
407
408
409
410
411
412
413
414
415
416
417
418
419
420
421
422
423
424
425
426
427
428
429
430
431
432
433
434
435
436
437
438
439
440
441
442
443
444
445
446
447
448
449
450
251.2881497531972 0 -26.68688743910376
-106.3609294079599 0 -26.20320194166729
196.019600151429 0 -14.91880709673941
-52.13583240729066 0 -14.34068530390941
-201.7777067718701 0 -45.63393118607998
344.9953088890472 0 -47.70467406140816
141.9134626627236 0 -34.29625820560771
102.1541666666667 0 -33.41512565006683
61.51333333333334 0 -33.72540389753274
0.6280000000000077 0 -32.37361895024823
-13.25664735421201 0 -24.32845542576516
154.8054524778653 0 -25.30091327161063
-357.6731716085419 0 -86.46443519524412
503.899014585833 0 -76.08821991393037
-28.89736377995156 0 -312.5085829115348
-21.57053784159851 0 -9.479617282163547
164.8074568627296 0 -9.02430295248668
-574.9388722300889 0 -235.5339474500989
746.1642620253838 0 -241.0927908638454
395.5650630873001 0 -312.6798424340876
167.514413978908 0 -321.9935290499985
259.5809302071124 0 -182.6335573430646
544.8958271356976 0 -302.7066474640843
-251.7676173336429 0 -321.8596842963478
-432.0175169144965 0 -316.6045136012535
178.8865904855241 0 -11.6268892396667
184.811861322792 0 -27.58717593381343
203.1467236171 0 -33.67910814231713
188.4831919935248 0 -47.59575566959376
155.0414498417164 0 -31.24422557830254
170.1263607335418 0 -20.68301680452399
171.9537256079229 0 -35.75076700827617
149.6550548310803 0 -34.49695284189555
145.5860650905507 0 -42.66985197571893
121.9305975549855 0 -33.88286001594968
111.7664308883189 0 -33.8767276694616
131.7966666666667 0 -33.4884973492702
157.894227747154 0 -39.40450357172875
151.2361728946809 0 -52.06146321550202
-35.10668882814608 0 -11.4693533174908
-40.68972273188781 0 -26.78155288947028
-59.23378887939471 0 -35.38448822510529
-38.21933232153001 0 -45.54997371862117
-12.73424534338002 0 -31.83899111866313
-20.65900257908965 0 -28.09617254851728
-21.79329577439735 0 -39.30248752578737
-9.789002236194989 0 -41.45496238283414
29.36347931082362 0 -34.15766105128579
20.01666666666666 0 -33.48874045441158
-75.64052905717551 0 -19.49696613480675
-84.55875736974757 0 -46.66617553740956
-118.0726040858843 0 -62.62782725871494
-77.73010920225536 0 -88.93189865132825
-133.2576581698199 0 -113.9499571262004
-84.20009580327741 0 -151.2660464013244
-25.70208779541521 0 -118.0643521235899
-18.94448423208677 0 -19.46349436362775
-147.5575996680693 0 -180.1325269178234
-201.1048608969859 0 -114.566510833706
-464.1522579002651 0 -78.12947761475829
608.5849347505984 0 -92.5943008572674
-148.0394198813278 0 -34.66035144211035
292.0989813598744 0 -35.81600917756337
256.9483034731459 0 -64.21995982166499
215.7280886488178 0 -59.83839516786641
184.26490491251 0 -80.58444789714171
-264.2899186635956 0 -59.84237417621813
413.7172007894154 0 -60.62828979927144
356.6985898781582 0 -105.7425680443648
156.1648952978558 0 -18.2037004418495
216.3106512905913 0 -17.15831855183342
162.2282093323745 0 -27.66838581025883
-13.47354098406544 0 -11.58846567209471
-27.67712342970948 0 -197.3513432943815
27.24270748990394 0 -155.6583489617845
22.64184325969005 0 -97.80176698588674
68.34346708158661 0 -117.2829162309424
81.54412057269317 0 -34.10695491190762
76.59942146787245 0 -79.77616647794042
109.5415299850279 0 -93.28006316295382
131.0186607961785 0 -150.1354835872724
136.774811829124 0 -55.41583339408418
146.8613837577397 0 -71.89441008385793
39.99556053898669 0 -63.8665700477427
45.26919618314898 0 -33.50879720144308
97.18037125619095 0 -66.03831807749481
-10.20829124045245 0 -81.09593450830079
77.53705883811315 0 -53.57640735439561
94.10738620145776 0 -50.01103431423098
91.9933333333333 0 -33.74708863626699
107.9091771185821 0 -50.34778888007941
118.9670647891635 0 -66.69585937039008
124.4512770989445 0 -47.40305886089907
-28.07210105164739 0 -21.51609699171646
156.4332285108649 0 -11.24115690683764
455.6340961469176 0 -220.912368016543
-324.0930863301784 0 -203.9736485956861
226.0356551273272 0 -90.84869464220344
198.8494178000881 0 -131.0806809602093
741.2723447238997 0 -107.9862829070428
166.7822678189221 0 -54.54855790768338
-577.4501215919033 0 -112.0059587843634
-4.85920792992916 0 -33.62280818342279
4.793600000000009 0 -32.26846093005288
3.176701203823012 0 -38.97083663535784
-1.287829639444986 0 -50.09850667911653
11.42167500022498 0 -52.10180578425118
-16.26655898280243 0 -55.76164785815989
-38.45159757841947 0 -75.2427671830285
4.868748446518937 0 -67.60867178453994
97.32749999999996 0 -32.64978836554495
98.11343761714855 0 -39.90981287849883
86.56757496870601 0 -40.66558931440225
77.03120126503504 0 -39.77095290913267
63.24716638710679 0 -48.45360362645296
71.79020021083916 0 -33.91796421609642
107.1598829367716 0 -38.71825565235168
116.7624807996575 0 -39.39572892363643
136.6140258658781 0 -32.85498384251211
134.8097870269622 0 -39.92432340152907
9.875050200637169 0 -33.29681255731127
40.54939167982278 0 -232.9304993494516
76.60510440971346 0 -32.95917440742734
51.2565326971915 0 -33.54748986852239
47.48790447240023 0 -40.68242073366228
39.82517709889385 0 -38.9928231454928
56.67490161532255 0 -39.19395821840843
50.8559807380909 0 -51.32310043745488
56.29295352916947 0 -32.69337039689271
40.46487465640857 0 -32.48020587963217
31.45007985415556 0 -41.70945950816397
86.61700577494651 0 -33.10392657251538
35.41393515338027 0 -34.05669159742911
24.68002919549805 0 -32.82757148049701
23.95319328891652 0 -38.63970350092584
15.2967486200163 0 -39.36481790192757
116.8839018485924 0 -32.83106332180954
-30.88801586771505 0 -33.23892259341444
23.76688472296609 0 -50.96867293690169
126.634116424083 0 -38.22889549786774
72.83236461003264 0 -315.3861559857379
114.705263028124 0 -231.8599810754309
192.6566263776875 0 -208.915182366481
59.46713849557176 0 -63.55869913756877
48.32651385426767 0 -81.8464146286009
-161.4237257712323 0 -74.06183919703021
78.56810012274988 0 -175.9604022217546
-59.63871707026942 0 -58.35506066309856
-82.97893653632948 0 -231.3572929957852
-141.5774306282316 0 -284.8608753741705
-12.13493451407285 0 -18.20108309228402
154.1071794503088 0 -105.395017138287
640.9584807169739 0 -204.3759943633191
672.8306983261223 0 -316.8350865382723
-435.3457973856933 0 -186.9556460741011
25.17020430377573 0 -69.03231702798718
-602.4056649460696 0 -355.6793629952347
39.09752447912265 0 -48.92612349620968
763.3681862652866 0 -361.9896967717955
106.9400960983514 0 -32.60202179437602
66.8707067088345 0 -33.11627647972505
67.80922405122635 0 -40.25065238596341
309.8888181965197 0 -76.2320889785438
-271.7723207900352 0 -134.4308267848773
15.18169309746402 0 -32.63007418273008
163.0571994433979 0 -16.88495877775515
156.0748712714517 0 -5.478091971860183
-13.33554996186287 0 -5.638616590846971
126.928276129147 0 -32.52005057261752
228.6843833565705 0 -40.31653382455714
352.1348016122486 0 -190.8872440701545
541.3839943500624 0 -162.5787663153579
439.3605663936931 0 -132.2007433206267
-222.9788192745239 0 -206.6373454671018
278.3595225389922 0 -120.4020482734668
275.7957067510648 0 -270.5198741472037
2 2 0 1185
451
452
453
454
455
456
457
458
459
460
461
462
463
464
465
466
467
468
469
470
471
472
473
474
475
476
477
478
479
480
481
482
483
484
485
486
487
488
489
490
491
492
493
494
495
496
497
498
499
500
501
502
503
504
505
506
507
508
509
510
511
512
513
514
515
516
517
518
519
520
521
522
523
524
525
526
527
528
529
530
531
532
533
534
535
536
537
538
539
540
541
542
543
544
545
546
547
548
549
550
551
552
553
554
555
556
557
558
559
560
561
562
563
564
565
566
567
568
569
570
571
572
573
574
575
576
577
578
579
580
581
582
583
584
585
586
587
588
589
590
591
592
593
594
595
596
597
598
599
600
601
602
603
604
605
606
607
608
609
610
611
612
613
614
615
616
617
618
619
620
621
622
623
624
625
626
627
628
629
630
631
632
633
634
635
636
637
638
639
640
641
642
643
644
645
646
647
648
649
650
651
652
653
654
655
656
657
658
659
660
661
662
663
664
665
666
667
668
669
670
671
672
673
674
675
676
677
678
679
680
681
682
683
684
685
686
687
688
689
690
691
692
693
694
695
696
697
698
699
700
701
702
703
704
705
706
707
708
709
710
711
712
713
714
715
716
717
718
719
720
721
722
723
724
725
726
727
728
729
730
731
732
733
734
735
736
737
738
739
740
741
742
743
744
745
746
747
748
749
750
751
752
753
754
755
756
757
758
759
760
761
762
763
764
765
766
767
768
769
770
771
772
773
774
775
776
777
778
779
780
781
782
783
784
785
786
787
788
789
790
791
792
793
794
795
796
797
798
799
800
801
802
803
804
805
806
807
808
809
810
811
812
813
814
815
816
817
818
819
820
821
822
823
824
825
826
827
828
829
830
831
832
833
834
835
836
837
838
839
840
841
842
843
844
845
846
847
848
849
850
851
852
853
854
855
856
857
858
859
860
861
862
863
864
865
866
867
868
869
870
871
872
873
874
875
876
877
878
879
880
881
882
883
884
885
886
887
888
889
890
891
892
893
894
895
896
897
898
899
900
901
902
903
904
905
906
907
908
909
910
911
912
913
914
915
916
917
918
919
920
921
922
923
924
925
926
927
928
929
930
931
932
933
934
935
936
937
938
939
940
941
942
943
944
945
946
947
948
949
950
951
952
953
954
955
956
957
958
959
960
961
962
963
964
965
966
967
968
969
970
971
972
973
974
975
976
977
978
979
980
981
982
983
984
985
986
987
988
989
990
991
992
993
994
995
996
997
998
999
1000
1001
1002
1003
1004
1005
1006
1007
1008
1009
1010
1011
1012
1013
1014
1015
1016
1017
1018
1019
1020
1021
1022
1023
1024
1025
1026
1027
1028
1029
1030
1031
1032
1033
1034
1035
1036
1037
1038
1039
1040
1041
1042
1043
1044
1045
1046
1047
1048
1049
1050
1051
1052
1053
1054
1055
1056
1057
1058
1059
1060
1061
1062
1063
1064
1065
1066
1067
1068
1069
1070
1071
1072
1073
1074
1075
1076
1077
1078
1079
1080
1081
1082
1083
1084
1085
1086
1087
1088
1089
1090
1091
1092
1093
1094
1095
1096
1097
1098
1099
1100
1101
1102
1103
1104
1105
1106
1107
1108
1109
1110
1111
1112
1113
1114
1115
1116
1117
1118
1119
1120
1121
1122
1123
1124
1125
1126
1127
1128
1129
1130
1131
1132
1133
1134
1135
1136
1137
1138
1139
1140
1141
1142
1143
1144
1145
1146
1147
1148
1149
1150
1151
1152
1153
1154
1155
1156
1157
1158
1159
1160
1161
1162
1163
1164
1165
1166
1167
1168
1169
1170
1171
1172
1173
1174
1175
1176
1177
1178
1179
1180
1181
1182
1183
1184
1185
1186
1187
1188
1189
1190
1191
1192
1193
1194
1195
1196
1197
1198
1199
1200
1201
1202
1203
1204
1205
1206
1207
1208
1209
1210
1211
1212
1213
1214
1215
1216
1217
1218
1219
1220
1221
1222
1223
1224
1225
1226
1227
1228
1229
1230
1231
1232
1233
1234
1235
1236
1237
1238
1239
1240
1241
1242
1243
1244
1245
1246
1247
1248
1249
1250
1251
1252
1253
1254
1255
1256
1257
1258
1259
1260
1261
1262
1263
1264
1265
1266
1267
1268
1269
1270
1271
1272
1273
1274
1275
1276
1277
1278
1279
1280
1281
1282
1283
1284
1285
1286
1287
1288
1289
1290
1291
1292
1293
1294
1295
1296
1297
1298
1299
1300
1301
1302
1303
1304
1305
1306
1307
1308
1309
1310
1311
1312
1313
1314
1315
1316
1317
1318
1319
1320
1321
1322
1323
1324
1325
1326
1327
1328
1329
1330
1331
1332
1333
1334
1335
1336
1337
1338
1339
1340
1341
1342
1343
1344
1345
1346
1347
1348
1349
1350
1351
1352
1353
1354
1355
1356
1357
1358
1359
1360
1361
1362
1363
1364
1365
1366
1367
1368
1369
1370
1371
1372
1373
1374
1375
1376
1377
1378
1379
1380
1381
1382
1383
1384
1385
1386
1387
1388
1389
1390
1391
1392
1393
1394
1395
1396
1397
1398
1399
1400
1401
1402
1403
1404
1405
1406
1407
1408
1409
1410
1411
1412
1413
1414
1415
1416
1417
1418
1419
1420
1421
1422
1423
1424
1425
1426
1427
1428
1429
1430
1431
1432
1433
1434
1435
1436
1437
1438
1439
1440
1441
1442
1443
1444
1445
1446
1447
1448
1449
1450
1451
1452
1453
1454
1455
1456
1457
1458
1459
1460
1461
1462
1463
1464
1465
1466
1467
1468
1469
1470
1471
1472
1473
1474
1475
1476
1477
1478
1479
1480
1481
1482
1483
1484
1485
1486
1487
1488
1489
1490
1491
1492
1493
1494
1495
1496
1497
1498
1499
1500
1501
1502
1503
1504
1505
1506
1507
1508
1509
1510
1511
1512
1513
1514
1515
1516
1517
1518
1519
1520
1521
1522
1523
1524
1525
1526
1527
1528
1529
1530
1531
1532
1533
1534
1535
1536
1537
1538
1539
1540
1541
1542
1543
1544
1545
1546
1547
1548
1549
1550
1551
1552
1553
1554
1555
1556
1557
1558
1559
1560
1561
1562
1563
1564
1565
1566
1567
1568
1569
1570
1571
1572
1573
1574
1575
1576
1577
1578
1579
1580
1581
1582
1583
1584
1585
1586
1587
1588
1589
1590
1591
1592
1593
1594
1595
1596
1597
1598
1599
1600
1601
1602
1603
1604
1605
1606
1607
1608
1609
1610
1611
1612
1613
1614
1615
1616
1617
1618
1619
1620
1621
1622
1623
1624
1625
1626
1627
1628
1629
1630
1631
1632
1633
1634
1635
127.0498098386247 0 -0.7693481387898939
123.375 0 -0.649519052838329
130.8521739021498 0 -0.714558621694967
134.4479946833377 0 -0.754899600307455
119.625 0 -0.649519052838329
138.3749999999999 0 -0.6890023121505304
115.875 0 -0.649519052838329
112.1349615282646 0 -0.6063467020199387
108.5234346071739 0 -0.5797936470193266
104.7563823184369 0 -0.7466350700495965
100.8749999999999 0 -0.6374340448015661
97.125 0 -0.649519052838329
93.375 0 -0.6413265763745566
89.63826141460278 0 -0.7415355678236577
85.86437225987184 0 -0.5344688608179918
82.10318384849754 0 -0.7055909103620603
78.27899404645044 0 -0.6820243978114251
74.62500000000003 0 -0.6396894034852161
70.88119452273199 0 -0.7234642532459974
67.14876218153066 0 -0.6915664374569042
63.38150474418993 0 -0.7240332195345404
59.6977679379368 0 -0.6135630011958766
55.76338995918594 0 -0.6254575001794483
52.10771074517758 0 -0.5137187657819056
48.375 0 -0.649519052838329
44.625 0 -0.649519052838329
40.91956405093927 0 -0.6583356940436642
37.04226556389485 0 -0.8046475342628814
33.33602108492308 0 -0.7509570517429476
29.63063840970326 0 -0.5364651262403027
25.87499999999999 0 -0.6422440951141013
22.125 0 -0.6362388498726923
18.375 0 -0.649519052838329
14.65059517617046 0 -0.6788494611510626
10.87615345894411 0 -0.7457641539324747
7.103329748011836 0 -0.8556458014342941
3.442805445009763 0 -0.7553495675592539
141.7177637416412 0 -0.7292491891403824
0.2740502714977943 0 -0.6578546238564945
91.5075517587551 0 -23.73551110909028
75.79781821673546 0 -24.44053420325138
21.13829904302944 0 -24.00950399400141
106.5317800253401 0 -24.30244237951793
60.89273338232914 0 -24.39495859629542
35.51165256624316 0 -25.03675937247053
132.2199999999999 0 -24.10059094877506
-1.546112187199155 0 -1.392285062327193
116.7666769668106 0 -23.9965905149521
51.35135271671215 0 -24.17274558384341
9.87050419031028 0 -24.56676889623958
125.4872488569866 0 -0.5564216428756743
61.80427122366323 0 -0.7994617668449351
128.6407047872183 0 -0.674289039506233
31.80957860494958 0 -0.6564662953595256
16.12500000001165 0 -0.6430003511950654
65.02998404512778 0 -0.6059452139731556
132.375 0 -0.649519052838329
121.7314987504058 0 -0.7416093924622676
136.1542860610625 0 -0.5695105391996855
117.9758886413294 0 -0.7496469967134622
114.215924560078 0 -0.7572592993173095
110.6140353912434 0 -0.618570524202207
106.8698404080232 0 -0.6211465309002739
9.337330769442508 0 -0.5720540706932014
12.39518696262212 0 -0.6981061483946207
19.91396548233229 0 -0.5192871700162524
23.625 0 -0.6628141904404034
27.37176911180848 0 -0.6421763694577366
34.93615767319541 0 -0.6475318904483083
38.63204283998837 0 -0.7248304797022946
42.33839210229824 0 -0.7133074227082108
46.18056892713271 0 -0.7200568733580811
49.89084171966706 0 -0.5449338075445448
53.62579647227705 0 -0.6236284495300473
57.37499999999999 0 -0.6645905582991617
68.625 0 -0.649519052838329
72.36508212426706 0 -0.7309726230830791
76.12283578303636 0 -0.6478161533205286
79.875 0 -0.649519052838329
83.67191950119418 0 -0.8136357129995895
87.40981460988955 0 -0.7043655341786308
91.1252926642411 0 -0.7382266139431843
94.91662358212179 0 -0.6689311343900585
98.7022308532201 0 -0.6149499140677503
102.3616607720025 0 -0.6247939406192575
5.681517886538693 0 -0.778502842823167
143.0093121445451 0 -0.9518796311094545
142.1726303783126 0 -2.127093324227729
-1.956191059540674 0 -10.78381707995001
144.1093985669177 0 -18.4873878869243
0.07614254106011598 0 -24.38034512259954
146.0910621130373 0 -1.464654311246356
-2.353526325027286 0 -16.72288619662763
2.467231450286047 0 -13.94103341894051
3.250451503097738 0 -9.194409983501789
6.17703320913367 0 -11.93512308440216
6.904445481321345 0 -8.635621363167944
9.126214980304512 0 -10.5234500425334
9.575841177630151 0 -7.689377097720839
11.6880244320181 0 -9.282910483512708
11.4574903400634 0 -12.15623610135785
13.88354520873492 0 -10.93727622597862
14.17178630846771 0 -8.359478793144863
16.12754010585071 0 -9.764522481204503
16.29382645133689 0 -7.297258129063647
18.19140146104968 0 -8.371349303176602
18.1655546533847 0 -10.92013506741359
20.18841890063 0 -9.706464741838289
20.27107414804224 0 -7.480733883836944
22.10408513327586 0 -8.526303722976492
22.21487035382134 0 -10.86720590704788
24.26934033478415 0 -9.244848694635662
24.3947304080668 0 -11.95773270874103
26.36841679668429 0 -10.55263197751508
26.3390176298272 0 -8.355330744242712
28.29446428056576 0 -9.259109704695598
28.77332381299635 0 -11.61168209568258
30.4336606677194 0 -10.1060289993625
29.93058069012281 0 -8.161559111980766
32.04350606272529 0 -8.839183408770491
32.52091985030211 0 -10.89076112933963
34.20849285577557 0 -9.477850884186292
34.68689207901102 0 -11.72668501576
36.3840367848462 0 -10.19072311311019
36.94923437684903 0 -12.54601256629632
38.86442768902359 0 -10.58939846937773
39.33308181245199 0 -13.41483992800481
41.21989224274476 0 -11.68612876724625
40.93165733894249 0 -9.307466796238248
43.02686044839898 0 -10.09039902808235
42.554390895157 0 -7.921534797918499
44.57450845899588 0 -8.596341963507406
45.13243443744373 0 -10.70431650209053
46.69233501697183 0 -9.163129522882855
47.28875664663108 0 -11.337480503649
48.9627142644735 0 -9.736840534399022
40.63625391026517 0 -6.94670437025722
49.53838089766673 0 -11.99810826504635
51.28093371978918 0 -10.33348117445887
52.13406270222426 0 -12.49794828931785
53.62904084077374 0 -10.85421936831147
52.98315678871473 0 -8.715895004646065
55.12134305647849 0 -9.243931956245627
55.87485564205954 0 -11.35748719905476
57.40338114227677 0 -9.396178633779231
58.15551828799303 0 -11.85444912733814
59.54885650875778 0 -10.14025550676011
60.49959738281948 0 -12.38967799995032
61.8640042525258 0 -10.33314051995103
62.92418016940814 0 -12.92646251254575
64.52474720495745 0 -11.00921675115782
63.74969663979934 0 -8.831184702925295
65.98379575886722 0 -9.268967328617993
66.88667090138715 0 -11.36311136511909
68.29820891064132 0 -9.434152602054326
69.19526279796665 0 -11.71258155723269
70.58484602654399 0 -9.888258749402265
41.80545582986164 0 -14.37905881782896
71.541052560148 0 -12.09502270566515
72.98546457964632 0 -9.898055230892979
73.95064601040978 0 -12.42481032978959
75.47344928908261 0 -10.49549588319848
76.41071898205145 0 -12.82514821201791
78.00574667027269 0 -10.87157675933397
78.86461283035383 0 -13.33843405542565
80.44540746246068 0 -11.18092377598039
79.62400332682526 0 -8.783770288612006
81.90097020623367 0 -9.283239851605405
82.78457394239838 0 -11.40609094574822
84.23685822802118 0 -9.205670600312942
85.13905635038503 0 -11.51882905506566
86.5369653063151 0 -9.619426050160957
87.46038197024548 0 -11.71171996928903
88.72652338095506 0 -9.838739919817803
89.86125162613249 0 -12.02941552577811
91.08475169127968 0 -9.724174382010482
92.26438033058227 0 -12.13842481144677
93.66969077562264 0 -9.808261972845587
94.67545749018691 0 -12.25550486448008
96.05824184573697 0 -10.29355312005722
97.10595538472994 0 -12.52009038084003
98.40140465017613 0 -10.47919125037627
97.49242423145679 0 -8.215215235956505
99.70235802575446 0 -8.578312190349651
100.6843259814223 0 -10.55947076403364
101.7942627900758 0 -8.672056141201148
102.9122608954847 0 -10.54844201920606
103.9832989494066 0 -8.365002139717241
105.1241265577105 0 -10.56250152526906
106.3161975624697 0 -8.339119853654989
107.3440083645978 0 -10.56679152141278
108.4713163175019 0 -8.701678976671957
109.5521607194005 0 -10.59654997391188
110.6473198324989 0 -8.773563926015502
111.7640789429399 0 -10.66080626580312
112.7850155945279 0 -8.798258604610965
113.9735855581381 0 -10.73780481075022
115.0284424480191 0 -8.496631551219552
116.2263572165855 0 -10.75116768059759
117.4159129358174 0 -8.475552852675925
118.4703647245748 0 -10.75071568565711
119.6148595386673 0 -8.868625122845371
120.7072985240972 0 -10.82244013625832
121.8204640241565 0 -8.945987392961881
122.9470886453891 0 -10.89741238326985
124.0571727813585 0 -8.777074610080978
125.2059281901992 0 -10.90613771999025
126.3249524168266 0 -8.985688699715642
127.4741543364557 0 -11.00848368249084
128.6618683869627 0 -8.990435982201149
124.0431762841536 0 -12.97153624627837
74.77629409037232 0 -8.394185547388659
92.48259090474949 0 -8.053875719238645
58.93993117372654 0 -7.964204451513314
69.76243294934922 0 -7.792718538686812
87.84796693318233 0 -7.912739913920264
48.12021298521879 0 -7.608962745962593
70.04039341980192 0 -14.07342812964527
82.96602788384904 0 -7.511770105950442
65.31499109172174 0 -7.162022316122194
54.51310435629181 0 -7.151017506491668
33.65355422681332 0 -7.164337904051921
120.7469734538249 0 -7.301168798201302
125.4448622570157 0 -7.101673840098776
109.5987099530029 0 -6.899857043314876
101.7672177680532 0 -12.32739608723857
116.2478826595164 0 -6.992078982886449
83.82150099225706 0 -13.64462847045944
56.48235597520848 0 -14.15440839849355
105.1815344526136 0 -6.864760503122184
22.20939438509816 0 -13.42734985233587
24.66127394890456 0 -14.70501892926113
32.79818259792087 0 -13.26930683602646
129.9242020179385 0 -11.1080276255619
131.036013152155 0 -8.989634548935307
100.7480208579914 0 -6.657163889101001
44.09443979411211 0 -6.511204071246438
112.6612979306292 0 -12.64505321895148
21.96198451512918 0 -6.454804574358853
129.857928870552 0 -6.984563307379247
131.9965720663789 0 -6.965878179773213
117.3560566104081 0 -12.44558084240474
106.2849659695648 0 -12.66884355308255
133.3488284493174 0 -8.849196035657446
134.2351915872294 0 -6.445437550246994
88.52315936926021 0 -14.34823360913357
14.55294657629093 0 -6.170558323214363
13.82756357308854 0 -13.83224108723752
20.42591426232782 0 -5.547924608951381
16.18168422112593 0 -5.267751577079497
128.6156789892928 0 -13.37937782016678
131.432029278453 0 -13.49545269120807
47.68125294389571 0 -13.88635651364282
22.03728662525233 0 -4.472732464050471
135.7669173726276 0 -8.745309305844177
136.7237897257212 0 -6.458873130017167
130.8210632536662 0 -5.315595478718202
95.67432640652203 0 -14.71941760160546
129.1464819155886 0 -5.2302387098326
7.73358400446428 0 -6.120581767760672
9.649002777604183 0 -5.357949810580463
63.32314074271338 0 -6.874516594210243
64.49595126986162 0 -5.478692324849821
62.9073984607448 0 -5.146971002896087
52.61540191323115 0 -6.72306088754768
53.84118723195132 0 -5.421004828281726
52.3118267231081 0 -4.983300264390604
63.9837965132393 0 -4.002133012259964
65.40998365941094 0 -4.24638086126606
62.55096178732754 0 -3.725034494136267
61.53490378876995 0 -4.744524928132231
14.84704158568327 0 -4.353918208657296
138.3798291438061 0 -8.664830706827907
137.1068962020631 0 -11.21484316882116
74.96721691964058 0 -14.49735350574083
61.20177756069644 0 -3.393052538850077
60.21646374359941 0 -4.317132656257343
53.44541805731234 0 -3.948649307588987
54.82768901353737 0 -4.255781886361704
52.04934650072295 0 -3.561995652182786
50.98504459312547 0 -4.498576766303017
20.55770592326787 0 -3.855717604433299
61.19075113671781 0 -14.98368114892554
63.98830631876075 0 -15.59192891354132
129.9463561718853 0 -3.909815030072564
128.540131636841 0 -3.852134798210527
131.4433224019047 0 -3.848871130934862
11.14471565510917 0 -15.11854893719576
13.75325104005083 0 -16.93987046026176
16.27693405615386 0 -3.690866105224023
37.33438017991107 0 -15.19292363256518
23.42403136511003 0 -5.423215481581431
23.44092685014805 0 -3.845287043570254
24.69859647518367 0 -4.555226285733267
135.5723551767008 0 -4.614838250854935
137.5138018131053 0 -4.424810907248322
24.56109763782316 0 -3.149173220624359
25.88968010565248 0 -3.562875060762817
8.193457829575383 0 -4.130264078129787
6.498023022424237 0 -4.384149833399139
50.74425397526483 0 -3.155963116893536
49.72639254555057 0 -3.997140018042764
9.894555123369651 0 -3.608274975422582
59.91256294636224 0 -3.04534324859163
58.95512200123789 0 -3.923064880793481
54.45303894727608 0 -2.978164879117337
55.66991725067905 0 -3.22890769774155
56.45253845248737 0 -4.370885340055332
58.75364484474509 0 -2.67055441462797
129.9282341799457 0 -16.11520655352171
133.1915900527246 0 -16.29113625364577
22.21770131515207 0 -16.29562283479922
24.95906005841357 0 -17.75943591184781
11.32506444548859 0 -4.401810501946606
49.56954246031916 0 -2.560836554921781
48.5158547775483 0 -3.532463998228868
11.25345257218045 0 -2.916542299570438
64.92093976379024 0 -2.895209469211222
66.27063112845258 0 -3.185678504930132
66.77421878421818 0 -4.416348090185685
67.5941240454119 0 -3.360423590619169
68.10296523596541 0 -4.559970104074784
68.91337719001406 0 -3.505426819897623
69.45775057792068 0 -4.709018821304973
70.29531113427144 0 -3.651669502290202
70.82871281964688 0 -4.909855916776464
71.68402031064977 0 -3.806968841902156
72.22370977021097 0 -5.08863749768043
73.06949386390195 0 -3.951576175971627
69.64325116507662 0 -2.376895234985218
17.57450561346798 0 -4.354437375015197
17.49974656292764 0 -2.98037769205936
73.63857422513991 0 -5.263846148537362
74.47530050344092 0 -4.117721082679568
75.07704525906692 0 -5.426213368851875
75.95144717589797 0 -4.057153033369256
76.54645605680706 0 -5.565745514716696
77.38924442402937 0 -4.357043831111217
76.94704038603776 0 -3.092995574997588
78.21306893894725 0 -3.271052639183508
78.77800366954457 0 -4.470716549439963
79.53757997295907 0 -3.368649074090733
80.12376053537274 0 -4.556054399070797
80.85529998813799 0 -3.421171693095352
81.47005410091431 0 -4.633183074099485
82.23365554582119 0 -3.507327462845825
73.90833501197764 0 -2.901421146787083
82.83463607994625 0 -4.701387835505862
83.60496500712635 0 -3.577022419935382
84.20691540019101 0 -4.792359609861114
84.99924063272802 0 -3.463495609553151
85.5926424867105 0 -4.840541617993036
86.36002476092929 0 -3.682506949113293
15.07269962554963 0 -2.860283056512864
0.530572707234144 0 -6.505690947371599
86.98236200729485 0 -4.940076754882597
87.74442414414713 0 -3.759618688299538
88.38426579818162 0 -5.024906221558115
89.19643935674345 0 -3.672218944631215
89.80710009776493 0 -5.080760164518367
90.58679437656399 0 -3.895353968903958
88.5067096266709 0 -2.641662969421912
91.2309058039728 0 -5.183937898600959
92.05718999131099 0 -3.798046653716465
92.67602198764584 0 -5.242514145264972
93.46849550716877 0 -4.040471436668167
94.14421826484897 0 -5.331431221360005
94.87034148945929 0 -4.10260476845049
94.20880374102242 0 -2.946916824922062
95.51566045611528 0 -2.770213251928701
96.21187596695439 0 -4.087902989574957
96.81692548433081 0 -2.958734543427402
97.49330339911953 0 -4.084949513067873
98.13133641304208 0 -2.95683805656931
98.78172834953871 0 -4.077647502494136
99.43775612994332 0 -2.975273834824197
100.0689740233392 0 -4.07153473506273
100.6783009752457 0 -2.970758959772919
101.343952180694 0 -4.061813633758189
101.9771438564309 0 -2.926495215921765
102.6255030418467 0 -4.044818885234023
103.2785950989073 0 -2.945058631461974
103.9074844368511 0 -4.037425619615139
104.5143068726035 0 -2.940308681328148
105.1773656727524 0 -4.015532648120919
105.9104504315167 0 -2.787828479787913
106.4710748812845 0 -3.989902865489683
107.1852173633904 0 -2.914728920572157
107.7326653848152 0 -3.986856488612205
108.3491044727212 0 -2.906968296853099
108.9986045632142 0 -3.98890249105174
109.7227590671739 0 -2.775347967809307
110.2798263097782 0 -3.959231781093771
111.0106930990707 0 -2.908839921160718
111.5574773335995 0 -3.968422249876106
112.1831861212044 0 -2.864149406807293
112.8095314925316 0 -3.954401059311526
113.407539549626 0 -2.86645441503452
114.0648423122567 0 -3.944295995581222
114.6947166275888 0 -2.64818711402721
115.3300457789112 0 -3.898431025941467
115.9568025161684 0 -2.811982809188586
116.5906509565357 0 -3.900186790722642
117.1893594960287 0 -2.828569475273182
117.8463098376369 0 -3.904401004899438
118.4702378764736 0 -2.620729929950375
119.1071341744612 0 -3.862305636851622
119.7263078042984 0 -2.782196194083804
120.3635522150901 0 -3.873992568489713
120.9589870829813 0 -2.798941713671937
121.614277904899 0 -3.870614784518643
122.2334539075792 0 -2.593909354326147
122.8700520460708 0 -3.827938235064619
123.4873031659666 0 -2.750536163883085
124.1228055492924 0 -3.839229090143714
124.7179075110811 0 -2.766166567926898
125.373803076285 0 -3.840000961032988
125.8645775566295 0 -2.702341755997491
118.5700891641822 0 -5.339404546111436
112.0709202239277 0 -5.439175164816511
127.5412548509188 0 -4.819115873633943
91.34278442700523 0 -2.661740435227003
129.1718672497216 0 -2.518524249831035
123.2425837331652 0 -5.279754034327659
98.15117805964969 0 -5.25463241211663
80.72701296630396 0 -5.869222807741026
26.00611127807741 0 -5.138694409023456
27.14327737352359 0 -4.276966477454186
27.14976793449571 0 -2.992072467858336
28.25631839295702 0 -3.470389838106168
28.49991007757166 0 -4.854695261193374
29.49279111019275 0 -3.931535568539925
84.26055250678424 0 -2.464517250228452
29.29173987226243 0 -2.489712529046496
30.46227037188613 0 -3.052142437660263
30.74583567184078 0 -4.355586590899586
31.7527476916018 0 -3.437781889670346
32.04648312122399 0 -4.725133428523067
33.0070358436352 0 -3.785360025408277
32.6598989796809 0 -2.424013605859727
33.91596312979918 0 -2.864430262290175
34.26964040715319 0 -4.114064951962107
35.18857677259528 0 -3.162818875236711
35.5587502178177 0 -4.397161228967613
36.49199133309212 0 -3.442889924798499
36.87278305545558 0 -4.727693643846418
37.83255180281041 0 -3.734289069542435
38.21462671742272 0 -5.035656219758429
39.14632438169631 0 -3.998909965690422
36.92326181981014 0 -6.44571822739426
38.7653390249155 0 -2.588414226474801
39.99902577771375 0 -3.005280073644004
40.45704876951577 0 -4.213199610503666
41.30487833591881 0 -3.225852289007347
41.75869107279748 0 -4.450309831359169
42.55456418706982 0 -3.417413219385508
36.10053300105216 0 -2.198201473341571
107.0872874846524 0 -5.240121805008454
23.57473764324719 0 -2.393732891025161
60.8260465568695 0 -2.134905103227756
98.46982574029285 0 -15.06862272726842
96.66692405016454 0 -17.68979224284211
100.060533173749 0 -17.87386011576844
93.36460639567416 0 -16.97278842966907
98.12461473883913 0 -20.49400599792093
27.59408074317681 0 -15.86465395042198
27.93134540568717 0 -19.22607762903617
103.2822900455 0 -5.264206522057947
90.42888502094979 0 -6.482888919215705
65.80597520412701 0 -2.048061565585329
13.80413950721043 0 -3.343364779444754
81.61320952128389 0 -2.307517855615667
48.30682311831585 0 -2.351214658735039
47.35291804854864 0 -3.109425245530736
47.56553921121358 0 -4.3763503689903
46.38802118976061 0 -3.835991223962036
46.61883935170007 0 -5.114462553898377
46.25343144200917 0 -2.491172379883776
45.10233441736217 0 -3.253329550494767
8.601348382134628 0 -2.54645946828133
136.3966796198796 0 -2.835950633820965
134.7752810029421 0 -3.091104387707396
16.80899189838106 0 -15.38871757957147
67.38036045632532 0 -5.864543897905554
114.7090444776861 0 -5.082933065874664
39.82253924089183 0 -1.930293872373808
16.57805367594043 0 -18.74976703235625
49.90482758729824 0 -5.344266302426494
77.68593900351445 0 -2.096294917683217
138.1476744943077 0 -2.588904543003975
139.8 0 -0.5247900731419615
139.4133389475593 0 -3.979891111853898
62.00377604989116 0 -17.84184503694879
65.13007032388306 0 -18.56455085964517
51.79326136767421 0 -2.218628422762138
96.38571483257904 0 -2.097805017478236
133.8524201754173 0 -4.331788058695112
24.65195150335993 0 -1.973102905969087
140.4604928356933 0 -11.26330754379314
141.6750819920478 0 -7.983790222083068
60.49081021670123 0 -5.687874864893956
72.76148421957068 0 -6.470277384460671
128.0134586736362 0 -2.627630021573446
45.29631938834373 0 -2.226989161855293
42.09942058853012 0 -2.257789419495023
43.22174178312702 0 -2.44628717075906
10.10609676434141 0 -2.248167722627372
100.0290712034486 0 -2.035084195025671
7.055906092996406 0 -15.95541390812936
30.7126052853454 0 -17.29013039589818
58.73692059691309 0 -16.92500298268094
12.66241987905565 0 -7.105080987867432
13.98771661721135 0 -2.020363684782962
126.3929723004253 0 -15.54228234791677
128.0574836424338 0 -18.86709110088028
124.5370928293272 0 -18.67218572726014
55.33414802503434 0 -2.046107750219468
56.42455898225834 0 -2.270656413446517
50.67608093696018 0 -1.888444477994078
126.1016694815596 0 -21.87307776195503
103.8481932649085 0 -1.992741964056977
104.9970084569934 0 -1.791392093828144
76.50506296995519 0 -1.989865139931349
101.1940892570416 0 -1.999563512681034
101.6872372258659 0 -20.82448195682211
103.8007623796786 0 -17.84951719547203
97.34624672971832 0 -1.933182827116244
105.9726233323195 0 -1.759523457517716
10.56561725348022 0 -18.30669786724216
107.8074615585406 0 -2.055827130593
108.9191536812399 0 -1.980972847155441
30.90127913583094 0 -20.74063911726399
33.77602575196856 0 -18.51336113579858
34.84684392365642 0 -2.097710589387849
75.09440338718946 0 -2.981934184179575
98.90135837711532 0 -2.111642505395564
102.723495460451 0 -1.939414560139272
30.38980785639192 0 -1.839680811892392
7.52336978180633 0 -20.47533761036248
109.994989345961 0 -1.773237422129526
116.6248479552874 0 -1.895414525915288
115.571776832402 0 -1.658201027345625
112.8484115882852 0 -1.922347609693916
111.7267326482787 0 -1.928177236780341
120.3917399022016 0 -1.872859769138519
3.360796149174176 0 -5.882107052942619
0.9729275489544416 0 -3.711493912186406
1.949999999999826 0 -0.5398567453485039
3.639571486320803 0 -3.518164099211934
-1.511122349424357 0 -3.684297697202978
18.86267061780386 0 -6.465225455659914
43.38521259112562 0 -4.675728876143345
130.5571729814779 0 -2.473015337491992
131.9268593830074 0 -2.489673533872172
129.8313874039163 0 -1.591840377838853
21.71649872206581 0 -2.98458994864815
20.56545140340849 0 -2.326634170944363
19.48972877429259 0 -3.066706703774767
122.5765662817902 0 -21.72284412026432
120.6596987174605 0 -18.32032107879388
122.7872605314192 0 -7.125967269229346
84.81875112776019 0 -6.088154468759143
124.149312137863 0 -1.847583011177077
24.95769187445741 0 -21.33810789719659
113.9130604549578 0 -1.8161223743402
54.19686684223323 0 -1.864043527710842
119.3797000968974 0 -1.587211100900108
83.0111577877029 0 -2.375752520222992
90.07038512680535 0 -2.666904944792982
93.06813151892976 0 -2.887887400624971
92.19665513020294 0 -1.786246427050683
77.15680870772356 0 -1.295660084781055
21.64695313795853 0 -1.891896132624111
95.40669805715551 0 -8.237544393579419
7.129689827402411 0 -2.890202592389117
57.7654093842812 0 -3.540411194852489
57.93635783171571 0 -4.871277471999676
57.01130100572388 0 -6.063462313177895
25.52587373908924 0 -2.382818787722872
26.31397918864814 0 -1.758941456959243
35.6848164273313 0 -8.082389162757174
37.67896215793109 0 -8.370531933678054
77.03045351336107 0 -8.481545631834964
78.53269890849779 0 -7.095217445641843
16.26626073209484 0 -2.20539606177324
17.46344560825726 0 -1.713021071366618
117.6491193823091 0 -1.742788550079445
63.5528555222896 0 -2.563141545916303
64.38575755842402 0 -1.818931636012507
62.19182650762785 0 -2.385429464446066
37.42615558534841 0 -2.382956282857091
123.1342316945895 0 -1.573078374052076
30.95294362912143 0 -5.72839380004523
96.330048231078 0 -6.679272542388818
74.54443260279771 0 -2.061028613800159
73.54444862542051 0 -1.759049295026959
50.76077333063397 0 -8.098325917343812
121.4118003085054 0 -1.725617455470692
61.89272287083154 0 -8.041783626487524
93.73994542306261 0 -1.943574570313011
94.69283022258622 0 -2.075050669565493
59.62399247075298 0 -1.974200681093721
58.57967337617485 0 -1.522936602033507
139.6501928764966 0 -2.385677813975529
72.58776827802116 0 -2.584027312651736
71.15788321000834 0 -2.489210528631319
40.89170032849073 0 -2.187656880751404
45.98026268210297 0 -7.380090988474174
125.2521664314158 0 -1.870930269389759
126.3577082410016 0 -1.644515220413229
89.32956848761678 0 -1.793626733253026
19.41826755038961 0 -1.827267306680181
53.11482624335612 0 -2.500104966193641
87.14448729128071 0 -2.467561053790007
85.85122139381889 0 -2.486117133227988
85.12584496771859 0 -1.578861105176827
80.24809310159306 0 -2.19006272423866
80.97688377047947 0 -1.387112739315843
78.92648511458663 0 -2.314871724936788
120.908523272745 0 -5.003829616094034
68.30217021402757 0 -2.391620294318273
67.0609122802005 0 -2.306024079086278
31.37422821567103 0 -2.250319040893171
118.9415694739849 0 -7.099041220122363
48.88842902949504 0 -1.503544064969377
15.05032459300966 0 -1.556571878095101
20.9367576176017 0 -1.341036142217818
33.7344012897583 0 -1.654370294419663
127.3260006956135 0 -7.494237269272176
143.9503191742084 0 -2.253708994257726
142.7388744432323 0 -3.850338181109976
145.9237836494769 0 -4.050650717982325
137.1767264841882 0 -1.648882111166903
90.75175598544605 0 -1.760817887291028
135.4164034963075 0 -1.862463577601118
134.2076747289193 0 -1.817889212695422
133.4018132087938 0 -2.90755881845751
139.2421663516434 0 -15.1554281574301
87.84299535937025 0 -1.701183624289935
86.52840346963217 0 -1.666821293718308
111.7722968004341 0 -24.3313163588868
113.7997614348013 0 -20.3609088222934
109.4774244944591 0 -20.46698778207326
111.772447891957 0 -17.01809262331643
107.6656878647727 0 -17.16938742165332
114.9446916481173 0 -17.44094754772519
56.26065054199745 0 -24.24530410666976
53.54821687416268 0 -20.44998236090363
49.56085133494612 0 -20.22841505780175
51.75684524082556 0 -16.91678258168884
47.02879600024506 0 -23.17074347258339
45.67576785261471 0 -19.30173278545397
41.73237340618103 0 -23.62363027044313
40.52944508635875 0 -19.6056047624058
15.21531660573172 0 -23.38043629005447
34.63591383831707 0 -5.529255118078648
23.59106112252466 0 -7.171217507135187
111.55046245898 0 -7.167521750361414
113.5481991832354 0 -6.749974186609339
42.22426879144597 0 -5.986582615660155
44.64421523241126 0 -5.080950295698564
71.94049274560243 0 -1.702296206011254
43.83655081753552 0 -3.373858710650126
52.61585198827409 0 -1.649121385154526
11.25357656425825 0 -1.722647814459118
12.19873285656028 0 -2.245985280966642
109.316512375184 0 -1.060212236976592
13.23246204617941 0 -4.923253442693927
70.50870795972543 0 -1.65077015456932
69.56635531348451 0 -1.37713943917952
113.344912018828 0 -1.076456271892297
57.62600913726408 0 -2.219657094299878
117.1067461105191 0 -1.058205208791456
19.11724602548822 0 -4.571975736282262
38.29225703993016 0 -1.706790439328301
63.03902846491956 0 -1.698245668328594
107.7087540286513 0 -6.889771340167409
142.1229389242594 0 -24.15402698753097
28.11414961601776 0 -2.310918804705095
28.6348469227994 0 -1.478031543809126
120.8663032565829 0 -1.046523919580794
67.40129402886924 0 -15.83296221235678
68.67661059510864 0 -19.1705480279448
66.56696674156005 0 -21.42840009919457
69.82721312927917 0 -22.417102418897
72.13945748254878 0 -19.75340377176972
27.902723167213 0 -7.468295172091108
126.5349671469136 0 -3.719272960027006
125.7952771788445 0 -5.233862975865697
86.77978745408554 0 -24.13625481996416
88.57713755560124 0 -20.25047438469465
84.67590412400425 0 -20.33708564159279
82.37368877123227 0 -24.00867403925947
81.03037500132758 0 -19.98721321180061
2.426602867014151 0 -19.594972157549
54.97561538805961 0 -1.147107187018414
67.16193736432434 0 -7.653928907938731
18.45134419566147 0 -2.263663824218609
103.4105423087664 0 -1.250886104067552
124.7473135835162 0 -1.057227528253533
83.05951404134929 0 -16.93269796678446
86.60149098135668 0 -17.11943670802193
79.81632765934137 0 -16.34094859115112
77.84223363354016 0 -18.74735623736811
128.5085636184933 0 -1.757056766729868
127.4473811794752 0 -1.644609542666015
110.2696733301746 0 -14.3996961024029
31.08399019038987 0 -1.262122540021839
32.8076555244384 0 -1.433677707036978
67.83489087276401 0 -1.413448630308127
109.7954595598499 0 -5.201885284274864
105.6158427593149 0 -1.09255377502524
102.6271813200295 0 -6.858274834473063
144.3242883712624 0 -10.99860149890249
48.21851134019301 0 -5.787789969369048
55.2534094497038 0 -17.20958514606512
38.75770129692016 0 -6.681272685431198
47.31566496951831 0 -1.997544203362578
56.17423571459918 0 -7.487910974583103
82.36910309098523 0 -1.659764321333548
137.1391768579682 0 -24.29296920400721
134.9948549444683 0 -20.22453864372597
51.32119063869393 0 -1.330834900952998
41.5999300396383 0 -1.334886701588893
98.96782440022196 0 -6.877860187764351
71.69651105630193 0 -8.157096819790565
89.99503517739089 0 -17.08785375503122
7.602626026329235 0 -1.826520225614662
6.383677124713324 0 -1.632431106686661
5.806907058889081 0 -2.84444805318928
131.1130434128988 0 -1.705047222685534
5.59214763293589 0 -6.390311446277917
96.03493649319155 0 -24.45569802999967
60.35882592546338 0 -1.215555783799386
85.87219898957034 0 -7.666576163646006
35.45055323137422 0 -1.350430057032902
36.89358051896706 0 -1.64378587710145
48.30018437371255 0 -16.76295732589286
45.02516214493755 0 -15.20737062086762
99.44995933685382 0 -1.158948031581778
7.911650698887607 0 -0.8236715005464995
117.309506492295 0 -19.58903368326676
61.66929500306883 0 -1.630821270784991
57.09237681695645 0 -20.25224677335539
75.64172876498986 0 -6.875110706473837
132.9070197793406 0 -1.815066983706689
133.5680774922164 0 -1.090439161204583
45.79319587713634 0 -1.471769359697181
42.82543320720973 0 -1.540643732427674
43.84986134198712 0 -1.395461456988449
43.2055813786899 0 -0.7890900948731858
-3.316372877489519 0 -1.807476009483892
-5.448348341962971 0 -2.376566683843023
83.71582491095577 0 -1.658771600969436
66.55768221641995 0 -1.436911888756641
65.71834793801361 0 -1.104463010283432
69.76635347690316 0 -5.986451736176596
53.83600069637064 0 -14.70852221621775
58.34601638098346 0 -6.346883345224033
94.05956326459585 0 -21.04556201277903
100.7182993100551 0 -5.021041271303988
95.55328057809507 0 -5.341433047815245
139.1166493258386 0 -6.153971207250039
32.26890905151367 0 -5.974515398951679
5.049436563365146 0 -24.33623729779176
19.87627098287639 0 -14.70057165978729
129.375 0 -0.649519052838329
127.8994099039293 0 -0.8075505812820019
126.2343489112782 0 -0.7144488086486536
32.58727920492677 0 -0.6752316532549671
64.25586060440028 0 -0.8402978256220661
15.37500000001474 0 -0.6495190528298309
130.1347602176777 0 -0.7065307423632934
131.5983695525081 0 -0.7587412843095267
132.0911985582686 0 -1.442482083431582
122.6234550741659 0 -0.7245801882528539
135.4343020780028 0 -0.8578409689618093
118.8717647897044 0 -0.7284792970739538
115.11045023208 0 -0.7404462016512754
111.374832819918 0 -0.6291070889249656
107.695036615457 0 -0.6436235926452176
11.62915283097075 0 -0.7615010067689143
13.13701604917983 0 -0.6629609688339468
13.88126853755838 0 -0.6451678207359517
17.65041019145919 0 -0.6930251353540613
19.25386577776905 0 -0.8140461963846641
21.36445960293361 0 -0.6368048262669393
22.875 0 -0.6645930474052344
23.19321411072443 0 -1.415365120069723
24.375 0 -0.639990684037417
26.62307685226695 0 -0.6261550009864213
28.14693600576797 0 -0.6924932106678068
28.875 0 -0.6495190528383289
30.37555601348406 0 -0.7264812955566574
34.12499999999999 0 -0.6495190528383289
36.35843955260411 0 -0.5969206642649205
37.87945832242983 0 -0.6923687312686061
39.37499999999999 0 -0.6495190528383289
45.38675771479394 0 -0.685584246123093
46.92273102256148 0 -0.6697474539642674
47.63984437207921 0 -0.6580241826334874
48 0 -1.384544138436721
49.12499999999999 0 -0.6495190528383289
50.63172900099536 0 -0.7406269491298296
52.7697018473738 0 -0.7684121967037917
56.59597099269186 0 -0.6833098871109525
56.98155091527332 0 -1.441438533288555
58.13827889602912 0 -0.6901754708828007
61.05096757000958 0 -0.6478381029826898
62.62908365095969 0 -0.6790716556150818
66.29996538932735 0 -0.6208415270374148
67.87173061085893 0 -0.5509068241206719
70.09687629932364 0 -0.7332866592374336
71.6144615654336 0 -0.7487153946214691
73.13075512494792 0 -0.7540070662931551
75.37499999999999 0 -0.6495190528383289
75.74999999999979 0 -1.384498631992447
79.04637061949273 0 -0.7157857408457274
79.45336308436312 0 -1.450037720082263
80.625 0 -0.6495190528383289
82.875 0 -0.6495190528383289
84.3797467074764 0 -0.6285543560795589
86.59427540841375 0 -0.7607365576936191
88.16409124650093 0 -0.7455880174755182
88.9147764430777 0 -0.7832017020164026
90.37755167738165 0 -0.7661881061783552
91.86615796574075 0 -0.7572492974206028
92.6146355159906 0 -0.7570064917762683
94.12995518834782 0 -0.6311535825954098
95.60827301497052 0 -0.5584233868852312
96.33103864861404 0 -0.6612301572271402
97.88787180887 0 -0.651486794272182
100.0749932228089 0 -0.60121557613221
101.6227767953337 0 -0.6449153373103372
101.9740913960214 0 -1.398272869087291
16.91480929995452 0 -0.7391933395347099
85.12357964188146 0 -0.7464892317802319
81.375 0 -0.649519052838329
73.87717807468974 0 -0.6729639507159371
58.89472859644533 0 -0.6723178466306623
40.1324273418232 0 -0.6474899270900584
55.42916788756095 0 -5.72541182201928
25.125 0 -0.649519052838329
25.49882920444246 0 -1.401433363441097
144.3484794898719 0 -0.9340485873227075
65.46297113302286 0 -13.31323885805828
43.53570107386681 0 -12.3299158311925
39.68809659350642 0 -5.381626099779532
72.71370937965182 0 -1.506070500613237
81.3118127446441 0 -7.52182684050033
94.77370475808682 0 -6.684691060371237
122.8901231383252 0 -15.54321140455217
120.4701732428976 0 -14.94522047065203
131.5276295228168 0 -19.07683251426109
89.58198418165348 0 -8.09017364734782
139.0233972263201 0 -19.94101398161377
30.07917733376266 0 -14.20356087479641
10.125 0 -0.6495190528383289
136.8295738084271 0 -0.7360710489211144
16.08123783640236 0 -12.49209787474593
24.79998411230308 0 -6.019632620104244
62.88341969534489 0 -21.14688533490544
93.31480080487235 0 -6.639638787078321
105.4701663052756 0 -20.56837322397586
105.3544280731314 0 -15.2930081064467
26.59737581513755 0 -13.06390921830315
137.625 0 -0.649519052838329
132.5150322779555 0 -5.134566855406108
78.41525027188624 0 -1.536932452352258
19.44914336100915 0 -17.59868146838701
54.41353178233315 0 -0.572968706965825
51.04897759235971 0 -6.093421153544755
91.1054542089545 0 -14.56949308176729
30.605 0 -25.01405347505307
12.50973338415077 0 -3.398302577459795
141.2052609799109 0 -5.204460730245835
99.44611883831264 0 -12.63082119872325
27.51025059598789 0 -5.835755188285817
98.25000000000058 0 -1.3986676708
56.07941822502513 0 -1.456338565970433
61.84946362645479 0 -6.274845553907216
48.78622509236074 0 -4.607602131411495
81.46532282136009 0 -13.80728730092488
101.8412483680593 0 -14.78513717831057
16.499999999999 0 -1.386113479292514
69.375 0 -0.6483461084297657
59.24619161621248 0 -5.166338925295937
13.4083304475651 0 -19.73835578492622
20.19565718156378 0 -12.14098494352326
118.4693421573428 0 -1.485771174943469
68.67384059677771 0 -1.490591105002073
122.2268879470492 0 -1.471758952912807
33.32549270671821 0 -5.142789500323908
77.95686803924987 0 -5.682624767067137
101.7299999999999 0 -25.08239316285431
29.81154514480054 0 -5.104178566196512
12.06955419802883 0 -1.383070222290618
87.60500513684673 0 -6.267768408622068
8.992272055521434 0 -13.13775441472371
27.75220651042433 0 -1.384150048042776
114.7011857414213 0 -1.524043203336324
116.0864896205021 0 -5.386157858699562
117.3256124046594 0 -4.978052328659171
104.560656066502 0 -5.266086869207657
105.8148152514169 0 -5.282329918226985
113.4405075379275 0 -5.034155894438652
110.8769115909621 0 -4.986523802596476
108.4869134956976 0 -5.367899075404925
101.8908744593528 0 -5.317886505988035
99.43412213851718 0 -5.170334389102574
119.7432716266912 0 -4.865783385116835
122.068125256323 0 -4.82372470054483
6.383704951848364 0 -0.6533159501888243
18.75000000000001 0 -1.384498631992447
108.5756485027872 0 -12.50497594615915
115.0776809501875 0 -12.66503656840917
121.768097789804 0 -12.98731276123385
83.53122284937078 0 -6.020188488379724
103.8807079386673 0 -12.69755474492558
139.125 0 -0.6495190528383289
138.7753288580616 0 -1.501776704376505
-0.5471089022190911 0 -0.7488861738628024
0.05475967839783616 0 -1.869211880714576
1.660956814459284 0 -2.10086480872183
21.93678363219205 0 -19.69086811237228
82.14012777083806 0 -6.042929858696143
86.17419194963652 0 -5.96062348278057
88.94253452809647 0 -6.476539545863723
91.86520604716304 0 -6.570119090903711
103.8772541870713 0 -0.6192506226877412
124.6092971373382 0 -4.88702350953734
26.25802466110091 0 -6.69763654918701
91.45652923452722 0 -1.5408561321865
4.823793782905143 0 -0.7668246821397796
5.250000000023678 0 -1.672392117020271
4.203933924123382 0 -1.336102749350165
3.076079142839351 0 -1.81211493661437
86.12244838629178 0 -13.6286459390796
96.91120297742609 0 -5.322166823287594
4.144106630406182 0 -0.5716553998098396
71.17320071533045 0 -6.400839648928589
68.5223596396977 0 -6.787511916079111
74.17119467633532 0 -6.718909474278709
20.625 0 -0.6291655840774932
72.43821114879312 0 -14.29911112327035
70.89987639747969 0 -16.82257224337622
77.10073362244731 0 -15.59253679949567
106.0966209359129 0 -0.5605645501991059
79.35146362741065 0 -5.784145921216455
66.00118273848143 0 -5.459478923877089
77.56008956039506 0 -0.6289844484050461
126.3463820201053 0 -12.7615635633686
2.661480764641681 0 -0.7512611450989422
110.9079947778329 0 -1.338360474368857
59.01302867593038 0 -14.0614439314777
35.81060219406616 0 -5.569212223330499
50.54112114244924 0 -14.46177919863441
9.327179092564656 0 -1.452172548097957
43.87499999999999 0 -0.5893873680755933
67.79731845620957 0 -13.25906442448242
27.92168054836172 0 -22.29355470912203
25.40329151424633 0 -25.09517855184387
40.5 0 -1.371544341368057
35.08528786128176 0 -14.25763217062589
33.17574879810677 0 -15.95002415309789
90.03350453837052 0 -1.54581464786781
40.95287182750616 0 -5.395684505511948
39.77347693656698 0 -15.99353232331653
37.22732840944303 0 -18.4058844585586
38.2226287496325 0 -21.87305443811254
93.09237324237566 0 -1.402545758673313
134.8196039617895 0 -13.49646160572532
41.625 0 -0.6149294203282148
45.73266144935498 0 -12.69308799428849
126.9595641397235 0 -2.647385042106164
51.40099542338065 0 -0.617927667756627
96.75 0 -1.353227717721066
132.3670690735996 0 -11.08028196683011
63.75000000004306 0 -1.346915543236101
35.62500000000001 0 -0.6040977342598798
49.61066056714074 0 -6.586553217729341
12.93325079441255 0 -1.541400093206699
71.22054800070036 0 -1.462891307415872
44.85790122452406 0 -1.470651567119874
39.07585454115785 0 -1.432018921989164
124.3162389578533 0 -6.185291300426185
145.0241262732923 0 -7.243675650779959
119.5507269039617 0 -12.74405592639233
31.95904524974434 0 -1.471786068267334
60.37937486940697 0 -7.27843028048299
18.88080263215693 0 -20.91018045138564
95.53172986805603 0 -1.457104671354096
57.74010246494827 0 -1.30775965176078
44.31378145626181 0 -2.37066479980811
22.4298226419883 0 -1.318644148953974
88.60673750974576 0 -1.418459893546214
30.88055957247422 0 -12.15224589741666
31.10987497268907 0 -0.5438669719295404
10.45772625364996 0 -1.374875939839582
77.11859401089642 0 -6.903494896553249
113.6968241679661 0 -14.91429240196211
-2.979110604060793 0 -6.706169548611462
56.787686641394 0 -3.126103548079153
129.1710450412065 0 -21.82528429225133
11.17991418024998 0 -6.159734727602061
109.831626685648 0 -0.5457379885035969
120.4059863919819 0 -0.5468077498758903
127.7289417529306 0 -25.02379876264976
124.1778110390391 0 -0.544664999636806
34.54321837594637 0 -1.303163562183111
115.0046292917513 0 -6.498537024760538
116.6551733134312 0 -0.5520337571383422
106.4186478115995 0 -6.464464722429436
42.60524361995471 0 -17.43260384616952
136.3902532201766 0 -17.1735609275968
22.54610445747106 0 -2.173973647207498
136.2580307496754 0 -1.501116105004773
8.702518163314453 0 -0.7552398866206237
100.4788521700254 0 -1.275835127778502
31.35924629161451 0 -7.153582322157567
117.4551532567311 0 -15.31692835096753
60.37372896744969 0 -0.5316910865918476
18.42651423436758 0 -3.447432266270039
117.5345224444403 0 -6.360111442862777
121.7051893247348 0 -6.136486832719195
140.5446272902735 0 -0.7151348566436218
112.9064250640859 0 -0.5511789293047705
124.3011230045647 0 -24.37480768060836
120.4984375065428 0 -24.75431775817267
93.41684496638398 0 -14.13112575779373
76.83997495263837 0 -0.6418358999997196
1.205680966336314 0 -0.9382905256732755
140.7792263506394 0 -1.746750881373854
141.0209368020502 0 -3.210769389157302
4.909810301228926 0 -4.243197723674826
53.38797037119608 0 -1.429126649646009
72.85017858906296 0 -22.56615789308255
74.32864307479815 0 -17.17112286673928
130.5 0 -1.283266401807611
24.02022657825376 0 -1.359917192791691
103.9269921668104 0 -6.523666173715618
49.84187187898113 0 -1.346359421941488
91.64653412334798 0 -19.54819714412123
81.74999999999999 0 -1.274743035162157
14.22427213199283 0 -1.248412949512112
74.31821186058164 0 -1.27741310158371
35.1350133212963 0 -6.697281843793748
107.3428927612845 0 -1.315151281714513
-4.150990834587527 0 -4.33990198782359
37.57035934658497 0 -1.395399792864143
80.23566799128713 0 -1.265250257862685
66.26122089246195 0 -24.90311533295271
110.5645718851863 0 -12.16141630144571
46.6538555053323 0 -1.384162035519206
75.47653001933109 0 -2.15459221992739
91.05803176078803 0 -7.817859076023668
79.93255240923887 0 -7.016608917198227
71.573631797614 0 -25.73422268534054
134.6818630118794 0 -10.67721841657564
60.11691945402167 0 -20.10325920199478
62.33192372164578 0 -1.386453354934725
104.1992921340055 0 -1.262322819693648
59.31596124684937 0 -1.239268962150024
106.8263526141898 0 -2.002774694478911
133.1445063397521 0 -0.5503071442860108
132.6603851161931 0 -3.787445695071758
99.39543668257659 0 -0.4750227043563477
39.45962334813743 0 -8.400056361475041
75.01486241378504 0 -1.361123503937875
17.52144581526085 0 -5.763613102815841
83.06986911042728 0 -1.384928663942795
2.385290575887127 0 -3.114084250009786
2.473032476265228 0 -4.458636408513808
76.4565767272522 0 -1.256006938739848
29.42388565663312 0 -6.329494203135767
45.58830893840964 0 -5.857900550766646
84.41925525601236 0 -1.381750603011273
18.07042857095693 0 -1.296546697430842
78.85626001032423 0 -22.71343129060703
129.1055046118699 0 -1.438245897348864
55.08050742591575 0 -0.4691066788327374
97.47182370771777 0 -1.197216812549564
107.5041370516079 0 -14.42051997948824
4.520413325626736 0 -2.506875290437291
54.41035623284656 0 -12.77276640186964
85.84794952355611 0 -1.295582363735828
94.47155765287791 0 -1.303051907058953
18.2484600528356 0 -13.0714101647379
87.17460038952855 0 -1.384292582178482
65.65965947449375 0 -0.4662499502588004
65.04250949758168 0 -1.423224926211861
84.9022901893901 0 -15.5743537167192
97.64743160430615 0 -6.477167070242011
128.202172683494 0 -6.330127343189433
29.56729166560478 0 -1.314259573886066
143.2276595990715 0 -5.957838752659636
73.206606920083 0 -7.906212058022332
133.8411500375587 0 -0.4898929887723299
112.4519071412905 0 -1.211811273917558
108.2769446775457 0 -1.380693072037999
126.8154685662861 0 -6.153943323392674
146.5817624987395 0 -24.41305926777286
-4.065352186192489 0 -24.77151840814766
-2.283226620629102 0 -21.36894437698024
11.24937979914356 0 -7.613869023915819
13.08671463190908 0 -2.50988328317217
24.73420145721123 0 -1.204792639815524
25.051485572108 0 -7.497733223060962
34.24362122125444 0 -21.61883135980738
84.38186883980009 0 -7.359944534578533
116.3667088423279 0 -1.162674714405808
103.0949036499757 0 -0.6225690724551334
119.9382549255401 0 -6.100524613321464
101.2445236161191 0 -1.214549759812714
13.63270482607099 0 -1.223661103414334
134.8765937466418 0 -1.323273339891451
68.66106400882308 0 -5.58642693045221
39.40133094441134 0 -25.50668881620524
128.5119926591555 0 -7.449840975510501
22.66311085963689 0 -3.174063198900307
106.458318415069 0 -1.214966023026947
113.6037724720425 0 -0.4676031867395497
2.199285545794218 0 -1.337647957521911
120.1337459295327 0 -1.140584318466728
110.7011319706058 0 -2.10589882887408
76.039860960288 0 -2.800348917425824
142.5700213469242 0 -14.31927756159178
105.375 0 -0.4605202021063749
47.32161431405402 0 -1.252787588994516
21.71471328578316 0 -1.179056694686114
98.15723537996908 0 -2.10008276497028
109.1843147336012 0 -0.4371487744999032
39.74999999999992 0 -1.205540474290301
27.10592696449217 0 -2.011407607889194
66.44904084187641 0 -6.605046803648833
123.888967679492 0 -1.13521261603315
110.1330317151738 0 -1.067223729236156
139.7790625625785 0 -1.253941563724967
132.8171604339155 0 -1.109562885093439
99.14287204847911 0 -23.63494716569564
117.375 0 -0.4466357756758728
92.21304303654442 0 -2.619966411188047
46.9052270595249 0 -6.349841361694168
20.11888463858352 0 -1.242906095053462
124.0861277677934 0 -7.388586368121013
65.05913163539741 0 -2.121650305794678
137.9999999999996 0 -1.324912260033319
101.9548917843947 0 -2.091252220447158
36.25945628473731 0 -1.235024908407424
103.798598732668 0 -22.72385123151368
93.75 0 -1.191704702758914
35.37203697857085 0 -16.55412105007008
57.64468702045893 0 -7.497144258591073
43.66167742692097 0 -21.43146545147836
60.41993202832371 0 -8.72709271173386
111.7343294811823 0 -1.164115823093805
26.90282643794001 0 -1.26532921214116
45.48348300521484 0 -4.533073582786927
58.61392258896359 0 -22.4112628253695
77.81941631799396 0 -1.2479792602066
8.417602743034852 0 -1.53873514713332
121.125 0 -0.4336484513766385
119.4124124830853 0 -22.00369926419318
85.04867699347497 0 -2.333917213022664
127.5392920406852 0 -3.545940751959801
52.025032689399 0 -1.265208669969639
26.36168147874037 0 -2.498497515600015
93.90263556114522 0 -7.880381976163735
59.48046485140614 0 -6.488746373482048
68.43623471600314 0 -7.917077991189744
61.09128147418607 0 -1.309823656167947
44.53409884008718 0 -4.102301812153937
75.30243183450162 0 -20.89866771046967
110.7303589752492 0 -6.022659987296573
125.6573484409015 0 -1.210908452743871
54.11995617121983 0 -1.127374904174227
92.87800338499788 0 -2.095415783766442
17.6855780245749 0 -7.007284888337502
10.92941366262231 0 -21.31500727471645
15.86331706502598 0 -1.28812016463715
89.27577564945911 0 -2.693603398024784
124.8595024401998 0 -0.426815295545702
102.6856257418645 0 -1.213772230154154
26.24274233665951 0 -1.138820625728405
44.39843859617163 0 -25.45447757181435
$EndNodes
$Elements
2 3032 1 3032
2 1 2 427
1 330 361 350 
2 299 431 292 
3 292 429 299 
4 344 346 286 
5 331 368 290 
6 314 315 278 
7 244 314 278 
8 327 383 330 
9 353 360 354 
10 354 366 357 
11 357 375 340 
12 350 419 351 
13 320 382 317 
14 435 436 283 
15 257 424 289 
16 283 436 401 
17 369 441 291 
18 290 442 347 
19 330 350 349 
20 252 376 131 
21 290 368 314 
22 395 410 379 
23 257 289 258 
24 314 368 315 
25 386 387 364 
26 327 422 383 
27 256 299 298 
28 291 441 274 
29 242 442 290 
30 384 430 350 
31 340 426 357 
32 294 297 260 
33 298 424 257 
34 376 429 292 
35 334 429 376 
36 386 391 365 
37 377 379 321 
38 256 298 257 
39 131 376 253 
40 133 374 264 
41 258 415 295 
42 344 440 346 
43 363 386 365 
44 353 362 360 
45 259 294 260 
46 290 347 331 
47 385 386 364 
48 259 450 294 
49 294 370 297 
50 273 300 291 
51 299 371 298 
52 378 395 379 
53 305 440 291 
54 300 305 291 
55 273 291 274 
56 242 290 243 
57 258 295 259 
58 130 307 129 
59 284 379 377 
60 255 431 299 
61 362 388 387 
62 423 424 332 
63 361 384 350 
64 281 394 393 
65 277 300 272 
66 372 449 373 
67 330 383 361 
68 295 450 259 
69 350 351 349 
70 355 426 373 
71 246 324 276 
72 339 444 338 
73 322 409 408 
74 272 300 273 
75 255 299 256 
76 260 297 261 
77 244 278 245 
78 271 277 272 
79 275 345 270 
80 261 433 134 
81 301 305 300 
82 424 448 332 
83 313 375 357 
84 347 425 331 
85 353 354 351 
86 297 428 261 
87 264 335 265 
88 306 346 305 
89 99 377 318 
90 243 314 244 
91 374 427 335 
92 253 292 254 
93 262 293 263 
94 351 419 353 
95 362 387 363 
96 373 417 355 
97 99 285 238 
98 241 286 130 
99 362 363 360 
100 277 301 300 
101 129 307 281 
102 251 334 252 
103 333 341 279 
104 362 436 388 
105 263 374 133 
106 379 410 381 
107 340 375 303 
108 392 411 309 
109 399 432 400 
110 322 407 405 
111 390 397 388 
112 327 330 329 
113 274 441 98 
114 1 442 242 
115 265 335 288 
116 366 367 356 
117 301 306 305 
118 250 341 287 
119 365 367 366 
120 321 382 320 
121 293 427 374 
122 250 287 251 
123 265 288 266 
124 304 346 312 
125 245 324 246 
126 316 325 324 
127 338 444 275 
128 253 376 292 
129 371 429 287 
130 132 431 255 
131 246 276 247 
132 269 275 270 
133 318 377 321 
134 270 345 271 
135 309 414 392 
136 380 384 382 
137 248 336 279 
138 357 366 356 
139 266 342 267 
140 262 433 293 
141 330 349 348 
142 355 417 416 
143 248 279 249 
144 267 280 268 
145 268 337 269 
146 287 438 371 
147 324 325 276 
148 409 413 410 
149 358 432 402 
150 249 341 250 
151 247 336 248 
152 445 449 343 
153 356 394 308 
154 240 344 241 
155 357 426 354 
156 369 440 344 
157 413 430 381 
158 413 432 358 
159 287 429 334 
160 293 374 263 
161 416 421 355 
162 373 426 340 
163 239 369 240 
164 288 342 266 
165 279 420 333 
166 312 346 306 
167 310 411 392 
168 237 347 236 
169 296 449 445 
170 275 444 345 
171 363 365 360 
172 389 436 362 
173 401 436 389 
174 362 418 389 
175 307 312 308 
176 290 314 243 
177 319 412 368 
178 291 440 369 
179 343 447 445 
180 379 380 321 
181 405 407 400 
182 241 344 286 
183 303 306 301 
184 419 430 358 
185 346 440 305 
186 254 431 132 
187 269 337 275 
188 382 383 317 
189 310 392 391 
190 402 432 399 
191 267 342 280 
192 388 397 352 
193 405 432 413 
194 382 384 361 
195 280 337 268 
196 367 394 356 
197 240 369 344 
198 363 387 386 
199 319 331 285 
200 333 420 328 
201 387 406 364 
202 387 388 352 
203 341 438 287 
204 352 406 387 
205 330 348 329 
206 99 318 285 
207 316 324 278 
208 373 449 296 
209 298 448 424 
210 343 449 437 
211 370 446 297 
212 286 304 130 
213 264 374 335 
214 338 372 339 
215 317 422 316 
216 331 425 285 
217 334 376 252 
218 333 448 438 
219 292 431 254 
220 333 438 341 
221 308 394 281 
222 293 433 428 
223 405 409 322 
224 388 436 390 
225 315 316 278 
226 379 381 380 
227 287 334 251 
228 238 425 237 
229 402 418 358 
230 332 333 328 
231 367 414 394 
232 445 447 370 
233 285 425 238 
234 278 324 245 
235 320 412 319 
236 101 284 100 
237 121 282 120 
238 113 283 112 
239 129 281 128 
240 396 416 415 
241 315 412 317 
242 360 366 354 
243 335 446 288 
244 237 425 347 
245 112 403 111 
246 390 436 435 
247 400 404 359 
248 134 433 262 
249 102 378 101 
250 271 345 277 
251 122 434 121 
252 114 435 113 
253 342 343 280 
254 120 385 119 
255 111 398 110 
256 361 383 382 
257 103 395 102 
258 315 317 316 
259 415 416 295 
260 123 310 122 
261 239 441 369 
262 289 423 348 
263 316 422 325 
264 115 390 114 
265 119 364 118 
266 116 397 115 
267 371 448 298 
268 118 406 117 
269 110 359 109 
270 117 352 116 
271 319 368 331 
272 337 338 275 
273 128 393 127 
274 104 439 103 
275 347 442 236 
276 410 413 381 
277 109 404 108 
278 438 448 371 
279 124 411 123 
280 294 445 370 
281 348 396 289 
282 105 323 104 
283 400 432 405 
284 325 327 326 
285 349 396 348 
286 296 417 373 
287 313 356 308 
288 312 313 308 
289 336 420 279 
290 389 418 402 
291 108 407 107 
292 125 309 124 
293 358 430 413 
294 100 377 99 
295 325 422 327 
296 297 446 427 
297 106 408 105 
298 98 441 239 
299 236 442 1 
300 396 421 416 
301 126 443 125 
302 381 430 384 
303 339 372 340 
304 302 303 301 
305 327 329 328 
306 107 322 106 
307 127 311 126 
308 276 336 247 
309 279 341 249 
310 391 392 365 
311 277 302 301 
312 296 450 417 
313 343 437 280 
314 365 366 360 
315 368 412 315 
316 399 400 359 
317 318 319 285 
318 353 418 362 
319 365 392 367 
320 354 355 351 
321 446 447 288 
322 307 308 281 
323 299 429 371 
324 277 345 302 
325 329 332 328 
326 327 328 326 
327 318 321 320 
328 288 447 342 
329 303 375 306 
330 326 336 276 
331 339 340 303 
332 325 326 276 
333 306 375 312 
334 289 424 423 
335 349 421 396 
336 286 346 304 
337 304 307 130 
338 372 373 340 
339 326 420 336 
340 401 403 283 
341 417 450 295 
342 389 402 401 
343 396 415 289 
344 282 434 391 
345 398 403 401 
346 350 430 419 
347 383 422 317 
348 370 447 446 
349 416 417 295 
350 380 382 321 
351 391 434 310 
352 302 339 303 
353 328 420 326 
354 351 421 349 
355 293 428 427 
356 282 391 386 
357 283 403 112 
358 381 384 380 
359 101 378 284 
360 121 434 282 
361 392 414 367 
362 113 435 283 
363 395 439 410 
364 282 385 120 
365 318 320 319 
366 398 401 399 
367 427 446 335 
368 405 413 409 
369 342 447 343 
370 348 423 329 
371 111 403 398 
372 410 439 323 
373 281 393 128 
374 102 395 378 
375 445 450 296 
376 310 434 122 
377 390 435 114 
378 119 385 364 
379 110 398 359 
380 418 419 358 
381 354 426 355 
382 280 437 337 
383 284 377 100 
384 103 439 395 
385 312 375 313 
386 115 397 390 
387 409 410 323 
388 364 406 118 
389 352 397 116 
390 117 406 352 
391 401 402 399 
392 427 428 297 
393 359 404 109 
394 123 411 310 
395 313 357 356 
396 323 439 104 
397 329 423 332 
398 282 386 385 
399 355 421 351 
400 404 407 108 
401 309 443 414 
402 332 448 333 
403 398 399 359 
404 345 444 302 
405 309 411 124 
406 414 443 311 
407 127 393 311 
408 105 408 323 
409 378 379 284 
410 338 449 372 
411 400 407 404 
412 337 437 338 
413 408 409 323 
414 125 443 309 
415 428 433 261 
416 107 407 322 
417 322 408 106 
418 311 443 126 
419 394 414 311 
420 393 394 311 
421 437 449 338 
422 304 312 307 
423 302 444 339 
424 353 419 418 
425 294 450 445 
426 289 415 258 
427 317 412 320 
2 2 2 2605
428 662 1033 1195 
429 900 1031 1032 
430 870 1108 1109 
431 992 457 1229 
432 738 959 979 
433 688 1157 1451 
434 1308 1408 1449 
435 97 488 537 
436 805 545 996 
437 1015 511 1121 
438 545 546 547 
439 1155 503 1218 
440 1051 820 1442 
441 460 972 1162 
442 945 730 1063 
443 945 1063 1114 
444 1197 454 1548 
445 1427 1281 1442 
446 1160 470 1205 
447 1334 1315 1369 
448 1419 983 1559 
449 976 1095 1315 
450 1061 464 1275 
451 1063 1016 1486 
452 1026 758 1027 
453 922 1018 1170 
454 758 1026 1453 
455 1002 687 1111 
456 1055 1046 1299 
457 820 946 1442 
458 870 1109 1356 
459 695 947 1318 
460 497 1000 1373 
461 1025 930 1178 
462 1060 451 1219 
463 236 539 1452 
464 900 1406 1497 
465 1015 850 1351 
466 1277 1021 1278 
467 780 1056 1119 
468 1086 454 1197 
469 667 1047 1431 
470 539 544 545 
471 687 1002 1110 
472 1156 1155 1218 
473 1093 1092 1094 
474 1075 475 1252 
475 1011 874 1475 
476 797 1046 1055 
477 608 1189 1297 
478 1169 1028 1292 
479 1297 1189 1424 
480 922 796 1018 
481 1476 941 1588 
482 1127 675 1358 
483 1017 455 1228 
484 674 1139 1436 
485 451 1060 1156 
486 910 1040 1193 
487 475 1075 1253 
488 1095 976 1314 
489 1035 782 1036 
490 910 726 1040 
491 780 1120 1341 
492 1038 768 1039 
493 545 547 1182 
494 1105 937 1338 
495 749 930 1025 
496 492 1014 1375 
497 780 775 1056 
498 1010 1303 1471 
499 850 992 1351 
500 545 544 546 
501 1192 1010 1471 
502 972 460 1512 
503 662 612 1033 
504 957 767 1115 
505 881 1328 1525 
506 961 679 1166 
507 1037 510 1123 
508 1118 764 1455 
509 937 1105 1441 
510 675 1161 1358 
511 907 895 1041 
512 969 1173 1254 
513 679 961 1405 
514 1000 497 1202 
515 587 581 1110 
516 753 767 957 
517 1071 780 1341 
518 485 1115 1232 
519 1084 532 1276 
520 1265 1046 1289 
521 959 738 1349 
522 1281 1280 1442 
523 1190 534 1329 
524 938 1165 1431 
525 1307 567 1316 
526 907 1041 1187 
527 939 790 1069 
528 672 1106 1343 
529 1037 856 1340 
530 1145 541 1215 
531 539 545 805 
532 1130 1242 1350 
533 667 586 1047 
534 521 1174 1199 
535 473 1146 1330 
536 1067 922 1068 
537 725 1395 1488 
538 1153 1151 1333 
539 516 1236 1594 
540 1042 452 1226 
541 964 661 1302 
542 996 545 1182 
543 143 7 1191 
544 872 1021 1383 
545 116 1143 1529 
546 1151 678 1333 
547 539 543 544 
548 691 695 1318 
549 1420 1419 1559 
550 920 769 1072 
551 671 1169 1292 
552 745 746 931 
553 939 1069 1319 
554 936 902 1057 
555 856 1017 1340 
556 873 1005 1530 
557 1134 1312 1502 
558 1236 1062 1594 
559 1165 938 1332 
560 1109 648 1461 
561 989 1145 1215 
562 540 1128 1552 
563 1048 508 1131 
564 1164 239 1437 
565 661 964 1402 
566 1091 498 1092 
567 900 1032 1167 
568 581 687 1110 
569 499 1097 1098 
570 1125 901 1435 
571 1036 1235 1286 
572 1091 1092 1093 
573 988 885 1073 
574 1048 862 1342 
575 1084 872 1383 
576 1353 1352 1474 
577 1269 1268 1319 
578 998 1482 1573 
579 1139 674 1551 
580 672 1214 1470 
581 1242 1130 1243 
582 874 1011 1436 
583 1003 737 1004 
584 1155 873 1530 
585 745 931 932 
586 749 711 753 
587 963 804 1076 
588 479 1078 1245 
589 1062 1236 1364 
590 1395 1396 1488 
591 1038 1039 1429 
592 710 549 711 
593 969 1254 1492 
594 1105 1338 1629 
595 476 1200 1434 
596 930 753 957 
597 650 1074 1474 
598 901 936 1435 
599 749 753 930 
600 862 1042 1342 
601 1157 1094 1451 
602 710 711 749 
603 1031 900 1497 
604 1268 467 1319 
605 765 969 1492 
606 759 1052 1053 
607 1312 494 1502 
608 740 782 1035 
609 1126 1038 1429 
610 511 1015 1351 
611 1200 476 1409 
612 978 836 1514 
613 457 992 1561 
614 718 768 1038 
615 764 1118 1325 
616 676 1334 1369 
617 677 650 1474 
618 1006 704 1570 
619 963 1076 1495 
620 920 1072 1205 
621 1064 812 1089 
622 547 549 710 
623 988 1158 1244 
624 531 1089 1274 
625 1185 1348 1377 
626 1119 469 1263 
627 484 1076 1222 
628 932 931 1085 
629 1125 520 1247 
630 453 1181 1224 
631 646 648 1109 
632 1112 527 1264 
633 1047 715 1322 
634 1058 667 1593 
635 1109 935 1356 
636 936 1057 1413 
637 1061 1275 1446 
638 509 1227 1467 
639 587 1110 1417 
640 988 1073 1158 
641 539 237 543 
642 997 805 1523 
643 454 1086 1566 
644 1434 1200 1444 
645 1126 471 1260 
646 1208 590 1407 
647 686 1211 1360 
648 695 745 947 
649 592 715 1047 
650 686 1163 1359 
651 116 117 1143 
652 1019 1084 1416 
653 1075 765 1492 
654 1122 968 1453 
655 1184 472 1513 
656 1078 479 1159 
657 584 667 1058 
658 807 812 1064 
659 794 922 1067 
660 1004 1087 1196 
661 676 1327 1334 
662 500 1105 1629 
663 735 737 1003 
664 1239 909 1490 
665 1000 997 1373 
666 1221 1039 1541 
667 665 1176 1391 
668 1120 1119 1263 
669 602 712 1049 
670 1207 665 1391 
671 722 740 804 
672 1140 490 1141 
673 1049 712 1331 
674 773 780 1071 
675 779 797 1055 
676 756 1016 1063 
677 1061 1019 1416 
678 1214 672 1343 
679 912 914 1210 
680 697 700 722 
681 1175 686 1360 
682 640 1127 1463 
683 547 548 549 
684 1117 459 1550 
685 722 700 740 
686 506 1221 1541 
687 730 728 1063 
688 804 740 1035 
689 704 743 1570 
690 1121 511 1572 
691 1352 677 1474 
692 931 940 1083 
693 1163 638 1491 
694 1112 1055 1299 
695 1014 492 1412 
696 709 707 735 
697 697 555 700 
698 1327 911 1334 
699 1085 1227 1566 
700 695 706 745 
701 1087 1004 1516 
702 501 1150 1625 
703 1072 1160 1205 
704 236 237 539 
705 765 751 969 
706 999 996 1485 
707 736 735 873 
708 1178 486 1179 
709 931 746 940 
710 1114 1063 1486 
711 732 1006 1007 
712 750 749 1025 
713 455 1017 1574 
714 873 1003 1005 
715 732 704 1006 
716 1188 703 1189 
717 1007 1006 1023 
718 909 948 1490 
719 466 1170 1271 
720 690 691 707 
721 699 704 732 
722 946 1427 1442 
723 510 1037 1340 
724 1278 1021 1421 
725 759 754 1052 
726 1076 484 1495 
727 962 1118 1455 
728 1029 1030 1294 
729 699 689 704 
730 123 498 1091 
731 890 891 1078 
732 553 555 697 
733 499 111 1097 
734 500 103 1105 
735 523 1253 1492 
736 451 1156 1218 
737 909 747 948 
738 547 546 548 
739 988 1244 1545 
740 1124 781 1520 
741 981 842 990 
742 972 836 978 
743 1198 522 1249 
744 819 820 1051 
745 1039 1221 1429 
746 1036 1286 1335 
747 1059 868 1060 
748 240 1164 1577 
749 1007 1023 1077 
750 979 959 989 
751 1099 1098 1100 
752 1026 1122 1453 
753 805 996 1523 
754 599 1049 1605 
755 1108 646 1109 
756 804 1035 1076 
757 1027 758 1028 
758 1094 1092 1096 
759 1093 1094 1095 
760 717 716 728 
761 890 1078 1159 
762 1366 1451 1471 
763 720 718 1038 
764 714 713 718 
765 891 984 1078 
766 680 640 1463 
767 690 707 709 
768 715 671 716 
769 712 670 713 
770 570 672 1470 
771 916 1307 1316 
772 1298 587 1417 
773 1096 1192 1471 
774 992 1229 1351 
775 973 939 1022 
776 615 1153 1333 
777 559 689 699 
778 1146 967 1330 
779 836 838 1514 
780 1032 576 1518 
781 986 1190 1329 
782 692 1366 1471 
783 923 1075 1252 
784 908 1127 1358 
785 1005 1003 1489 
786 1033 617 1034 
787 880 884 1129 
788 1386 1387 1534 
789 753 764 767 
790 743 747 909 
791 1113 929 1444 
792 1024 633 1044 
793 1020 819 1050 
794 491 116 1529 
795 726 720 1040 
796 1346 881 1525 
797 1211 686 1359 
798 668 1132 1396 
799 954 1434 1444 
800 566 569 1137 
801 915 912 1210 
802 499 1098 1099 
803 709 735 736 
804 921 804 963 
805 1129 884 1130 
806 1195 1033 1450 
807 638 680 1491 
808 493 1091 1093 
809 1089 531 1539 
810 492 1375 1441 
811 118 490 1140 
812 797 985 1045 
813 789 790 939 
814 974 830 1598 
815 1373 1374 1482 
816 750 1025 1180 
817 500 989 1215 
818 1174 477 1413 
819 718 719 768 
820 717 728 730 
821 751 730 945 
822 1102 1188 1189 
823 768 769 920 
824 452 1042 1586 
825 715 716 717 
826 751 945 969 
827 745 706 746 
828 1100 1208 1407 
829 754 726 910 
830 728 729 756 
831 1167 587 1298 
832 736 873 953 
833 660 685 690 
834 901 902 936 
835 1198 928 1504 
836 1185 666 1348 
837 923 765 1075 
838 602 603 670 
839 579 581 587 
840 720 1038 1040 
841 756 757 967 
842 714 718 720 
843 1328 1137 1525 
844 648 677 1461 
845 550 553 962 
846 1046 1265 1299 
847 712 713 714 
848 464 1061 1416 
849 1007 1077 1594 
850 754 910 1052 
851 1482 1374 1573 
852 508 1048 1342 
853 660 690 1569 
854 728 756 1063 
855 696 1152 1177 
856 1189 703 1424 
857 592 671 715 
858 756 967 1016 
859 1152 696 1388 
860 574 576 1032 
861 735 707 737 
862 723 950 1213 
863 704 742 743 
864 553 554 555 
865 592 593 671 
866 873 735 1003 
867 1021 1277 1383 
868 1017 1228 1340 
869 1019 872 1084 
870 740 781 782 
871 1065 1064 1090 
872 884 885 988 
873 928 1168 1504 
874 1227 1085 1467 
875 602 670 712 
876 854 856 1037 
877 1059 1060 1625 
878 848 850 1015 
879 1093 1095 1314 
880 860 862 1048 
881 840 842 981 
882 834 836 972 
883 828 830 974 
884 109 1103 1568 
885 1140 1141 1142 
886 885 887 1073 
887 887 890 1073 
888 541 1145 1554 
889 862 864 1042 
890 1073 890 1439 
891 891 893 984 
892 581 582 687 
893 935 1109 1461 
894 866 868 1059 
895 856 858 1017 
896 850 852 992 
897 830 832 987 
898 844 846 994 
899 824 826 986 
900 650 652 1074 
901 560 562 1107 
902 822 824 977 
903 796 799 1018 
904 801 803 1065 
905 809 811 1019 
906 814 816 1020 
907 628 630 1024 
908 820 822 946 
909 895 897 1041 
910 902 904 1057 
911 775 777 1056 
912 790 792 1069 
913 1141 490 1493 
914 612 614 1033 
915 769 771 1072 
916 1174 955 1199 
917 556 559 1001 
918 858 860 995 
919 852 854 991 
920 846 848 993 
921 838 840 980 
922 832 834 971 
923 826 828 958 
924 579 580 581 
925 864 866 1013 
926 634 636 686 
927 890 1159 1439 
928 586 589 1047 
929 654 656 1011 
930 879 880 1129 
931 656 658 674 
932 638 640 680 
933 642 644 675 
934 648 650 677 
935 652 654 673 
936 1529 1154 1623 
937 789 939 973 
938 797 1045 1046 
939 893 907 984 
940 996 1182 1485 
941 589 592 1047 
942 897 901 1041 
943 743 744 747 
944 792 794 1067 
945 794 796 922 
946 799 801 883 
947 803 807 1064 
948 807 809 812 
949 811 814 872 
950 816 818 819 
951 618 620 669 
952 1387 999 1534 
953 1142 1141 1152 
954 644 646 1108 
955 932 1085 1086 
956 884 988 1545 
957 622 624 666 
958 626 628 663 
959 1003 1181 1489 
960 630 632 633 
961 870 1357 1624 
962 599 602 1049 
963 559 560 689 
964 1084 1276 1416 
965 1154 1397 1488 
966 550 552 553 
967 565 566 1137 
968 904 955 1057 
969 1186 519 1460 
970 1026 759 1122 
971 1130 884 1545 
972 981 990 1117 
973 771 773 1071 
974 985 786 1576 
975 1165 667 1431 
976 773 775 780 
977 777 779 1055 
978 779 784 797 
979 786 788 789 
980 532 1084 1383 
981 1008 1007 1062 
982 614 617 1033 
983 543 238 1554 
984 1092 498 1192 
985 605 607 665 
986 1483 1476 1588 
987 610 612 662 
988 614 616 617 
989 904 906 955 
990 1056 1055 1112 
991 777 1055 1056 
992 771 1071 1072 
993 1303 1302 1367 
994 1062 1007 1594 
995 110 499 1101 
996 630 633 1024 
997 241 540 1552 
998 640 642 1127 
999 893 895 907 
1000 1050 819 1051 
1001 816 819 1020 
1002 811 872 1019 
1003 595 597 664 
1004 803 1064 1065 
1005 792 1067 1069 
1006 799 883 1018 
1007 897 899 901 
1008 1160 526 1262 
1009 977 824 1581 
1010 1004 737 1516 
1011 1011 656 1595 
1012 1294 1030 1634 
1013 599 601 602 
1014 658 660 1079 
1015 972 978 1162 
1016 1213 950 1326 
1017 459 1117 1582 
1018 1003 1004 1181 
1019 652 673 1074 
1020 1069 1067 1269 
1021 995 860 1048 
1022 991 854 1037 
1023 993 848 1015 
1024 980 840 981 
1025 971 834 972 
1026 958 828 974 
1027 946 822 977 
1028 1095 1094 1157 
1029 1013 866 1059 
1030 864 1013 1042 
1031 1289 1046 1496 
1032 887 889 890 
1033 1016 967 1146 
1034 826 958 986 
1035 832 971 987 
1036 846 993 994 
1037 852 991 992 
1038 858 995 1017 
1039 784 786 985 
1040 1123 510 1591 
1041 584 586 667 
1042 928 924 1168 
1043 589 591 592 
1044 673 654 1011 
1045 1224 1181 1225 
1046 1345 493 1600 
1047 1154 1153 1397 
1048 747 748 1029 
1049 238 99 1553 
1050 130 241 1552 
1051 880 882 884 
1052 570 572 672 
1053 1198 1249 1434 
1054 7 486 1191 
1055 677 1352 1461 
1056 1408 514 1468 
1057 636 638 1163 
1058 597 599 1605 
1059 1107 562 1558 
1060 1008 1062 1148 
1061 240 239 1164 
1062 819 818 820 
1063 1177 914 1323 
1064 1042 1226 1342 
1065 576 578 579 
1066 1336 526 1341 
1067 987 971 1149 
1068 633 634 1175 
1069 748 878 879 
1070 566 568 569 
1071 31 166 1201 
1072 1135 1502 1508 
1073 620 622 1185 
1074 767 764 1325 
1075 556 558 559 
1076 633 632 634 
1077 1132 1133 1396 
1078 1115 485 1449 
1079 1232 1115 1347 
1080 929 954 1444 
1081 1056 1112 1433 
1082 968 1122 1257 
1083 993 1015 1121 
1084 489 1373 1482 
1085 710 749 750 
1086 718 713 719 
1087 1040 1038 1126 
1088 1001 1124 1520 
1089 675 644 1108 
1090 674 658 1079 
1091 1129 1130 1350 
1092 1354 680 1355 
1093 990 842 1575 
1094 1041 901 1125 
1095 1052 1184 1513 
1096 562 564 565 
1097 797 784 985 
1098 789 788 790 
1099 1035 1036 1335 
1100 962 697 1118 
1101 496 1304 1454 
1102 768 719 769 
1103 496 1172 1304 
1104 1119 1056 1433 
1105 722 921 1118 
1106 728 716 729 
1107 1163 918 1359 
1108 991 1037 1123 
1109 812 1061 1446 
1110 1273 465 1536 
1111 1253 1075 1492 
1112 617 616 618 
1113 1271 1170 1521 
1114 493 122 1091 
1115 104 492 1105 
1116 112 494 1097 
1117 955 906 956 
1118 953 873 1155 
1119 1102 1099 1188 
1120 576 579 1518 
1121 1108 870 1624 
1122 690 685 691 
1123 1031 574 1032 
1124 929 928 954 
1125 1272 530 1527 
1126 1036 782 1148 
1127 948 1029 1294 
1128 924 923 1168 
1129 940 1054 1371 
1130 1100 1098 1166 
1131 540 240 1577 
1132 869 1074 1563 
1133 1475 1070 1563 
1134 753 711 764 
1135 1179 486 1363 
1136 756 729 757 
1137 967 757 968 
1138 1255 474 1616 
1139 731 730 751 
1140 1001 699 1124 
1141 995 1048 1131 
1142 780 1119 1120 
1143 1089 812 1446 
1144 713 670 1400 
1145 617 618 1300 
1146 1220 504 1439 
1147 527 1112 1299 
1148 1076 1035 1630 
1149 602 601 603 
1150 786 789 1576 
1151 1118 921 1325 
1152 1072 1071 1160 
1153 478 1246 1599 
1154 901 899 902 
1155 930 957 1408 
1156 607 610 1176 
1157 752 751 765 
1158 766 765 923 
1159 1408 957 1449 
1160 1324 1411 1412 
1161 1053 1052 1513 
1162 1125 1247 1500 
1163 722 804 921 
1164 549 548 550 
1165 1090 1064 1539 
1166 1150 1059 1625 
1167 117 1140 1143 
1168 969 945 1173 
1169 624 626 1305 
1170 683 1307 1415 
1171 1302 661 1367 
1172 1315 693 1369 
1173 503 1155 1530 
1174 721 720 726 
1175 1245 1078 1460 
1176 1432 963 1565 
1177 994 1549 1606 
1178 732 1008 1124 
1179 553 552 554 
1180 1074 869 1474 
1181 814 1020 1592 
1182 1035 1335 1630 
1183 1013 1059 1150 
1184 592 591 593 
1185 1052 910 1184 
1186 1126 1260 1511 
1187 890 889 891 
1188 237 238 543 
1189 1064 1089 1539 
1190 1217 1005 1223 
1191 687 582 1058 
1192 1097 494 1609 
1193 1057 955 1174 
1194 727 726 754 
1195 755 754 759 
1196 704 689 742 
1197 581 580 582 
1198 981 1117 1550 
1199 948 747 1029 
1200 672 572 1031 
1201 1030 1029 1617 
1202 241 240 540 
1203 126 127 496 
1204 115 116 491 
1205 121 122 493 
1206 107 108 495 
1207 110 111 499 
1208 104 105 492 
1209 112 113 494 
1210 102 103 500 
1211 123 124 498 
1212 118 119 490 
1213 117 118 1140 
1214 1166 679 1208 
1215 1068 922 1494 
1216 1098 1097 1194 
1217 1470 1043 1525 
1218 740 700 781 
1219 1079 660 1569 
1220 642 675 1127 
1221 490 1210 1493 
1222 732 1007 1008 
1223 107 495 1324 
1224 884 882 885 
1225 572 574 1031 
1226 996 999 1523 
1227 480 1243 1545 
1228 579 578 580 
1229 1324 495 1559 
1230 1029 748 1617 
1231 1182 750 1485 
1232 102 500 1215 
1233 926 924 928 
1234 824 986 1581 
1235 1066 1065 1536 
1236 121 493 1345 
1237 984 907 1186 
1238 1373 997 1374 
1239 994 993 1549 
1240 628 1024 1618 
1241 1131 508 1612 
1242 569 568 570 
1243 743 742 744 
1244 1101 1099 1102 
1245 108 109 1568 
1246 603 605 1147 
1247 1144 1142 1151 
1248 1145 543 1554 
1249 553 697 962 
1250 486 1178 1191 
1251 879 878 880 
1252 759 1053 1122 
1253 986 958 1190 
1254 1305 626 1506 
1255 550 962 1555 
1256 620 1185 1560 
1257 1039 768 1596 
1258 830 987 1598 
1259 559 699 1001 
1260 801 1065 1614 
1261 1021 872 1592 
1262 125 1478 1479 
1263 747 744 748 
1264 559 558 560 
1265 1176 610 1547 
1266 697 722 1118 
1267 565 564 566 
1268 1143 1142 1144 
1269 526 1160 1341 
1270 555 554 556 
1271 1002 1111 1622 
1272 1087 1086 1196 
1273 1152 1141 1177 
1274 842 844 1575 
1275 530 1204 1527 
1276 1300 669 1376 
1277 1323 914 1480 
1278 1047 1322 1431 
1279 947 932 1087 
1280 582 584 1058 
1281 707 691 1318 
1282 686 636 1163 
1283 1442 533 1537 
1284 1066 1527 1614 
1285 670 603 1147 
1286 122 123 1091 
1287 593 595 1169 
1288 809 1019 1631 
1289 699 732 1124 
1290 1114 1255 1616 
1291 111 112 1097 
1292 103 104 1105 
1293 1176 952 1391 
1294 1168 923 1252 
1295 1150 501 1632 
1296 1137 569 1525 
1297 562 565 1558 
1298 1216 933 1320 
1299 1196 1086 1197 
1300 1199 1200 1201 
1301 989 500 1629 
1302 540 1088 1306 
1303 494 113 1502 
1304 1086 1085 1566 
1305 1106 672 1497 
1306 1008 1148 1473 
1307 820 821 822 
1308 469 1119 1433 
1309 634 686 1175 
1310 1269 1067 1501 
1311 1397 725 1488 
1312 1187 478 1599 
1313 734 1132 1296 
1314 1183 915 1210 
1315 716 671 1292 
1316 1067 1068 1501 
1317 1009 966 1010 
1318 1151 1142 1152 
1319 617 1300 1507 
1320 1120 1336 1341 
1321 567 1307 1447 
1322 1274 1089 1446 
1323 875 1175 1360 
1324 634 635 636 
1325 822 823 824 
1326 1157 688 1503 
1327 166 521 1201 
1328 858 859 860 
1329 856 857 858 
1330 854 855 856 
1331 852 853 854 
1332 850 851 852 
1333 848 849 850 
1334 846 847 848 
1335 844 845 846 
1336 842 843 844 
1337 840 841 842 
1338 838 839 840 
1339 836 837 838 
1340 834 835 836 
1341 832 833 834 
1342 824 825 826 
1343 830 831 832 
1344 828 829 830 
1345 826 827 828 
1346 862 863 864 
1347 860 861 862 
1348 1090 1273 1536 
1349 556 1001 1628 
1350 520 1125 1435 
1351 748 879 1617 
1352 622 666 1185 
1353 678 1151 1542 
1354 864 865 866 
1355 1146 473 1531 
1356 544 543 1145 
1357 1099 1100 1188 
1358 1231 1498 1550 
1359 496 127 1171 
1360 636 637 638 
1361 565 1137 1382 
1362 638 639 640 
1363 640 641 642 
1364 642 643 644 
1365 644 645 646 
1366 646 647 648 
1367 648 649 650 
1368 650 651 652 
1369 652 653 654 
1370 654 655 656 
1371 948 1294 1557 
1372 1065 1090 1536 
1373 110 1101 1635 
1374 745 932 947 
1375 491 1529 1623 
1376 868 1138 1425 
1377 549 550 1555 
1378 1018 883 1204 
1379 711 549 1455 
1380 790 791 792 
1381 1049 1331 1440 
1382 656 657 658 
1383 866 867 868 
1384 470 1160 1262 
1385 536 1179 1363 
1386 665 607 1176 
1387 992 991 1561 
1388 1201 1200 1409 
1389 954 928 1198 
1390 471 1126 1429 
1391 618 619 620 
1392 955 956 1199 
1393 717 730 731 
1394 792 793 794 
1395 1408 1468 1611 
1396 794 795 796 
1397 796 798 799 
1398 799 800 801 
1399 801 802 803 
1400 803 806 807 
1401 807 808 809 
1402 809 810 811 
1403 633 1175 1543 
1404 811 813 814 
1405 814 815 816 
1406 1280 533 1442 
1407 816 817 818 
1408 666 1305 1378 
1409 1438 692 1471 
1410 872 814 1592 
1411 1069 1269 1319 
1412 1159 1220 1439 
1413 610 662 1547 
1414 1112 1264 1433 
1415 1138 871 1615 
1416 124 125 1479 
1417 1159 479 1220 
1418 1057 1174 1413 
1419 620 621 622 
1420 622 623 624 
1421 624 625 626 
1422 626 627 628 
1423 671 593 1169 
1424 628 629 630 
1425 630 631 632 
1426 769 770 771 
1427 546 544 959 
1428 1102 1189 1464 
1429 1144 1151 1153 
1430 1102 1464 1604 
1431 871 1138 1139 
1432 106 1324 1412 
1433 1105 492 1441 
1434 496 1171 1172 
1435 1158 504 1448 
1436 1088 1422 1465 
1437 999 1387 1522 
1438 714 720 721 
1439 966 964 1302 
1440 490 119 1183 
1441 603 604 605 
1442 771 772 773 
1443 926 928 929 
1444 773 774 775 
1445 775 776 777 
1446 777 778 779 
1447 1113 1002 1622 
1448 779 783 784 
1449 1115 767 1116 
1450 784 785 786 
1451 786 787 788 
1452 689 560 1107 
1453 976 975 1314 
1454 537 488 538 
1455 940 942 1054 
1456 658 659 660 
1457 976 1315 1334 
1458 902 903 904 
1459 1094 1096 1451 
1460 805 997 1000 
1461 1283 1190 1469 
1462 731 751 752 
1463 605 606 607 
1464 607 609 610 
1465 610 611 612 
1466 612 613 614 
1467 614 615 616 
1468 675 1108 1624 
1469 766 923 924 
1470 844 994 1575 
1471 752 765 766 
1472 119 120 1183 
1473 1372 497 1373 
1474 1306 1088 1465 
1475 913 975 976 
1476 904 905 906 
1477 460 1162 1578 
1478 502 1259 1621 
1479 1422 761 1465 
1480 492 105 1412 
1481 953 1155 1156 
1482 504 1158 1439 
1483 593 594 595 
1484 1017 995 1574 
1485 550 551 552 
1486 1254 523 1492 
1487 891 892 893 
1488 521 1199 1201 
1489 1050 1051 1537 
1490 1256 473 1330 
1491 1244 480 1545 
1492 499 1099 1101 
1493 721 726 727 
1494 595 596 597 
1495 1088 724 1422 
1496 597 598 599 
1497 755 759 1026 
1498 599 600 601 
1499 627 625 1323 
1500 727 754 755 
1501 984 1186 1460 
1502 546 959 1349 
1503 768 920 1596 
1504 605 665 1620 
1505 1023 1006 1466 
1506 893 894 895 
1507 709 736 871 
1508 895 896 897 
1509 963 1432 1556 
1510 897 898 899 
1511 663 628 1618 
1512 1135 1134 1502 
1513 1167 1032 1518 
1514 700 555 1520 
1515 1133 1135 1136 
1516 1148 782 1473 
1517 931 1083 1467 
1518 1152 1388 1542 
1519 1188 1100 1407 
1520 582 583 584 
1521 1258 1053 1290 
1522 595 664 1603 
1523 1243 1130 1545 
1524 961 1166 1194 
1525 1042 1013 1586 
1526 971 972 1512 
1527 1044 633 1543 
1528 885 886 887 
1529 1174 521 1423 
1530 1183 120 1590 
1531 584 585 586 
1532 1077 1023 1580 
1533 586 588 589 
1534 1103 1104 1420 
1535 477 1174 1423 
1536 1128 540 1306 
1537 982 1324 1559 
1538 589 590 591 
1539 626 663 1506 
1540 734 944 1132 
1541 1010 1302 1303 
1542 1140 1142 1143 
1543 883 801 1614 
1544 1153 615 1397 
1545 1133 1136 1396 
1546 1179 536 1385 
1547 1074 673 1563 
1548 932 1086 1087 
1549 887 888 889 
1550 1193 502 1621 
1551 570 571 572 
1552 1100 1166 1208 
1553 618 669 1300 
1554 128 1128 1171 
1555 1287 1272 1527 
1556 1132 668 1410 
1557 911 913 1334 
1558 1199 956 1200 
1559 1085 931 1467 
1560 554 552 1310 
1561 1083 940 1597 
1562 1036 1148 1528 
1563 572 573 574 
1564 1464 1104 1604 
1565 1034 617 1507 
1566 703 1188 1407 
1567 880 881 882 
1568 574 575 576 
1569 1010 966 1302 
1570 127 128 1171 
1571 1235 1036 1528 
1572 493 1093 1314 
1573 576 577 578 
1574 547 710 1182 
1575 980 981 1550 
1576 934 1147 1392 
1577 1189 608 1464 
1578 691 694 695 
1579 876 1300 1376 
1580 566 567 568 
1581 933 937 1320 
1582 1020 1050 1627 
1583 560 561 562 
1584 750 1180 1485 
1585 115 491 1508 
1586 1104 1103 1604 
1587 1041 1125 1500 
1588 1181 453 1489 
1589 1425 1138 1615 
1590 695 705 706 
1591 557 554 1310 
1592 1096 1092 1192 
1593 1307 960 1415 
1594 967 968 1330 
1595 1169 595 1603 
1596 556 557 558 
1597 748 877 878 
1598 879 1129 1584 
1599 1040 1126 1511 
1600 1254 1173 1426 
1601 820 818 821 
1602 1527 883 1614 
1603 973 1022 1524 
1604 491 1487 1508 
1605 666 624 1305 
1606 1046 1045 1496 
1607 960 982 983 
1608 634 632 635 
1609 916 917 960 
1610 871 736 1615 
1611 669 620 1560 
1612 465 1287 1536 
1613 562 563 564 
1614 1203 236 1499 
1615 1486 1016 1626 
1616 958 974 1469 
1617 472 1184 1472 
1618 1078 984 1460 
1619 812 809 1631 
1620 1024 1044 1301 
1621 1352 935 1461 
1622 1172 761 1304 
1623 587 1167 1518 
1624 674 1079 1551 
1625 790 788 791 
1626 1033 1034 1450 
1627 1043 1346 1525 
1628 1257 1256 1330 
1629 1012 1185 1377 
1630 519 1186 1430 
1631 696 1177 1323 
1632 1080 542 1295 
1633 656 674 1595 
1634 698 739 933 
1635 1103 109 1635 
1636 618 616 619 
1637 946 977 1427 
1638 1066 1287 1527 
1639 682 763 916 
1640 717 731 1322 
1641 669 1368 1376 
1642 1004 1196 1225 
1643 822 821 823 
1644 1147 934 1585 
1645 1127 908 1463 
1646 1005 1217 1530 
1647 858 857 859 
1648 856 855 857 
1649 854 853 855 
1650 852 851 853 
1651 850 849 851 
1652 848 847 849 
1653 824 823 825 
1654 846 845 847 
1655 844 843 845 
1656 842 841 843 
1657 840 839 841 
1658 838 837 839 
1659 836 835 837 
1660 834 833 835 
1661 832 831 833 
1662 830 829 831 
1663 828 827 829 
1664 826 825 827 
1665 860 859 861 
1666 100 101 541 
1667 862 861 863 
1668 956 906 1113 
1669 916 960 1307 
1670 673 1011 1475 
1671 769 719 770 
1672 864 863 865 
1673 1144 1153 1154 
1674 1148 1062 1364 
1675 1025 1178 1179 
1676 625 696 1323 
1677 1303 1438 1471 
1678 636 635 637 
1679 682 916 1316 
1680 638 637 639 
1681 640 639 641 
1682 642 641 643 
1683 644 643 645 
1684 646 645 647 
1685 648 647 649 
1686 650 649 651 
1687 652 651 653 
1688 654 653 655 
1689 1101 1102 1604 
1690 760 701 964 
1691 656 655 657 
1692 1502 114 1508 
1693 660 684 685 
1694 1468 1191 1611 
1695 1065 1066 1614 
1696 603 601 604 
1697 541 101 1215 
1698 1190 958 1469 
1699 1147 605 1620 
1700 792 791 793 
1701 1305 919 1378 
1702 866 865 867 
1703 794 793 795 
1704 673 1475 1563 
1705 796 795 798 
1706 799 798 800 
1707 801 800 802 
1708 803 802 806 
1709 902 899 903 
1710 1396 1136 1488 
1711 807 806 808 
1712 809 808 810 
1713 811 810 813 
1714 814 813 815 
1715 816 815 817 
1716 757 729 758 
1717 1088 540 1577 
1718 714 721 1331 
1719 868 867 1138 
1720 1287 1066 1536 
1721 990 1404 1587 
1722 913 976 1334 
1723 620 619 621 
1724 906 1002 1113 
1725 622 621 623 
1726 624 623 625 
1727 626 625 627 
1728 628 627 629 
1729 630 629 631 
1730 522 1198 1504 
1731 128 129 1128 
1732 1205 470 1261 
1733 593 591 594 
1734 1028 758 1292 
1735 490 1183 1210 
1736 771 770 772 
1737 1027 1028 1209 
1738 667 1165 1593 
1739 773 772 774 
1740 1237 1077 1580 
1741 775 774 776 
1742 777 776 778 
1743 779 778 783 
1744 784 783 785 
1745 534 1190 1517 
1746 1355 680 1463 
1747 786 785 787 
1748 891 889 892 
1749 1233 515 1432 
1750 1204 530 1521 
1751 1361 869 1563 
1752 101 102 1215 
1753 605 604 606 
1754 698 933 1310 
1755 1022 939 1610 
1756 658 657 659 
1757 555 556 1628 
1758 607 606 609 
1759 610 609 611 
1760 1115 1116 1347 
1761 612 611 613 
1762 614 613 615 
1763 582 580 583 
1764 1246 1430 1599 
1765 478 1187 1500 
1766 925 924 926 
1767 664 597 1605 
1768 459 1231 1550 
1769 1170 466 1494 
1770 945 1114 1616 
1771 904 903 905 
1772 1322 938 1431 
1773 906 905 1002 
1774 550 548 551 
1775 1187 1041 1500 
1776 1526 927 1608 
1777 885 882 886 
1778 1132 944 1133 
1779 1101 1604 1635 
1780 1070 1361 1563 
1781 595 594 596 
1782 570 568 571 
1783 507 1224 1225 
1784 920 1205 1206 
1785 597 596 598 
1786 599 598 600 
1787 922 1170 1494 
1788 143 1191 1468 
1789 1151 1152 1542 
1790 731 938 1322 
1791 1054 1483 1588 
1792 672 1031 1497 
1793 126 496 1458 
1794 762 681 1216 
1795 893 892 894 
1796 895 894 896 
1797 897 896 898 
1798 635 632 1327 
1799 1255 1114 1486 
1800 838 980 1514 
1801 1192 498 1613 
1802 1193 1040 1511 
1803 552 551 698 
1804 1331 951 1440 
1805 687 1058 1526 
1806 742 689 1107 
1807 957 1115 1449 
1808 918 1163 1491 
1809 880 878 881 
1810 584 583 585 
1811 1010 1192 1613 
1812 566 564 567 
1813 965 964 966 
1814 560 558 561 
1815 569 570 1470 
1816 586 585 588 
1817 680 1354 1491 
1818 88 223 503 
1819 180 44 471 
1820 87 222 451 
1821 24 159 1220 
1822 222 86 1219 
1823 86 221 501 
1824 148 12 1222 
1825 181 45 506 
1826 225 89 453 
1827 220 84 452 
1828 90 225 1224 
1829 84 219 1226 
1830 226 90 507 
1831 219 83 508 
1832 92 227 454 
1833 82 217 455 
1834 217 81 1228 
1835 81 216 510 
1836 215 79 457 
1837 79 214 1229 
1838 214 78 511 
1839 77 212 458 
1840 212 76 1230 
1841 76 211 512 
1842 74 209 1231 
1843 210 74 459 
1844 209 73 513 
1845 145 9 485 
1846 10 145 1232 
1847 146 10 515 
1848 12 147 484 
1849 150 14 483 
1850 15 150 1236 
1851 151 15 516 
1852 17 152 482 
1853 153 17 1238 
1854 18 153 517 
1855 155 19 481 
1856 20 155 1241 
1857 156 20 518 
1858 22 157 480 
1859 160 24 479 
1860 25 160 1245 
1861 161 25 519 
1862 27 162 478 
1863 163 27 1247 
1864 28 163 520 
1865 165 29 477 
1866 166 30 521 
1867 32 167 476 
1868 168 32 1249 
1869 33 168 522 
1870 170 34 475 
1871 35 170 1253 
1872 171 35 523 
1873 37 172 474 
1874 173 37 1255 
1875 38 173 524 
1876 175 39 473 
1877 40 175 1256 
1878 176 40 525 
1879 42 177 472 
1880 179 43 502 
1881 44 179 1260 
1882 47 182 470 
1883 183 47 1262 
1884 48 183 526 
1885 185 49 469 
1886 50 185 1264 
1887 186 50 527 
1888 52 187 468 
1889 188 52 1266 
1890 53 188 528 
1891 190 54 467 
1892 55 190 1268 
1893 191 55 529 
1894 57 192 466 
1895 193 57 1271 
1896 58 193 530 
1897 195 59 465 
1898 60 195 1273 
1899 196 60 531 
1900 62 197 464 
1901 198 62 1276 
1902 63 198 532 
1903 200 64 463 
1904 65 200 1279 
1905 201 65 533 
1906 67 202 462 
1907 203 67 1282 
1908 68 203 534 
1909 205 69 461 
1910 70 205 1284 
1911 206 70 535 
1912 72 207 460 
1913 45 180 1221 
1914 13 148 505 
1915 159 23 504 
1916 223 87 1218 
1917 69 204 1283 
1918 202 66 1281 
1919 64 199 1278 
1920 66 201 1280 
1921 199 63 1277 
1922 59 194 1287 
1923 197 61 1275 
1924 192 56 1288 
1925 194 58 1272 
1926 61 196 1274 
1927 56 191 1270 
1928 187 51 1289 
1929 51 186 1265 
1930 49 184 1263 
1931 177 41 1290 
1932 182 46 1261 
1933 43 178 1259 
1934 41 176 1258 
1935 715 717 1322 
1936 36 171 1254 
1937 34 169 1251 
1938 169 33 1250 
1939 29 164 1291 
1940 589 588 590 
1941 164 28 1248 
1942 162 26 1246 
1943 157 21 1243 
1944 158 22 1244 
1945 940 746 942 
1946 690 709 1544 
1947 21 156 1242 
1948 19 154 1293 
1949 184 48 1336 
1950 1296 1132 1410 
1951 89 224 1223 
1952 1124 1008 1473 
1953 152 16 1237 
1954 818 817 1212 
1955 154 18 1240 
1956 149 13 1286 
1957 887 886 888 
1958 502 1193 1511 
1959 1309 509 1467 
1960 147 11 1234 
1961 224 88 1217 
1962 1122 1053 1443 
1963 1104 1418 1419 
1964 1400 670 1585 
1965 1166 1098 1194 
1966 572 571 573 
1967 1348 666 1378 
1968 474 1426 1616 
1969 1045 985 1505 
1970 748 744 877 
1971 619 616 1333 
1972 14 149 1235 
1973 556 554 557 
1974 1309 1083 1317 
1975 574 573 575 
1976 1137 1328 1382 
1977 1000 1202 1499 
1978 1009 1010 1613 
1979 943 733 961 
1980 1028 1169 1603 
1981 11 146 1233 
1982 576 575 577 
1983 964 701 1402 
1984 914 708 1480 
1985 174 38 1321 
1986 1120 1263 1336 
1987 712 714 1331 
1988 578 577 608 
1989 788 787 1344 
1990 968 1257 1330 
1991 761 1172 1465 
1992 721 951 1331 
1993 933 739 937 
1994 909 1239 1466 
1995 956 1113 1444 
1996 1016 1146 1626 
1997 970 966 1009 
1998 929 1113 1622 
1999 562 561 563 
2000 1451 1096 1471 
2001 989 959 1145 
2002 723 949 950 
2003 1111 1526 1608 
2004 1385 1384 1386 
2005 601 600 1296 
2006 960 917 982 
2007 1060 1219 1625 
2008 1149 971 1512 
2009 916 763 917 
2010 899 898 1298 
2011 782 781 1473 
2012 1374 1387 1573 
2013 912 708 914 
2014 979 989 1629 
2015 1050 1537 1601 
2016 914 1177 1493 
2017 959 544 1145 
2018 9 144 1308 
2019 737 707 1318 
2020 136 135 1202 
2021 228 92 1227 
2022 940 1371 1597 
2023 578 608 1297 
2024 706 723 1213 
2025 1206 1205 1261 
2026 495 108 1568 
2027 569 1470 1525 
2028 498 124 1479 
2029 1171 1128 1306 
2030 1273 1090 1539 
2031 1156 1060 1425 
2032 961 733 1405 
2033 1144 1154 1529 
2034 106 107 1324 
2035 1204 883 1527 
2036 515 1347 1432 
2037 892 889 1343 
2038 920 1206 1541 
2039 16 151 1394 
2040 564 563 1316 
2041 760 964 965 
2042 1053 1258 1443 
2043 731 752 938 
2044 766 924 925 
2045 1172 1171 1306 
2046 1170 1018 1521 
2047 600 734 1296 
2048 729 716 1292 
2049 1162 978 1571 
2050 631 708 911 
2051 878 877 1328 
2052 506 1206 1540 
2053 1216 681 1339 
2054 721 727 951 
2055 755 1026 1027 
2056 1386 487 1387 
2057 757 758 1453 
2058 911 912 913 
2059 913 915 975 
2060 898 1167 1298 
2061 1275 1274 1446 
2062 109 110 1635 
2063 120 1345 1590 
2064 886 882 1346 
2065 580 578 1297 
2066 120 121 1345 
2067 1104 1419 1420 
2068 691 685 694 
2069 921 963 1556 
2070 632 631 1327 
2071 698 551 738 
2072 1095 1157 1533 
2073 1133 1134 1135 
2074 1148 1364 1528 
2075 207 71 1380 
2076 953 1425 1615 
2077 30 165 1423 
2078 234 233 1295 
2079 561 558 1339 
2080 1210 914 1493 
2081 739 738 979 
2082 698 738 739 
2083 719 713 1400 
2084 54 189 1401 
2085 144 8 514 
2086 925 926 927 
2087 1025 1179 1180 
2088 600 733 734 
2089 616 615 1333 
2090 676 635 1327 
2091 93 228 509 
2092 125 126 1458 
2093 1173 945 1616 
2094 1061 812 1631 
2095 734 943 944 
2096 898 900 1167 
2097 662 1195 1393 
2098 1212 817 1301 
2099 960 983 1415 
2100 1111 687 1526 
2101 105 106 1412 
2102 821 818 1212 
2103 1181 1004 1225 
2104 73 208 1398 
2105 495 1420 1559 
2106 965 966 970 
2107 558 557 1339 
2108 660 659 684 
2109 172 36 1426 
2110 1175 875 1543 
2111 925 927 1165 
2112 743 909 1570 
2113 791 788 1344 
2114 1019 1061 1631 
2115 1083 1309 1467 
2116 857 855 869 
2117 851 849 935 
2118 847 845 870 
2119 843 841 1161 
2120 825 823 875 
2121 839 837 908 
2122 833 831 918 
2123 829 827 1211 
2124 861 859 1070 
2125 1161 675 1624 
2126 865 863 874 
2127 762 1216 1320 
2128 1430 1186 1599 
2129 637 635 676 
2130 641 639 693 
2131 647 645 688 
2132 651 649 692 
2133 670 1147 1585 
2134 888 1043 1214 
2135 563 681 682 
2136 1018 1204 1521 
2137 604 601 1296 
2138 795 793 876 
2139 802 800 1012 
2140 808 806 1348 
2141 813 810 919 
2142 817 815 1313 
2143 917 763 1014 
2144 567 564 1316 
2145 657 655 661 
2146 26 161 1430 
2147 552 698 1310 
2148 758 729 1292 
2149 889 888 1343 
2150 621 619 678 
2151 1146 1321 1626 
2152 625 623 696 
2153 631 629 708 
2154 568 567 1447 
2155 903 899 1298 
2156 530 1271 1521 
2157 682 762 763 
2158 678 619 1333 
2159 583 580 1297 
2160 772 770 934 
2161 1404 990 1575 
2162 776 774 1207 
2163 783 778 952 
2164 787 785 1195 
2165 942 1326 1484 
2166 229 93 1309 
2167 563 561 681 
2168 609 606 668 
2169 613 611 725 
2170 702 760 761 
2171 977 1329 1532 
2172 954 1198 1434 
2173 596 594 679 
2174 1133 944 1134 
2175 1138 867 1139 
2176 600 598 733 
2177 1002 905 1110 
2178 882 881 1346 
2179 1209 1028 1603 
2180 577 575 741 
2181 573 571 683 
2182 588 585 703 
2183 1158 1073 1439 
2184 1222 1076 1630 
2185 1160 1071 1341 
2186 682 681 762 
2187 898 896 900 
2188 1077 1237 1394 
2189 31 1201 1409 
2190 894 892 1106 
2191 235 234 542 
2192 987 1149 1633 
2193 1054 942 1484 
2194 881 878 1328 
2195 1027 1209 1337 
2196 983 1419 1602 
2197 1375 1320 1441 
2198 1250 522 1504 
2199 869 1353 1474 
2200 888 886 1043 
2201 1060 868 1425 
2202 1244 1158 1448 
2203 1387 487 1403 
2204 702 701 760 
2205 710 750 1182 
2206 1117 990 1587 
2207 1080 1081 1082 
2208 911 708 912 
2209 913 912 915 
2210 1371 1054 1588 
2211 944 943 1312 
2212 1185 1012 1560 
2213 631 911 1327 
2214 734 733 943 
2215 742 1107 1311 
2216 1505 1267 1519 
2217 915 1183 1590 
2218 744 742 1311 
2219 531 1273 1539 
2220 591 590 1535 
2221 167 31 1409 
2222 86 501 1219 
2223 503 223 1218 
2224 451 222 1219 
2225 471 44 1260 
2226 180 471 1221 
2227 87 451 1218 
2228 479 24 1220 
2229 225 453 1224 
2230 452 84 1226 
2231 12 484 1222 
2232 507 90 1224 
2233 219 508 1226 
2234 505 148 1222 
2235 455 217 1228 
2236 81 510 1228 
2237 457 79 1229 
2238 214 511 1229 
2239 519 25 1245 
2240 522 168 1249 
2241 523 35 1253 
2242 516 15 1236 
2243 518 20 1241 
2244 515 10 1232 
2245 458 212 1230 
2246 37 474 1255 
2247 57 466 1271 
2248 62 464 1276 
2249 175 473 1256 
2250 195 465 1273 
2251 200 463 1279 
2252 525 40 1256 
2253 531 60 1273 
2254 533 65 1279 
2255 524 173 1255 
2256 530 193 1271 
2257 532 198 1276 
2258 17 482 1238 
2259 27 478 1247 
2260 517 153 1238 
2261 520 163 1247 
2262 179 502 1260 
2263 145 485 1232 
2264 150 483 1236 
2265 155 481 1241 
2266 459 74 1231 
2267 76 512 1230 
2268 527 50 1264 
2269 535 70 1284 
2270 526 183 1262 
2271 32 476 1249 
2272 529 55 1268 
2273 160 479 1245 
2274 528 188 1266 
2275 534 203 1282 
2276 170 475 1253 
2277 209 513 1231 
2278 47 470 1262 
2279 185 469 1264 
2280 205 461 1284 
2281 52 468 1266 
2282 67 462 1282 
2283 190 467 1268 
2284 159 504 1220 
2285 506 45 1221 
2286 461 69 1283 
2287 462 202 1281 
2288 463 64 1278 
2289 201 533 1280 
2290 63 532 1277 
2291 66 1280 1281 
2292 465 59 1287 
2293 464 197 1275 
2294 199 1277 1278 
2295 466 192 1288 
2296 58 530 1272 
2297 196 531 1274 
2298 194 1272 1287 
2299 61 1274 1275 
2300 191 529 1270 
2301 468 187 1289 
2302 56 1270 1288 
2303 186 527 1265 
2304 469 49 1263 
2305 51 1265 1289 
2306 472 177 1290 
2307 470 182 1261 
2308 502 43 1259 
2309 176 525 1258 
2310 41 1258 1290 
2311 171 523 1254 
2312 475 34 1251 
2313 33 522 1250 
2314 477 29 1291 
2315 169 1250 1251 
2316 28 520 1248 
2317 665 1207 1392 
2318 164 1248 1291 
2319 478 162 1246 
2320 480 157 1243 
2321 48 526 1336 
2322 1263 184 1336 
2323 1116 767 1325 
2324 22 480 1244 
2325 156 518 1242 
2326 481 19 1293 
2327 453 89 1223 
2328 21 1242 1243 
2329 695 694 705 
2330 548 546 1349 
2331 482 152 1237 
2332 18 517 1240 
2333 13 505 1286 
2334 1426 1173 1616 
2335 484 147 1234 
2336 88 503 1217 
2337 38 524 1321 
2338 154 1240 1293 
2339 590 1208 1535 
2340 1012 1368 1560 
2341 483 14 1235 
2342 224 1217 1223 
2343 952 1176 1547 
2344 536 1384 1385 
2345 760 965 1304 
2346 1380 1149 1512 
2347 146 515 1233 
2348 1344 787 1450 
2349 1235 149 1286 
2350 947 1087 1516 
2351 534 1282 1329 
2352 1301 817 1313 
2353 781 1124 1473 
2354 706 705 723 
2355 563 682 1316 
2356 761 760 1304 
2357 11 1233 1234 
2358 1106 892 1343 
2359 1604 1103 1635 
2360 23 158 1448 
2361 1223 1005 1489 
2362 231 95 941 
2363 1498 980 1550 
2364 579 587 1518 
2365 94 229 1317 
2366 1562 535 1633 
2367 991 1123 1561 
2368 993 1121 1549 
2369 151 516 1394 
2370 995 1131 1574 
2371 1398 1162 1571 
2372 1307 683 1447 
2373 1237 16 1394 
2374 936 1413 1583 
2375 1051 1442 1537 
2376 752 766 1332 
2377 460 207 1380 
2378 1206 506 1541 
2379 165 477 1423 
2380 521 30 1423 
2381 467 54 1401 
2382 137 136 497 
2383 681 561 1339 
2384 1418 1104 1464 
2385 685 684 1428 
2386 507 1225 1589 
2387 513 73 1398 
2388 485 9 1308 
2389 1043 886 1346 
2390 1044 1212 1301 
2391 727 755 1337 
2392 474 172 1426 
2393 36 1254 1426 
2394 92 454 1227 
2395 1184 1259 1472 
2396 1257 1122 1443 
2397 1219 501 1625 
2398 953 1156 1425 
2399 161 519 1430 
2400 973 1267 1505 
2401 239 1082 1437 
2402 551 548 1349 
2403 1246 26 1430 
2404 877 744 1311 
2405 95 230 1370 
2406 746 706 1213 
2407 1228 510 1340 
2408 535 1284 1285 
2409 529 1268 1269 
2410 528 1266 1267 
2411 1265 527 1299 
2412 525 1256 1257 
2413 475 1251 1252 
2414 1013 1150 1586 
2415 1226 508 1342 
2416 1239 1445 1466 
2417 1485 1180 1534 
2418 1178 930 1611 
2419 1324 982 1411 
2420 515 1232 1347 
2421 476 167 1409 
2422 1242 518 1350 
2423 684 659 701 
2424 888 1214 1343 
2425 853 851 1352 
2426 835 833 1354 
2427 481 1293 1294 
2428 517 1238 1239 
2429 849 847 1356 
2430 845 843 1357 
2431 841 839 1358 
2432 831 829 1359 
2433 827 825 1360 
2434 859 857 1361 
2435 855 853 1353 
2436 837 835 1355 
2437 863 861 1362 
2438 968 757 1453 
2439 800 798 1368 
2440 1247 478 1500 
2441 504 23 1448 
2442 139 3 998 
2443 158 1244 1448 
2444 211 75 1456 
2445 1368 669 1560 
2446 655 653 1367 
2447 1229 511 1351 
2448 643 641 1365 
2449 649 647 1366 
2450 639 637 1369 
2451 7 142 486 
2452 539 805 1452 
2453 702 761 1422 
2454 1236 483 1364 
2455 1134 944 1312 
2456 738 551 1349 
2457 218 82 1457 
2458 823 821 1389 
2459 230 94 456 
2460 178 42 1472 
2461 1286 505 1335 
2462 512 211 1456 
2463 1260 502 1511 
2464 937 739 1338 
2465 85 220 1459 
2466 487 1386 1390 
2467 770 719 1400 
2468 653 651 1438 
2469 142 6 1363 
2470 82 455 1457 
2471 1310 933 1538 
2472 42 472 1472 
2473 1259 178 1472 
2474 496 1454 1458 
2475 798 795 1376 
2476 739 979 1338 
2477 806 802 1377 
2478 810 808 1378 
2479 815 813 1379 
2480 220 452 1459 
2481 215 457 1462 
2482 80 215 1462 
2483 938 752 1332 
2484 1180 1179 1385 
2485 477 1291 1413 
2486 53 528 1481 
2487 927 926 1608 
2488 867 865 1381 
2489 1303 1367 1438 
2490 113 114 1502 
2491 1277 532 1383 
2492 1319 467 1610 
2493 6 141 536 
2494 77 458 1477 
2495 4 139 1403 
2496 623 621 1388 
2497 189 53 1481 
2498 114 115 1508 
2499 1186 907 1599 
2500 684 701 702 
2501 1345 975 1590 
2502 793 791 1399 
2503 141 5 1384 
2504 494 1312 1510 
2505 951 727 1337 
2506 1394 516 1594 
2507 778 776 1391 
2508 785 783 1393 
2509 68 534 1517 
2510 1283 204 1517 
2511 766 925 1332 
2512 1209 664 1619 
2513 1230 512 1404 
2514 1270 1068 1288 
2515 907 1187 1599 
2516 925 1165 1332 
2517 213 77 1477 
2518 1045 1505 1519 
2519 473 39 1531 
2520 5 140 1390 
2521 181 506 1540 
2522 1261 46 1540 
2523 1200 956 1444 
2524 611 609 1395 
2525 615 613 1397 
2526 1386 1384 1390 
2527 1014 763 1375 
2528 1520 555 1628 
2529 206 535 1562 
2530 1329 977 1581 
2531 8 143 1468 
2532 789 973 1576 
2533 1194 1097 1609 
2534 1411 1014 1412 
2535 511 78 1572 
2536 1481 528 1524 
2537 501 221 1632 
2538 72 460 1578 
2539 508 83 1612 
2540 210 459 1582 
2541 755 1027 1337 
2542 510 216 1591 
2543 663 1313 1379 
2544 2 137 1372 
2545 1300 876 1507 
2546 140 4 487 
2547 1249 476 1434 
2548 233 97 537 
2549 961 1194 1510 
2550 174 1321 1531 
2551 571 568 1447 
2552 463 1278 1421 
2553 1276 464 1416 
2554 144 514 1308 
2555 764 711 1455 
2556 1212 1044 1389 
2557 100 541 1553 
2558 1184 910 1621 
2559 606 604 1410 
2560 943 961 1510 
2561 736 953 1615 
2562 509 228 1227 
2563 598 596 1405 
2564 694 685 1428 
2565 462 1281 1427 
2566 1414 683 1415 
2567 1418 741 1419 
2568 226 507 1515 
2569 1172 1306 1465 
2570 905 903 1417 
2571 1136 1135 1487 
2572 1432 1116 1556 
2573 1395 668 1396 
2574 896 894 1406 
2575 1196 1197 1589 
2576 1208 679 1535 
2577 1401 189 1481 
2578 1082 1081 1546 
2579 1328 877 1382 
2580 454 227 1548 
2581 763 762 1375 
2582 1143 1144 1529 
2583 590 588 1407 
2584 851 935 1352 
2585 833 918 1354 
2586 847 870 1356 
2587 843 1161 1357 
2588 839 908 1358 
2589 829 1211 1359 
2590 857 869 1361 
2591 825 875 1360 
2592 874 863 1362 
2593 1221 471 1429 
2594 935 849 1356 
2595 870 845 1357 
2596 1161 841 1358 
2597 918 831 1359 
2598 1211 827 1360 
2599 1070 859 1361 
2600 861 1070 1362 
2601 869 855 1353 
2602 908 837 1355 
2603 1012 800 1368 
2604 659 657 1402 
2605 692 649 1366 
2606 693 639 1369 
2607 641 693 1365 
2608 647 688 1366 
2609 637 676 1369 
2610 1128 129 1552 
2611 875 823 1389 
2612 661 655 1367 
2613 762 1320 1375 
2614 575 573 1414 
2615 1290 1053 1513 
2616 950 949 1164 
2617 1348 806 1377 
2618 919 810 1378 
2619 1313 815 1379 
2620 651 692 1438 
2621 125 1458 1478 
2622 865 874 1381 
2623 608 577 1418 
2624 795 876 1376 
2625 802 1012 1377 
2626 821 1212 1389 
2627 808 1348 1378 
2628 1248 520 1435 
2629 813 919 1379 
2630 696 623 1388 
2631 585 583 1424 
2632 933 1216 1538 
2633 702 1422 1428 
2634 965 970 1454 
2635 662 1393 1547 
2636 876 793 1399 
2637 1466 1006 1570 
2638 999 1485 1534 
2639 952 778 1391 
2640 1195 785 1393 
2641 949 724 1088 
2642 982 917 1411 
2643 741 575 1414 
2644 1314 975 1600 
2645 621 678 1388 
2646 1168 1252 1579 
2647 693 1315 1533 
2648 919 1305 1506 
2649 204 68 1517 
2650 725 611 1395 
2651 683 571 1447 
2652 934 770 1400 
2653 1139 867 1381 
2654 733 598 1405 
2655 723 705 724 
2656 975 1345 1600 
2657 910 1193 1621 
2658 1380 71 1562 
2659 776 1207 1391 
2660 783 952 1393 
2661 668 606 1410 
2662 791 1344 1399 
2663 975 915 1590 
2664 485 1308 1449 
2665 703 585 1424 
2666 900 896 1406 
2667 609 668 1395 
2668 613 725 1397 
2669 1110 905 1417 
2670 1264 469 1433 
2671 875 1389 1543 
2672 91 226 1515 
2673 917 1014 1411 
2674 1398 208 1578 
2675 39 174 1531 
2676 723 724 949 
2677 596 679 1405 
2678 1584 1030 1617 
2679 1455 549 1555 
2680 608 1418 1464 
2681 604 1296 1410 
2682 942 746 1213 
2683 588 703 1407 
2684 1206 1261 1540 
2685 970 1009 1478 
2686 93 509 1309 
2687 46 181 1540 
2688 573 683 1414 
2689 894 1106 1406 
2690 577 741 1418 
2691 903 1298 1417 
2692 1514 1498 1571 
2693 853 1352 1353 
2694 835 1354 1355 
2695 1445 1023 1466 
2696 1149 1562 1633 
2697 657 661 1402 
2698 787 1195 1450 
2699 877 1311 1382 
2700 583 1297 1424 
2701 1304 965 1454 
2702 688 645 1503 
2703 871 1139 1551 
2704 1190 1283 1517 
2705 1320 937 1441 
2706 1368 798 1376 
2707 708 629 1480 
2708 1389 1044 1543 
2709 96 231 1476 
2710 1367 653 1438 
2711 467 1401 1610 
2712 942 1213 1326 
2713 1344 1034 1399 
2714 920 1541 1596 
2715 701 659 1402 
2716 627 1323 1480 
2717 1381 874 1436 
2718 1034 1344 1450 
2719 71 206 1562 
2720 227 91 1548 
2721 494 1510 1609 
2722 664 1440 1619 
2723 1288 1068 1494 
2724 1387 1374 1522 
2725 663 1379 1506 
2726 679 594 1535 
2727 519 1245 1460 
2728 1207 774 1567 
2729 1317 1083 1597 
2730 542 1080 1082 
2731 514 8 1468 
2732 78 213 1572 
2733 1225 1196 1589 
2734 1399 1034 1507 
2735 1404 512 1587 
2736 99 100 1553 
2737 129 130 1552 
2738 994 1404 1575 
2739 974 1285 1564 
2740 208 72 1578 
2741 1177 1141 1493 
2742 1157 1365 1533 
2743 3 138 1482 
2744 645 643 1503 
2745 781 700 1520 
2746 1393 952 1547 
2747 1214 1043 1470 
2748 75 210 1582 
2749 879 1584 1617 
2750 1150 1459 1586 
2751 684 702 1428 
2752 772 934 1567 
2753 934 1392 1567 
2754 629 627 1480 
2755 1258 525 1443 
2756 1456 75 1582 
2757 216 80 1591 
2758 461 1283 1469 
2759 538 488 1483 
2760 1116 1325 1556 
2761 1366 688 1451 
2762 1131 1457 1574 
2763 1259 1184 1621 
2764 218 1457 1612 
2765 229 1309 1317 
2766 1238 482 1445 
2767 80 1462 1591 
2768 557 1310 1538 
2769 1077 1394 1594 
2770 85 1459 1632 
2771 83 218 1612 
2772 1392 1207 1567 
2773 643 1365 1503 
2774 525 1257 1443 
2775 213 1477 1572 
2776 1374 997 1522 
2777 221 85 1632 
2778 939 1319 1610 
2779 1454 970 1458 
2780 484 1234 1495 
2781 876 1399 1507 
2782 135 1 1203 
2783 1458 970 1478 
2784 1329 1282 1532 
2785 983 982 1559 
2786 737 1318 1516 
2787 1080 538 1081 
2788 1240 517 1490 
2789 1414 1415 1602 
2790 542 234 1295 
2791 1239 1238 1445 
2792 468 1289 1496 
2793 1312 943 1510 
2794 517 1239 1490 
2795 1357 1161 1624 
2796 1379 919 1506 
2797 1267 1266 1519 
2798 529 1269 1501 
2799 1483 1054 1484 
2800 1231 513 1498 
2801 524 1255 1486 
2802 1350 518 1607 
2803 1023 1445 1580 
2804 709 871 1544 
2805 1022 1481 1524 
2806 594 591 1535 
2807 537 538 1080 
2808 1285 1284 1564 
2809 466 1288 1494 
2810 453 1223 1489 
2811 690 1544 1569 
2812 1123 1462 1561 
2813 1251 1250 1579 
2814 1456 1117 1587 
2815 941 95 1370 
2816 1285 974 1598 
2817 1315 1095 1533 
2818 1347 1116 1432 
2819 1301 1313 1618 
2820 1294 1293 1557 
2821 908 1355 1463 
2822 91 1515 1548 
2823 460 1380 1512 
2824 1362 1070 1475 
2825 1326 1081 1484 
2826 741 1414 1602 
2827 987 1285 1598 
2828 1321 1146 1531 
2829 1469 974 1564 
2830 1364 483 1528 
2831 1370 456 1371 
2832 1584 1350 1607 
2833 1267 973 1524 
2834 481 1294 1634 
2835 472 1290 1513 
2836 1413 1291 1583 
2837 926 929 1608 
2838 1436 1011 1595 
2839 456 94 1317 
2840 774 772 1567 
2841 462 1427 1532 
2842 1406 1106 1497 
2843 1266 468 1519 
2844 1230 1404 1606 
2845 1022 1401 1481 
2846 1487 491 1623 
2847 978 1514 1571 
2848 1081 538 1484 
2849 1428 1422 1509 
2850 1270 529 1501 
2851 1387 1403 1573 
2852 1544 871 1551 
2853 1335 505 1630 
2854 1549 458 1606 
2855 528 1267 1524 
2856 230 456 1370 
2857 463 1421 1601 
2858 1419 741 1602 
2859 963 1495 1565 
2860 950 1164 1437 
2861 973 1505 1576 
2862 1149 1380 1562 
2863 232 96 488 
2864 1477 458 1549 
2865 1282 462 1532 
2866 1478 1009 1479 
2867 1354 918 1491 
2868 1339 557 1538 
2869 1162 1398 1578 
2870 1365 1157 1503 
2871 664 1209 1603 
2872 1216 1339 1538 
2873 724 705 1509 
2874 533 1279 1537 
2875 138 2 489 
2876 486 142 1363 
2877 1217 503 1530 
2878 1248 1435 1583 
2879 483 1235 1528 
2880 139 998 1403 
2881 1462 457 1561 
2882 233 537 1295 
2883 1233 1432 1565 
2884 236 1452 1499 
2885 6 536 1363 
2886 1440 951 1619 
2887 1325 921 1556 
2888 1422 724 1509 
2889 1498 513 1571 
2890 1553 541 1554 
2891 1293 1240 1557 
2892 1252 1251 1579 
2893 536 141 1384 
2894 1457 455 1574 
2895 1284 461 1564 
2896 1121 1477 1549 
2897 493 1314 1600 
2898 1250 1504 1579 
2899 1103 1420 1568 
2900 538 1483 1484 
2901 535 1285 1633 
2902 513 1398 1571 
2903 468 1496 1519 
2904 1437 1082 1546 
2905 1384 5 1390 
2906 461 1469 1564 
2907 487 4 1403 
2908 1421 1021 1627 
2909 1068 1270 1501 
2910 1285 987 1633 
2911 1165 927 1593 
2912 1024 1301 1618 
2913 1385 1386 1534 
2914 1117 1456 1582 
2915 137 497 1372 
2916 1457 1131 1612 
2917 1459 452 1586 
2918 1227 454 1566 
2919 512 1456 1587 
2920 1459 1150 1632 
2921 488 1476 1483 
2922 1487 1135 1508 
2923 986 1329 1581 
2924 805 1000 1452 
2925 1462 1123 1591 
2926 140 487 1390 
2927 1515 507 1589 
2928 497 136 1202 
2929 482 1237 1580 
2930 231 941 1476 
2931 1477 1121 1572 
2932 1291 1248 1583 
2933 949 1088 1577 
2934 1445 482 1580 
2935 1240 1490 1557 
2936 1318 947 1516 
2937 1311 1107 1558 
2938 705 694 1509 
2939 1234 1233 1565 
2940 1388 678 1542 
2941 1279 463 1601 
2942 694 1428 1509 
2943 524 1486 1626 
2944 927 1526 1593 
2945 1365 693 1533 
2946 1337 1209 1619 
2947 458 1230 1606 
2948 1495 1234 1565 
2949 489 1372 1373 
2950 1427 977 1532 
2951 1164 949 1577 
2952 1321 524 1626 
2953 998 3 1482 
2954 1030 1584 1607 
2955 518 1241 1607 
2956 1241 481 1634 
2957 1522 997 1523 
2958 950 1437 1546 
2959 1537 1279 1601 
2960 1338 979 1629 
2961 505 1222 1630 
2962 565 1382 1558 
2963 1191 1178 1611 
2964 1079 1544 1551 
2965 1313 663 1618 
2966 1382 1311 1558 
2967 1420 495 1568 
2968 1392 1147 1620 
2969 1404 994 1606 
2970 1081 1326 1546 
2971 934 1400 1585 
2972 1050 1421 1627 
2973 1421 1050 1601 
2974 1515 1197 1548 
2975 1136 1487 1623 
2976 1435 936 1583 
2977 665 1392 1620 
2978 1488 1136 1623 
2979 1452 1000 1499 
2980 1129 1350 1584 
2981 951 1337 1619 
2982 1021 1592 1627 
2983 980 1498 1514 
2984 537 1080 1295 
2985 1202 135 1203 
2986 1479 1009 1613 
2987 962 1455 1555 
2988 1154 1488 1623 
2989 1401 1022 1610 
2990 1505 985 1576 
2991 498 1479 1613 
2992 999 1522 1523 
2993 930 1408 1611 
2994 1496 1045 1519 
2995 1440 664 1605 
2996 909 1466 1570 
2997 1180 1385 1534 
2998 1415 983 1602 
2999 489 2 1372 
3000 1371 456 1597 
3001 1370 1371 1588 
3002 1526 1058 1593 
3003 1049 1440 1605 
3004 1490 948 1557 
3005 1403 998 1573 
3006 1607 1241 1634 
3007 1326 950 1546 
3008 1510 1194 1609 
3009 674 1436 1595 
3010 456 1317 1597 
3011 941 1370 1588 
3012 1197 1515 1589 
3013 1504 1168 1579 
3014 488 96 1476 
3015 1544 1079 1569 
3016 1541 1039 1596 
3017 1592 1020 1627 
3018 138 489 1482 
3019 1202 1203 1499 
3020 1001 1520 1628 
3021 1608 929 1622 
3022 1030 1607 1634 
3023 238 1553 1554 
3024 1111 1608 1622 
3025 1 236 1203 
3026 97 232 488 
3027 98 235 542 
3028 239 98 1082 
3029 98 542 1082 
3030 1308 514 1408 
3031 874 1362 1475 
3032 1139 1381 1436 
$EndElements
