3152
1	7	12	1	6	-43.39529840313331
2	8	13	1	6	-23.641305441553037
3	9	14	1	6	-15.936297250808114
4	10	15	1	6	-11.455596002915264
5	11	16	1	6	-8.459583576278028
6	12	17	1	6	-6.212199894721797
7	13	18	1	6	-4.621960177663647
8	14	19	1	6	-3.5517140306518473
9	15	20	1	6	-2.770927967596486
10	16	21	1	6	-2.25687020250246
11	17	22	1	6	-1.800983950907519
12	18	23	1	6	-1.4647799143560376
13	19	24	1	6	-1.1962835058076804
14	20	25	1	6	-0.9550948855517771
15	21	26	1	6	-0.7683503044131504
16	22	27	1	6	-0.6443099982612646
17	23	28	1	6	-0.5539202911666024
18	24	29	1	6	-0.47684744374884186
19	25	30	1	6	-0.4021563657550119
20	26	31	1	6	-0.34071757137782344
21	27	32	1	6	-0.28599778527192576
22	28	33	1	6	-0.2406061274901238
23	29	34	1	6	-0.20285978313711295
24	30	35	1	6	-0.1718300060499327
25	31	36	1	6	-0.14546640212551443
26	32	37	1	6	-0.12901526406084066
27	33	38	1	6	-0.11261905534883787
28	34	39	1	6	-0.10013448655212315
29	35	40	1	6	-0.08917028664950236
30	36	41	1	6	-0.07888952383783056
31	37	42	1	6	-0.06692312265229688
32	38	43	1	6	-0.05714033314657223
33	39	44	1	6	-0.04874429924331756
34	40	45	1	6	-0.04233502327839134
35	41	46	1	6	-0.03682905700995824
36	42	47	1	6	-0.03192346766594596
37	43	48	1	6	-0.028375107001907856
38	47	52	1	6	-0.01824200480169795
39	8	13	2	7	-44.54132011089003
40	9	14	2	7	-26.241285702121125
41	10	15	2	7	-17.622964596508353
42	11	16	2	7	-12.476584607846302
43	12	17	2	7	-8.85361300085411
44	13	18	2	7	-6.4134499525057205
45	14	19	2	7	-4.815324127710802
46	15	20	2	7	-3.6808457835691977
47	16	21	2	7	-2.9437444212271213
48	17	22	2	7	-2.312469958147184
49	18	23	2	7	-1.8577977922673266
50	19	24	2	7	-1.501927636006366
51	20	25	2	7	-1.185388538127854
52	21	26	2	7	-0.9444047332722902
53	22	27	2	7	-0.7853979481751616
54	23	28	2	7	-0.6714026577228867
55	24	29	2	7	-0.5752049011783247
56	25	30	2	7	-0.48287420465248476
57	26	31	2	7	-0.40750758368427326
58	27	32	2	7	-0.34100139939397456
59	28	33	2	7	-0.28576869894507917
60	29	34	2	7	-0.24019560325520822
61	30	35	2	7	-0.20265901007428236
62	31	36	2	7	-0.17142385891963616
63	32	37	2	7	-0.15108911787557683
64	33	38	2	7	-0.13196251269024512
65	34	39	2	7	-0.11689122002921823
66	35	40	2	7	-0.10377961363588029
67	36	41	2	7	-0.09156388997191253
68	37	42	2	7	-0.07743406764587982
69	38	43	2	7	-0.06591337261300567
70	39	44	2	7	-0.05633556805946416
71	40	45	2	7	-0.04876559347285303
72	41	46	2	7	-0.04235007330093761
73	42	47	2	7	-0.036652583018348714
74	43	48	2	7	-0.0324392267344462
75	47	52	2	7	-0.02067816283655121
76	50	55	2	7	-0.015013430026976013
77	54	59	2	7	-0.010084584877835331
78	9	14	3	8	-49.571217574379176
79	10	15	3	8	-29.168097730909672
80	11	16	3	8	-19.373895451756002
81	12	17	3	8	-13.153573874010604
82	13	18	3	8	-9.21152107944648
83	14	19	3	8	-6.733377433082509
84	15	20	3	8	-5.013944378769022
85	16	21	3	8	-3.9308756057183194
86	17	22	3	8	-3.027295985557352
87	18	23	3	8	-2.3948838580528284
88	19	24	3	8	-1.9127001336323137
89	20	25	3	8	-1.4955803337744773
90	21	26	3	8	-1.1741226987492606
91	22	27	3	8	-0.9683753062660532
92	23	28	3	8	-0.8222963580475745
93	24	29	3	8	-0.6987145349786372
94	25	30	3	8	-0.5835334270873758
95	26	31	3	8	-0.4905618733940298
96	27	32	3	8	-0.40949804331675455
97	28	33	3	8	-0.34176980205546614
98	29	34	3	8	-0.28594172575732785
99	30	35	3	8	-0.24063909585513998
100	31	36	3	8	-0.20265412909253872
101	32	37	3	8	-0.17805752941511532
102	33	38	3	8	-0.15482976008252802
103	34	39	3	8	-0.13722517764944386
104	35	40	3	8	-0.12131895567996867
105	36	41	3	8	-0.10673618150884262
106	37	42	3	8	-0.08995215182519341
107	38	43	3	8	-0.07650541204101394
108	39	44	3	8	-0.06511998864709188
109	40	45	3	8	-0.056485230884708026
110	41	46	3	8	-0.04889625896807593
111	42	47	3	8	-0.0422304528227227
112	43	48	3	8	-0.03739576800408446
113	44	49	3	8	-0.0334854317479774
114	46	51	3	8	-0.026244791620090066
115	47	52	3	8	-0.023593015854992842
116	50	55	3	8	-0.017118487493433886
117	52	57	3	8	-0.013889345060978855
118	79	84	3	8	-0.0021437950252100116
119	10	15	4	9	-55.02113821561521
120	11	16	4	9	-31.94602074317848
121	12	17	4	9	-20.2767516618855
122	13	18	4	9	-13.57179309270009
123	14	19	4	9	-9.582093385019032
124	15	20	4	9	-6.916941747706982
125	16	21	4	9	-5.2869117870896805
126	17	22	4	9	-3.984072619812893
127	18	23	4	9	-3.0915788693317023
128	19	24	4	9	-2.4294920937874
129	20	25	4	9	-1.875083389667577
130	21	26	4	9	-1.4533427548090727
131	22	27	4	9	-1.1830052212638327
132	23	28	4	9	-0.9961585832628357
133	24	29	4	9	-0.8413766069494295
134	25	30	4	9	-0.6972714460255578
135	26	31	4	9	-0.5835338385810361
136	27	32	4	9	-0.4855194899481129
137	28	33	4	9	-0.40367931745297403
138	29	34	4	9	-0.3361880479068642
139	30	35	4	9	-0.28180059270496305
140	31	36	4	9	-0.23680490199067503
141	32	37	4	9	-0.2069578218755951
142	33	38	4	9	-0.17944672424336322
143	34	39	4	9	-0.15846681064115226
144	35	40	4	9	-0.13997203117146026
145	36	41	4	9	-0.12265720544821686
146	37	42	4	9	-0.10311043206718579
147	38	43	4	9	-0.08756308215621927
148	39	44	4	9	-0.07435657589332045
149	40	45	4	9	-0.06439465341325648
150	41	46	4	9	-0.05573681083403895
151	42	47	4	9	-0.047946937789431474
152	43	48	4	9	-0.04244256773228534
153	44	49	4	9	-0.03779082144088598
154	45	50	4	9	-0.033523051229115225
155	46	51	4	9	-0.02960381176204525
156	47	52	4	9	-0.02653835062764334
157	49	54	4	9	-0.020995674833567624
158	50	55	4	9	-0.019223826893538697
159	52	57	4	9	-0.015463217233145707
160	54	59	4	9	-0.01263730162476237
161	11	16	5	10	-63.66129790685312
162	12	17	5	10	-35.185794735024594
163	13	18	5	10	-22.02714781512085
164	14	19	5	10	-14.860455427965714
165	15	20	5	10	-10.31882636401389
166	16	21	5	10	-7.650604300891654
167	17	22	5	10	-5.6057300374526084
168	18	23	5	10	-4.253276918176178
169	19	24	5	10	-3.2764813995909323
170	20	25	5	10	-2.4874349432250464
171	21	26	5	10	-1.8960708230364962
172	22	27	5	10	-1.5214060443746384
173	23	28	5	10	-1.2674682134428887
174	24	29	5	10	-1.0637964081170292
175	25	30	5	10	-0.8716579163060383
176	26	31	5	10	-0.7253970739021495
177	27	32	5	10	-0.6009001499756967
178	28	33	5	10	-0.4974223707108936
179	29	34	5	10	-0.41254820233920286
180	30	35	5	10	-0.3445669965389465
181	31	36	5	10	-0.28796061547620755
182	32	37	5	10	-0.25054675947938954
183	33	38	5	10	-0.21637896303914347
184	34	39	5	10	-0.1904074652693758
185	35	40	5	10	-0.1673776983433201
186	36	41	5	10	-0.1465084734043221
187	37	42	5	10	-0.12286573420181932
188	38	43	5	10	-0.10412846020919109
189	39	44	5	10	-0.08826235299132082
190	40	45	5	10	-0.07615343218652845
191	41	46	5	10	-0.06616309150783312
192	42	47	5	10	-0.05666688435015393
193	43	48	5	10	-0.05009180757796258
194	44	49	5	10	-0.044423229582898995
195	45	50	5	10	-0.03920997759844469
196	47	52	5	10	-0.03110768888938107
197	49	54	5	10	-0.024497440207787553
198	50	55	5	10	-0.022228238219116347
199	52	57	5	10	-0.018005818799478775
200	54	59	5	10	-0.014640977514487117
201	82	87	5	10	-0.002279701517631025
202	12	17	6	11	-69.72438484817964
203	13	18	6	11	-37.93968416246051
204	14	19	6	11	-23.96586807285412
205	15	20	6	11	-15.848264613761948
206	16	21	6	11	-11.34340925810588
207	17	22	6	11	-8.049890254536674
208	18	23	6	11	-5.946442370979271
209	19	24	6	11	-4.48112221206455
210	20	25	6	11	-3.3237499995731694
211	21	26	6	11	-2.4840916536585356
212	22	27	6	11	-1.9583004339204853
213	23	28	6	11	-1.611943775230141
214	24	29	6	11	-1.3352016675836438
215	25	30	6	11	-1.087788686544874
216	26	31	6	11	-0.8981889285927619
217	27	32	6	11	-0.739667189462672
218	28	33	6	11	-0.6079027083724572
219	29	34	6	11	-0.5010315441729901
220	30	35	6	11	-0.41697722487789124
221	31	36	6	11	-0.3476613768861401
222	32	37	6	11	-0.3003923519323759
223	33	38	6	11	-0.25850244158885255
224	34	39	6	11	-0.2265996501784599
225	35	40	6	11	-0.19830429373974967
226	36	41	6	11	-0.17194889465782068
227	37	42	6	11	-0.14334128380634698
228	38	43	6	11	-0.12149492370515488
229	39	44	6	11	-0.10273732239894186
230	40	45	6	11	-0.08858404125496194
231	41	46	6	11	-0.07642351936150801
232	42	47	6	11	-0.0656263458894906
233	43	48	6	11	-0.05810078773303588
234	44	49	6	11	-0.050862391971158494
235	45	50	6	11	-0.04459873093303014
236	46	51	6	11	-0.039341626907024044
237	47	52	6	11	-0.035358527911301986
238	49	54	6	11	-0.02774887868615208
239	50	55	6	11	-0.025134092480924367
240	54	59	6	11	-0.016387927534863234
241	79	84	6	11	-0.002723255728076741
242	13	18	7	12	-76.37748974688517
243	14	19	7	12	-42.60742490584015
244	15	20	7	12	-26.370195087212878
245	16	21	7	12	-18.103493528561096
246	17	22	7	12	-12.395213890493462
247	18	23	7	12	-8.890821955557726
248	19	24	7	12	-6.536245280857102
249	20	25	7	12	-4.7232524240195435
250	21	26	7	12	-3.448433151610006
251	22	27	7	12	-2.6657186968981685
252	23	28	7	12	-2.161990204575199
253	24	29	7	12	-1.7683092139504106
254	25	30	7	12	-1.4274167624775975
255	26	31	7	12	-1.1694474374555506
256	27	32	7	12	-0.9567957006556419
257	28	33	7	12	-0.7813727739703955
258	29	34	7	12	-0.6397170406874038
259	30	35	7	12	-0.5293075703194363
260	31	36	7	12	-0.4390141153765509
261	32	37	7	12	-0.37798770060171816
262	33	38	7	12	-0.32337581212976463
263	34	39	7	12	-0.28258426975873663
264	35	40	7	12	-0.24639659620869123
265	36	41	7	12	-0.2130908642165994
266	37	42	7	12	-0.17699772472356134
267	38	43	7	12	-0.14957161884543693
268	39	44	7	12	-0.1260448494664378
269	40	45	7	12	-0.10848532278919439
270	41	46	7	12	-0.0934632292945604
271	42	47	7	12	-0.07995129741582951
272	43	48	7	12	-0.07085565197416573
273	44	49	7	12	-0.061737054127060056
274	45	50	7	12	-0.05411120226735455
275	46	51	7	12	-0.047642173960637996
276	47	52	7	12	-0.04287813790570537
277	48	53	7	12	-0.03766108397592404
278	49	54	7	12	-0.03334496292035154
279	50	55	7	12	-0.03021238236957041
280	51	56	7	12	-0.027064116655496094
281	52	57	7	12	-0.024165087809577625
282	54	59	7	12	-0.0195377052251832
283	56	61	7	12	-0.01564979596832731
284	79	84	7	12	-0.0030406999894523855
285	14	19	8	13	-81.9636599990108
286	15	20	8	13	-44.064663707010226
287	16	21	8	13	-28.66470982638347
288	17	22	8	13	-18.856569561493103
289	18	23	8	13	-13.118892506214387
290	19	24	8	13	-9.395028268016999
291	20	25	8	13	-6.626845770716849
292	21	26	8	13	-4.712634074116522
293	22	27	8	13	-3.5677679049496906
294	23	28	8	13	-2.8496910022717454
295	24	29	8	13	-2.301257859844688
296	25	30	8	13	-1.8388050764538844
297	26	31	8	13	-1.494650559786705
298	27	32	8	13	-1.2148605419152516
299	28	33	8	13	-0.9855706653220019
300	29	34	8	13	-0.8021855986213503
301	30	35	8	13	-0.6599140927939524
302	31	36	8	13	-0.5439100160351651
303	32	37	8	13	-0.46644200796177576
304	33	38	8	13	-0.3976651272478334
305	34	39	8	13	-0.3458864093724522
306	35	40	8	13	-0.3008377435352271
307	36	41	8	13	-0.25942859439023114
308	37	42	8	13	-0.2149818523198903
309	38	43	8	13	-0.18111453475727252
310	39	44	8	13	-0.15211190263692298
311	40	45	8	13	-0.13051516921828593
312	41	46	8	13	-0.11234159657011253
313	42	47	8	13	-0.09588050294661428
314	43	48	8	13	-0.08467752232461379
315	44	49	8	13	-0.0740820954096045
316	45	50	8	13	-0.06444266861793099
317	46	51	8	13	-0.056715525437223094
318	47	52	8	13	-0.050909306470178654
319	48	53	8	13	-0.04519251428280966
320	49	54	8	13	-0.0392491742903911
321	50	55	8	13	-0.035794407084596996
322	51	56	8	13	-0.03198076635056751
323	52	57	8	13	-0.02846727830962851
324	54	59	8	13	-0.02282161186114926
325	55	60	8	13	-0.020035975207085867
326	56	61	8	13	-0.0183601018901313
327	57	62	8	13	-0.016590140914496586
328	58	63	8	13	-0.015097695337589624
329	79	84	8	13	-0.0035826305608796932
330	15	20	9	14	-80.45442273363773
331	16	21	9	14	-46.47000761735884
332	17	22	9	14	-28.876086122998274
333	18	23	9	14	-19.374345552607508
334	19	24	9	14	-13.471560297355612
335	20	25	9	14	-9.235329169347397
336	21	26	9	14	-6.404661127450329
337	22	27	9	14	-4.741131792873963
338	23	28	9	14	-3.715197676130474
339	24	29	9	14	-2.9609241307697696
340	25	30	9	14	-2.3400320401449735
341	26	31	9	14	-1.885876742757427
342	27	32	9	14	-1.5215577194555596
343	28	33	9	14	-1.227340136187801
344	29	34	9	14	-0.992671269166107
345	30	35	9	14	-0.811699629563476
346	31	36	9	14	-0.6652906065677728
347	32	37	9	14	-0.5676488862328761
348	33	38	9	14	-0.48190997897852583
349	34	39	9	14	-0.41856258063519247
350	35	40	9	14	-0.3620396130924942
351	36	41	9	14	-0.3115359849020042
352	37	42	9	14	-0.2575661918490847
353	38	43	9	14	-0.21634056234794552
354	39	44	9	14	-0.18078169647473358
355	40	45	9	14	-0.1548963629503763
356	41	46	9	14	-0.13311255462381072
357	42	47	9	14	-0.11342259445594073
358	43	48	9	14	-0.09991669647820776
359	44	49	9	14	-0.08708034205216769
360	45	50	9	14	-0.07615697015738686
361	46	51	9	14	-0.06652882125363789
362	47	52	9	14	-0.059640699665654974
363	48	53	9	14	-0.05297551991070741
364	49	54	9	14	-0.04628479563384433
365	50	55	9	14	-0.04137558967275254
366	52	57	9	14	-0.03312178745786485
367	53	58	9	14	-0.029329566091793192
368	54	59	9	14	-0.02659329037824166
369	56	61	9	14	-0.020890647377237476
370	57	62	9	14	-0.019186273408328753
371	58	63	9	14	-0.0174887398487363
372	65	70	9	14	-0.010719801650140845
373	79	84	9	14	-0.004019136717654099
374	16	21	10	15	-89.29997802708372
375	17	22	10	15	-47.654428354767276
376	18	23	10	15	-30.170236493564758
377	20	25	10	15	-13.334756736612515
378	21	26	10	15	-8.956328834907826
379	22	27	10	15	-6.45176106041645
380	23	28	10	15	-4.952002010429625
381	24	29	10	15	-3.8731906758989973
382	25	30	10	15	-3.0257825390474187
383	26	31	10	15	-2.411136001791155
384	27	32	10	15	-1.9276301432086544
385	28	33	10	15	-1.5426509170876022
386	29	34	10	15	-1.2396181581027246
387	30	35	10	15	-1.007416195467262
388	31	36	10	15	-0.8202523335599632
389	32	37	10	15	-0.695921964945893
390	33	38	10	15	-0.5880572651672649
391	34	39	10	15	-0.5077730244592233
392	35	40	10	15	-0.438770817055534
393	36	41	10	15	-0.3757179348449769
394	37	42	10	15	-0.3097976675750746
395	38	43	10	15	-0.25936487460057145
396	39	44	10	15	-0.21677558210961195
397	40	45	10	15	-0.18522468389002109
398	41	46	10	15	-0.15816822319481055
399	42	47	10	15	-0.13448289546027115
400	43	48	10	15	-0.11816315826952345
401	44	49	10	15	-0.10282209573034076
402	45	50	10	15	-0.08927449634262632
403	46	51	10	15	-0.07840601199581568
404	47	52	10	15	-0.06996183466823977
405	48	53	10	15	-0.0620844375658408
406	49	54	10	15	-0.054100850947279296
407	50	55	10	15	-0.04867062185874922
408	51	56	10	15	-0.04328360014972469
409	52	57	10	15	-0.038457738328656996
410	53	58	10	15	-0.03405780309091209
411	54	59	10	15	-0.030769655649788258
412	55	60	10	15	-0.02717355858933416
413	56	61	10	15	-0.024432488742669053
414	57	62	10	15	-0.02206217454184147
415	58	63	10	15	-0.02007713264711979
416	60	65	10	15	-0.017000249459519026
417	65	70	10	15	-0.012201287103755547
418	79	84	10	15	-0.004373246794115197
419	17	22	11	16	-87.02158255588847
420	18	23	11	16	-48.11233285336979
421	19	24	11	16	-30.287558655788388
422	20	25	11	16	-19.198998235776347
423	21	26	11	16	-12.446630303320504
424	22	27	11	16	-8.687222740775255
425	23	28	11	16	-6.518484948162007
426	24	29	11	16	-5.017803133965556
427	25	30	11	16	-3.8520140454600695
428	26	31	11	16	-3.0312917067496725
429	27	32	11	16	-2.3952227745315593
430	28	33	11	16	-1.8984261833615819
431	29	34	11	16	-1.5134935252024313
432	30	35	11	16	-1.22287940212508
433	31	36	11	16	-0.9897808730572477
434	32	37	11	16	-0.8354406029481612
435	33	38	11	16	-0.7019760833126674
436	34	39	11	16	-0.603279946820825
437	35	40	11	16	-0.5186727325356173
438	36	41	11	16	-0.4426306095682361
439	37	42	11	16	-0.3634000076291565
440	38	43	11	16	-0.3031252581014049
441	39	44	11	16	-0.2524846085972252
442	40	45	11	16	-0.21485440966253833
443	41	46	11	16	-0.1835643535778699
444	42	47	11	16	-0.1554945156717492
445	43	48	11	16	-0.13616876557793728
446	44	49	11	16	-0.11847585251416862
447	45	50	11	16	-0.10303826646523412
448	46	51	11	16	-0.09008896390164685
449	47	52	11	16	-0.08019698582105779
450	48	53	11	16	-0.07123722492879159
451	49	54	11	16	-0.061737740437352216
452	50	55	11	16	-0.055420895192320734
453	51	56	11	16	-0.0494800431382747
454	52	57	11	16	-0.04367988274438983
455	53	58	11	16	-0.038939737256764986
456	54	59	11	16	-0.03483904382535573
457	55	60	11	16	-0.03088528521564028
458	56	61	11	16	-0.027744514026445684
459	57	62	11	16	-0.025060687921810744
460	58	63	11	16	-0.0227193889280745
461	59	64	11	16	-0.02079430930694827
462	60	65	11	16	-0.019219542692946817
463	61	66	11	16	-0.01800341356843356
464	62	67	11	16	-0.01649371100532818
465	63	68	11	16	-0.015464012906477807
466	64	69	11	16	-0.01453948998585944
467	65	70	11	16	-0.013655756383379809
468	66	71	11	16	-0.012594756213363412
469	67	72	11	16	-0.011998597259171758
470	68	73	11	16	-0.011366609856072197
471	69	74	11	16	-0.010496298537427996
472	70	75	11	16	-0.00944451164890174
473	71	76	11	16	-0.008637391606140937
474	72	77	11	16	-0.007946784473454493
475	73	78	11	16	-0.006962964961107447
476	74	79	11	16	-0.006573963827355721
477	75	80	11	16	-0.0062145713182702855
478	76	81	11	16	-0.005834349181506099
479	77	82	11	16	-0.005418011053763707
480	78	83	11	16	-0.00501098278186316
481	79	84	11	16	-0.004732509582446273
482	80	85	11	16	-0.004529482186594101
483	81	86	11	16	-0.004370525949735904
484	82	87	11	16	-0.004262596718117687
485	85	90	11	16	-0.0037797520604457967
486	86	91	11	16	-0.0036057354804936224
487	87	92	11	16	-0.0033342592766581205
488	91	96	11	16	-0.002309120309103353
489	18	23	12	17	-92.0472450272274
490	19	24	12	17	-50.38941467481812
491	20	25	12	17	-29.734549768008872
492	21	26	12	17	-18.325963655965573
493	22	27	12	17	-12.275095197403974
494	23	28	12	17	-8.928669510155249
495	24	29	12	17	-6.711393218041794
496	25	30	12	17	-5.058867821912491
497	26	31	12	17	-3.9217331053803246
498	27	32	12	17	-3.059167515113845
499	28	33	12	17	-2.3963049190738674
500	29	34	12	17	-1.8911458594104613
501	30	35	12	17	-1.5142074050398797
502	31	36	12	17	-1.2164886500766556
503	32	37	12	17	-1.0198197788627477
504	33	38	12	17	-0.8516921973453171
505	34	39	12	17	-0.7279217028236145
506	35	40	12	17	-0.6227971928246464
507	36	41	12	17	-0.5292607015134496
508	37	42	12	17	-0.4325512582920032
509	38	43	12	17	-0.35933319362399985
510	39	44	12	17	-0.2981965659317747
511	40	45	12	17	-0.2528822720986436
512	41	46	12	17	-0.21534794347914657
513	42	47	12	17	-0.18199794352654608
514	43	48	12	17	-0.15880591428001567
515	44	49	12	17	-0.1378564258431183
516	45	50	12	17	-0.11958941159819826
517	46	51	12	17	-0.10422817990727468
518	47	52	12	17	-0.092938655724248
519	48	53	12	17	-0.08285932163022933
520	49	54	12	17	-0.07100311331219142
521	50	55	12	17	-0.06360263456217656
522	51	56	12	17	-0.05678262390238742
523	52	57	12	17	-0.049629790347947025
524	54	59	12	17	-0.03963326186192849
525	55	60	12	17	-0.03503637991850504
526	56	61	12	17	-0.031434938832856356
527	57	62	12	17	-0.02833454751374781
528	58	63	12	17	-0.025631720621983378
529	59	64	12	17	-0.023402049315280497
530	60	65	12	17	-0.021600785192898802
531	61	66	12	17	-0.020184866444820045
532	62	67	12	17	-0.018458996562955514
533	63	68	12	17	-0.017267256970358226
534	64	69	12	17	-0.016216554762327806
535	65	70	12	17	-0.015212960134078999
536	66	71	12	17	-0.013996379103471237
537	67	72	12	17	-0.01331867457809148
538	68	73	12	17	-0.012576885573913645
539	69	74	12	17	-0.011603051409227582
540	70	75	12	17	-0.010412878462670808
541	71	76	12	17	-0.009512407465512745
542	72	77	12	17	-0.008724095848876883
543	73	78	12	17	-0.007683802314321608
544	74	79	12	17	-0.007179583985545898
545	75	80	12	17	-0.0067341684772147725
546	76	81	12	17	-0.006354939577506697
547	77	82	12	17	-0.005875816779348985
548	78	83	12	17	-0.005458779261781614
549	79	84	12	17	-0.005117211527339845
550	80	85	12	17	-0.004871712318427735
551	81	86	12	17	-0.0047009108983010525
552	82	87	12	17	-0.004581333737193415
553	83	88	12	17	-0.004538216644263336
554	85	90	12	17	-0.004009104269028195
555	86	91	12	17	-0.0038394269420191137
556	87	92	12	17	-0.0035842446715325083
557	88	93	12	17	-0.003223373406187247
558	19	24	13	18	-94.5949606707212
559	20	25	13	18	-48.33432718743913
560	21	26	13	18	-27.651739067761063
561	22	27	13	18	-17.607760750219036
562	23	28	13	18	-12.351921377630244
563	24	29	13	18	-9.038036900455928
564	25	30	13	18	-6.666697496762407
565	26	31	13	18	-5.082131109284417
566	27	32	13	18	-3.9121011825091427
567	28	33	13	18	-3.029067946108154
568	29	34	13	18	-2.3638660698113583
569	30	35	13	18	-1.8752449344621875
570	31	36	13	18	-1.4931815990350732
571	32	37	13	18	-1.2429668076079115
572	33	38	13	18	-1.0317975219860767
573	34	39	13	18	-0.8767033043703618
574	35	40	13	18	-0.7465877651634426
575	36	41	13	18	-0.6318452715787015
576	37	42	13	18	-0.5137498764205889
577	38	43	13	18	-0.42522909597389896
578	39	44	13	18	-0.35136970626887243
579	40	45	13	18	-0.2969981734844929
580	41	46	13	18	-0.25216444356610346
581	42	47	13	18	-0.21244211361849927
582	43	48	13	18	-0.1850494913201805
583	44	49	13	18	-0.1600257481685286
584	45	50	13	18	-0.13852273166666426
585	46	51	13	18	-0.12043828409980395
586	47	52	13	18	-0.10674375910865751
587	48	53	13	18	-0.09503427947972229
588	49	54	13	18	-0.08168147364163539
589	50	55	13	18	-0.07282834533516185
590	51	56	13	18	-0.06490866604175227
591	52	57	13	18	-0.057038946492320074
592	53	58	13	18	-0.05004517228320457
593	54	59	13	18	-0.04493135237445321
594	55	60	13	18	-0.039935302762363636
595	56	61	13	18	-0.03555597608552084
596	57	62	13	18	-0.031964375491638566
597	58	63	13	18	-0.02889724770124712
598	59	64	13	18	-0.026351773573070753
599	60	65	13	18	-0.024081074893401153
600	61	66	13	18	-0.02262778985508216
601	62	67	13	18	-0.0206621028010738
602	63	68	13	18	-0.019289756504240738
603	64	69	13	18	-0.01806964832211918
604	65	70	13	18	-0.016920428135119153
605	66	71	13	18	-0.01556199331555859
606	67	72	13	18	-0.014771668855202143
607	68	73	13	18	-0.01390955962644162
608	69	74	13	18	-0.012810993043127062
609	70	75	13	18	-0.011474636765707131
610	71	76	13	18	-0.010461072760399488
611	72	77	13	18	-0.009582758135133124
612	73	78	13	18	-0.008415979886772194
613	74	79	13	18	-0.00790886260625713
614	75	80	13	18	-0.007393318041215726
615	76	81	13	18	-0.006875018777829612
616	77	82	13	18	-0.006354047177943547
617	78	83	13	18	-0.005921017274526123
618	79	84	13	18	-0.005563008584341485
619	80	85	13	18	-0.00528245318457307
620	81	86	13	18	-0.005061249023552274
621	82	87	13	18	-0.004912236280530903
622	83	88	13	18	-0.004879962298217501
623	84	89	13	18	-0.004649607041939491
624	85	90	13	18	-0.00434167061214303
625	88	93	13	18	-0.003462766492717868
626	89	94	13	18	-0.0031045479881767514
627	20	25	14	19	-94.42368001139332
628	21	26	14	19	-46.14225613907839
629	22	27	14	19	-27.07590685685008
630	23	28	14	19	-18.037221585016724
631	24	29	14	19	-12.733935113212093
632	25	30	14	19	-9.139622007179305
633	26	31	14	19	-6.827154755598464
634	27	32	14	19	-5.1738636454268985
635	28	33	14	19	-3.951646353279232
636	29	34	14	19	-3.047213892843682
637	30	35	14	19	-2.391226032697241
638	31	36	14	19	-1.8854048187753327
639	32	37	14	19	-1.555146608731722
640	33	38	14	19	-1.2817105191973637
641	34	39	14	19	-1.0832353923156415
642	35	40	14	19	-0.9172514346529308
643	36	41	14	19	-0.7723999354760869
644	37	42	14	19	-0.6253500829447187
645	38	43	14	19	-0.5154455117837013
646	39	44	14	19	-0.42411588598376504
647	40	45	14	19	-0.35717433396395704
648	41	46	14	19	-0.302420219533024
649	42	47	14	19	-0.25397767248995806
650	43	48	14	19	-0.2206473771601521
651	44	49	14	19	-0.1903530467174312
652	45	50	14	19	-0.16418360145072264
653	46	51	14	19	-0.14245913566150853
654	47	52	14	19	-0.1259656875420947
655	48	53	14	19	-0.11110494217742184
656	49	54	14	19	-0.09580709211631071
657	50	55	14	19	-0.08531408903733217
658	51	56	14	19	-0.07594230677218193
659	52	57	14	19	-0.06660094291873017
660	53	58	14	19	-0.05914502699407269
661	54	59	14	19	-0.052427074194409146
662	55	60	14	19	-0.0463009353364857
663	56	61	14	19	-0.0411858878107388
664	57	62	14	19	-0.03694136813497495
665	58	63	14	19	-0.033345947701092324
666	59	64	14	19	-0.03035053219511944
667	60	65	14	19	-0.027901699207794752
668	61	66	14	19	-0.025965658881188167
669	62	67	14	19	-0.023677176041583155
670	63	68	14	19	-0.022066475609393475
671	64	69	14	19	-0.020638410651812343
672	65	70	14	19	-0.019279320154828604
673	66	71	14	19	-0.01770618896412384
674	67	72	14	19	-0.01675462931241914
675	68	73	14	19	-0.015759182004693423
676	69	74	14	19	-0.014468680837275991
677	70	75	14	19	-0.012927592864161126
678	71	76	14	19	-0.011781928588439135
679	72	77	14	19	-0.010745291198190631
680	73	78	14	19	-0.009417908290277742
681	74	79	14	19	-0.008723563028739653
682	75	80	14	19	-0.008240927610445693
683	76	81	14	19	-0.00764247233935752
684	77	82	14	19	-0.007053404458225844
685	78	83	14	19	-0.00655915388705749
686	80	85	14	19	-0.005838591612755146
687	81	86	14	19	-0.005571095443460893
688	82	87	14	19	-0.005385534335281697
689	83	88	14	19	-0.005346188370827782
690	84	89	14	19	-0.005096522594557942
691	85	90	14	19	-0.004750628286993719
692	89	94	14	19	-0.003362975467701104
693	90	95	14	19	-0.00306788168493002
694	21	26	15	20	-92.44765774743628
695	22	27	15	20	-45.961828589426545
696	23	28	15	20	-28.364137073732792
697	24	29	15	20	-19.062441287314698
698	25	30	15	20	-13.207109475110176
699	28	33	15	20	-5.375685531313057
700	29	34	15	20	-4.089572637064471
701	30	35	15	20	-3.171275251725157
702	31	36	15	20	-2.4722241981768427
703	32	37	15	20	-2.019594633109026
704	33	38	15	20	-1.6511209141888168
705	34	39	15	20	-1.3855541909680962
706	35	40	15	20	-1.1672879976752095
707	36	41	15	20	-0.9769096060168982
708	37	42	15	20	-0.7873304554043279
709	38	43	15	20	-0.6460709915244317
710	39	44	15	20	-0.5295946981764148
711	40	45	15	20	-0.44422799438457305
712	41	46	15	20	-0.37491124818804045
713	42	47	15	20	-0.31392871518348703
714	43	48	15	20	-0.27187838062621583
715	44	49	15	20	-0.23385350347043843
716	45	50	15	20	-0.20123096975478888
717	46	51	15	20	-0.17403211336333113
718	47	52	15	20	-0.15360458927418802
719	48	53	15	20	-0.1354161274138313
720	49	54	15	20	-0.1162943753061015
721	50	55	15	20	-0.10351269483588961
722	51	56	15	20	-0.09225865237488735
723	52	57	15	20	-0.08032912047129559
724	53	58	15	20	-0.07095278880385028
725	54	59	15	20	-0.06296113141090409
726	55	60	15	20	-0.055322872422015806
727	56	61	15	20	-0.04886656308795069
728	57	62	15	20	-0.04413117853889596
729	58	63	15	20	-0.03970613392665183
730	59	64	15	20	-0.03608671963610009
731	60	65	15	20	-0.033110379927647884
732	61	66	15	20	-0.03080112917105203
733	62	67	15	20	-0.028022366702058602
734	63	68	15	20	-0.02606847441408059
735	64	69	15	20	-0.024324139827107065
736	65	70	15	20	-0.022689069303940528
737	66	71	15	20	-0.020767197704422435
738	67	72	15	20	-0.019646986837584885
739	68	73	15	20	-0.018421757283607225
740	69	74	15	20	-0.016882376689763362
741	70	75	15	20	-0.01504500007071191
742	71	76	15	20	-0.01365243547808209
743	72	77	15	20	-0.012448576183186321
744	73	78	15	20	-0.01088923432789819
745	74	79	15	20	-0.010192882175012206
746	75	80	15	20	-0.00948946419152449
747	76	81	15	20	-0.00883914525438374
748	77	82	15	20	-0.008077149151056024
749	78	83	15	20	-0.0074579232101911475
750	79	84	15	20	-0.006984612125633449
751	80	85	15	20	-0.0066142360274404
752	81	86	15	20	-0.006361307829897655
753	82	87	15	20	-0.006107868471605698
754	83	88	15	20	-0.006039076064708925
755	84	89	15	20	-0.005729497999805588
756	85	90	15	20	-0.005348170970383273
757	86	91	15	20	-0.0050528285273895536
758	90	95	15	20	-0.0034104554727712225
759	91	96	15	20	-0.003075050006207133
760	22	27	16	21	-87.77636468553435
761	23	28	16	21	-46.22625256757886
762	24	29	16	21	-29.010665218090445
763	25	30	16	21	-19.222746816111446
764	30	35	16	21	-4.189753446215511
765	31	36	16	21	-3.23291363536807
766	32	37	16	21	-2.616384124627067
767	33	38	16	21	-2.1236963392912016
768	34	39	16	21	-1.7703701078389882
769	35	40	16	21	-1.4816514035441117
770	36	41	16	21	-1.233548059225381
771	37	42	16	21	-0.9876006364064778
772	38	43	16	21	-0.8077714571732914
773	39	44	16	21	-0.6593933149087448
774	40	45	16	21	-0.5514579639560784
775	41	46	16	21	-0.46410123495002653
776	42	47	16	21	-0.3870204010852859
777	43	48	16	21	-0.3346486508144264
778	44	49	16	21	-0.2871375807799006
779	45	50	16	21	-0.24653611221156013
780	46	51	16	21	-0.21292852409496338
781	47	52	16	21	-0.18717970845838028
782	48	53	16	21	-0.16488061036587678
783	49	54	16	21	-0.14130736087730808
784	50	55	16	21	-0.12553648879707174
785	51	56	16	21	-0.111529692217476
786	52	57	16	21	-0.09708945812100661
787	53	58	16	21	-0.08556885760524746
788	54	59	16	21	-0.07579822752800605
789	55	60	16	21	-0.06648409725988189
790	56	61	16	21	-0.05876449563023381
791	57	62	16	21	-0.05289655402962061
792	58	63	16	21	-0.04746898043448759
793	59	64	16	21	-0.04307534118944159
794	60	65	16	21	-0.03946396801467914
795	61	66	16	21	-0.03663916784667115
796	62	67	16	21	-0.03329846160580473
797	63	68	16	21	-0.030909281268906855
798	64	69	16	21	-0.028809594130123503
799	65	70	16	21	-0.026834641889297992
800	66	71	16	21	-0.02451461089903767
801	67	72	16	21	-0.023140415013631378
802	68	73	16	21	-0.02167077768872014
803	69	74	16	21	-0.019837696853289392
804	70	75	16	21	-0.017651188476544833
805	71	76	16	21	-0.015987246255405402
806	72	77	16	21	-0.014547446150728258
807	73	78	16	21	-0.012702033316493543
808	74	79	16	21	-0.011859803525980253
809	75	80	16	21	-0.011024613219088686
810	76	81	16	21	-0.01025002450344099
811	77	82	16	21	-0.009407521362749117
812	78	83	16	21	-0.008604824995275009
813	79	84	16	21	-0.00804133802214188
814	80	85	16	21	-0.0075980102787903
815	81	86	16	21	-0.0073019882804342285
816	82	87	16	21	-0.0070387379222274695
817	83	88	16	21	-0.00689864802189805
818	84	89	16	21	-0.006545764751069683
819	85	90	16	21	-0.006097674478408576
820	86	91	16	21	-0.005752513026510754
821	91	96	16	21	-0.003481917881055484
822	23	28	17	22	-81.67465847876262
823	24	29	17	22	-44.204897348919616
824	25	30	17	22	-27.39145470482609
825	26	31	17	22	-18.59889744086493
826	27	32	17	22	-13.147502815468304
827	28	33	17	22	-9.499303136836712
828	29	34	17	22	-6.9976197489750245
829	30	35	17	22	-5.294296500175068
830	31	36	17	22	-4.041005135883488
831	32	37	17	22	-3.24164661217835
832	33	38	17	22	-2.610135193194955
833	34	39	17	22	-2.1598723587384194
834	35	40	17	22	-1.797634792143168
835	36	41	17	22	-1.4896489193360236
836	37	42	17	22	-1.1879516353760553
837	38	43	17	22	-0.9672892888254494
838	39	44	17	22	-0.7861312850339228
839	40	45	17	22	-0.6552387149774166
840	41	46	17	22	-0.549768619296296
841	42	47	17	22	-0.4576777557073204
842	43	48	17	22	-0.39467396052423287
843	44	49	17	22	-0.337655789101701
844	45	50	17	22	-0.2893060436273907
845	46	51	17	22	-0.24937067036902444
846	47	52	17	22	-0.21914697866781108
847	48	53	17	22	-0.19250350056075077
848	49	54	17	22	-0.16458981371189862
849	50	55	17	22	-0.14596715398152327
850	51	56	17	22	-0.12901378770853883
851	52	57	17	22	-0.11278836424679684
852	53	58	17	22	-0.0990203607461558
853	54	59	17	22	-0.08757019154595672
854	55	60	17	22	-0.07667949454458231
855	56	61	17	22	-0.06813034699090313
856	57	62	17	22	-0.06053791387995905
857	58	63	17	22	-0.05482078444672233
858	59	64	17	22	-0.04936736855128449
859	60	65	17	22	-0.04515187498828381
860	61	66	17	22	-0.041843806992204594
861	62	67	17	22	-0.037997124520889144
862	63	68	17	22	-0.034937609032697034
863	64	69	17	22	-0.0328061294295308
864	65	70	17	22	-0.030501089732548944
865	66	71	17	22	-0.027834684302351594
866	67	72	17	22	-0.026242263956930266
867	68	73	17	22	-0.024538892162777843
868	69	74	17	22	-0.022437199044848897
869	70	75	17	22	-0.019930482113372793
870	71	76	17	22	-0.018026644082337014
871	72	77	17	22	-0.016376232215656334
872	73	78	17	22	-0.014253478320924388
873	74	79	17	22	-0.013297168903445332
874	75	80	17	22	-0.012336237961941589
875	76	81	17	22	-0.01145182289630279
876	77	82	17	22	-0.010497237687135463
877	78	83	17	22	-0.009652446809345953
878	79	84	17	22	-0.008929740599338123
879	80	85	17	22	-0.008428900701193402
880	81	86	17	22	-0.008056275809822813
881	82	87	17	22	-0.007794689611505508
882	83	88	17	22	-0.00765237452387237
883	84	89	17	22	-0.0072199768519017275
884	85	90	17	22	-0.0067074311047199365
885	86	91	17	22	-0.0063028338129733665
886	87	92	17	22	-0.005807225537617955
887	88	93	17	22	-0.005209738362612198
888	24	29	18	23	-80.08301747698303
889	25	30	18	23	-42.0192528233494
890	26	31	18	23	-26.58410740615809
891	27	32	18	23	-18.042790596860982
892	28	33	18	23	-12.650243890266815
893	29	34	18	23	-9.119741369885189
894	30	35	18	23	-6.772273949247991
895	31	36	18	23	-5.085507606031194
896	32	37	18	23	-4.032262400284367
897	33	38	18	23	-3.2143619076595593
898	34	39	18	23	-2.642862496435341
899	35	40	18	23	-2.1841445544455196
900	36	41	18	23	-1.800178046774846
901	37	42	18	23	-1.427139651961231
902	38	43	18	23	-1.1565528447486373
903	39	44	18	23	-0.9371294531746781
904	40	45	18	23	-0.7779422848932804
905	41	46	18	23	-0.6509122134855437
906	42	47	18	23	-0.5402472818634454
907	43	48	18	23	-0.46456647209274626
908	44	49	18	23	-0.3969261210624782
909	45	50	18	23	-0.33908383829871847
910	46	51	18	23	-0.29170401632108167
911	47	52	18	23	-0.2558204552622323
912	48	53	18	23	-0.224335777015306
913	49	54	18	23	-0.191650412850312
914	50	55	18	23	-0.16955899469939165
915	51	56	18	23	-0.14959578289843917
916	52	57	18	23	-0.1302562558800792
917	53	58	18	23	-0.1145122929160671
918	54	59	18	23	-0.10109380467501877
919	55	60	18	23	-0.08838395341490415
920	56	61	18	23	-0.07841233509442225
921	57	62	18	23	-0.06987824172034537
922	58	63	18	23	-0.06263951682780454
923	59	64	18	23	-0.056751932991761164
924	60	65	18	23	-0.05166818867129602
925	61	66	18	23	-0.047819243907772285
926	62	67	18	23	-0.04334557358824347
927	63	68	18	23	-0.04009259479302804
928	64	69	18	23	-0.03721248951578336
929	65	70	18	23	-0.03467656185513164
930	66	71	18	23	-0.03159364911209382
931	67	72	18	23	-0.02973135149582221
932	68	73	18	23	-0.02775534809625951
933	69	74	18	23	-0.025327315497358508
934	70	75	18	23	-0.022468002369376412
935	71	76	18	23	-0.02028748699423161
936	72	77	18	23	-0.018399258261646755
937	73	78	18	23	-0.015992512047583254
938	74	79	18	23	-0.014893187450472536
939	75	80	18	23	-0.013788619008610434
940	76	81	18	23	-0.012787162939172609
941	77	82	18	23	-0.011693864780731401
942	78	83	18	23	-0.010735682986701696
943	79	84	18	23	-0.009977166505327754
944	80	85	18	23	-0.009328677822656822
945	81	86	18	23	-0.008906701067426274
946	82	87	18	23	-0.008567144455762052
947	83	88	18	23	-0.008439538807648077
948	84	89	18	23	-0.007981651105718364
949	85	90	18	23	-0.007373481526981047
950	86	91	18	23	-0.0069155298967450585
951	88	93	18	23	-0.005705736615980421
952	89	94	18	23	-0.005100667272693132
953	25	30	19	24	-76.98443337118456
954	26	31	19	24	-41.38413271780652
955	27	32	19	24	-26.145974967794203
956	28	33	19	24	-17.52976721245703
957	29	34	19	24	-12.240153928918414
958	30	35	19	24	-8.882043956941288
959	31	36	19	24	-6.540546272875604
960	32	37	19	24	-5.103078317678339
961	33	38	19	24	-4.019436781673361
962	34	39	19	24	-3.273927061097089
963	35	40	19	24	-2.6866662271819304
964	36	41	19	24	-2.2003734224084903
965	37	42	19	24	-1.7342749650683444
966	38	43	19	24	-1.397940375024354
967	39	44	19	24	-1.1261055994383655
968	40	45	19	24	-0.9315807590676171
969	41	46	19	24	-0.7765803277671286
970	42	47	19	24	-0.6425407345104943
971	43	48	19	24	-0.5510820342547627
972	44	49	19	24	-0.4693857840721748
973	45	50	19	24	-0.4004240466164053
974	46	51	19	24	-0.3437289087190851
975	47	52	19	24	-0.3008511135688756
976	48	53	19	24	-0.2632790764811188
977	49	54	19	24	-0.22442797000454234
978	50	55	19	24	-0.19833498194862365
979	51	56	19	24	-0.17470833853397755
980	52	57	19	24	-0.15187692367088307
981	53	58	19	24	-0.13324945371918298
982	54	59	19	24	-0.11753295339136564
983	55	60	19	24	-0.10251733084135892
984	56	61	19	24	-0.0908474335420607
985	57	62	19	24	-0.08084265898875762
986	58	63	19	24	-0.07226997323472599
987	59	64	19	24	-0.06622623315541623
988	60	65	19	24	-0.06021983740276926
989	61	66	19	24	-0.05501386553814
990	62	67	19	24	-0.04979609138276003
991	63	68	19	24	-0.04605737843232536
992	66	71	19	24	-0.036130493125827695
993	67	72	19	24	-0.03397058525726902
994	68	73	19	24	-0.03165573699516117
995	69	74	19	24	-0.028866955444814747
996	70	75	19	24	-0.025576291214936785
997	71	76	19	24	-0.023056838012087907
998	72	77	19	24	-0.020890330756187347
999	73	78	19	24	-0.018127482993894176
1000	74	79	19	24	-0.016834136516089317
1001	75	80	19	24	-0.015561432318360685
1002	76	81	19	24	-0.014403468527963138
1003	77	82	19	24	-0.013151047793351264
1004	78	83	19	24	-0.012050528715265641
1005	79	84	19	24	-0.01117911696823412
1006	80	85	19	24	-0.01051468579266901
1007	81	86	19	24	-0.00994536310295304
1008	82	87	19	24	-0.009559220694018069
1009	83	88	19	24	-0.009375127481081809
1010	84	89	19	24	-0.008870238424755178
1011	85	90	19	24	-0.008199868548892049
1012	86	91	19	24	-0.0076688030928914516
1013	87	92	19	24	-0.006988369080881978
1014	89	94	19	24	-0.005621793911563757
1015	26	31	20	25	-75.86406881766692
1016	27	32	20	25	-40.90825394007061
1017	28	33	20	25	-25.445565664765205
1018	29	34	20	25	-16.978604139006386
1019	30	35	20	25	-11.919867800849033
1020	31	36	20	25	-8.555591976682418
1021	32	37	20	25	-6.540201758629733
1022	33	38	20	25	-5.072746014952637
1023	34	39	20	25	-4.078508134573873
1024	35	40	20	25	-3.3173315589114765
1025	36	41	20	25	-2.695177782767514
1026	37	42	20	25	-2.1079846749527484
1027	38	43	20	25	-1.6882498585362742
1028	39	44	20	25	-1.3528262232640724
1029	40	45	20	25	-1.1125510579551479
1030	41	46	20	25	-0.9233482731373974
1031	42	47	20	25	-0.7615333451213679
1032	43	48	20	25	-0.6511553850123948
1033	44	49	20	25	-0.5536075263895806
1034	45	50	20	25	-0.47122416094848313
1035	46	51	20	25	-0.4033566632832857
1036	47	52	20	25	-0.35238764699652125
1037	48	53	20	25	-0.3081265848440349
1038	49	54	20	25	-0.2616466987906363
1039	50	55	20	25	-0.23079117909135644
1040	51	56	20	25	-0.2029339273493111
1041	52	57	20	25	-0.17610742029899779
1042	53	58	20	25	-0.15424753836737204
1043	54	59	20	25	-0.13585175203266853
1044	55	60	20	25	-0.11834221626466869
1045	56	61	20	25	-0.10458787866380928
1046	57	62	20	25	-0.09296183660157967
1047	58	63	20	25	-0.08298734668182975
1048	59	64	20	25	-0.07504835816915326
1049	60	65	20	25	-0.0681957348683221
1050	61	66	20	25	-0.06291376490070101
1051	62	67	20	25	-0.05685532420654195
1052	63	68	20	25	-0.052524063692484975
1053	64	69	20	25	-0.04857917641722714
1054	65	70	20	25	-0.04516370181328522
1055	66	71	20	25	-0.04109171236727031
1056	67	72	20	25	-0.03854973912709393
1057	68	73	20	25	-0.03590695900377017
1058	69	74	20	25	-0.032725551774254756
1059	70	75	20	25	-0.028941198507752564
1060	71	76	20	25	-0.026086493487432673
1061	72	77	20	25	-0.023580058282790344
1062	73	78	20	25	-0.02041492175440604
1063	74	79	20	25	-0.01891605519896097
1064	75	80	20	25	-0.01744806211664024
1065	76	81	20	25	-0.016130534189636093
1066	77	82	20	25	-0.014687478398140049
1067	78	83	20	25	-0.013430660708795391
1068	79	84	20	25	-0.012437134063922547
1069	80	85	20	25	-0.011681909749496821
1070	81	86	20	25	-0.011097063425154891
1071	82	87	20	25	-0.010566607604984277
1072	83	88	20	25	-0.010361579321879755
1073	84	89	20	25	-0.009795352543644078
1074	85	90	20	25	-0.009052629040862962
1075	86	91	20	25	-0.008456896503084722
1076	27	32	21	26	-71.71931571232011
1077	28	33	21	26	-38.4184223415115
1078	29	34	21	26	-23.914649000058585
1079	30	35	21	26	-16.10058762768708
1080	31	36	21	26	-11.174214760856776
1081	32	37	21	26	-8.343884932404272
1082	33	38	21	26	-6.347305270186627
1083	34	39	21	26	-5.02911454813256
1084	35	40	21	26	-4.038667576928018
1085	36	41	21	26	-3.2477764153752693
1086	37	42	21	26	-2.5175731319246593
1087	38	43	21	26	-2.0024844418008954
1088	39	44	21	26	-1.5940069357609596
1089	40	45	21	26	-1.3063778348436481
1090	41	46	21	26	-1.0800695038269992
1091	42	47	21	26	-0.8861351405326106
1092	43	48	21	26	-0.7552588621528233
1093	44	49	21	26	-0.6393778408553392
1094	45	50	21	26	-0.5426144442009637
1095	46	51	21	26	-0.4636298791880752
1096	47	52	21	26	-0.40402912809215413
1097	48	53	21	26	-0.3522103685473177
1098	49	54	21	26	-0.2990185103195615
1099	50	55	21	26	-0.26330209893108725
1100	51	56	21	26	-0.23120388097280456
1101	52	57	21	26	-0.200234049990995
1102	53	58	21	26	-0.17509711261581867
1103	54	59	21	26	-0.15391720137251913
1104	55	60	21	26	-0.13390853265027056
1105	56	61	21	26	-0.11830175919235841
1106	57	62	21	26	-0.1048748841023501
1107	58	63	21	26	-0.09352547849050856
1108	59	64	21	26	-0.08426620839731878
1109	60	65	21	26	-0.07664595953801322
1110	62	67	21	26	-0.06405159603908667
1111	63	68	21	26	-0.058828203490254014
1112	64	69	21	26	-0.05453144397172152
1113	65	70	21	26	-0.050430283133645365
1114	67	72	21	26	-0.042736273340504345
1115	68	73	21	26	-0.03994718807486543
1116	69	74	21	26	-0.036339314142114
1117	70	75	21	26	-0.032081026596743084
1118	71	76	21	26	-0.0288874350705172
1119	72	77	21	26	-0.02608191070855293
1120	73	78	21	26	-0.02253932754350086
1121	74	79	21	26	-0.02086739157569217
1122	75	80	21	26	-0.01921524837356884
1123	76	81	21	26	-0.017726797394359596
1124	77	82	21	26	-0.016116117222377553
1125	78	83	21	26	-0.014721753496854097
1126	79	84	21	26	-0.013611896129104203
1127	80	85	21	26	-0.01275954192493139
1128	81	86	21	26	-0.012094198427009498
1129	82	87	21	26	-0.011573322211761133
1130	83	88	21	26	-0.011257314816177883
1131	84	89	21	26	-0.010596835446526065
1132	85	90	21	26	-0.009774623721522466
1133	86	91	21	26	-0.009163687534301829
1134	89	94	21	26	-0.006579003538973694
1135	91	96	21	26	-0.005265551231649763
1136	28	33	22	27	-66.98065922690567
1137	29	34	22	27	-35.94180240089527
1138	30	35	22	27	-22.596176380161438
1139	31	36	22	27	-14.9766509420656
1140	32	37	22	27	-10.826790089149739
1141	33	38	22	27	-8.051761186372067
1142	34	39	22	27	-6.2654276589983455
1143	35	40	22	27	-4.964517323089248
1144	36	41	22	27	-3.9461570209060994
1145	37	42	22	27	-3.028511080053922
1146	38	43	22	27	-2.3908695123965655
1147	39	44	22	27	-1.8883887147312484
1148	40	45	22	27	-1.5376858566542924
1149	41	46	22	27	-1.2667935060750088
1150	42	47	22	27	-1.034982936394857
1151	43	48	22	27	-0.8795223149179107
1152	44	49	22	27	-0.7418153385568396
1153	45	50	22	27	-0.6277672064486403
1154	46	51	22	27	-0.5350358313230218
1155	47	52	22	27	-0.46528760423774784
1156	48	53	22	27	-0.40515532332708654
1157	49	54	22	27	-0.34282460832661515
1158	50	55	22	27	-0.3013600458317106
1159	51	56	22	27	-0.26410508011129413
1160	52	57	22	27	-0.22842183862193044
1161	53	58	22	27	-0.19950352339788624
1162	54	59	22	27	-0.17501778388678046
1163	55	60	22	27	-0.15207154741913176
1164	56	61	22	27	-0.13411574688082462
1165	57	62	22	27	-0.11886102825717412
1166	58	63	22	27	-0.10579926657000406
1167	59	64	22	27	-0.09520516334440567
1168	60	65	22	27	-0.08648370234426642
1169	61	66	22	27	-0.07962703729101872
1170	62	67	22	27	-0.07209794461821209
1171	63	68	22	27	-0.06665148357087156
1172	64	69	22	27	-0.06126587557550435
1173	65	70	22	27	-0.05659801012770056
1174	66	71	22	27	-0.05132229602968309
1175	67	72	22	27	-0.04785040822740595
1176	68	73	22	27	-0.044244237435941525
1177	69	74	22	27	-0.0405588841389031
1178	70	75	22	27	-0.03576304591617978
1179	71	76	22	27	-0.032120097677612286
1180	72	77	22	27	-0.028983734682050268
1181	73	78	22	27	-0.025005999676012275
1182	74	79	22	27	-0.02312951590877947
1183	75	80	22	27	-0.021273513908084282
1184	76	81	22	27	-0.019607171300270627
1185	77	82	22	27	-0.017792150057051682
1186	78	83	22	27	-0.016227273338473465
1187	79	84	22	27	-0.014982054651541255
1188	80	85	22	27	-0.014021275580028683
1189	81	86	22	27	-0.013296553703189743
1190	82	87	22	27	-0.01269308081882408
1191	83	88	22	27	-0.01238425026360775
1192	84	89	22	27	-0.011580083357653325
1193	85	90	22	27	-0.01067262152258664
1194	86	91	22	27	-0.009951035151377548
1195	87	92	22	27	-0.009076381008437003
1196	88	93	22	27	-0.008092245335878202
1197	29	34	23	28	-63.360834870386626
1198	30	35	23	28	-34.350546223461535
1199	31	36	23	28	-21.03716609435827
1200	32	37	23	28	-14.517856218563871
1201	33	38	23	28	-10.443690933853409
1202	34	39	23	28	-7.94564847185236
1203	35	40	23	28	-6.185837165083212
1204	36	41	23	28	-4.8530560181333
1205	37	42	23	28	-3.674223022341595
1206	38	43	23	28	-2.8702296057436065
1207	39	44	23	28	-2.2484443363259468
1208	40	45	23	28	-1.8194353279316804
1209	41	46	23	28	-1.4877496276744702
1210	42	47	23	28	-1.2105958246244783
1211	43	48	23	28	-1.0241226498096707
1212	44	49	23	28	-0.8611062327509208
1213	45	50	23	28	-0.7264774860004717
1214	46	51	23	28	-0.6174556604036674
1215	47	52	23	28	-0.5356567022806057
1216	48	53	23	28	-0.46524264203894483
1217	49	54	23	28	-0.3929841348072991
1218	50	55	23	28	-0.3447744696471034
1219	51	56	23	28	-0.30160046810662156
1220	52	57	23	28	-0.26041393919807243
1221	53	58	23	28	-0.22700895677540317
1222	54	59	23	28	-0.1989368744267552
1223	55	60	23	28	-0.17258565735860715
1224	56	61	23	28	-0.15197033251004352
1225	57	62	23	28	-0.13452393244117244
1226	58	63	23	28	-0.11957156190711832
1227	59	64	23	28	-0.10744234999548999
1228	60	65	23	28	-0.09751618693425493
1229	61	66	23	28	-0.08967962107574412
1230	62	67	23	28	-0.0810852879547627
1231	63	68	23	28	-0.07443306768536581
1232	64	69	23	28	-0.0690060432473413
1233	65	70	23	28	-0.06348516663600837
1234	66	71	23	28	-0.05750952804372318
1235	67	72	23	28	-0.053594909123327095
1236	68	73	23	28	-0.04997210528514759
1237	69	74	23	28	-0.04520444945870512
1238	70	75	23	28	-0.03993565314963927
1239	71	76	23	28	-0.03582782780293452
1240	72	77	23	28	-0.03228812119437244
1241	73	78	23	28	-0.027819460117712712
1242	74	79	23	28	-0.02569428399816787
1243	75	80	23	28	-0.023603661436705132
1244	76	81	23	28	-0.021722173677241698
1245	77	82	23	28	-0.019681903476171263
1246	78	83	23	28	-0.017933928557592266
1247	79	84	23	28	-0.016517125920408566
1248	80	85	23	28	-0.015448407244452655
1249	81	86	23	28	-0.01463021476783357
1250	82	87	23	28	-0.013954865499742
1251	83	88	23	28	-0.013598050899095802
1252	84	89	23	28	-0.012753778407685705
1253	85	90	23	28	-0.011688051935863204
1254	86	91	23	28	-0.010877091784442497
1255	87	92	23	28	-0.009815879803469943
1256	88	93	23	28	-0.00882490340742315
1257	30	35	24	29	-60.43230285060491
1258	31	36	24	29	-31.54335035016407
1259	32	37	24	29	-20.17634784589452
1260	33	38	24	29	-13.843791678593295
1261	34	39	24	29	-10.202916123479199
1262	35	40	24	29	-7.762232592924479
1263	36	41	24	29	-5.981546840585803
1264	37	42	24	29	-4.457626568055835
1265	38	43	24	29	-3.4392923109467946
1266	39	44	24	29	-2.662854343553159
1267	40	45	24	29	-2.136006289550548
1268	41	46	24	29	-1.7358633930103136
1269	42	47	24	29	-1.4025240442400293
1270	43	48	24	29	-1.181590620215574
1271	44	49	24	29	-0.9886039038877441
1272	45	50	24	29	-0.8309989641310074
1273	46	51	24	29	-0.7042642874243602
1274	47	52	24	29	-0.6091894973809611
1275	48	53	24	29	-0.5275075332067967
1276	49	54	24	29	-0.444956406658198
1277	50	55	24	29	-0.38958110547086144
1278	51	56	24	29	-0.340170284009952
1279	52	57	24	29	-0.2931337810557388
1280	53	58	24	29	-0.25513069309390124
1281	54	59	24	29	-0.22324220468247938
1282	55	60	24	29	-0.1933396700832742
1283	56	61	24	29	-0.17002251356066397
1284	57	62	24	29	-0.1502240785253767
1285	58	63	24	29	-0.13338600835842512
1286	59	64	24	29	-0.11974121409740295
1287	60	65	24	29	-0.10850776056251026
1288	61	66	24	29	-0.09969406985239354
1289	62	67	24	29	-0.0897390724401359
1290	63	68	24	29	-0.08255799982714607
1291	64	69	24	29	-0.0762940490237882
1292	65	70	24	29	-0.07027803421609033
1293	66	71	24	29	-0.06361891415447407
1294	67	72	24	29	-0.059490844395668804
1295	68	73	24	29	-0.055162954185088056
1296	69	74	24	29	-0.0499967083571316
1297	70	75	24	29	-0.04399730643407135
1298	71	76	24	29	-0.03943548537277757
1299	72	77	24	29	-0.03546708929593505
1300	73	78	24	29	-0.030717230777574312
1301	74	79	24	29	-0.02816930547904961
1302	75	80	24	29	-0.02584694120895231
1303	76	81	24	29	-0.023761383099504995
1304	77	82	24	29	-0.02149119152505652
1305	78	83	24	29	-0.01937520492757868
1306	79	84	24	29	-0.01799770279992066
1307	80	85	24	29	-0.01681116188605761
1308	81	86	24	29	-0.015904931101239236
1309	82	87	24	29	-0.01514669989095243
1310	83	88	24	29	-0.01474403588968522
1311	84	89	24	29	-0.0138120676245798
1312	85	90	24	29	-0.012626656406666402
1313	86	91	24	29	-0.01174884379972219
1314	87	92	24	29	-0.010560713101707333
1315	88	93	24	29	-0.009402236031739036
1316	89	94	24	29	-0.008399411533008445
1317	31	36	25	30	-53.96169021789186
1318	32	37	25	30	-29.697397816225113
1319	33	38	25	30	-18.906300116867108
1320	34	39	25	30	-13.299840649841848
1321	35	40	25	30	-9.812910708331632
1322	36	41	25	30	-7.384823722596035
1323	37	42	25	30	-5.390548085208024
1324	38	43	25	30	-4.093843832147909
1325	39	44	25	30	-3.126796232631448
1326	40	45	25	30	-2.4784853021278197
1327	41	46	25	30	-1.9975248796051384
1328	42	47	25	30	-1.6038408547916294
1329	43	48	25	30	-1.3430809318652932
1330	44	49	25	30	-1.1174891905227926
1331	45	50	25	30	-0.93511132535088
1332	46	51	25	30	-0.7897737312253574
1333	47	52	25	30	-0.681156302296527
1334	48	53	25	30	-0.5881376582284242
1335	49	54	25	30	-0.4947313456127719
1336	50	55	25	30	-0.432070793469098
1337	51	56	25	30	-0.3764984764211795
1338	52	57	25	30	-0.3239097811682359
1339	53	58	25	30	-0.28135224592128877
1340	54	59	25	30	-0.24574311426198864
1341	55	60	25	30	-0.21243803603331782
1342	56	61	25	30	-0.18653259467552025
1343	57	62	25	30	-0.1645889512738728
1344	58	63	25	30	-0.1459568758255998
1345	59	64	25	30	-0.13081010135436497
1346	60	65	25	30	-0.11837835658677678
1347	61	66	25	30	-0.10864887882266977
1348	62	67	25	30	-0.09773505122917164
1349	63	68	25	30	-0.08984810467407137
1350	64	69	25	30	-0.08288620584298384
1351	65	70	25	30	-0.07631017162581762
1352	66	71	25	30	-0.06896644129718438
1353	67	72	25	30	-0.06443212842045479
1354	68	73	25	30	-0.0600642360082517
1355	69	74	25	30	-0.05405657937676978
1356	70	75	25	30	-0.04748422015685224
1357	71	76	25	30	-0.042530737224468526
1358	72	77	25	30	-0.038222243984681124
1359	73	78	25	30	-0.03245434953143585
1360	74	79	25	30	-0.030260890078444003
1361	75	80	25	30	-0.027714230169439233
1362	76	81	25	30	-0.025455032526833475
1363	77	82	25	30	-0.023023569802348345
1364	78	83	25	30	-0.02090681353945597
1365	79	84	25	30	-0.019208090083353807
1366	80	85	25	30	-0.017917369922642076
1367	81	86	25	30	-0.016918657187623462
1368	82	87	25	30	-0.016108464796626518
1369	83	88	25	30	-0.015644460309941585
1370	84	89	25	30	-0.014649761574322469
1371	85	90	25	30	-0.013442860885240493
1372	86	91	25	30	-0.012424705516595455
1373	88	93	25	30	-0.009907258156613589
1374	89	94	25	30	-0.008759590531366416
1375	90	95	25	30	-0.007888660717799888
1376	32	37	26	31	-52.323166689323195
1377	33	38	26	31	-28.457757722140023
1378	34	39	26	31	-18.582186768089425
1379	35	40	26	31	-13.086743128097694
1380	36	41	26	31	-9.531052210510076
1381	37	42	26	31	-6.758814123762758
1382	38	43	26	31	-5.0245024577904855
1383	39	44	26	31	-3.7705096698112044
1384	40	45	26	31	-2.9494363097456837
1385	41	46	26	31	-2.3492165220810945
1386	42	47	26	31	-1.8697603448946518
1387	43	48	26	31	-1.5548420002066008
1388	44	49	26	31	-1.2867364045082659
1389	45	50	26	31	-1.0717775121964845
1390	46	51	26	31	-0.9010548123750257
1391	47	52	26	31	-0.7742107323913112
1392	48	53	26	31	-0.6664569376165193
1393	49	54	26	31	-0.5586847633513223
1394	50	55	26	31	-0.48674138132939593
1395	51	56	26	31	-0.42313368346870445
1396	52	57	26	31	-0.3631218724088302
1397	53	58	26	31	-0.3147057664355073
1398	54	59	26	31	-0.2744552088343115
1399	55	60	26	31	-0.2368600930148556
1400	56	61	26	31	-0.20763151013228837
1401	57	62	26	31	-0.1828194196756448
1402	58	63	26	31	-0.16182957928136346
1403	59	64	26	31	-0.144907759963329
1404	60	65	26	31	-0.13101997003991556
1405	61	66	26	31	-0.12006639959186527
1406	62	67	26	31	-0.10784825669326009
1407	63	68	26	31	-0.09896500995009089
1408	64	69	26	31	-0.09131165801239768
1409	65	70	26	31	-0.08403903497829542
1410	66	71	26	31	-0.07589036694618864
1411	67	72	26	31	-0.07075845729871227
1412	68	73	26	31	-0.06550242783298471
1413	69	74	26	31	-0.05931267655164036
1414	70	75	26	31	-0.05242339034395953
1415	71	76	26	31	-0.04661043577276662
1416	72	77	26	31	-0.04214237993769818
1417	73	78	26	31	-0.035887268860989203
1418	74	79	26	31	-0.03300117109434081
1419	75	80	26	31	-0.029874717743863625
1420	76	81	26	31	-0.027685461764802896
1421	77	82	26	31	-0.024659962231874503
1422	78	83	26	31	-0.022666908325650444
1423	79	84	26	31	-0.02081947465886439
1424	80	85	26	31	-0.019395993834257892
1425	81	86	26	31	-0.01829245098158066
1426	82	87	26	31	-0.01738750789875137
1427	83	88	26	31	-0.016881676471610825
1428	84	89	26	31	-0.015801386131141203
1429	85	90	26	31	-0.014455227796194781
1430	86	91	26	31	-0.013412580269857297
1431	90	95	26	31	-0.00835468094200515
1432	91	96	26	31	-0.007401746127650005
1433	33	38	27	32	-49.1535389646668
1434	34	39	27	32	-27.61605498420778
1435	35	40	27	32	-18.11616786624577
1436	36	41	27	32	-12.626644864025675
1437	37	42	27	32	-8.62542999686245
1438	38	43	27	32	-6.243711424597267
1439	39	44	27	32	-4.580357242651571
1440	40	45	27	32	-3.5215813696436324
1441	41	46	27	32	-2.767014763172222
1442	42	47	27	32	-2.1770846638908194
1443	43	48	27	32	-1.7955177799916797
1444	44	49	27	32	-1.4745571032478506
1445	45	50	27	32	-1.220863765439662
1446	46	51	27	32	-1.0215235492488646
1447	47	52	27	32	-0.8737452985189733
1448	48	53	27	32	-0.7493773292342507
1449	49	54	27	32	-0.6261143157237357
1450	50	55	27	32	-0.5438224464569039
1451	51	56	27	32	-0.4716369170375804
1452	52	57	27	32	-0.40364310008807325
1453	53	58	27	32	-0.349132177793994
1454	54	59	27	32	-0.3038514181265174
1455	55	60	27	32	-0.26170133725820677
1456	56	61	27	32	-0.2290085456298599
1457	57	62	27	32	-0.20133121936527015
1458	58	63	27	32	-0.1779287430346413
1459	59	64	27	32	-0.1590618763833413
1460	60	65	27	32	-0.14359257869963943
1461	61	66	27	32	-0.13145589654513462
1462	62	67	27	32	-0.11796078042526123
1463	63	68	27	32	-0.10813303701996839
1464	64	69	27	32	-0.09966921189139949
1465	65	70	27	32	-0.09161002610692501
1466	66	71	27	32	-0.08270487703803914
1467	67	72	27	32	-0.07709723664620816
1468	68	73	27	32	-0.07127304111430907
1469	69	74	27	32	-0.06447257902356117
1470	70	75	27	32	-0.05656313300677976
1471	71	76	27	32	-0.050562714246872614
1472	72	77	27	32	-0.045347880379902825
1473	73	78	27	32	-0.03885342402163085
1474	74	79	27	32	-0.03566076606800405
1475	75	80	27	32	-0.03260058683569424
1476	76	81	27	32	-0.029867139418281327
1477	77	82	27	32	-0.02691186332911881
1478	78	83	27	32	-0.024383018998501385
1479	79	84	27	32	-0.02234814619470412
1480	80	85	27	32	-0.020802554446520752
1481	81	86	27	32	-0.019604775960004737
1482	82	87	27	32	-0.018617105215627712
1483	83	88	27	32	-0.018062569693050614
1484	84	89	27	32	-0.016879072317996634
1485	85	90	27	32	-0.015438932827566063
1486	86	91	27	32	-0.014291458898268121
1487	87	92	27	32	-0.012891821372472731
1488	90	95	27	32	-0.008805287643356589
1489	91	96	27	32	-0.007739721162649003
1490	34	39	28	33	-48.10609474702062
1491	35	40	28	33	-27.344097685374827
1492	36	41	28	33	-17.80112150040685
1493	37	42	28	33	-11.539441189718914
1494	38	43	28	33	-8.050215712079993
1495	39	44	28	33	-5.730921478060397
1496	40	45	28	33	-4.307168745782295
1497	41	46	28	33	-3.3267802794819152
1498	42	47	28	33	-2.579302661009319
1499	43	48	28	33	-2.1028111046444717
1500	44	49	28	33	-1.7122406833497728
1501	45	50	28	33	-1.4071220908566555
1502	46	51	28	33	-1.170591523281751
1503	47	52	28	33	-0.9965872222907451
1504	48	53	28	33	-0.8520348240997367
1505	49	54	28	33	-0.7079850141571977
1506	50	55	28	33	-0.6128066653826922
1507	51	56	28	33	-0.5297987743271853
1508	52	57	28	33	-0.4522856554969058
1509	53	58	28	33	-0.39014244373887064
1510	54	59	28	33	-0.33887394088744877
1511	55	60	28	33	-0.29122166222220053
1512	56	61	28	33	-0.2543223002487085
1513	57	62	28	33	-0.223186317613747
1514	58	63	28	33	-0.19692165328814965
1515	59	64	28	33	-0.17576789808544419
1516	60	65	28	33	-0.15843834357266062
1517	61	66	28	33	-0.14482962937735577
1518	62	67	28	33	-0.12983053180959742
1519	63	68	28	33	-0.11888813619369527
1520	64	69	28	33	-0.10947351949477152
1521	65	70	28	33	-0.10050865637489458
1522	66	71	28	33	-0.090610515333442
1523	67	72	28	33	-0.08445851413331462
1524	68	73	28	33	-0.07802634777830966
1525	69	74	28	33	-0.07050233655363439
1526	70	75	28	33	-0.06179282703129079
1527	71	76	28	33	-0.05516786200413375
1528	72	77	28	33	-0.04968806669150799
1529	73	78	28	33	-0.04229947516954943
1530	74	79	28	33	-0.03876732509837924
1531	75	80	28	33	-0.03539608575800321
1532	76	81	28	33	-0.032372090505411635
1533	77	82	28	33	-0.028874716135709577
1534	78	83	28	33	-0.02635676236001536
1535	79	84	28	33	-0.024137491334744153
1536	80	85	28	33	-0.022435762800939223
1537	81	86	28	33	-0.021131090089887068
1538	82	87	28	33	-0.020045525327337214
1539	83	88	28	33	-0.019423126207759454
1540	84	89	28	33	-0.018133314424747103
1541	85	90	28	33	-0.016549385159674773
1542	86	91	28	33	-0.015305331938300894
1543	87	92	28	33	-0.013696707368169192
1544	88	93	28	33	-0.012170238967916762
1545	89	94	28	33	-0.010613092177760287
1546	35	40	29	34	-47.75689100821395
1547	36	41	29	34	-27.15799423227042
1548	37	42	29	34	-16.281233272451857
1549	38	43	29	34	-10.799971559574551
1550	39	44	29	34	-7.386504821627839
1551	40	45	29	34	-5.392695912887979
1552	41	46	29	34	-4.074197362796198
1553	42	47	29	34	-3.1027235793450654
1554	43	48	29	34	-2.495219123724697
1555	44	49	29	34	-2.00730458755101
1556	45	50	29	34	-1.6353610897078417
1557	46	51	29	34	-1.3505429566535345
1558	47	52	29	34	-1.1428037963526863
1559	48	53	29	34	-0.973667601620587
1560	49	54	29	34	-0.8036468316755117
1561	50	55	29	34	-0.6929286096539236
1562	51	56	29	34	-0.5968470964084189
1563	52	57	29	34	-0.5079588396606922
1564	53	58	29	34	-0.4369453668109249
1565	54	59	29	34	-0.37853067357245584
1566	55	60	29	34	-0.3245982447448421
1567	56	61	29	34	-0.28288699168408815
1568	57	62	29	34	-0.24775998923807394
1569	58	63	29	34	-0.2182096735439488
1570	59	64	29	34	-0.19448234268279024
1571	60	65	29	34	-0.17502838091728956
1572	61	66	29	34	-0.1597831853659916
1573	62	67	29	34	-0.14307613245323664
1574	63	68	29	34	-0.13084528317528576
1575	64	69	29	34	-0.12034772766484274
1576	65	70	29	34	-0.11034584083225071
1577	66	71	29	34	-0.09937288378410591
1578	67	72	29	34	-0.09251337301137694
1579	68	73	29	34	-0.08534672775341495
1580	69	74	29	34	-0.0770565388685909
1581	70	75	29	34	-0.0674208673304246
1582	71	76	29	34	-0.06011954709480036
1583	72	77	29	34	-0.054163315743306906
1584	73	78	29	34	-0.04597656368080949
1585	74	79	29	34	-0.04207148296507186
1586	75	80	29	34	-0.03837408858547216
1587	76	81	29	34	-0.03505493246724255
1588	77	82	29	34	-0.03113091324593535
1589	78	83	29	34	-0.028462864168546292
1590	79	84	29	34	-0.026026238679219382
1591	80	85	29	34	-0.0241658700008544
1592	81	86	29	34	-0.022734412045936923
1593	82	87	29	34	-0.02153779342609744
1594	83	88	29	34	-0.020835360147985413
1595	84	89	29	34	-0.019432846838040092
1596	85	90	29	34	-0.01771049187109179
1597	86	91	29	34	-0.01637136040723762
1598	87	92	29	34	-0.014607724562001552
1599	88	93	29	34	-0.01297233570532843
1600	89	94	29	34	-0.011379829953132203
1601	36	41	30	35	-49.29551343893098
1602	37	42	30	35	-25.268948879961982
1603	38	43	30	35	-15.495987751454077
1604	39	44	30	35	-10.026189147721876
1605	40	45	30	35	-7.037202560830348
1606	41	46	30	35	-5.163594076125593
1607	42	47	30	35	-3.839691043500191
1608	43	48	30	35	-3.0396443336977548
1609	44	49	30	35	-2.4074472188051317
1610	45	50	30	35	-1.9369628357316617
1611	46	51	30	35	-1.5861673217894556
1612	47	52	30	35	-1.331930661831381
1613	48	53	30	35	-1.1251300690103068
1614	49	54	30	35	-0.9262592765291628
1615	50	55	30	35	-0.7950012452521152
1616	51	56	30	35	-0.6820712134002923
1617	52	57	30	35	-0.5784200310555778
1618	53	58	30	35	-0.4960549881044124
1619	54	59	30	35	-0.42849425895271365
1620	55	60	30	35	-0.3664711772421199
1621	56	61	30	35	-0.3186877792773021
1622	57	62	30	35	-0.27854123631046357
1623	58	63	30	35	-0.24485453604938268
1624	59	64	30	35	-0.21779746411924128
1625	60	65	30	35	-0.1957239371319892
1626	61	66	30	35	-0.17841644714212151
1627	62	67	30	35	-0.15952484118709861
1628	63	68	30	35	-0.14574569330998474
1629	64	69	30	35	-0.1338863492251391
1630	65	70	30	35	-0.12262309113874152
1631	66	71	30	35	-0.11029908404642566
1632	67	72	30	35	-0.10255300308016035
1633	68	73	30	35	-0.09456190172686753
1634	69	74	30	35	-0.08526323592228913
1635	70	75	30	35	-0.07454551263173077
1636	71	76	30	35	-0.06636606609006321
1637	72	77	30	35	-0.059313563726686315
1638	73	78	30	35	-0.0506539953133546
1639	74	79	30	35	-0.04628052421274259
1640	75	80	30	35	-0.04214567636667704
1641	76	81	30	35	-0.03845677791389768
1642	77	82	30	35	-0.034508131348466455
1643	79	84	30	35	-0.028433192753949302
1644	80	85	30	35	-0.02636757434598475
1645	81	86	30	35	-0.02477178533345218
1646	82	87	30	35	-0.02344808459301046
1647	84	89	30	35	-0.02110357352002701
1648	85	90	30	35	-0.019225776564871504
1649	86	91	30	35	-0.017730042802215906
1650	87	92	30	35	-0.015791376223123182
1651	88	93	30	35	-0.01394271608798777
1652	89	94	30	35	-0.012263900287796108
1653	90	95	30	35	-0.010884882252192602
1654	37	42	31	36	-48.21766707842873
1655	38	43	31	36	-25.156579140564737
1656	39	44	31	36	-14.876933648937053
1657	40	45	31	36	-9.859084532770888
1658	41	46	31	36	-6.939517821756314
1659	42	47	31	36	-4.9970772366703935
1660	43	48	31	36	-3.866313354745418
1661	44	49	31	36	-3.0027838677637284
1662	45	50	31	36	-2.380440330655148
1663	46	51	31	36	-1.925297449518136
1664	47	52	31	36	-1.6010255926071184
1665	48	53	31	36	-1.341674360258284
1666	49	54	31	36	-1.0970813472059606
1667	50	55	31	36	-0.9361202208292825
1668	51	56	31	36	-0.7990442092999166
1669	52	57	31	36	-0.6745786628693908
1670	53	58	31	36	-0.5762388381236375
1671	54	59	31	36	-0.49619071938723003
1672	55	60	31	36	-0.4230678463038122
1673	56	61	31	36	-0.3668995069267129
1674	57	62	31	36	-0.31982801632908353
1675	58	63	31	36	-0.28048096839764447
1676	59	64	31	36	-0.24913947442160433
1677	60	65	31	36	-0.2234132836373983
1678	61	66	31	36	-0.2033171766265987
1679	62	67	31	36	-0.1815109011394318
1680	63	68	31	36	-0.16557164266227548
1681	64	69	31	36	-0.1519529410876627
1682	65	70	31	36	-0.1389641830100785
1683	66	71	31	36	-0.12483316216251135
1684	67	72	31	36	-0.11590135803065293
1685	68	73	31	36	-0.10669649955339386
1686	69	74	31	36	-0.09615892003162518
1687	70	75	31	36	-0.08392030013152962
1688	71	76	31	36	-0.07465246748594859
1689	72	77	31	36	-0.06658801270829183
1690	73	78	31	36	-0.0567424790690299
1691	74	79	31	36	-0.05185775037563496
1692	75	80	31	36	-0.04713117295305454
1693	76	81	31	36	-0.04293379994367678
1694	77	82	31	36	-0.038470999133914885
1695	78	83	31	36	-0.03467607647617767
1696	79	84	31	36	-0.03159561462589908
1697	80	85	31	36	-0.02927982279365189
1698	81	86	31	36	-0.027462664167171538
1699	82	87	31	36	-0.025961099445667088
1700	83	88	31	36	-0.025078460416405057
1701	84	89	31	36	-0.023325315486917547
1702	85	90	31	36	-0.021198764726636725
1703	86	91	31	36	-0.019539846032341796
1704	87	92	31	36	-0.017314806111800054
1705	88	93	31	36	-0.015294693993634886
1706	89	94	31	36	-0.013350027330239923
1707	90	95	31	36	-0.011895573867735558
1708	91	96	31	36	-0.010350037740760602
1709	38	43	32	37	-50.351678151670335
1710	39	44	32	37	-25.120311025785618
1711	40	45	32	37	-15.294729439966693
1712	41	46	32	37	-10.181476320879217
1713	42	47	32	37	-7.029323700190394
1714	43	48	32	37	-5.2820781224018845
1715	44	49	32	37	-3.9989743525358925
1716	45	50	32	37	-3.1110692759761758
1717	46	51	32	37	-2.4792829695657828
1718	47	52	32	37	-2.03628938165859
1719	48	53	32	37	-1.6902471755377584
1720	49	54	32	37	-1.3703548406453137
1721	50	55	32	37	-1.1613274115340633
1722	51	56	32	37	-0.9848478767762805
1723	52	57	32	37	-0.8270485275556552
1724	53	58	32	37	-0.7032833387899298
1725	54	59	32	37	-0.6031410272011481
1726	55	60	32	37	-0.5125631453646977
1727	56	61	32	37	-0.4430647532548603
1728	57	62	32	37	-0.3850733712877147
1729	58	63	32	37	-0.3368234043011761
1730	59	64	32	37	-0.29851146501204207
1731	60	65	32	37	-0.26717533633017226
1732	61	66	32	37	-0.24269357526092042
1733	62	67	32	37	-0.21633493331609155
1734	63	68	32	37	-0.19701282667051143
1735	64	69	32	37	-0.18050330811904458
1736	65	70	32	37	-0.16485208489260791
1737	66	71	32	37	-0.14788000599956758
1738	67	72	32	37	-0.13709557727358018
1739	68	73	32	37	-0.12597876402229918
1740	69	74	32	37	-0.11332417774959072
1741	70	75	32	37	-0.0987988431742615
1742	71	76	32	37	-0.08773212460921508
1743	72	77	32	37	-0.07816462823751659
1744	73	78	32	37	-0.06647868399514915
1745	74	79	32	37	-0.060630265353673524
1746	75	80	32	37	-0.05512389758725206
1747	76	81	32	37	-0.05013839500389474
1748	77	82	32	37	-0.044854735951198266
1749	78	83	32	37	-0.040378477614866175
1750	79	84	32	37	-0.03676595692794541
1751	81	86	32	37	-0.03186112355895988
1752	82	87	32	37	-0.030069666109576957
1753	83	88	32	37	-0.029001047699804924
1754	84	89	32	37	-0.026937464244830955
1755	86	91	32	37	-0.02250786740784478
1756	87	92	32	37	-0.020152240289496595
1757	88	93	32	37	-0.017510293613418725
1758	89	94	32	37	-0.015299768073441841
1759	90	95	32	37	-0.013561155203032794
1760	91	96	32	37	-0.01183190611954658
1761	39	44	33	38	-45.062587353458845
1762	40	45	33	38	-23.80793935653792
1763	41	46	33	38	-14.733750432964902
1764	42	47	33	38	-9.676708354913577
1765	43	48	33	38	-7.036974621585827
1766	44	49	33	38	-5.181495971533557
1767	45	50	33	38	-3.946735462462206
1768	46	51	33	38	-3.0961298602654153
1769	47	52	33	38	-2.510077883093535
1770	48	53	33	38	-2.0597650046511053
1771	49	54	33	38	-1.656394153329227
1772	50	55	33	38	-1.3934195154222548
1773	51	56	33	38	-1.1741330668339487
1774	52	57	33	38	-0.9806626285572106
1775	53	58	33	38	-0.8298591191193629
1776	54	59	33	38	-0.7088375744663724
1777	55	60	33	38	-0.6002413004009626
1778	56	61	33	38	-0.5172414280212956
1779	57	62	33	38	-0.4482471008073693
1780	58	63	33	38	-0.39099695935007334
1781	59	64	33	38	-0.3458276286297423
1782	60	65	33	38	-0.30884299200785276
1783	61	66	33	38	-0.2805331386496201
1784	62	67	33	38	-0.24931123190552879
1785	63	68	33	38	-0.22669160329433818
1786	64	69	33	38	-0.20739339323540945
1787	65	70	33	38	-0.18913902693859655
1788	66	71	33	38	-0.1689629365329672
1789	67	72	33	38	-0.15690646574186773
1790	68	73	33	38	-0.14392671540508134
1791	69	74	33	38	-0.1293124261647301
1792	70	75	33	38	-0.11253203073236051
1793	71	76	33	38	-0.09982438899382823
1794	72	77	33	38	-0.08883048072165989
1795	73	78	33	38	-0.07546500149424648
1796	74	79	33	38	-0.06873642443636807
1797	75	80	33	38	-0.06235280832613095
1798	76	81	33	38	-0.05669335762908931
1799	77	82	33	38	-0.05068802958885241
1800	78	83	33	38	-0.04555273792334329
1801	79	84	33	38	-0.041430652912498075
1802	80	85	33	38	-0.03826353930745188
1803	81	86	33	38	-0.03580793586962831
1804	82	87	33	38	-0.033757907053802286
1805	83	88	33	38	-0.032503271827994396
1806	84	89	33	38	-0.030177100402749086
1807	85	90	33	38	-0.02737652924623788
1808	86	91	33	38	-0.02514416433613476
1809	87	92	33	38	-0.022413809047838962
1810	88	93	33	38	-0.0197374106981006
1811	89	94	33	38	-0.01698384544439279
1812	90	95	33	38	-0.015052043400135644
1813	91	96	33	38	-0.013043020712416066
1814	40	45	34	39	-43.167408038183616
1815	41	46	34	39	-22.93705916027357
1816	42	47	34	39	-13.970253560837982
1817	43	48	34	39	-9.708943564298925
1818	44	49	34	39	-6.905327151189128
1819	45	50	34	39	-5.127930366045444
1820	46	51	34	39	-3.9438905664409987
1821	47	52	34	39	-3.1491755353607402
1822	48	53	34	39	-2.551712150040597
1823	49	54	34	39	-2.0301561402734603
1824	50	55	34	39	-1.6940513906097214
1825	51	56	34	39	-1.417428672049196
1826	52	57	34	39	-1.1767000033254424
1827	53	58	34	39	-0.9906167480042329
1828	54	59	34	39	-0.8424267078625474
1829	55	60	34	39	-0.7105491762682181
1830	56	61	34	39	-0.6102050926840897
1831	57	62	34	39	-0.5275594467243325
1832	58	63	34	39	-0.45856986257715626
1833	59	64	34	39	-0.4045721655459185
1834	60	65	34	39	-0.36059739178972156
1835	61	66	34	39	-0.32640190664996993
1836	62	67	34	39	-0.2895659024669944
1837	63	68	34	39	-0.26337675366981017
1838	64	69	34	39	-0.2406758338009632
1839	65	70	34	39	-0.21921615450552984
1840	66	71	34	39	-0.19615779929524163
1841	67	72	34	39	-0.18144671792619854
1842	68	73	34	39	-0.16631874678811823
1843	69	74	34	39	-0.14929629397073815
1844	70	75	34	39	-0.12979803704952897
1845	71	76	34	39	-0.11501411936270961
1846	72	77	34	39	-0.10222752552977532
1847	73	78	34	39	-0.08676177458876015
1848	74	79	34	39	-0.07893277836299624
1849	75	80	34	39	-0.07149393384265268
1850	76	81	34	39	-0.06491272549355362
1851	77	82	34	39	-0.057966336948961125
1852	78	83	34	39	-0.05206103675885829
1853	79	84	34	39	-0.04727184130674518
1854	80	85	34	39	-0.04363284698219503
1855	81	86	34	39	-0.0407870278033406
1856	82	87	34	39	-0.03840892055619087
1857	83	88	34	39	-0.036958592454891755
1858	84	89	34	39	-0.034257313823324836
1859	85	90	34	39	-0.03105071769077653
1860	86	91	34	39	-0.028503683915248323
1861	87	92	34	39	-0.025343644444871173
1862	88	93	34	39	-0.02221725536326786
1863	89	94	34	39	-0.019377429019520553
1864	90	95	34	39	-0.017070951422236795
1865	91	96	34	39	-0.01464077809949403
1866	41	46	35	40	-39.610800071544574
1867	42	47	35	40	-20.789075260068408
1868	43	48	35	40	-13.52040333358466
1869	44	49	35	40	-9.185023486593316
1870	45	50	35	40	-6.6082741099010285
1871	46	51	35	40	-4.963922059673366
1872	47	52	35	40	-3.8908506383580006
1873	48	53	35	40	-3.112101537281198
1874	49	54	35	40	-2.4424725599133823
1875	50	55	35	40	-2.0188037974653463
1876	51	56	35	40	-1.6758206914502642
1877	52	57	35	40	-1.3817196157182834
1878	53	58	35	40	-1.1566730539898846
1879	54	59	35	40	-0.9787594776832822
1880	55	60	35	40	-0.821485417217642
1881	56	61	35	40	-0.7034813549659364
1882	57	62	35	40	-0.6057055363578929
1883	58	63	35	40	-0.5253636291218731
1884	59	64	35	40	-0.46230492707951365
1885	60	65	35	40	-0.4111618942873134
1886	61	66	35	40	-0.3715526666249048
1887	62	67	35	40	-0.3296373113843407
1888	63	68	35	40	-0.29886065703780246
1889	64	69	35	40	-0.2726976693719242
1890	65	70	35	40	-0.24809552725629214
1891	66	71	35	40	-0.22175303556459722
1892	67	72	35	40	-0.20490898676086183
1893	68	73	35	40	-0.1876332661450315
1894	69	74	35	40	-0.16821269911878206
1895	70	75	35	40	-0.14610805510242053
1896	71	76	35	40	-0.12933443000495054
1897	72	77	35	40	-0.11483246861811108
1898	73	78	35	40	-0.09733239684091789
1899	74	79	35	40	-0.08844855325778883
1900	75	80	35	40	-0.080066500945001
1901	76	81	35	40	-0.07259131865777645
1902	77	82	35	40	-0.06473307970575556
1903	78	83	35	40	-0.0581091568325731
1904	79	84	35	40	-0.052703878885031474
1905	80	85	35	40	-0.04859205075831315
1906	81	86	35	40	-0.04537748496006716
1907	82	87	35	40	-0.042691510583318354
1908	83	88	35	40	-0.04107251425758425
1909	84	89	35	40	-0.037999378146732356
1910	85	90	35	40	-0.03438787560536731
1911	86	91	35	40	-0.031543319496665785
1912	87	92	35	40	-0.028018649873634834
1913	88	93	35	40	-0.02478969725176358
1914	89	94	35	40	-0.02129631715995916
1915	90	95	35	40	-0.018820964706571415
1916	91	96	35	40	-0.016072030395154865
1917	42	47	36	41	-35.46571905980512
1918	43	48	36	41	-20.184541119642457
1919	44	49	36	41	-12.725867130979076
1920	45	50	36	41	-8.737080474221104
1921	46	51	36	41	-6.351780542228482
1922	47	52	36	41	-4.858212358039039
1923	48	53	36	41	-3.8140979850762085
1924	49	54	36	41	-2.946049170887086
1925	50	55	36	41	-2.404506622650401
1926	51	56	36	41	-1.9755368584161226
1927	52	57	36	41	-1.6147598610769103
1928	53	58	36	41	-1.3418469296839053
1929	54	59	36	41	-1.1290209590069438
1930	55	60	36	41	-0.9432472339598907
1931	56	61	36	41	-0.803646803774209
1932	57	62	36	41	-0.6890604045884001
1933	58	63	36	41	-0.5955341574511069
1934	59	64	36	41	-0.5228826779230269
1935	60	65	36	41	-0.46366812727448914
1936	61	66	36	41	-0.41804592977498883
1937	62	67	36	41	-0.37021017111729754
1938	63	68	36	41	-0.3350290636817944
1939	64	69	36	41	-0.305245823134234
1940	65	70	36	41	-0.2772391039390604
1941	66	71	36	41	-0.24742903326397803
1942	67	72	36	41	-0.22825402514377158
1943	68	73	36	41	-0.2085834851968571
1944	69	74	36	41	-0.18684398428557264
1945	70	75	36	41	-0.1619516779286922
1946	71	76	36	41	-0.1431695359394114
1947	72	77	36	41	-0.1269146490159695
1948	73	78	36	41	-0.10744152187283859
1949	74	79	36	41	-0.09755885082472712
1950	75	80	36	41	-0.0881955685880679
1951	76	81	36	41	-0.07990951088549195
1952	77	82	36	41	-0.07115488207661286
1953	78	83	36	41	-0.0637683956563915
1954	79	84	36	41	-0.05783095924353761
1955	80	85	36	41	-0.05323651959098656
1956	81	86	36	41	-0.05017578882637827
1957	82	87	36	41	-0.04666495749353537
1958	83	88	36	41	-0.044806045421101504
1959	84	89	36	41	-0.04148350042079822
1960	85	90	36	41	-0.03748186964806086
1961	87	92	36	41	-0.030430430861091526
1962	88	93	36	41	-0.026642295457943284
1963	89	94	36	41	-0.023394342783132484
1964	90	95	36	41	-0.0203384973123761
1965	91	96	36	41	-0.017589057748141654
1966	43	48	37	42	-36.07056881434217
1967	44	49	37	42	-19.24016785071501
1968	45	50	37	42	-12.225565135511824
1969	46	51	37	42	-8.451017357568336
1970	47	52	37	42	-6.238348164335321
1971	48	53	37	42	-4.76786822127221
1972	49	54	37	42	-3.6024338366252224
1973	50	55	37	42	-2.893348356855005
1974	51	56	37	42	-2.345827023892745
1975	52	57	37	42	-1.8963619937362477
1976	53	58	37	42	-1.5614400300699212
1977	54	59	37	42	-1.3041254669566178
1978	55	60	37	42	-1.0824562889232618
1979	56	61	37	42	-0.9169451660327009
1980	57	62	37	42	-0.7825530710456163
1981	58	63	37	42	-0.6734293874098889
1982	59	64	37	42	-0.5891898897084582
1983	60	65	37	42	-0.5209238394387896
1984	61	66	37	42	-0.46837279215097755
1985	62	67	37	42	-0.4139544089369954
1986	63	68	37	42	-0.37387271967613267
1987	64	69	37	42	-0.3401522856933896
1988	65	70	37	42	-0.30845461507958694
1989	66	71	37	42	-0.2748912838632926
1990	67	72	37	42	-0.25339196254450214
1991	68	73	37	42	-0.23130605238905622
1992	69	74	37	42	-0.2069948641753812
1993	70	75	37	42	-0.17931545347666772
1994	71	76	37	42	-0.15830507234671404
1995	72	77	37	42	-0.14020842572688846
1996	73	78	37	42	-0.11849309876412592
1997	74	79	37	42	-0.1074249801987189
1998	75	80	37	42	-0.09701071739050535
1999	76	81	37	42	-0.0878012818326501
2000	77	82	37	42	-0.07810334053251969
2001	78	83	37	42	-0.06986962456448736
2002	79	84	37	42	-0.06326374857760575
2003	80	85	37	42	-0.05824128929166747
2004	81	86	37	42	-0.05427885143844431
2005	82	87	37	42	-0.051712631477893234
2006	83	88	37	42	-0.04888270319115155
2007	84	89	37	42	-0.045176908736714816
2008	85	90	37	42	-0.040835568958278064
2009	86	91	37	42	-0.03733312230638541
2010	88	93	37	42	-0.02885186846936263
2011	89	94	37	42	-0.024996971356209395
2012	90	95	37	42	-0.022321935816054246
2013	91	96	37	42	-0.018916968945189856
2014	44	49	38	43	-32.65133798412715
2015	45	50	38	43	-17.90748803505676
2016	46	51	38	43	-11.51758016012484
2017	47	52	38	43	-8.116745061022826
2018	48	53	38	43	-6.006019679553338
2019	49	54	38	43	-4.418369134679991
2020	50	55	38	43	-3.4794904486517164
2021	51	56	38	43	-2.7781701530419745
2022	52	57	38	43	-2.2165588207059335
2023	53	58	38	43	-1.8060560234392322
2024	54	59	38	43	-1.4955321310642207
2025	55	60	38	43	-1.232084603600438
2026	56	61	38	43	-1.0374463098002438
2027	57	62	38	43	-0.8804193316911776
2028	58	63	38	43	-0.7542852130083663
2029	59	64	38	43	-0.6574189418102478
2030	60	65	38	43	-0.579261337524834
2031	61	66	38	43	-0.5194433251394335
2032	62	67	38	43	-0.45797064047892433
2033	63	68	38	43	-0.41282839732757554
2034	64	69	38	43	-0.37490166975323136
2035	65	70	38	43	-0.33943839425136285
2036	66	71	38	43	-0.3020578999509411
2037	67	72	38	43	-0.27804342369902524
2038	68	73	38	43	-0.25354742895728843
2039	69	74	38	43	-0.22661608851504225
2040	70	75	38	43	-0.19603867546410725
2041	71	76	38	43	-0.17293054361362814
2042	72	77	38	43	-0.1529269093417695
2043	73	78	38	43	-0.12909544710544565
2044	74	79	38	43	-0.11687103014054026
2045	75	80	38	43	-0.1054219307419515
2046	76	81	38	43	-0.09529795600519686
2047	77	82	38	43	-0.08467387107374698
2048	78	83	38	43	-0.07571570635367811
2049	79	84	38	43	-0.0684354091008382
2050	80	85	38	43	-0.062898980756432
2051	81	86	38	43	-0.058611395185060214
2052	82	87	38	43	-0.0549729284164646
2053	83	88	38	43	-0.052686381127415347
2054	84	89	38	43	-0.048647359510190974
2055	85	90	38	43	-0.04388748988050313
2056	86	91	38	43	-0.04014065819540924
2057	87	92	38	43	-0.03559212525056486
2058	88	93	38	43	-0.031350229755180085
2059	89	94	38	43	-0.02685633897131505
2060	90	95	38	43	-0.023496208352097123
2061	91	96	38	43	-0.020379120622000355
2062	45	50	39	44	-32.441228162381094
2063	46	51	39	44	-17.651399276545725
2064	47	52	39	44	-11.484477644012003
2065	48	53	39	44	-8.070904236440457
2066	49	54	39	44	-5.714429600270375
2067	50	55	39	44	-4.37825625087385
2068	51	56	39	44	-3.4225639690739054
2069	52	57	39	44	-2.6840175730411175
2070	53	58	39	44	-2.155094368319647
2071	54	59	39	44	-1.765790776622283
2072	55	60	39	44	-1.4404735747828254
2073	56	61	39	44	-1.2033021365880465
2074	57	62	39	44	-1.014347611767716
2075	58	63	39	44	-0.8638055701047422
2076	59	64	39	44	-0.7493931915810688
2077	60	65	39	44	-0.6576089781197603
2078	61	66	39	44	-0.5876721385105219
2079	62	67	39	44	-0.5167431900902905
2080	63	68	39	44	-0.46458487338538945
2081	64	69	39	44	-0.4211847426015419
2082	65	70	39	44	-0.38061153909382256
2083	66	71	39	44	-0.3381961191275537
2084	67	72	39	44	-0.3109214066467168
2085	68	73	39	44	-0.2831921984886965
2086	69	74	39	44	-0.2529334193886045
2087	70	75	39	44	-0.218531875073742
2088	71	76	39	44	-0.19253326278660826
2089	72	77	39	44	-0.170126554254338
2090	73	78	39	44	-0.143334603033498
2091	74	79	39	44	-0.12956000272729262
2092	75	80	39	44	-0.11673732247966592
2093	76	81	39	44	-0.10541154046407496
2094	77	82	39	44	-0.09351695623882036
2095	78	83	39	44	-0.08350914480489927
2096	79	84	39	44	-0.07545411425652103
2097	80	85	39	44	-0.06925584297761497
2098	81	86	39	44	-0.06444300075831597
2099	82	87	39	44	-0.060435841665788914
2100	83	88	39	44	-0.05783532221189841
2101	84	89	39	44	-0.053377773371930934
2102	85	90	39	44	-0.04808812322374599
2103	86	91	39	44	-0.04390963553071567
2104	87	92	39	44	-0.03900650649795144
2105	88	93	39	44	-0.033877649918898835
2106	89	94	39	44	-0.029292800313730098
2107	90	95	39	44	-0.025544645053574483
2108	91	96	39	44	-0.02191626776623299
2109	46	51	40	45	-31.710317959184827
2110	47	52	40	45	-17.525245886762892
2111	48	53	40	45	-11.40237524466901
2112	49	54	40	45	-7.65920593663349
2113	50	55	40	45	-5.664380053591042
2114	51	56	40	45	-4.3130737746317935
2115	52	57	40	45	-3.3089027102545367
2116	53	58	40	45	-2.6128422222138212
2117	54	59	40	45	-2.110757591460039
2118	55	60	40	45	-1.7020808391571902
2119	56	61	40	45	-1.4085150509348094
2120	57	62	40	45	-1.1776461977051453
2121	58	63	40	45	-0.9960590295887768
2122	59	64	40	45	-0.8592390472910922
2123	60	65	40	45	-0.7505315958488818
2124	61	66	40	45	-0.6681406532613
2125	62	67	40	45	-0.5855614504357769
2126	63	68	40	45	-0.525096710989873
2127	64	69	40	45	-0.47488857918614874
2128	65	70	40	45	-0.42830372667274597
2129	66	71	40	45	-0.37988552743897386
2130	67	72	40	45	-0.34874415331716846
2131	68	73	40	45	-0.31723628903538154
2132	69	74	40	45	-0.28295322114132115
2133	70	75	40	45	-0.24418432705380488
2134	71	76	40	45	-0.21484456507979827
2135	72	77	40	45	-0.18956810429526583
2136	73	78	40	45	-0.15946917089029577
2137	74	79	40	45	-0.14393315816863284
2138	75	80	40	45	-0.12951786274994062
2139	76	81	40	45	-0.11681909931092267
2140	77	82	40	45	-0.10350056178879116
2141	78	83	40	45	-0.0923404011984938
2142	79	84	40	45	-0.08328159687891337
2143	80	85	40	45	-0.07642745264699514
2144	81	86	40	45	-0.0710286491269077
2145	82	87	40	45	-0.0665201699770343
2146	83	88	40	45	-0.06365405878210784
2147	84	89	40	45	-0.0586638752416421
2148	85	90	40	45	-0.05280655352530168
2149	86	91	40	45	-0.04814786672224055
2150	87	92	40	45	-0.04259349340339214
2151	88	93	40	45	-0.03714829773128921
2152	89	94	40	45	-0.031929687123209566
2153	90	95	40	45	-0.02801609624075618
2154	91	96	40	45	-0.023847873522959785
2155	47	52	41	46	-31.331179528140574
2156	48	53	41	46	-17.397492500359668
2157	49	54	41	46	-10.776574047240583
2158	50	55	41	46	-7.589087512229229
2159	51	56	41	46	-5.579952314604981
2160	52	57	41	46	-4.162642040964309
2161	53	58	41	46	-3.2147556793678804
2162	54	59	41	46	-2.55443573457692
2163	55	60	41	46	-2.029261250962895
2164	56	61	41	46	-1.6601562017188962
2165	57	62	41	46	-1.373791878331343
2166	58	63	41	46	-1.1522047095849284
2167	59	64	41	46	-0.9877532243249292
2168	60	65	41	46	-0.8575840165059216
2169	61	66	41	46	-0.7598571979085871
2170	62	67	41	46	-0.6633559557061507
2171	63	68	41	46	-0.5928434808537526
2172	64	69	41	46	-0.5348888705626935
2173	65	70	41	46	-0.4811425396980218
2174	66	71	41	46	-0.4258675324550908
2175	67	72	41	46	-0.39020652050288457
2176	68	73	41	46	-0.35434171755645766
2177	69	74	41	46	-0.315662664991854
2178	70	75	41	46	-0.2719527222784198
2179	71	76	41	46	-0.2389397520965916
2180	72	77	41	46	-0.21046324369153602
2181	73	78	41	46	-0.17676068700092923
2182	74	79	41	46	-0.15926473626296875
2183	75	80	41	46	-0.14314250312336158
2184	76	81	41	46	-0.1289259306733389
2185	77	82	41	46	-0.1140478418832557
2186	78	83	41	46	-0.10160675293761183
2187	79	84	41	46	-0.09160315260596945
2188	80	85	41	46	-0.08394512984590827
2189	81	86	41	46	-0.07799180960941093
2190	82	87	41	46	-0.07291740210262676
2191	83	88	41	46	-0.06970990064018787
2192	84	89	41	46	-0.06421001682750284
2193	85	90	41	46	-0.05771214886114651
2194	86	91	41	46	-0.052573875955606704
2195	87	92	41	46	-0.04641209246002528
2196	88	93	41	46	-0.040349242973772396
2197	89	94	41	46	-0.034793886547638916
2198	90	95	41	46	-0.030371085605937563
2199	91	96	41	46	-0.026031025193028197
2200	48	53	42	47	-30.928945032521547
2201	49	54	42	47	-16.100174902938345
2202	50	55	42	47	-10.531910720200944
2203	51	56	42	47	-7.379857061781422
2204	52	57	42	47	-5.310048641200857
2205	53	58	42	47	-3.988855410989382
2206	54	59	42	47	-3.1017227388175614
2207	55	60	42	47	-2.4208837446783327
2208	56	61	42	47	-1.9509653424147122
2209	57	62	42	47	-1.5950909442738626
2210	58	63	42	47	-1.3238604373093676
2211	59	64	42	47	-1.125785184944252
2212	60	65	42	47	-0.9705941989239716
2213	61	66	42	47	-0.8550099754561882
2214	62	67	42	47	-0.7431939653047408
2215	63	68	42	47	-0.6614646249708774
2216	64	69	42	47	-0.5947163012666847
2217	65	70	42	47	-0.5333709836320156
2218	66	71	42	47	-0.47072867572031696
2219	67	72	42	47	-0.43035760605914375
2220	68	73	42	47	-0.3897843630346046
2221	69	74	42	47	-0.34648602820008334
2222	70	75	42	47	-0.29783044187655683
2223	71	76	42	47	-0.26112636724429944
2224	72	77	42	47	-0.2295973982040876
2225	73	78	42	47	-0.19244851001312147
2226	74	79	42	47	-0.173155377487912
2227	75	80	42	47	-0.15534195404043724
2228	76	81	42	47	-0.1397308551428666
2229	77	82	42	47	-0.12344872632211848
2230	78	83	42	47	-0.10984514210446156
2231	79	84	42	47	-0.09886986937324224
2232	80	85	42	47	-0.09052707401561794
2233	81	86	42	47	-0.08396532382048039
2234	82	87	42	47	-0.07847244189146277
2235	83	88	42	47	-0.07488361374961396
2236	84	89	42	47	-0.06888721347421084
2237	85	90	42	47	-0.06187577233398657
2238	86	91	42	47	-0.056280880453326035
2239	87	92	42	47	-0.04979760933890337
2240	88	93	42	47	-0.043081117032237576
2241	89	94	42	47	-0.03702588150083155
2242	90	95	42	47	-0.0324338326409542
2243	91	96	42	47	-0.027651062663333403
2244	49	54	43	48	-28.971776043449683
2245	50	55	43	48	-16.123535204655273
2246	51	56	43	48	-10.46952218015512
2247	52	57	43	48	-7.165745219539296
2248	53	58	43	48	-5.189866783414153
2249	54	59	43	48	-3.927329431501115
2250	55	60	43	48	-2.997029381741397
2251	56	61	43	48	-2.3725801944901095
2252	57	62	43	48	-1.9100590559956152
2253	58	63	43	48	-1.564937640579995
2254	59	64	43	48	-1.3182483821231021
2255	60	65	43	48	-1.1266947890657772
2256	61	66	43	48	-0.9857970127537773
2257	62	67	43	48	-0.8522649593525345
2258	63	68	43	48	-0.7546745075520971
2259	64	69	43	48	-0.6758141045022096
2260	65	70	43	48	-0.6038728124899895
2261	66	71	43	48	-0.531139162185773
2262	67	72	43	48	-0.4841267283353431
2263	68	73	43	48	-0.4369230927002833
2264	69	74	43	48	-0.3873693545529952
2265	70	75	43	48	-0.33197167684864093
2266	71	76	43	48	-0.2903222832420339
2267	72	77	43	48	-0.2546204749619098
2268	73	78	43	48	-0.21299982426371833
2269	74	79	43	48	-0.1913992106993021
2270	75	80	43	48	-0.17136295559127973
2271	76	81	43	48	-0.15389496387374396
2272	77	82	43	48	-0.13579505741501116
2273	78	83	43	48	-0.12067233919975412
2274	79	84	43	48	-0.10843982443783455
2275	80	85	43	48	-0.09912722983609837
2276	81	86	43	48	-0.09180816167169337
2277	82	87	43	48	-0.08567609534563486
2278	83	88	43	48	-0.08168339142178344
2279	84	89	43	48	-0.07502109705820609
2280	85	90	43	48	-0.06730812505879319
2281	86	91	43	48	-0.0611470851853044
2282	87	92	43	48	-0.054005505036419196
2283	88	93	43	48	-0.04685429808562527
2284	89	94	43	48	-0.04006938044403137
2285	90	95	43	48	-0.03509954427520219
2286	91	96	43	48	-0.0298777530210435
2287	50	55	44	49	-30.8002253662643
2288	51	56	44	49	-16.662197316924136
2289	52	57	44	49	-10.484426455160884
2290	53	58	44	49	-7.192400680379068
2291	54	59	44	49	-5.2364206373022855
2292	55	60	44	49	-3.8738051035726118
2293	56	61	44	49	-2.9933687478446482
2294	57	62	44	49	-2.3609192051717596
2295	58	63	44	49	-1.90038031307283
2296	59	64	44	49	-1.5813390137323462
2297	60	65	44	49	-1.3371123699616332
2298	61	66	44	49	-1.1596873277628934
2299	62	67	44	49	-0.9961329450015382
2300	63	68	44	49	-0.8775919328357755
2301	64	69	44	49	-0.7815035170069542
2302	65	70	44	49	-0.6944660119770742
2303	66	71	44	49	-0.6085409289206585
2304	67	72	44	49	-0.552548623806884
2305	68	73	44	49	-0.49669448083038403
2306	69	74	44	49	-0.4391853465985379
2307	70	75	44	49	-0.37512314749795084
2308	71	76	44	49	-0.327055462800795
2309	72	77	44	49	-0.28609011694948594
2310	73	78	44	49	-0.23877858757285517
2311	74	79	44	49	-0.21416721853125267
2312	75	80	44	49	-0.19132637965784796
2313	76	81	44	49	-0.1714941043761488
2314	77	82	44	49	-0.1510893283338124
2315	78	83	44	49	-0.13404532097530575
2316	79	84	44	49	-0.12027024021452573
2317	80	85	44	49	-0.10973225527644817
2318	81	86	44	49	-0.10148313026226101
2319	82	87	44	49	-0.09456326808223618
2320	83	88	44	49	-0.09000475231019686
2321	84	89	44	49	-0.08257193552178385
2322	85	90	44	49	-0.07395217295867416
2323	86	91	44	49	-0.06712576961875717
2324	87	92	44	49	-0.05924663972407838
2325	88	93	44	49	-0.05123141338201705
2326	89	94	44	49	-0.04399536027478505
2327	90	95	44	49	-0.038217749060689685
2328	91	96	44	49	-0.03257734950567775
2329	51	56	45	50	-30.343700816698572
2330	52	57	45	50	-16.067178812903677
2331	53	58	45	50	-10.210856403480516
2332	54	59	45	50	-7.0848057318313895
2333	55	60	45	50	-5.048088788550091
2334	56	61	45	50	-3.7926269372672032
2335	57	62	45	50	-2.9207609650318065
2336	58	63	45	50	-2.3075440283997177
2337	59	64	45	50	-1.8903004020872907
2338	60	65	45	50	-1.5783138429976045
2339	61	66	45	50	-1.3551689427930862
2340	62	67	45	50	-1.1543873611599271
2341	63	68	45	50	-1.0095786298425073
2342	64	69	45	50	-0.8939245438841371
2343	65	70	45	50	-0.7907926429326404
2344	66	71	45	50	-0.6897376158755515
2345	67	72	45	50	-0.6237100808319156
2346	68	73	45	50	-0.5581857404822461
2347	69	74	45	50	-0.4917460602447811
2348	70	75	45	50	-0.41840670550706804
2349	71	76	45	50	-0.36357104095688686
2350	72	77	45	50	-0.3169797579430601
2351	73	78	45	50	-0.26390070870342874
2352	74	79	45	50	-0.23632105717398638
2353	75	80	45	50	-0.21058755402839213
2354	76	81	45	50	-0.18836043979637773
2355	77	82	45	50	-0.16572192830252064
2356	78	83	45	50	-0.1468015628091889
2357	79	84	45	50	-0.13145299455137588
2358	80	85	45	50	-0.11969019656939373
2359	81	86	45	50	-0.11048130893862679
2360	82	87	45	50	-0.10272465991533183
2361	83	88	45	50	-0.09764783881036836
2362	84	89	45	50	-0.08947086125213377
2363	85	90	45	50	-0.08003638610090513
2364	86	91	45	50	-0.07252865800009928
2365	87	92	45	50	-0.0638346218999595
2366	88	93	45	50	-0.05530656524271094
2367	89	94	45	50	-0.04730201318528771
2368	90	95	45	50	-0.041256723768166706
2369	91	96	45	50	-0.034964881740327816
2370	52	57	46	51	-28.705730188132577
2371	53	58	46	51	-15.448699045871937
2372	54	59	46	51	-9.980666571728811
2373	55	60	46	51	-6.769101791228656
2374	56	61	46	51	-4.91027822876921
2375	57	62	46	51	-3.6755470262485685
2376	58	63	46	51	-2.83833545725897
2377	59	64	46	51	-2.2853573246184014
2378	60	65	46	51	-1.8792204975387459
2379	61	66	46	51	-1.5944139687476362
2380	62	67	46	51	-1.346008742684206
2381	63	68	46	51	-1.167803379583559
2382	64	69	46	51	-1.027986629694611
2383	65	70	46	51	-0.9048617684469626
2384	66	71	46	51	-0.7857782365057138
2385	67	72	46	51	-0.7080486269985831
2386	68	73	46	51	-0.6314931478446312
2387	69	74	46	51	-0.5548061098905266
2388	70	75	46	51	-0.4706639540942471
2389	71	76	46	51	-0.40785487121576736
2390	72	77	46	51	-0.35470298086376667
2391	73	78	46	51	-0.29449469934236616
2392	74	79	46	51	-0.2630882912325775
2393	75	80	46	51	-0.23393677174139016
2394	76	81	46	51	-0.20888975978132915
2395	77	82	46	51	-0.18342860672721226
2396	78	83	46	51	-0.16222295014346313
2397	79	84	46	51	-0.14502808167512815
2398	80	85	46	51	-0.13185922591944754
2399	81	86	46	51	-0.12155035326917814
2400	82	87	46	51	-0.11286774408642045
2401	83	88	46	51	-0.10714931858286512
2402	84	89	46	51	-0.0980522485351028
2403	85	90	46	51	-0.08759295156071528
2404	86	91	46	51	-0.07930814947667218
2405	87	92	46	51	-0.06966308642404956
2406	88	93	46	51	-0.06028956636089549
2407	89	94	46	51	-0.05148018920155574
2408	90	95	46	51	-0.04484790859156648
2409	91	96	46	51	-0.038112386707189395
2410	53	58	47	52	-29.126378315444928
2411	54	59	47	52	-15.769115900635878
2412	55	60	47	52	-9.868807111925818
2413	56	61	47	52	-6.806033632299597
2414	57	62	47	52	-4.901894253856687
2415	58	63	47	52	-3.672443816574762
2416	59	64	47	52	-2.8928587821073872
2417	60	65	47	52	-2.3320576999377356
2418	61	66	47	52	-1.9495338792065435
2419	62	67	47	52	-1.626767517460865
2420	63	68	47	52	-1.3970745607550081
2421	64	69	47	52	-1.2205252924631833
2422	65	70	47	52	-1.0669684610967287
2423	66	71	47	52	-0.9210721345829578
2424	67	72	47	52	-0.8259155978484172
2425	68	73	47	52	-0.732741623638425
2426	69	74	47	52	-0.6412072104606253
2427	70	75	47	52	-0.5414553793006204
2428	71	76	47	52	-0.46746518059983366
2429	72	77	47	52	-0.4050066342889905
2430	73	78	47	52	-0.33523735711824054
2431	74	79	47	52	-0.298792327217971
2432	75	80	47	52	-0.26491213618994014
2433	76	81	47	52	-0.23600717187864206
2434	77	82	47	52	-0.20688012340140394
2435	78	83	47	52	-0.18261322614710518
2436	79	84	47	52	-0.1629456796524722
2437	80	85	47	52	-0.14783073672487596
2438	81	86	47	52	-0.13599397416458905
2439	82	87	47	52	-0.12605836345059918
2440	83	88	47	52	-0.11948042801419509
2441	84	89	47	52	-0.10911526220707574
2442	85	90	47	52	-0.0973757519930104
2443	86	91	47	52	-0.08802385701939348
2444	87	92	47	52	-0.07736219071003056
2445	88	93	47	52	-0.06658764244508626
2446	89	94	47	52	-0.056985758323296554
2447	90	95	47	52	-0.049466323919423794
2448	91	96	47	52	-0.041984719926852446
2449	54	59	48	53	-29.78887548073731
2450	55	60	48	53	-15.377770669055824
2451	56	61	48	53	-9.811166517417748
2452	57	62	48	53	-6.709054333758369
2453	58	63	48	53	-4.835909050211049
2454	59	64	48	53	-3.704173374852636
2455	60	65	48	53	-2.9187089320072417
2456	61	66	48	53	-2.396303743009735
2457	62	67	48	53	-1.9710208455161864
2458	63	68	48	53	-1.6738617881954536
2459	64	69	48	53	-1.4496030521126984
2460	65	70	48	53	-1.2578635726250562
2461	66	71	48	53	-1.0787987511177561
2462	67	72	48	53	-0.9621751473137514
2463	68	73	48	53	-0.8491966679801521
2464	69	74	48	53	-0.7400985230475035
2465	70	75	48	53	-0.6223300284866036
2466	71	76	48	53	-0.5352123933018493
2467	72	77	48	53	-0.46196872904070596
2468	73	78	48	53	-0.38107705486620136
2469	74	79	48	53	-0.338810956621197
2470	75	80	48	53	-0.2995402451661328
2471	76	81	48	53	-0.26624431794361514
2472	77	82	48	53	-0.2329031357543392
2473	78	83	48	53	-0.20519774743983732
2474	79	84	48	53	-0.18271101990751212
2475	80	85	48	53	-0.16544554822396434
2476	81	86	48	53	-0.15195498269323926
2477	82	87	48	53	-0.14058816984781733
2478	83	88	48	53	-0.1330406140999347
2479	84	89	48	53	-0.1213412509572995
2480	85	90	48	53	-0.10808018167691633
2481	86	91	48	53	-0.09758847005240051
2482	87	92	48	53	-0.0856160854783592
2483	88	93	48	53	-0.07376850294064945
2484	89	94	48	53	-0.06279063854446826
2485	90	95	48	53	-0.054616913928324226
2486	91	96	48	53	-0.04627819996634106
2487	55	60	49	54	-28.226107210664793
2488	56	61	49	54	-15.02923614148327
2489	57	62	49	54	-9.484345053871207
2490	58	63	49	54	-6.48772179164405
2491	59	64	49	54	-4.7919524422702535
2492	60	65	49	54	-3.665024527994848
2493	61	66	49	54	-2.9434119548233717
2494	62	67	49	54	-2.379434595637795
2495	63	68	49	54	-1.9898842404265806
2496	64	69	49	54	-1.7051242537040205
2497	65	70	49	54	-1.4662139360770152
2498	66	71	49	54	-1.2472293999437496
2499	67	72	49	54	-1.1054362884755182
2500	68	73	49	54	-0.9692953797588926
2501	69	74	49	54	-0.8403838023184282
2502	70	75	49	54	-0.7027166827336281
2503	71	76	49	54	-0.601778833772435
2504	72	77	49	54	-0.5168349635702025
2505	73	78	49	54	-0.42480284056485806
2506	74	79	49	54	-0.3766101139818881
2507	75	80	49	54	-0.331841030569135
2508	76	81	49	54	-0.2941435369932307
2509	77	82	49	54	-0.256736270334849
2510	78	83	49	54	-0.2257328006180577
2511	79	84	49	54	-0.20053973559750554
2512	80	85	49	54	-0.1811480877577492
2513	81	86	49	54	-0.16599829634965863
2514	82	87	49	54	-0.15324991386731687
2515	83	88	49	54	-0.1447539912535156
2516	84	89	49	54	-0.13178992713268223
2517	85	90	49	54	-0.11721331959843526
2518	86	91	49	54	-0.10562398968413543
2519	87	92	49	54	-0.09253781290696966
2520	88	93	49	54	-0.0795843396039159
2521	89	94	49	54	-0.06786822723323885
2522	90	95	49	54	-0.058687637548826666
2523	91	96	49	54	-0.049789774027826604
2524	56	61	50	55	-29.126724965103847
2525	57	62	50	55	-15.108565612292278
2526	58	63	50	55	-9.505385928805453
2527	59	64	50	55	-6.675472080485543
2528	60	65	50	55	-4.907489072998684
2529	61	66	50	55	-3.8287893814978657
2530	62	67	50	55	-3.0303074572858417
2531	63	68	50	55	-2.4898601820565913
2532	64	69	50	55	-2.1049814799949136
2533	65	70	50	55	-1.7875499817309164
2534	66	71	50	55	-1.5058411639513936
2535	67	72	50	55	-1.3248249453440315
2536	68	73	50	55	-1.152493333481854
2537	69	74	50	55	-0.9933021628310567
2538	70	75	50	55	-0.8248024010572412
2539	71	76	50	55	-0.7023927713526659
2540	72	77	50	55	-0.6004428121916844
2541	73	78	50	55	-0.4913333566349769
2542	74	79	50	55	-0.43421997138507723
2543	75	80	50	55	-0.3808972828170033
2544	76	81	50	55	-0.3365673468660112
2545	77	82	50	55	-0.2932411657968123
2546	78	83	50	55	-0.25721369457397897
2547	79	84	50	55	-0.2279223612802836
2548	80	85	50	55	-0.20521589858976427
2549	81	86	50	55	-0.18757382224892977
2550	82	87	50	55	-0.17285740835250857
2551	83	88	50	55	-0.1629224515425935
2552	84	89	50	55	-0.1480738409189395
2553	85	90	50	55	-0.13138668114660826
2554	86	91	50	55	-0.11822791753669308
2555	87	92	50	55	-0.10340808959866434
2556	88	93	50	55	-0.08881538662429193
2557	89	94	50	55	-0.07547909516033358
2558	90	95	50	55	-0.06546686542722459
2559	91	96	50	55	-0.055210965037717434
2560	57	62	51	56	-28.19267265925075
2561	58	63	51	56	-14.66417259274843
2562	59	64	51	56	-9.553729259381651
2563	60	65	51	56	-6.672158155055161
2564	61	66	51	56	-5.021717928736365
2565	62	67	51	56	-3.8708099113783225
2566	63	68	51	56	-3.1139703979781648
2567	64	69	51	56	-2.5924962482790477
2568	65	70	51	56	-2.1710721574243914
2569	66	71	51	56	-1.8088196450879606
2570	67	72	51	56	-1.5779536236557616
2571	68	73	51	56	-1.3611475236034234
2572	69	74	51	56	-1.164524230950529
2573	70	75	51	56	-0.9608177861257831
2574	71	76	51	56	-0.8132756818332463
2575	72	77	51	56	-0.6905558666244218
2576	73	78	51	56	-0.5624893560119124
2577	74	79	51	56	-0.49548990212082444
2578	75	80	51	56	-0.43276477476479824
2579	76	81	51	56	-0.3811900037893835
2580	77	82	51	56	-0.33126860938957375
2581	78	83	51	56	-0.2898313736027187
2582	79	84	51	56	-0.25651347719736717
2583	80	85	51	56	-0.22995814010779858
2584	81	86	51	56	-0.20962469739767917
2585	82	87	51	56	-0.19262309633975944
2586	83	88	51	56	-0.18113176536052672
2587	84	89	51	56	-0.16367109483788395
2588	85	90	51	56	-0.14552531683174136
2589	86	91	51	56	-0.13075698051755602
2590	87	92	51	56	-0.11411633671836793
2591	88	93	51	56	-0.09785776548882916
2592	89	94	51	56	-0.08320689636065878
2593	90	95	51	56	-0.07193518980465598
2594	91	96	51	56	-0.060809162274431824
2595	58	63	52	57	-27.001151488527025
2596	59	64	52	57	-14.801094395147128
2597	60	65	52	57	-9.531216354193557
2598	61	66	52	57	-6.812673221582939
2599	62	67	52	57	-5.0671260802456946
2600	63	68	52	57	-3.9663664134717846
2601	64	69	52	57	-3.23641702975526
2602	65	70	52	57	-2.668217939297057
2603	66	71	52	57	-2.192243749634576
2604	67	72	52	57	-1.8920526556290942
2605	68	73	52	57	-1.616021790951839
2606	69	74	52	57	-1.3732630228111093
2607	70	75	52	57	-1.1228748145113578
2608	71	76	52	57	-0.9448605662345475
2609	72	77	52	57	-0.797183705738562
2610	73	78	52	57	-0.6457332009813888
2611	74	79	52	57	-0.5664781521763815
2612	75	80	52	57	-0.4927414242585477
2613	76	81	52	57	-0.43245568306042725
2614	77	82	52	57	-0.3746449619606209
2615	78	83	52	57	-0.32690063912867817
2616	79	84	52	57	-0.2880251179656606
2617	80	85	52	57	-0.2579579345284013
2618	81	86	52	57	-0.23448524396645276
2619	82	87	52	57	-0.2148946445629445
2620	83	88	52	57	-0.20160018605259827
2621	84	89	52	57	-0.1824148099544477
2622	85	90	52	57	-0.16138581321897583
2623	86	91	52	57	-0.14471854216069266
2624	87	92	52	57	-0.126358890696042
2625	88	93	52	57	-0.1078965642537454
2626	89	94	52	57	-0.09165421059619491
2627	90	95	52	57	-0.07914227756614692
2628	91	96	52	57	-0.06676095525306587
2629	59	64	53	58	-28.245033388803698
2630	60	65	53	58	-14.95946843090191
2631	61	66	53	58	-9.836894436232088
2632	62	67	53	58	-6.94751726008443
2633	63	68	53	58	-5.240844493723757
2634	64	69	53	58	-4.167747777815981
2635	65	70	53	58	-3.364524388049047
2636	66	71	53	58	-2.717708039617243
2637	67	72	53	58	-2.315588369107341
2638	68	73	53	58	-1.9538415121203787
2639	69	74	53	58	-1.6453638872263754
2640	70	75	53	58	-1.3346297434731076
2641	71	76	53	58	-1.1136968015264999
2642	72	77	53	58	-0.9334005265909352
2643	73	78	53	58	-0.7512306499783883
2644	74	79	53	58	-0.6559999289398953
2645	75	80	53	58	-0.567740625312755
2646	76	81	53	58	-0.49621563532482293
2647	77	82	53	58	-0.42850596347246606
2648	78	83	53	58	-0.37281153436089237
2649	79	84	53	58	-0.32742410862531834
2650	80	85	53	58	-0.2923430969802439
2651	81	86	53	58	-0.26497823420213096
2652	82	87	53	58	-0.242159183445673
2653	83	88	53	58	-0.22667239614797186
2654	84	89	53	58	-0.2046038409266292
2655	85	90	53	58	-0.18062813723895269
2656	86	91	53	58	-0.16168802373984326
2657	87	92	53	58	-0.14066773745570743
2658	88	93	53	58	-0.12069657494179614
2659	89	94	53	58	-0.10189520745309069
2660	90	95	53	58	-0.08785088154598922
2661	91	96	53	58	-0.07402225003613624
2662	60	65	54	59	-27.700879291996998
2663	61	66	54	59	-15.180937843468318
2664	62	67	54	59	-9.935539485749228
2665	63	68	54	59	-7.129535308546339
2666	64	69	54	59	-5.488846777841218
2667	65	70	54	59	-4.313771527782945
2668	66	71	54	59	-3.4147781960933887
2669	67	72	54	59	-2.8640364915736063
2670	68	73	54	59	-2.3815867200037117
2671	69	74	54	59	-1.9847120026434277
2672	70	75	54	59	-1.5911280624805069
2673	71	76	54	59	-1.3157606584320054
2674	72	77	54	59	-1.0935339202710792
2675	73	78	54	59	-0.8736200196446369
2676	74	79	54	59	-0.759083860400918
2677	75	80	54	59	-0.6526033871292043
2678	76	81	54	59	-0.5677632837011204
2679	77	82	54	59	-0.4888068039400888
2680	78	83	54	59	-0.4238329231372905
2681	79	84	54	59	-0.3708839652988259
2682	80	85	54	59	-0.3297293204805395
2683	81	86	54	59	-0.29783888601584485
2684	82	87	54	59	-0.2714134481785381
2685	83	88	54	59	-0.25327126545434275
2686	84	89	54	59	-0.2281142094013922
2687	85	90	54	59	-0.20083330274890654
2688	86	91	54	59	-0.17937828140953438
2689	87	92	54	59	-0.15583108553474015
2690	88	93	54	59	-0.1329493658944952
2691	89	94	54	59	-0.11273747865572661
2692	90	95	54	59	-0.09687223264618047
2693	91	96	54	59	-0.08147538506692054
2694	61	66	55	60	-28.05403388672464
2695	62	67	55	60	-15.318368615625992
2696	63	68	55	60	-10.160130100273221
2697	64	69	55	60	-7.471025015012897
2698	65	70	55	60	-5.674643331396661
2699	66	71	55	60	-4.373532294326775
2700	67	72	55	60	-3.596068395123898
2701	68	73	55	60	-2.9405479092875737
2702	69	74	55	60	-2.4203788927218914
2703	70	75	55	60	-1.9177121830765376
2704	71	76	55	60	-1.5702282502525673
2705	72	77	55	60	-1.291824934364965
2706	73	78	55	60	-1.023186891170612
2707	74	79	55	60	-0.8834192741509865
2708	75	80	55	60	-0.755058277744
2709	76	81	55	60	-0.6535484279431832
2710	77	82	55	60	-0.5599474210679322
2711	78	83	55	60	-0.4837141744018408
2712	79	84	55	60	-0.42165714120086367
2713	80	85	55	60	-0.37370812990403346
2714	81	86	55	60	-0.3364816725478168
2715	82	87	55	60	-0.3054423015655905
2716	83	88	55	60	-0.2842278390739298
2717	84	89	55	60	-0.2553423872519049
2718	85	90	55	60	-0.22443782933450326
2719	86	91	55	60	-0.20005040017687772
2720	87	92	55	60	-0.17326308546149283
2721	88	93	55	60	-0.147546908102579
2722	89	94	55	60	-0.12493716480672418
2723	90	95	55	60	-0.10738777294265883
2724	91	96	55	60	-0.09019783168565465
2725	62	67	56	61	-27.992113025954446
2726	63	68	56	61	-15.61539899012374
2727	64	69	56	61	-10.7023311230993
2728	65	70	56	61	-7.75490541529431
2729	66	71	56	61	-5.776012838387435
2730	67	72	56	61	-4.6320041954190705
2731	68	73	56	61	-3.7089705501669146
2732	69	74	56	61	-3.0087828331673085
2733	70	75	56	61	-2.3484360745115613
2734	71	76	56	61	-1.8992740177891103
2735	72	77	56	61	-1.5446715772131177
2736	73	78	56	61	-1.2111053575398372
2737	74	79	56	61	-1.0385584944293345
2738	75	80	56	61	-0.8807345260700521
2739	76	81	56	61	-0.7578029590494959
2740	77	82	56	61	-0.6460067152914943
2741	78	83	56	61	-0.5556751951132146
2742	79	84	56	61	-0.48252144772084693
2743	80	85	56	61	-0.42579933323075203
2744	81	86	56	61	-0.3818016894343014
2745	82	87	56	61	-0.3451530223141103
2746	83	88	56	61	-0.3201519627288397
2747	84	89	56	61	-0.2869061831595862
2748	85	90	56	61	-0.25152185579549025
2749	86	91	56	61	-0.22368155387256977
2750	87	92	56	61	-0.19314000377079604
2751	88	93	56	61	-0.1642264230665855
2752	89	94	56	61	-0.1387867933554164
2753	90	95	56	61	-0.11912192097354675
2754	91	96	56	61	-0.10000298324003613
2755	63	68	57	62	-28.960718851891905
2756	64	69	57	62	-16.810319464943213
2757	65	70	57	62	-11.303618226566764
2758	66	71	57	62	-8.016238608557419
2759	67	72	57	62	-6.223684650315521
2760	68	73	57	62	-4.850612262242061
2761	69	74	57	62	-3.857778040145684
2762	70	75	57	62	-2.957339083666967
2763	71	76	57	62	-2.3544823618109736
2764	72	77	57	62	-1.8895157498644246
2765	73	78	57	62	-1.4632957610469646
2766	74	79	57	62	-1.2431234148887376
2767	75	80	57	62	-1.0445215144710702
2768	76	81	57	62	-0.892125333612198
2769	77	82	57	62	-0.7568500775731052
2770	78	83	57	62	-0.6476951700209932
2771	79	84	57	62	-0.5593470195316592
2772	80	85	57	62	-0.49101557266639206
2773	81	86	57	62	-0.4381708092383005
2774	82	87	57	62	-0.39471531986945807
2775	83	88	57	62	-0.3647310109397769
2776	84	89	57	62	-0.3255020473641332
2777	85	90	57	62	-0.28462354242374754
2778	86	91	57	62	-0.2523764700118948
2779	87	92	57	62	-0.21766521920728832
2780	88	93	57	62	-0.1844003449581602
2781	89	94	57	62	-0.15563667107593954
2782	90	95	57	62	-0.13348024946260117
2783	91	96	57	62	-0.11170349092357104
2784	64	69	58	63	-30.748061000068255
2785	65	70	58	63	-17.6047215025536
2786	66	71	58	63	-11.591787269239472
2787	67	72	58	63	-8.610447838993474
2788	68	73	58	63	-6.475418553888945
2789	69	74	58	63	-5.038687626919632
2790	70	75	58	63	-3.781652421300503
2791	71	76	58	63	-2.9605558019172573
2792	72	77	58	63	-2.3378153478147587
2793	73	78	58	63	-1.7804694427919316
2794	74	79	58	63	-1.4993917875937726
2795	75	80	58	63	-1.2473703352430445
2796	76	81	58	63	-1.056873544920853
2797	77	82	58	63	-0.8910397273625474
2798	78	83	58	63	-0.7566952024637643
2799	79	84	58	63	-0.6507117433058649
2800	80	85	58	63	-0.5685089847507887
2801	81	86	58	63	-0.5050097815097675
2802	82	87	58	63	-0.452870727917818
2803	83	88	58	63	-0.41600084635427514
2804	84	89	58	63	-0.37053631293619993
2805	85	90	58	63	-0.3231607516868512
2806	86	91	58	63	-0.2857436184428076
2807	87	92	58	63	-0.24584781336558176
2808	88	93	58	63	-0.20753596883946152
2809	89	94	58	63	-0.1750700120654285
2810	90	95	58	63	-0.14975208654771044
2811	91	96	58	63	-0.12522065309083744
2812	65	70	59	64	-31.723237585247894
2813	66	71	59	64	-17.877875675779887
2814	67	72	59	64	-12.38105342150104
2815	68	73	59	64	-8.915468311990818
2816	69	74	59	64	-6.729100295308824
2817	70	75	59	64	-4.926210155792177
2818	71	76	59	64	-3.7789908202445623
2819	72	77	59	64	-2.9235965306374
2820	73	78	59	64	-2.194374198787222
2821	74	79	59	64	-1.8228863688976826
2822	75	80	59	64	-1.5003600212173973
2823	76	81	59	64	-1.2597393094474016
2824	77	82	59	64	-1.0524463721908734
2825	78	83	59	64	-0.8900372632922431
2826	79	84	59	64	-0.7597433745373356
2827	80	85	59	64	-0.660745932859043
2828	81	86	59	64	-0.5839801701611171
2829	82	87	59	64	-0.5202624612772175
2830	83	88	59	64	-0.4769906962243522
2831	84	89	59	64	-0.42271835835259475
2832	85	90	59	64	-0.367927843987412
2833	86	91	59	64	-0.3244089514158061
2834	87	92	59	64	-0.27775039310438165
2835	88	93	59	64	-0.23440196303608546
2836	89	94	59	64	-0.19726766198749895
2837	90	95	59	64	-0.1685452697258985
2838	91	96	59	64	-0.1408071854927519
2839	66	71	60	65	-33.709396640944455
2840	67	72	60	65	-20.034259829685944
2841	68	73	60	65	-13.378195560743322
2842	69	74	60	65	-9.671130289409923
2843	70	75	60	65	-6.811847028783841
2844	71	76	60	65	-5.095466645670627
2845	72	77	60	65	-3.8560897842007105
2846	73	78	60	65	-2.8312168701726845
2847	74	79	60	65	-2.3112897968771495
2848	75	80	60	65	-1.8704205355096155
2849	76	81	60	65	-1.5547200758359734
2850	77	82	60	65	-1.2893249488259975
2851	78	83	60	65	-1.0819271086147795
2852	79	84	60	65	-0.914476575633418
2853	80	85	60	65	-0.7887307384019744
2854	81	86	60	65	-0.6938282973746477
2855	82	87	60	65	-0.6157802825101939
2856	83	88	60	65	-0.5617739804787014
2857	84	89	60	65	-0.494817075321439
2858	85	90	60	65	-0.4283275230800752
2859	86	91	60	65	-0.3769928019858547
2860	87	92	60	65	-0.32220567975991543
2861	88	93	60	65	-0.27120166606265783
2862	89	94	60	65	-0.22737613453270888
2863	90	95	60	65	-0.1937957349518024
2864	91	96	60	65	-0.16157569742192718
2865	67	72	61	66	-37.59269609847206
2866	68	73	61	66	-21.459573467867784
2867	69	74	61	66	-14.537478493461181
2868	70	75	61	66	-9.79186131190771
2869	71	76	61	66	-7.076941869484119
2870	72	77	61	66	-5.204521693849751
2871	73	78	61	66	-3.7216088165845376
2872	74	79	61	66	-2.9865096304642678
2873	75	80	61	66	-2.375235050789361
2874	76	81	61	66	-1.9447705768512034
2875	77	82	61	66	-1.5950018715379155
2876	78	83	61	66	-1.3261914563806338
2877	79	84	61	66	-1.1140611794528483
2878	80	85	61	66	-0.9528944911509374
2879	81	86	61	66	-0.8311435564713222
2880	82	87	61	66	-0.7327399275686808
2881	83	88	61	66	-0.6649254166617987
2882	84	89	61	66	-0.5839503500477641
2883	85	90	61	66	-0.5034463663586561
2884	86	91	61	66	-0.4407577186588718
2885	87	92	61	66	-0.37530234515932337
2886	88	93	61	66	-0.31499026876148206
2887	89	94	61	66	-0.26396331271638523
2888	90	95	61	66	-0.22444716140133592
2889	91	96	61	66	-0.18676015574437377
2890	68	73	62	67	-37.40617395855998
2891	69	74	62	67	-22.36035598446625
2892	70	75	62	67	-14.098784495352358
2893	71	76	62	67	-9.777766558959076
2894	72	77	62	67	-6.9559397114472805
2895	73	78	62	67	-4.822768326525498
2896	74	79	62	67	-3.787033640145415
2897	75	80	62	67	-2.952341971864536
2898	76	81	62	67	-2.379849539383109
2899	77	82	62	67	-1.92869530653737
2900	78	83	62	67	-1.5867962176261527
2901	79	84	62	67	-1.3200521390209177
2902	80	85	62	67	-1.1194960611893188
2903	81	86	62	67	-0.969791519699343
2904	82	87	62	67	-0.8489360913869977
2905	83	88	62	67	-0.7656456923070025
2906	84	89	62	67	-0.6688763641147106
2907	85	90	62	67	-0.5741642071631772
2908	86	91	62	67	-0.500151324929039
2909	87	92	62	67	-0.425030656482133
2910	88	93	62	67	-0.35516774546367524
2911	89	94	62	67	-0.2971598208995894
2912	90	95	62	67	-0.2521268794161295
2913	91	96	62	67	-0.20934032129372648
2914	69	74	63	68	-43.89672036034152
2915	70	75	63	68	-23.655209962493146
2916	71	76	63	68	-15.285833361219574
2917	72	77	63	68	-10.33889290226109
2918	73	78	63	68	-6.862795724214882
2919	74	79	63	68	-5.2202311384411875
2920	75	80	63	68	-3.9607231201778212
2921	76	81	63	68	-3.126755274724405
2922	77	82	63	68	-2.4899055660044764
2923	78	83	63	68	-2.021451764609883
2924	79	84	63	68	-1.6593919892527025
2925	80	85	63	68	-1.3915579311541273
2926	81	86	63	68	-1.193319697125221
2927	82	87	63	68	-1.0373751086780212
2928	83	88	63	68	-0.9287307701421633
2929	84	89	63	68	-0.8055852818142226
2930	85	90	63	68	-0.6877151335174153
2931	86	91	63	68	-0.5966769283503348
2932	87	92	63	68	-0.503852665514713
2933	88	93	63	68	-0.4201004264724846
2934	89	94	63	68	-0.350082275823676
2935	90	95	63	68	-0.2962265816572089
2936	91	96	63	68	-0.2453507689457987
2937	70	75	64	69	-44.58795479918607
2938	71	76	64	69	-25.23756014528287
2939	72	77	64	69	-15.890857711495421
2940	73	78	64	69	-9.979858998567972
2941	74	79	64	69	-7.329358331145745
2942	75	80	64	69	-5.3875501044536485
2943	76	81	64	69	-4.1494733719883925
2944	77	82	64	69	-3.241619179948649
2945	78	83	64	69	-2.5890351997508865
2946	79	84	64	69	-2.096002573871603
2947	80	85	64	69	-1.7356124772278014
2948	81	86	64	69	-1.4713429787035905
2949	82	87	64	69	-1.2650145404971322
2950	83	88	64	69	-1.1235727640697546
2951	84	89	64	69	-0.9681232675329353
2952	85	90	64	69	-0.8215020072885972
2953	86	91	64	69	-0.708575163252499
2954	87	92	64	69	-0.5954004433219064
2955	88	93	64	69	-0.49371773035517175
2956	89	94	64	69	-0.4110219228338262
2957	90	95	64	69	-0.34674501390477064
2958	91	96	64	69	-0.2862410605133603
2959	71	76	65	70	-52.276845703590524
2960	72	77	65	70	-28.249299674886878
2961	73	78	65	70	-16.1594796805095
2962	74	79	65	70	-11.229853631245998
2963	75	80	65	70	-7.908189103081608
2964	76	81	65	70	-5.90108970244422
2965	77	82	65	70	-4.487394673864886
2966	78	83	65	70	-3.508530611898599
2967	79	84	65	70	-2.7880289017633118
2968	80	85	65	70	-2.2722055903082268
2969	81	86	65	70	-1.902977858343311
2970	82	87	65	70	-1.6178067315039941
2971	83	88	65	70	-1.4236107404924256
2972	84	89	65	70	-1.216500877053253
2973	85	90	65	70	-1.024204957093838
2974	86	91	65	70	-0.877915690474375
2975	87	92	65	70	-0.7331428711036019
2976	88	93	65	70	-0.6046807999885737
2977	89	94	65	70	-0.501445783674511
2978	90	95	65	70	-0.42134321729294755
2979	91	96	65	70	-0.3467800706655986
2980	72	77	66	71	-56.08942507696948
2981	73	78	66	71	-27.181049520746356
2982	74	79	66	71	-17.48969562153975
2983	75	80	66	71	-11.695800791686658
2984	76	81	66	71	-8.405806460274643
2985	77	82	66	71	-6.193389821651911
2986	78	83	66	71	-4.7268481306616135
2987	79	84	66	71	-3.679098144394531
2988	80	85	66	71	-2.9505334867584434
2989	81	86	66	71	-2.435436996303878
2990	82	87	66	71	-2.042020502660119
2991	83	88	66	71	-1.7779477602421982
2992	84	89	66	71	-1.5054836283915667
2993	85	90	66	71	-1.258796376041102
2994	86	91	66	71	-1.071016501486918
2995	87	92	66	71	-0.8873027647087619
2996	88	93	66	71	-0.7274833579214632
2997	89	94	66	71	-0.6008615982098788
2998	90	95	66	71	-0.5034737402327101
2999	91	96	66	71	-0.4132736279123952
3000	73	78	67	72	-55.189194355482016
3001	74	79	67	72	-30.470248628484523
3002	75	80	67	72	-18.755214727779823
3003	76	81	67	72	-12.815338661925562
3004	77	82	67	72	-9.10192072624206
3005	78	83	67	72	-6.737555874180262
3006	79	84	67	72	-5.114638514927299
3007	80	85	67	72	-4.018478352401145
3008	81	86	67	72	-3.2604385858975693
3009	82	87	67	72	-2.6958512936489583
3010	83	88	67	72	-2.3155134596247597
3011	84	89	67	72	-1.9392810390673203
3012	85	90	67	72	-1.6067460099213782
3013	86	91	67	72	-1.3556398738354314
3014	87	92	67	72	-1.1159134201938927
3015	88	93	67	72	-0.907312555520961
3016	89	94	67	72	-0.7462624047142745
3017	90	95	67	72	-0.62273865661526
3018	91	96	67	72	-0.5092440364622732
3019	74	79	68	73	-65.0522356367118
3020	75	80	68	73	-33.65635724787302
3021	76	81	68	73	-21.319711264980008
3022	77	82	68	73	-14.373409138718483
3023	78	83	68	73	-10.2530471748417
3024	79	84	68	73	-7.537310519487263
3025	80	85	68	73	-5.760795738730005
3026	81	86	68	73	-4.572881518488355
3027	82	87	68	73	-3.7053920228931174
3028	83	88	68	73	-3.1325622787446767
3029	84	89	68	73	-2.5940499076457613
3030	85	90	68	73	-2.121175673747049
3031	86	91	68	73	-1.771923632139845
3032	87	92	68	73	-1.448256112531384
3033	88	93	68	73	-1.165297141423997
3034	89	94	68	73	-0.9534843211950952
3035	90	95	68	73	-0.790864868395057
3036	91	96	68	73	-0.643739550476452
3037	75	80	69	74	-59.97968549546709
3038	76	81	69	74	-33.515050762666775
3039	77	82	69	74	-21.300240361658744
3040	78	83	69	74	-14.583605373060173
3041	79	84	69	74	-10.382906362019703
3042	80	85	69	74	-7.7374967732855
3043	81	86	69	74	-6.019299204060474
3044	82	87	69	74	-4.794691138233421
3045	83	88	69	74	-4.0010499363895065
3046	84	89	69	74	-3.2652452953229942
3047	85	90	69	74	-2.640206622582944
3048	86	91	69	74	-2.183002939459927
3049	87	92	69	74	-1.7650257853957876
3050	88	93	69	74	-1.4129181438782958
3051	89	94	69	74	-1.1478496759275982
3052	90	95	69	74	-0.9483935409021294
3053	91	96	69	74	-0.7688334981704896
3054	76	81	70	75	-61.77266539690645
3055	77	82	70	75	-34.04165038659701
3056	78	83	70	75	-21.816706173347512
3057	79	84	70	75	-14.798767478501883
3058	80	85	70	75	-10.670110884692678
3059	81	86	70	75	-8.09892175803116
3060	82	87	70	75	-6.321707833570942
3061	83	88	70	75	-5.191945970679253
3062	84	89	70	75	-4.176039911227769
3063	85	90	70	75	-3.3327589154561523
3064	87	92	70	75	-2.1754326893566196
3065	88	93	70	75	-1.725129419822634
3066	89	94	70	75	-1.3934397225782496
3067	90	95	70	75	-1.1426982253275044
3068	91	96	70	75	-0.9205087105492697
3069	77	82	71	76	-61.635125211660714
3070	78	83	71	76	-34.43932630718351
3071	79	84	71	76	-21.83070640365046
3072	80	85	71	76	-15.082515546701485
3073	81	86	71	76	-11.11497559544651
3074	82	87	71	76	-8.473527938547873
3075	83	88	71	76	-6.836551190105482
3076	87	92	71	76	-2.7135417055778133
3077	88	93	71	76	-2.1302093658643226
3078	89	94	71	76	-1.7060565512314896
3079	90	95	71	76	-1.3895286705925842
3080	91	96	71	76	-1.1130003519940752
3081	78	83	72	77	-64.28640717874109
3082	79	84	72	77	-35.09509853013391
3083	80	85	72	77	-22.622932818092387
3084	81	86	72	77	-15.983850158249298
3085	82	87	72	77	-11.813106975538506
3086	83	88	72	77	-9.320413859312126
3087	88	93	72	77	-2.6906959450751837
3088	89	94	72	77	-2.1353134190175727
3089	90	95	72	77	-1.7259673780092655
3090	91	96	72	77	-1.3729094072247774
3091	79	84	73	78	-62.38372663426353
3092	80	85	73	78	-34.86749092507577
3093	81	86	73	78	-23.138751259316933
3094	82	87	73	78	-16.393067295438172
3095	83	88	73	78	-12.585183817647925
3096	88	93	73	78	-3.3275457089240548
3097	89	94	73	78	-2.6103779413630024
3098	90	95	73	78	-2.091088181232323
3099	91	96	73	78	-1.6497468433650617
3100	80	85	74	79	-65.55798067869765
3101	81	86	74	79	-37.43647657137933
3102	82	87	74	79	-24.804027639755823
3103	83	88	74	79	-18.30820726776013
3104	90	95	74	79	-2.675312204167226
3105	91	96	74	79	-2.0918020080041435
3106	81	86	75	80	-69.13838735107697
3107	82	87	75	80	-39.45167788817636
3108	83	88	75	80	-27.467488547271135
3109	84	89	75	80	-19.471896405798354
3110	91	96	75	80	-2.646067284413479
3111	82	87	76	81	-69.36911103429539
3112	83	88	76	81	-42.51530134376928
3113	84	89	76	81	-28.509933838690447
3114	85	90	76	81	-19.721637197536282
3115	91	96	76	81	-3.3172261270965016
3116	83	88	77	82	-76.12058893312242
3117	84	89	77	82	-44.621029844930035
3118	85	90	77	82	-29.028436155610308
3119	91	96	77	82	-4.193286018281771
3120	84	89	78	83	-79.16857017135848
3121	85	90	78	83	-44.83021267974405
3122	86	91	78	83	-29.47713123124729
3123	87	92	78	83	-19.57697157637882
3124	88	93	78	83	-13.297802581100585
3125	91	96	78	83	-5.288264826867012
3126	85	90	79	84	-83.80412917178072
3127	86	91	79	84	-47.86429660581068
3128	87	92	79	84	-29.606977776773093
3129	88	93	79	84	-19.06529031649122
3130	89	94	79	84	-13.169844004568295
3131	91	96	79	84	-6.981883748985601
3132	86	91	80	85	-90.83245290453857
3133	87	92	80	85	-47.975494225645946
3134	88	93	80	85	-28.527490069599338
3135	89	94	80	85	-18.743171795214728
3136	90	95	80	85	-13.242715377261748
3137	91	96	80	85	-9.354696837909461
3138	87	92	81	86	-92.52479608136214
3139	88	93	81	86	-46.122760175853784
3140	89	94	81	86	-27.959842066738304
3141	90	95	81	86	-18.842528123608925
3142	91	96	81	86	-12.827336547053699
3143	88	93	82	87	-90.97145305878476
3144	89	94	82	87	-46.16471756091397
3145	90	95	82	87	-28.900032250490177
3146	91	96	82	87	-18.657156680429683
3147	89	94	83	88	-89.61340731858527
3148	90	95	83	88	-48.03557854844834
3149	91	96	83	88	-28.650902192242228
3150	90	95	84	89	-88.54913621931473
3151	91	96	84	89	-45.1401572095789
3152	91	96	85	90	-81.1535694291584
