	-4.42285e+00	-9.89874e+01	 1.00000e+02	 2.00000e+00
	-5.36454e+02	-3.02606e+02	 1.00000e+02	 2.00000e+00
	-4.80767e+02	-2.46365e+02	 1.00000e+02	 2.00000e+00
	 1.57733e+02	-2.37243e+01	 1.00000e+02	 2.00000e+00
	-2.28624e+01	-1.68197e+01	 1.00000e+02	 2.00000e+00
	-4.26441e+01	-1.75305e+01	 1.00000e+02	 2.00000e+00
	-4.38128e+01	-8.60335e+00	 1.00000e+02	 2.00000e+00
	-4.72946e+01	-9.40797e+01	 1.00000e+02	 2.00000e+00
	 9.44404e+01	-7.96982e+01	 1.00000e+02	 2.00000e+00
	 1.25123e+02	-7.72901e+01	 1.00000e+02	 2.00000e+00
	 1.65970e+02	-6.90091e+01	 1.00000e+02	 2.00000e+00
	 4.64373e+01	-9.89770e+01	 1.00000e+02	 2.00000e+00
	-2.54264e+01	-4.68714e+01	 1.00000e+02	 2.00000e+00
	 6.53978e+01	-3.56974e+01	 1.00000e+02	 2.00000e+00
	-9.90124e+01	-3.51123e+02	 1.00000e+02	 2.00000e+00
	 6.19992e+01	-3.77233e+01	 1.00000e+02	 2.00000e+00
	 1.59105e+02	-8.58118e+00	 1.00000e+02	 2.00000e+00
	-1.61265e+01	-8.90223e+00	 1.00000e+02	 2.00000e+00
	 8.06082e+00	-1.23841e+02	 1.00000e+02	 2.00000e+00
	-6.14277e+02	-3.73353e+01	 1.00000e+02	 2.00000e+00
	-2.82498e+01	-1.41550e+01	 1.00000e+02	 2.00000e+00
	 9.44950e+00	-3.72108e+01	 1.00000e+02	 2.00000e+00
	-2.80700e+01	-4.08170e+02	 1.00000e+02	 2.00000e+00
	-3.46228e+01	-1.99223e+01	 1.00000e+02	 2.00000e+00
	 9.22248e+01	-3.81075e+01	 1.00000e+02	 2.00000e+00
	-5.86068e+01	-7.41766e+01	 1.00000e+02	 2.00000e+00
	-3.36053e+02	-3.64821e+02	 1.00000e+02	 2.00000e+00
	 1.60005e+02	-4.83413e+00	 1.00000e+02	 2.00000e+00
	-1.71799e+01	-5.03941e+00	 1.00000e+02	 2.00000e+00
	 1.75603e+01	-7.81476e+01	 1.00000e+02	 2.00000e+00
	 1.61744e+02	-8.59580e+01	 1.00000e+02	 2.00000e+00
	 4.69112e+02	-3.57129e+02	 1.00000e+02	 2.00000e+00
	-1.73303e+02	-3.54240e+02	 1.00000e+02	 2.00000e+00
	-5.29245e+02	-1.78165e+02	 1.00000e+02	 2.00000e+00
	-4.92316e+02	-1.25697e+02	 1.00000e+02	 2.00000e+00
	 1.04394e+02	-4.29920e+01	 1.00000e+02	 2.00000e+00
	-3.82384e+00	-3.80162e+01	 1.00000e+02	 2.00000e+00
	-2.34235e+02	-4.11287e+02	 1.00000e+02	 2.00000e+00
	-6.72483e+02	-8.80020e+01	 1.00000e+02	 2.00000e+00
	 7.63885e+02	-3.59954e+01	 1.00000e+02	 2.00000e+00
	 1.03866e+02	-3.64460e+02	 1.00000e+02	 2.00000e+00
	 1.60483e+02	-2.09190e+01	 1.00000e+02	 2.00000e+00
	 1.00043e+02	-4.67562e+01	 1.00000e+02	 2.00000e+00
	 8.37723e+01	-6.64636e+01	 1.00000e+02	 2.00000e+00
	 3.77168e+02	-4.08227e+02	 1.00000e+02	 2.00000e+00
	-1.79962e+01	-1.35105e+01	 1.00000e+02	 2.00000e+00
	 9.58114e+01	-3.54356e+01	 1.00000e+02	 2.00000e+00
	 3.13474e+02	-3.46400e+02	 1.00000e+02	 2.00000e+00
	 4.65365e+02	-2.78766e+02	 1.00000e+02	 2.00000e+00
	 1.71590e+02	-6.88373e+00	 1.00000e+02	 2.00000e+00
	-3.35959e+02	-2.80813e+02	 1.00000e+02	 2.00000e+00
	 5.94845e+00	-3.48454e+01	 1.00000e+02	 2.00000e+00
	 1.65997e+02	-1.55308e+01	 1.00000e+02	 2.00000e+00
	 1.71273e+02	-1.37781e+01	 1.00000e+02	 2.00000e+00
	 1.65006e+02	-3.00810e+00	 1.00000e+02	 2.00000e+00
	-2.22605e+01	-3.15987e+00	 1.00000e+02	 2.00000e+00
	 1.69276e+02	-4.11331e+02	 1.00000e+02	 2.00000e+00
	 1.48192e+02	-3.04990e+01	 1.00000e+02	 2.00000e+00
	-3.51502e-01	-3.49891e+01	 1.00000e+02	 2.00000e+00
	-5.18870e+02	-3.76095e+02	 1.00000e+02	 2.00000e+00
	 8.03786e+01	-4.46710e+01	 1.00000e+02	 2.00000e+00
	-1.24038e+02	-2.32117e+02	 1.00000e+02	 2.00000e+00
	 5.76743e+00	-8.21688e+01	 1.00000e+02	 2.00000e+00
	 1.37779e+02	-3.56919e+01	 1.00000e+02	 2.00000e+00
	 1.87201e+02	-8.84857e+00	 1.00000e+02	 2.00000e+00
	 2.34415e+02	-1.14110e+02	 1.00000e+02	 2.00000e+00
	-2.47873e+01	-9.14677e+01	 1.00000e+02	 2.00000e+00
	 2.37458e+02	-3.49504e+02	 1.00000e+02	 2.00000e+00
	 3.94093e+01	-1.23581e+02	 1.00000e+02	 2.00000e+00
	 1.61325e+02	-1.28870e+02	 1.00000e+02	 2.00000e+00
	-9.11093e+01	-1.52334e+01	 1.00000e+02	 2.00000e+00
	 2.33787e+02	-5.47916e+01	 1.00000e+02	 2.00000e+00
	 2.59989e+01	-3.52083e+01	 1.00000e+02	 2.00000e+00
	 1.78887e+02	-3.87563e+00	 1.00000e+02	 2.00000e+00
	-4.26193e+02	-4.09535e+02	 1.00000e+02	 2.00000e+00
	 5.58819e+02	-4.04902e+02	 1.00000e+02	 2.00000e+00
	-5.36503e+01	-4.78023e+00	 1.00000e+02	 2.00000e+00
	 1.96612e+02	-4.97294e+00	 1.00000e+02	 2.00000e+00
	 2.33808e+02	-1.46151e+01	 1.00000e+02	 2.00000e+00
	 7.63519e+02	-4.24663e+02	 1.00000e+02	 2.00000e+00
	 1.77942e+02	-1.99657e+01	 1.00000e+02	 2.00000e+00
	-1.70705e+02	-2.23877e+02	 1.00000e+02	 2.00000e+00
	 1.54960e+02	-5.95015e+01	 1.00000e+02	 2.00000e+00
	-1.48510e+01	-1.64177e+01	 1.00000e+02	 2.00000e+00
	 8.48281e+01	-9.67797e+01	 1.00000e+02	 2.00000e+00
	 6.27471e+02	-3.58514e+02	 1.00000e+02	 2.00000e+00
	 6.16938e+02	-3.08648e+01	 1.00000e+02	 2.00000e+00
	 1.68103e+02	-2.80341e+01	 1.00000e+02	 2.00000e+00
	-8.36448e+00	-3.13206e+01	 1.00000e+02	 2.00000e+00
	-3.59600e+01	-3.82312e+00	 1.00000e+02	 2.00000e+00
	 6.63605e+02	-1.34986e+02	 1.00000e+02	 2.00000e+00
	-6.71646e+02	-2.30511e+02	 1.00000e+02	 2.00000e+00
	 8.23721e+02	-2.32364e+02	 1.00000e+02	 2.00000e+00
	 6.44231e+01	-9.29685e+01	 1.00000e+02	 2.00000e+00
	 8.60707e+01	-4.80843e+01	 1.00000e+02	 2.00000e+00
	 1.74175e+02	-1.63377e+02	 1.00000e+02	 2.00000e+00
	-9.41888e+00	-2.47345e+01	 1.00000e+02	 2.00000e+00
	 1.51602e+02	-2.50586e+01	 1.00000e+02	 2.00000e+00
	 8.96083e+01	-5.65419e+01	 1.00000e+02	 2.00000e+00
	 1.86573e+02	-1.80443e+01	 1.00000e+02	 2.00000e+00
	 1.45496e+02	-3.24311e+01	 1.00000e+02	 2.00000e+00
	-4.73793e+02	-2.60432e+01	 1.00000e+02	 2.00000e+00
	-2.22391e+02	-7.33476e+01	 1.00000e+02	 2.00000e+00
	 7.41258e+01	-4.45327e+01	 1.00000e+02	 2.00000e+00
	 8.22091e+02	-8.66621e+01	 1.00000e+02	 2.00000e+00
	 9.96504e+00	-4.34792e+01	 1.00000e+02	 2.00000e+00
	 1.79843e+02	-6.09096e+01	 1.00000e+02	 2.00000e+00
	 1.18526e+02	-3.53699e+01	 1.00000e+02	 2.00000e+00
	 4.21369e+01	-4.28671e+01	 1.00000e+02	 2.00000e+00
	 3.20758e+01	-3.66413e+01	 1.00000e+02	 2.00000e+00
	 7.51422e+01	-3.55494e+01	 1.00000e+02	 2.00000e+00
	-6.25441e+01	-1.19421e+02	 1.00000e+02	 2.00000e+00
	 1.55070e+02	-1.82603e+00	 1.00000e+02	 2.00000e+00
	-1.24897e+01	-1.87954e+00	 1.00000e+02	 2.00000e+00
	 5.55610e+02	-5.62275e+01	 1.00000e+02	 2.00000e+00
	 1.26731e+02	-5.65049e+01	 1.00000e+02	 2.00000e+00
	 1.75631e+02	-2.80070e+01	 1.00000e+02	 2.00000e+00
	-3.10564e+02	-4.87689e+01	 1.00000e+02	 2.00000e+00
	 1.17109e+02	-5.48156e+01	 1.00000e+02	 2.00000e+00
	-1.59496e+01	-4.55064e+01	 1.00000e+02	 2.00000e+00
	 7.09465e+02	-1.84485e+02	 1.00000e+02	 2.00000e+00
	-3.59749e+02	-2.88215e+01	 1.00000e+02	 2.00000e+00
	 5.03491e+02	-2.53627e+01	 1.00000e+02	 2.00000e+00
	 1.58388e+02	-3.27724e+01	 1.00000e+02	 2.00000e+00
	-7.71954e+01	-6.49899e+00	 1.00000e+02	 2.00000e+00
	-7.31444e+01	-3.38492e+01	 1.00000e+02	 2.00000e+00
	 2.45640e+02	-4.37411e+01	 1.00000e+02	 2.00000e+00
	-6.24130e+02	-1.66513e+02	 1.00000e+02	 2.00000e+00
	-3.72371e+02	-1.59131e+02	 1.00000e+02	 2.00000e+00
	-6.14864e+02	-4.22560e+02	 1.00000e+02	 2.00000e+00
	-1.07979e+02	-8.73440e+00	 1.00000e+02	 2.00000e+00
	 2.51288e+02	-8.89563e+00	 1.00000e+02	 2.00000e+00
	-9.12749e+00	-3.56389e+01	 1.00000e+02	 2.00000e+00
	 2.19085e+02	-5.71944e+00	 1.00000e+02	 2.00000e+00
	 1.21776e+02	-3.71692e+01	 1.00000e+02	 2.00000e+00
	-4.22855e+00	-5.78229e+01	 1.00000e+02	 2.00000e+00
	-1.73912e+02	-2.67648e+01	 1.00000e+02	 2.00000e+00
	 1.34201e+02	-6.46687e+01	 1.00000e+02	 2.00000e+00
	 4.13361e+02	-2.02094e+01	 1.00000e+02	 2.00000e+00
	 7.90677e+02	-3.02361e+02	 1.00000e+02	 2.00000e+00
	-8.71217e+00	-1.57025e+02	 1.00000e+02	 2.00000e+00
	 1.46127e+02	-1.96970e+02	 1.00000e+02	 2.00000e+00
	-2.01778e+02	-1.52113e+01	 1.00000e+02	 2.00000e+00
	 3.44517e+02	-1.59016e+01	 1.00000e+02	 2.00000e+00
	 2.91756e+02	-1.19387e+01	 1.00000e+02	 2.00000e+00
	-3.17846e+02	-1.41623e+02	 1.00000e+02	 2.00000e+00
	-8.88534e+01	-3.07888e+01	 1.00000e+02	 2.00000e+00
	 2.10056e+01	-4.29911e+01	 1.00000e+02	 2.00000e+00
	 4.33164e+01	-5.47053e+01	 1.00000e+02	 2.00000e+00
	-2.68552e+02	-1.99475e+01	 1.00000e+02	 2.00000e+00
	-1.48736e+02	-1.15535e+01	 1.00000e+02	 2.00000e+00
	 3.29064e+02	-1.39011e+02	 1.00000e+02	 2.00000e+00
	 1.39057e+02	-4.60033e+01	 1.00000e+02	 2.00000e+00
	 1.52055e+02	-1.79429e+01	 1.00000e+02	 2.00000e+00
	 1.36837e+02	-9.01898e+01	 1.00000e+02	 2.00000e+00
	 1.58552e+02	-1.54433e+01	 1.00000e+02	 2.00000e+00
	 2.01196e+01	-5.73676e+01	 1.00000e+02	 2.00000e+00
	 3.42867e+01	-5.45871e+01	 1.00000e+02	 2.00000e+00
	-4.19057e+02	-1.17183e+02	 1.00000e+02	 2.00000e+00
	 7.83312e+02	-1.67026e+02	 1.00000e+02	 2.00000e+00
	 1.08097e+02	-1.85985e+02	 1.00000e+02	 2.00000e+00
	 1.79074e+02	-1.05687e+02	 1.00000e+02	 2.00000e+00
	 1.52144e+02	-1.08721e+01	 1.00000e+02	 2.00000e+00
	 4.56615e+02	-4.55722e+01	 1.00000e+02	 2.00000e+00
	-1.88102e+02	-7.80874e+01	 1.00000e+02	 2.00000e+00
	 1.64025e+02	-3.42746e+01	 1.00000e+02	 2.00000e+00
	 1.15138e+02	-3.53678e+01	 1.00000e+02	 2.00000e+00
	-9.49118e+00	-1.09878e+01	 1.00000e+02	 2.00000e+00
	 2.96692e+02	-1.64641e+02	 1.00000e+02	 2.00000e+00
	 2.32094e+02	-2.80539e+01	 1.00000e+02	 2.00000e+00
	 9.97323e+01	-5.54657e+01	 1.00000e+02	 2.00000e+00
	 6.95311e+01	-4.74269e+01	 1.00000e+02	 2.00000e+00
	 6.25771e+01	-4.26327e+01	 1.00000e+02	 2.00000e+00
	 6.67505e+01	-5.51962e+01	 1.00000e+02	 2.00000e+00
	 1.51045e+02	-3.88571e+01	 1.00000e+02	 2.00000e+00
	-2.84182e+01	-6.98299e+00	 1.00000e+02	 2.00000e+00
	-2.65397e+01	-2.76171e+01	 1.00000e+02	 2.00000e+00
	 1.61433e+02	-1.23835e+01	 1.00000e+02	 2.00000e+00
	 3.82731e+02	-1.42944e+02	 1.00000e+02	 2.00000e+00
	-2.63338e+00	-4.35081e+01	 1.00000e+02	 2.00000e+00
	 3.55631e+01	-3.82530e+01	 1.00000e+02	 2.00000e+00
	 1.53657e+02	-2.16265e+01	 1.00000e+02	 2.00000e+00
	 1.81750e+02	-3.69779e+01	 1.00000e+02	 2.00000e+00
	 3.78308e+01	-7.15818e+01	 1.00000e+02	 2.00000e+00
	 1.65137e+02	-2.17455e+01	 1.00000e+02	 2.00000e+00
	-6.80802e+02	-3.71893e+02	 1.00000e+02	 2.00000e+00
	 2.70712e+02	-2.08343e+01	 1.00000e+02	 2.00000e+00
	-3.09792e+01	-5.88515e+01	 1.00000e+02	 2.00000e+00
	 1.11896e+02	-3.73302e+01	 1.00000e+02	 2.00000e+00
	 4.58138e+01	-4.69772e+01	 1.00000e+02	 2.00000e+00
	 3.77617e+02	-3.61110e+01	 1.00000e+02	 2.00000e+00
	 7.83935e+01	-3.56124e+01	 1.00000e+02	 2.00000e+00
	 3.14382e+01	-4.72014e+01	 1.00000e+02	 2.00000e+00
	-7.20203e+00	-6.81554e+01	 1.00000e+02	 2.00000e+00
	 3.17171e+02	-2.78402e+01	 1.00000e+02	 2.00000e+00
	 1.32012e+02	-4.75811e+01	 1.00000e+02	 2.00000e+00
	 1.54199e+02	-1.45650e+01	 1.00000e+02	 2.00000e+00
	 9.29295e+01	-4.35288e+01	 1.00000e+02	 2.00000e+00
	-1.76200e+01	-2.39627e+01	 1.00000e+02	 2.00000e+00
	-1.65262e+02	-1.00859e+02	 1.00000e+02	 2.00000e+00
	 8.83926e+01	-3.58389e+01	 1.00000e+02	 2.00000e+00
	 8.17143e+01	-3.81812e+01	 1.00000e+02	 2.00000e+00
	-2.97912e+02	-9.35792e+01	 1.00000e+02	 2.00000e+00
	 8.49096e+01	-3.59588e+01	 1.00000e+02	 2.00000e+00
	-4.58598e+01	-1.55561e+02	 1.00000e+02	 2.00000e+00
	-1.11636e+01	-2.82225e+01	 1.00000e+02	 2.00000e+00
	-6.23367e+01	-2.30740e+01	 1.00000e+02	 2.00000e+00
	 2.45597e+02	-1.44705e+02	 1.00000e+02	 2.00000e+00
	-2.05441e+02	-2.71119e+02	 1.00000e+02	 2.00000e+00
	 3.14982e+02	-1.00792e+02	 1.00000e+02	 2.00000e+00
	 5.13971e+02	-2.28733e+02	 1.00000e+02	 2.00000e+00
	 1.53282e+02	-2.83484e+01	 1.00000e+02	 2.00000e+00
	 6.79246e+02	-6.68602e+01	 1.00000e+02	 2.00000e+00
	 2.32904e+02	-7.16357e+01	 1.00000e+02	 2.00000e+00
	-5.23639e+01	-4.64298e+01	 1.00000e+02	 2.00000e+00
	-1.47787e+01	-2.06643e+01	 1.00000e+02	 2.00000e+00
	-5.28995e+02	-6.33785e+01	 1.00000e+02	 2.00000e+00
	-2.31952e+02	-1.51878e+02	 1.00000e+02	 2.00000e+00
	-6.32448e+02	-2.98404e+02	 1.00000e+02	 2.00000e+00
	-2.45722e+02	-1.02947e+02	 1.00000e+02	 2.00000e+00
	 1.40770e+02	-3.89635e+01	 1.00000e+02	 2.00000e+00
	 7.27454e+02	-3.06639e+02	 1.00000e+02	 2.00000e+00
	 2.82556e+01	-3.81689e+01	 1.00000e+02	 2.00000e+00
	 7.22102e+01	-3.79799e+01	 1.00000e+02	 2.00000e+00
	-5.06864e+01	-2.55022e+01	 1.00000e+02	 2.00000e+00
	 4.43685e+00	-4.70570e+01	 1.00000e+02	 2.00000e+00
	-4.11224e+02	-5.48646e+01	 1.00000e+02	 2.00000e+00
	-9.04498e+00	-1.79420e+01	 1.00000e+02	 2.00000e+00
	 5.01062e+01	-5.95828e+01	 1.00000e+02	 2.00000e+00
	-1.60640e+02	-1.36216e+02	 1.00000e+02	 2.00000e+00
	 1.28632e+02	-4.18521e+01	 1.00000e+02	 2.00000e+00
	 4.15710e+02	-1.81333e+02	 1.00000e+02	 2.00000e+00
	-1.09639e+01	-2.13015e+01	 1.00000e+02	 2.00000e+00
	-6.41319e+01	-1.12792e+01	 1.00000e+02	 2.00000e+00
	-2.44468e+01	-3.35459e+01	 1.00000e+02	 2.00000e+00
	 2.89333e-01	-2.97912e+01	 1.00000e+02	 2.00000e+00
	 1.01871e+02	-3.01384e+01	 1.00000e+02	 2.00000e+00
	 6.12311e+01	-3.02418e+01	 1.00000e+02	 2.00000e+00
	 1.42224e+02	-3.04321e+01	 1.00000e+02	 2.00000e+00
	 7.60290e+01	-2.60059e+02	 1.00000e+02	 2.00000e+00
	-3.65990e+01	-3.51901e+01	 1.00000e+02	 2.00000e+00
	 1.08563e+02	-7.53381e+01	 1.00000e+02	 2.00000e+00
	 5.51289e+02	-1.10420e+02	 1.00000e+02	 2.00000e+00
	-1.10362e+01	-1.46798e+01	 1.00000e+02	 2.00000e+00
	 5.61043e+01	-2.98978e+01	 1.00000e+02	 2.00000e+00
	 6.88234e+01	-3.57616e+01	 1.00000e+02	 2.00000e+00
	 4.18531e+01	-3.49939e+01	 1.00000e+02	 2.00000e+00
	 8.29456e+02	-3.73997e+02	 1.00000e+02	 2.00000e+00
	 5.06453e+00	-2.97562e+01	 1.00000e+02	 2.00000e+00
	 2.06483e+02	-1.06924e+01	 1.00000e+02	 2.00000e+00
	 1.06853e+02	-2.98673e+01	 1.00000e+02	 2.00000e+00
	 6.64036e+01	-3.00388e+01	 1.00000e+02	 2.00000e+00
	 3.71804e+02	-7.13585e+01	 1.00000e+02	 2.00000e+00
	 9.68758e+01	-2.98833e+01	 1.00000e+02	 2.00000e+00
	 5.10388e+01	-3.01825e+01	 1.00000e+02	 2.00000e+00
	-2.16421e+01	-7.07001e+01	 1.00000e+02	 2.00000e+00
	 1.01450e+01	-3.00989e+01	 1.00000e+02	 2.00000e+00
	-4.60476e+01	-3.59053e+01	 1.00000e+02	 2.00000e+00
	 1.18351e+02	-2.89747e+02	 1.00000e+02	 2.00000e+00
	 1.11852e+02	-3.02922e+01	 1.00000e+02	 2.00000e+00
	 1.54169e+02	-7.94808e+00	 1.00000e+02	 2.00000e+00
	-4.65178e+01	-2.47072e+02	 1.00000e+02	 2.00000e+00
	-6.78104e+01	-4.68019e+01	 1.00000e+02	 2.00000e+00
	 7.14301e+01	-3.03060e+01	 1.00000e+02	 2.00000e+00
	 9.17111e+01	-3.02490e+01	 1.00000e+02	 2.00000e+00
	 7.64217e+01	-2.99864e+01	 1.00000e+02	 2.00000e+00
	-2.66280e+02	-2.44157e+02	 1.00000e+02	 2.00000e+00
	 8.65323e+01	-3.00346e+01	 1.00000e+02	 2.00000e+00
	 4.56564e+01	-3.01696e+01	 1.00000e+02	 2.00000e+00
	 8.14547e+01	-3.03690e+01	 1.00000e+02	 2.00000e+00
	-2.25585e+01	-2.30253e+01	 1.00000e+02	 2.00000e+00
	 2.66778e+02	-4.22410e+01	 1.00000e+02	 2.00000e+00
	 1.37071e+02	-2.99517e+01	 1.00000e+02	 2.00000e+00
	 1.53006e+01	-2.98767e+01	 1.00000e+02	 2.00000e+00
	-1.14364e+01	-8.11736e+00	 1.00000e+02	 2.00000e+00
	 1.68284e+01	-4.74784e+01	 1.00000e+02	 2.00000e+00
	 4.06683e+01	-2.98267e+01	 1.00000e+02	 2.00000e+00
	-2.72948e+02	-1.81681e+02	 1.00000e+02	 2.00000e+00
	 1.16948e+02	-2.99437e+01	 1.00000e+02	 2.00000e+00
	 4.01111e+02	-2.41493e+02	 1.00000e+02	 2.00000e+00
	-5.34170e+00	-2.47597e+02	 1.00000e+02	 2.00000e+00
	 2.02989e+01	-3.01629e+01	 1.00000e+02	 2.00000e+00
	 3.67909e+01	-4.32095e+01	 1.00000e+02	 2.00000e+00
	-9.34538e+01	-6.60753e+01	 1.00000e+02	 2.00000e+00
	 1.33717e+01	-1.95313e+02	 1.00000e+02	 2.00000e+00
	 2.17029e+02	-1.74210e+02	 1.00000e+02	 2.00000e+00
	 1.44532e+02	-5.00490e+01	 1.00000e+02	 2.00000e+00
	 1.51572e+02	-4.47119e+01	 1.00000e+02	 2.00000e+00
	-1.70414e+02	-5.14520e+01	 1.00000e+02	 2.00000e+00
	 5.78568e+01	-5.44451e+01	 1.00000e+02	 2.00000e+00
	 3.55980e+01	-3.03522e+01	 1.00000e+02	 2.00000e+00
	 1.22017e+02	-3.02943e+01	 1.00000e+02	 2.00000e+00
	 2.96442e+01	-6.12892e+01	 1.00000e+02	 2.00000e+00
	-4.92640e+00	-3.02076e+01	 1.00000e+02	 2.00000e+00
	-7.39759e+01	-6.46510e+01	 1.00000e+02	 2.00000e+00
	 5.75746e+02	-2.23220e+02	 1.00000e+02	 2.00000e+00
	 2.52400e+01	-2.99425e+01	 1.00000e+02	 2.00000e+00
	 1.52025e+02	-4.20103e+00	 1.00000e+02	 2.00000e+00
	-9.44518e+00	-4.25454e+00	 1.00000e+02	 2.00000e+00
	 7.79409e+01	-2.13584e+02	 1.00000e+02	 2.00000e+00
	 1.27069e+02	-2.98400e+01	 1.00000e+02	 2.00000e+00
	 1.38202e+01	-6.29143e+01	 1.00000e+02	 2.00000e+00
	 2.08676e+02	-7.70905e+01	 1.00000e+02	 2.00000e+00
	 1.92147e+02	-3.62873e+01	 1.00000e+02	 2.00000e+00
	-9.83960e+01	-1.18049e+02	 1.00000e+02	 2.00000e+00
	 3.01912e+01	-3.03859e+01	 1.00000e+02	 2.00000e+00
	 1.32079e+02	-3.01628e+01	 1.00000e+02	 2.00000e+00
	-1.26883e+02	-2.02879e+01	 1.00000e+02	 2.00000e+00
	-2.32568e+02	-3.51588e+01	 1.00000e+02	 2.00000e+00
	 1.10611e+02	-4.28206e+01	 1.00000e+02	 2.00000e+00
	 1.94659e+02	-2.53950e+01	 1.00000e+02	 2.00000e+00
	 2.42678e+02	-2.20690e+02	 1.00000e+02	 2.00000e+00
	 3.37194e+02	-7.65598e+01	 1.00000e+02	 2.00000e+00
	 1.08019e+02	-6.10273e+01	 1.00000e+02	 2.00000e+00
	-3.32166e+01	-2.71789e+01	 1.00000e+02	 2.00000e+00
	 4.41941e+01	-3.77280e+01	 1.00000e+02	 2.00000e+00
	-1.55500e+01	-2.80879e+01	 1.00000e+02	 2.00000e+00
	 7.12012e+01	-6.56371e+01	 1.00000e+02	 2.00000e+00
	 1.16374e+02	-4.57155e+01	 1.00000e+02	 2.00000e+00
	 1.02968e+02	-1.20233e+02	 1.00000e+02	 2.00000e+00
	 4.94881e+02	-1.23623e+02	 1.00000e+02	 2.00000e+00
	 1.45718e+02	-3.71544e+01	 1.00000e+02	 2.00000e+00
	-3.97152e+02	-2.35845e+02	 1.00000e+02	 2.00000e+00
	 2.05159e+02	-2.19187e+01	 1.00000e+02	 2.00000e+00
	-1.21672e+02	-1.48450e+02	 1.00000e+02	 2.00000e+00
	-1.09687e+02	-8.85032e+01	 1.00000e+02	 2.00000e+00
	-1.47722e+01	-3.75321e+01	 1.00000e+02	 2.00000e+00
	 4.52326e+02	-8.96391e+01	 1.00000e+02	 2.00000e+00
	 1.75740e+02	-4.59650e+01	 1.00000e+02	 2.00000e+00
	-1.24158e+02	-4.11638e+01	 1.00000e+02	 2.00000e+00
	 1.96159e+02	-6.26729e+01	 1.00000e+02	 2.00000e+00
	-1.02997e+02	-4.51657e+01	 1.00000e+02	 2.00000e+00
	 1.65543e+02	-4.32346e+01	 1.00000e+02	 2.00000e+00
	-8.44846e+01	-2.76242e+02	 1.00000e+02	 2.00000e+00
	 4.87867e+01	-1.88183e+02	 1.00000e+02	 2.00000e+00
	 1.57358e+02	-2.80712e+01	 1.00000e+02	 2.00000e+00
	 1.51566e+02	-3.14137e+01	 1.00000e+02	 2.00000e+00
	 2.03050e+02	-1.00838e+02	 1.00000e+02	 2.00000e+00
	-1.42512e+02	-5.71167e+01	 1.00000e+02	 2.00000e+00
	 5.81604e+01	-3.52042e+01	 1.00000e+02	 2.00000e+00
	 2.11989e+02	-2.67143e+02	 1.00000e+02	 2.00000e+00
	 5.69260e+01	-4.63236e+01	 1.00000e+02	 2.00000e+00
	 2.81615e+01	-2.86942e+02	 1.00000e+02	 2.00000e+00
	 1.05418e+02	-3.49118e+01	 1.00000e+02	 2.00000e+00
	 5.47415e+01	-3.51449e+01	 1.00000e+02	 2.00000e+00
	 3.20462e+01	-8.28935e+01	 1.00000e+02	 2.00000e+00
	-4.54365e+01	-5.97159e+01	 1.00000e+02	 2.00000e+00
	 4.78793e+02	-1.71897e+02	 1.00000e+02	 2.00000e+00
	 1.58292e+02	-2.54256e+02	 1.00000e+02	 2.00000e+00
	-9.11446e+00	-4.91050e+01	 1.00000e+02	 2.00000e+00
	 1.08622e+02	-3.50657e+01	 1.00000e+02	 2.00000e+00
	 2.02453e+02	-4.70378e+01	 1.00000e+02	 2.00000e+00
	-1.37585e+02	-8.35465e+01	 1.00000e+02	 2.00000e+00
	 5.80514e+01	-1.49634e+02	 1.00000e+02	 2.00000e+00
	 6.86651e+02	-2.54101e+02	 1.00000e+02	 2.00000e+00
	 1.02476e+02	-3.73477e+01	 1.00000e+02	 2.00000e+00
	 5.87854e+01	-3.16396e+01	 1.00000e+02	 2.00000e+00
	 5.00086e+00	-5.66030e+01	 1.00000e+02	 2.00000e+00
	 2.69387e+00	-3.10474e+01	 1.00000e+02	 2.00000e+00
	 1.04455e+02	-3.15057e+01	 1.00000e+02	 2.00000e+00
	 1.22616e+02	-4.16759e+01	 1.00000e+02	 2.00000e+00
	 6.40047e+01	-3.17806e+01	 1.00000e+02	 2.00000e+00
	 1.34512e+01	-3.50972e+01	 1.00000e+02	 2.00000e+00
	 9.95572e+01	-3.15216e+01	 1.00000e+02	 2.00000e+00
	-1.83955e+01	-3.30792e+01	 1.00000e+02	 2.00000e+00
	 5.18064e+01	-3.78080e+01	 1.00000e+02	 2.00000e+00
	 5.96976e+02	-1.53183e+02	 1.00000e+02	 2.00000e+00
	 2.63901e+01	-4.37726e+01	 1.00000e+02	 2.00000e+00
	 4.03259e+02	-9.95239e+01	 1.00000e+02	 2.00000e+00
	-6.49521e+01	-1.93325e+02	 1.00000e+02	 2.00000e+00
	 5.36732e+01	-3.15803e+01	 1.00000e+02	 2.00000e+00
	 1.68317e+01	-3.51612e+01	 1.00000e+02	 2.00000e+00
	 1.39456e+02	-3.18837e+01	 1.00000e+02	 2.00000e+00
	 7.46955e+00	-3.13551e+01	 1.00000e+02	 2.00000e+00
	 2.95837e+02	-2.14680e+02	 1.00000e+02	 2.00000e+00
	 1.09352e+02	-3.16596e+01	 1.00000e+02	 2.00000e+00
	 6.91236e+01	-3.18447e+01	 1.00000e+02	 2.00000e+00
	 9.44769e+01	-3.16323e+01	 1.00000e+02	 2.00000e+00
	 4.83052e+01	-3.18521e+01	 1.00000e+02	 2.00000e+00
	 4.92631e+01	-6.97572e+01	 1.00000e+02	 2.00000e+00
	 1.31556e+02	-1.16270e+02	 1.00000e+02	 2.00000e+00
	 3.15661e+02	-5.32509e+01	 1.00000e+02	 2.00000e+00
	-2.21707e+00	-3.14988e+01	 1.00000e+02	 2.00000e+00
	 1.26256e+01	-3.14756e+01	 1.00000e+02	 2.00000e+00
	 1.58638e+02	-4.86715e+01	 1.00000e+02	 2.00000e+00
	 7.40618e+01	-3.17924e+01	 1.00000e+02	 2.00000e+00
	 1.97555e+01	-3.71644e+01	 1.00000e+02	 2.00000e+00
	 8.92134e+01	-3.17837e+01	 1.00000e+02	 2.00000e+00
	 7.90064e+01	-3.18554e+01	 1.00000e+02	 2.00000e+00
	 8.40370e+01	-3.19036e+01	 1.00000e+02	 2.00000e+00
	 5.16729e+01	-4.37332e+01	 1.00000e+02	 2.00000e+00
	 6.19562e+02	-2.74639e+02	 1.00000e+02	 2.00000e+00
	 4.30147e+01	-3.14963e+01	 1.00000e+02	 2.00000e+00
	 1.14363e+02	-3.17359e+01	 1.00000e+02	 2.00000e+00
	 1.44957e+02	-5.97906e+01	 1.00000e+02	 2.00000e+00
	 1.76995e+01	-3.15396e+01	 1.00000e+02	 2.00000e+00
	-1.04912e+02	-1.87585e+02	 1.00000e+02	 2.00000e+00
	 9.91984e+01	-3.53249e+01	 1.00000e+02	 2.00000e+00
	 9.26434e+01	-1.47793e+02	 1.00000e+02	 2.00000e+00
	 3.80363e+01	-3.16790e+01	 1.00000e+02	 2.00000e+00
	 1.25164e+02	-3.48773e+01	 1.00000e+02	 2.00000e+00
	-1.90547e+02	-1.67112e+02	 1.00000e+02	 2.00000e+00
	 4.80045e+01	-3.59129e+01	 1.00000e+02	 2.00000e+00
	 2.16047e+02	-3.03847e+01	 1.00000e+02	 2.00000e+00
	 1.19445e+02	-3.17380e+01	 1.00000e+02	 2.00000e+00
	 1.28453e+02	-3.47458e+01	 1.00000e+02	 2.00000e+00
	 1.34390e+02	-3.16145e+01	 1.00000e+02	 2.00000e+00
	 2.25589e+01	-3.16054e+01	 1.00000e+02	 2.00000e+00
	 2.86610e+00	-3.45376e+01	 1.00000e+02	 2.00000e+00
	 2.53781e+02	-9.18236e+01	 1.00000e+02	 2.00000e+00
	 3.85680e+01	-3.51766e+01	 1.00000e+02	 2.00000e+00
	 2.86312e+02	-5.87560e+01	 1.00000e+02	 2.00000e+00
	 2.28833e+01	-3.49853e+01	 1.00000e+02	 2.00000e+00
	 1.24486e+02	-3.16343e+01	 1.00000e+02	 2.00000e+00
	 7.00295e+02	-3.78275e+02	 1.00000e+02	 2.00000e+00
	 3.26425e+01	-3.22381e+01	 1.00000e+02	 2.00000e+00
	 2.73678e+01	-3.18284e+01	 1.00000e+02	 2.00000e+00
	 1.29468e+02	-3.15028e+01	 1.00000e+02	 2.00000e+00
	 1.31080e+02	-3.72139e+01	 1.00000e+02	 2.00000e+00
	 1.34407e+02	-3.54226e+01	 1.00000e+02	 2.00000e+00
	 2.81732e+02	-8.69514e+01	 1.00000e+02	 2.00000e+00
	 1.54197e+02	-3.50486e+01	 1.00000e+02	 2.00000e+00
	 2.15853e+02	-4.46113e+01	 1.00000e+02	 2.00000e+00
	 6.14644e+01	-7.50604e+01	 1.00000e+02	 2.00000e+00
	 3.41165e+02	-2.58029e+02	 1.00000e+02	 2.00000e+00
	 3.83950e+01	-3.61298e+02	 1.00000e+02	 2.00000e+00
	-3.03002e+01	-3.93638e+01	 1.00000e+02	 2.00000e+00
	 7.58162e+01	-7.91695e+00	 1.00000e+02	 2.00000e+00
	 3.67623e+01	-7.63288e+00	 1.00000e+02	 2.00000e+00
	 1.12390e+02	-6.45222e+00	 1.00000e+02	 2.00000e+00
	 1.15519e+02	-1.01606e+00	 1.00000e+02	 2.00000e+00
	 9.58875e+00	-1.64602e+01	 1.00000e+02	 2.00000e+00
	 1.12209e+02	-1.39863e+01	 1.00000e+02	 2.00000e+00
	 9.96997e+00	-1.15886e+00	 1.00000e+02	 2.00000e+00
	 1.42409e+02	-5.60376e-01	 1.00000e+02	 2.00000e+00
	 2.38061e+00	-7.19407e+00	 1.00000e+02	 2.00000e+00
	 1.13825e+02	-1.21661e+00	 1.00000e+02	 2.00000e+00
	 5.44398e+00	-9.92172e+00	 1.00000e+02	 2.00000e+00
	 1.28350e+02	-1.07963e+00	 1.00000e+02	 2.00000e+00
	 9.52467e+01	-2.10079e+00	 1.00000e+02	 2.00000e+00
	 1.05123e+02	-1.21019e+00	 1.00000e+02	 2.00000e+00
	 5.23191e+01	-2.76024e+00	 1.00000e+02	 2.00000e+00
	 5.25080e+01	-2.12262e+00	 1.00000e+02	 2.00000e+00
	 1.33952e+02	-7.78411e-01	 1.00000e+02	 2.00000e+00
	 9.62043e+01	-1.15719e+00	 1.00000e+02	 2.00000e+00
	 6.71804e+01	-1.18064e+00	 1.00000e+02	 2.00000e+00
	 1.03692e+02	-1.42586e+01	 1.00000e+02	 2.00000e+00
	 3.50823e+01	-1.95127e+01	 1.00000e+02	 2.00000e+00
	 1.05607e+02	-1.67706e+01	 1.00000e+02	 2.00000e+00
	 8.92942e+01	-1.10612e+00	 1.00000e+02	 2.00000e+00
	 5.35666e+01	-1.93109e+00	 1.00000e+02	 2.00000e+00
	 5.73848e+01	-4.26086e+00	 1.00000e+02	 2.00000e+00
	 8.23312e+01	-2.11434e+00	 1.00000e+02	 2.00000e+00
	 5.70019e+01	-3.67913e+00	 1.00000e+02	 2.00000e+00
	 4.40413e+01	-5.42263e+00	 1.00000e+02	 2.00000e+00
	 7.29486e+01	-1.94972e+00	 1.00000e+02	 2.00000e+00
	 9.58110e+01	-2.10837e+00	 1.00000e+02	 2.00000e+00
	 1.13020e+02	-5.74110e+00	 1.00000e+02	 2.00000e+00
	 1.33534e+02	-5.30393e+00	 1.00000e+02	 2.00000e+00
	-1.00082e+00	-2.31526e+00	 1.00000e+02	 2.00000e+00
	 7.77789e+00	-2.42106e+00	 1.00000e+02	 2.00000e+00
	 1.26547e+02	-1.04277e+00	 1.00000e+02	 2.00000e+00
	-4.14510e+00	-8.20500e+00	 1.00000e+02	 2.00000e+00
	 3.59563e+01	-6.23740e+00	 1.00000e+02	 2.00000e+00
	 1.14436e+02	-1.99612e+00	 1.00000e+02	 2.00000e+00
	 9.22258e+01	-1.10017e+00	 1.00000e+02	 2.00000e+00
	 7.04366e+01	-2.17229e+00	 1.00000e+02	 2.00000e+00
	 1.34075e+02	-1.22108e+00	 1.00000e+02	 2.00000e+00
	 4.94972e+01	-7.43128e+00	 1.00000e+02	 2.00000e+00
	 1.25383e+00	-1.13064e+01	 1.00000e+02	 2.00000e+00
	 4.32346e+01	-5.72451e+00	 1.00000e+02	 2.00000e+00
	 1.27952e+02	-1.40307e+00	 1.00000e+02	 2.00000e+00
	 1.11683e+02	-1.92820e+01	 1.00000e+02	 2.00000e+00
	 4.84211e+01	-1.17920e+00	 1.00000e+02	 2.00000e+00
	 1.22578e+02	-6.18074e+00	 1.00000e+02	 2.00000e+00
	 7.33469e+01	-2.41483e+00	 1.00000e+02	 2.00000e+00
	 4.34554e+01	-1.39721e+01	 1.00000e+02	 2.00000e+00
	 5.62049e+01	-6.42560e+00	 1.00000e+02	 2.00000e+00
	 4.47645e+01	-1.34101e+01	 1.00000e+02	 2.00000e+00
	 8.22860e+01	-2.73020e+00	 1.00000e+02	 2.00000e+00
	 1.40041e+02	-8.31289e-01	 1.00000e+02	 2.00000e+00
	 1.08598e+02	-6.38584e+00	 1.00000e+02	 2.00000e+00
	 1.19292e+02	-9.88403e-01	 1.00000e+02	 2.00000e+00
	 1.25185e+02	-6.17361e+00	 1.00000e+02	 2.00000e+00
	 1.26952e+02	-1.35282e+00	 1.00000e+02	 2.00000e+00
	 6.15624e+01	-2.05039e+00	 1.00000e+02	 2.00000e+00
	 4.87961e+01	-9.34194e-01	 1.00000e+02	 2.00000e+00
	 1.05646e+02	-1.85291e+01	 1.00000e+02	 2.00000e+00
	 1.70765e+01	-2.29960e+00	 1.00000e+02	 2.00000e+00
	 6.14066e+01	-2.63780e+00	 1.00000e+02	 2.00000e+00
	 6.92945e+01	-1.74821e+00	 1.00000e+02	 2.00000e+00
	 6.42865e+01	-2.42576e+00	 1.00000e+02	 2.00000e+00
	 5.24901e+00	-8.07345e+00	 1.00000e+02	 2.00000e+00
	 1.50672e+01	-2.06229e+01	 1.00000e+02	 2.00000e+00
	 7.97483e+00	-3.18898e+00	 1.00000e+02	 2.00000e+00
	 2.26776e+01	-2.16795e+01	 1.00000e+02	 2.00000e+00
	 7.03655e+01	-2.83926e+00	 1.00000e+02	 2.00000e+00
	 1.19528e+02	-1.61942e+01	 1.00000e+02	 2.00000e+00
	 1.14989e+02	-1.94348e+00	 1.00000e+02	 2.00000e+00
	 3.96491e+00	-1.16902e+01	 1.00000e+02	 2.00000e+00
	 1.18475e+02	-1.77421e+01	 1.00000e+02	 2.00000e+00
	 1.04651e+02	-1.26678e+00	 1.00000e+02	 2.00000e+00
	 7.57601e+01	-9.12374e+00	 1.00000e+02	 2.00000e+00
	 1.08710e+01	-2.29579e+00	 1.00000e+02	 2.00000e+00
	 2.84780e+01	-5.67331e+00	 1.00000e+02	 2.00000e+00
	 5.68242e+01	-1.60963e+01	 1.00000e+02	 2.00000e+00
	 1.17577e+02	-1.18355e+00	 1.00000e+02	 2.00000e+00
	 1.19125e+01	-5.16160e+00	 1.00000e+02	 2.00000e+00
	 1.68914e+01	-2.10135e+01	 1.00000e+02	 2.00000e+00
	 1.09294e+02	-5.82321e+00	 1.00000e+02	 2.00000e+00
	 3.66729e+01	-2.67468e+00	 1.00000e+02	 2.00000e+00
	 5.08763e+01	-1.31997e+00	 1.00000e+02	 2.00000e+00
	 5.80774e+01	-1.50470e+01	 1.00000e+02	 2.00000e+00
	-2.12454e+00	-2.29469e+00	 1.00000e+02	 2.00000e+00
	 4.18050e+01	-6.95161e+00	 1.00000e+02	 2.00000e+00
	 1.04180e+01	-2.92433e+00	 1.00000e+02	 2.00000e+00
	 6.88731e+01	-2.08637e+00	 1.00000e+02	 2.00000e+00
	 1.12530e+01	-1.07664e+00	 1.00000e+02	 2.00000e+00
	 9.07515e+01	-1.08841e+00	 1.00000e+02	 2.00000e+00
	 7.35175e+01	-1.06201e+00	 1.00000e+02	 2.00000e+00
	 9.06430e+00	-1.47372e+01	 1.00000e+02	 2.00000e+00
	 9.58237e+01	-8.92253e-01	 1.00000e+02	 2.00000e+00
	 9.88007e+01	-1.05752e+00	 1.00000e+02	 2.00000e+00
	 4.92447e+01	-5.90620e+00	 1.00000e+02	 2.00000e+00
	 2.84833e+01	-1.29597e+01	 1.00000e+02	 2.00000e+00
	 3.68068e+01	-2.07498e+00	 1.00000e+02	 2.00000e+00
	 7.82752e+01	-2.56074e+00	 1.00000e+02	 2.00000e+00
	 3.38717e+01	-5.94546e+00	 1.00000e+02	 2.00000e+00
	 1.18196e+02	-1.94976e+00	 1.00000e+02	 2.00000e+00
	 2.51739e+00	-2.27705e+01	 1.00000e+02	 2.00000e+00
	 6.08278e-01	-8.82797e+00	 1.00000e+02	 2.00000e+00
	 2.81780e+01	-1.18489e+00	 1.00000e+02	 2.00000e+00
	 4.92812e+01	-8.48138e+00	 1.00000e+02	 2.00000e+00
	 4.22546e+01	-1.19628e+00	 1.00000e+02	 2.00000e+00
	 5.56061e+01	-1.07630e+00	 1.00000e+02	 2.00000e+00
	 8.09461e+01	-1.96156e+00	 1.00000e+02	 2.00000e+00
	 7.39114e+01	-1.53225e+01	 1.00000e+02	 2.00000e+00
	 8.14471e+01	-1.56936e+01	 1.00000e+02	 2.00000e+00
	 1.97622e+01	-8.58746e-01	 1.00000e+02	 2.00000e+00
	 1.23044e+02	-9.82393e-01	 1.00000e+02	 2.00000e+00
	 1.24442e+02	-1.46857e+01	 1.00000e+02	 2.00000e+00
	 4.06780e+00	-7.15561e+00	 1.00000e+02	 2.00000e+00
	 7.88722e+00	-2.74557e-01	 1.00000e+02	 2.00000e+00
	 9.16653e+01	-1.99628e+00	 1.00000e+02	 2.00000e+00
	 8.00333e+01	-2.50740e+01	 1.00000e+02	 2.00000e+00
	 8.27821e+01	-1.47949e+01	 1.00000e+02	 2.00000e+00
	-6.14162e-01	-1.38159e+01	 1.00000e+02	 2.00000e+00
	 1.32916e+02	-6.18196e+00	 1.00000e+02	 2.00000e+00
	 3.65645e+01	-2.06326e+01	 1.00000e+02	 2.00000e+00
	 6.63792e+01	-2.51325e+00	 1.00000e+02	 2.00000e+00
	 5.53722e+01	-6.78811e+00	 1.00000e+02	 2.00000e+00
	 1.36494e+02	-3.95853e+00	 1.00000e+02	 2.00000e+00
	 7.83426e+01	-1.98270e+00	 1.00000e+02	 2.00000e+00
	 4.02378e+01	-2.37441e+00	 1.00000e+02	 2.00000e+00
	 1.18773e+02	-1.89790e+00	 1.00000e+02	 2.00000e+00
	 1.29370e+02	-1.84954e+00	 1.00000e+02	 2.00000e+00
	 6.52372e+01	-2.24928e+01	 1.00000e+02	 2.00000e+00
	 1.95970e+01	-1.29474e+00	 1.00000e+02	 2.00000e+00
	 4.89699e+01	-5.24655e+00	 1.00000e+02	 2.00000e+00
	 1.14527e+02	-7.24838e+00	 1.00000e+02	 2.00000e+00
	 4.99980e+00	-2.14688e+01	 1.00000e+02	 2.00000e+00
	 1.44271e+02	-2.23515e+01	 1.00000e+02	 2.00000e+00
	 1.21337e+02	-1.17125e+00	 1.00000e+02	 2.00000e+00
	 1.46449e+02	-8.45576e+00	 1.00000e+02	 2.00000e+00
	 1.25594e+02	-1.37585e+01	 1.00000e+02	 2.00000e+00
	 1.14113e+02	-2.28963e+01	 1.00000e+02	 2.00000e+00
	 3.77866e+01	-7.16584e+00	 1.00000e+02	 2.00000e+00
	 4.29577e+01	-6.80644e+00	 1.00000e+02	 2.00000e+00
	 5.37201e+01	-2.29560e+01	 1.00000e+02	 2.00000e+00
	 3.87112e+01	-1.90907e+00	 1.00000e+02	 2.00000e+00
	 1.73429e+01	-1.04841e+00	 1.00000e+02	 2.00000e+00
	 1.11683e+02	-2.17197e+01	 1.00000e+02	 2.00000e+00
	 3.07421e+01	-2.38071e+00	 1.00000e+02	 2.00000e+00
	 1.21957e+02	-1.93043e+00	 1.00000e+02	 2.00000e+00
	 9.11837e+01	-1.98780e+00	 1.00000e+02	 2.00000e+00
	 1.16982e+02	-5.57477e+00	 1.00000e+02	 2.00000e+00
	 7.89717e+01	-1.23425e+00	 1.00000e+02	 2.00000e+00
	 1.78499e+00	-9.38598e-01	 1.00000e+02	 2.00000e+00
	 1.26019e+02	-6.16316e+00	 1.00000e+02	 2.00000e+00
	 3.24272e+01	-6.76415e+00	 1.00000e+02	 2.00000e+00
	 2.85523e+01	-9.40015e-01	 1.00000e+02	 2.00000e+00
	 1.23449e+02	-6.19700e+00	 1.00000e+02	 2.00000e+00
	 1.31309e+02	-2.93719e+00	 1.00000e+02	 2.00000e+00
	 1.28929e+02	-1.90461e+00	 1.00000e+02	 2.00000e+00
	 1.35581e+02	-3.51396e+00	 1.00000e+02	 2.00000e+00
	 9.24567e+00	-4.36550e+00	 1.00000e+02	 2.00000e+00
	 1.47036e+01	-2.14574e+00	 1.00000e+02	 2.00000e+00
	 3.37318e+01	-1.01828e+00	 1.00000e+02	 2.00000e+00
	 1.91407e+01	-1.34194e+00	 1.00000e+02	 2.00000e+00
	 7.25556e+01	-1.60976e+01	 1.00000e+02	 2.00000e+00
	 6.38962e+01	-1.90966e+00	 1.00000e+02	 2.00000e+00
	 8.98614e+00	-6.38930e+00	 1.00000e+02	 2.00000e+00
	 5.03832e+01	-1.32514e+00	 1.00000e+02	 2.00000e+00
	 1.31844e+01	-2.14779e+01	 1.00000e+02	 2.00000e+00
	 4.44443e+01	-1.17188e+00	 1.00000e+02	 2.00000e+00
	 9.53400e+00	-2.80097e+00	 1.00000e+02	 2.00000e+00
	 1.17964e+02	-7.31157e+00	 1.00000e+02	 2.00000e+00
	 3.92212e+01	-1.98358e+00	 1.00000e+02	 2.00000e+00
	 8.89645e+00	-3.42833e+00	 1.00000e+02	 2.00000e+00
	 1.22532e+02	-1.87958e+00	 1.00000e+02	 2.00000e+00
	 1.11913e+02	-1.54440e+01	 1.00000e+02	 2.00000e+00
	 8.52535e+00	-5.20293e+00	 1.00000e+02	 2.00000e+00
	 3.59144e+01	-7.07513e+00	 1.00000e+02	 2.00000e+00
	 7.85802e+01	-9.78248e-01	 1.00000e+02	 2.00000e+00
	 5.00292e+01	-1.93188e+00	 1.00000e+02	 2.00000e+00
	 5.89858e+01	-2.05590e+00	 1.00000e+02	 2.00000e+00
	 6.33458e+01	-2.34817e+01	 1.00000e+02	 2.00000e+00
	 1.66810e+01	-2.95888e+00	 1.00000e+02	 2.00000e+00
	 6.34473e+01	-1.86943e+00	 1.00000e+02	 2.00000e+00
	 1.14277e+02	-1.36581e+00	 1.00000e+02	 2.00000e+00
	 4.41166e+01	-8.78123e-01	 1.00000e+02	 2.00000e+00
	 1.06236e+02	-2.18338e+00	 1.00000e+02	 2.00000e+00
	 1.15938e+02	-1.15680e+00	 1.00000e+02	 2.00000e+00
	 6.41525e+01	-3.15349e+00	 1.00000e+02	 2.00000e+00
	 1.23558e+01	-4.24112e+00	 1.00000e+02	 2.00000e+00
	 1.02496e+02	-1.32700e+01	 1.00000e+02	 2.00000e+00
	 1.17066e+02	-7.27591e+00	 1.00000e+02	 2.00000e+00
	 2.21390e+01	-3.54380e+00	 1.00000e+02	 2.00000e+00
	 1.44208e+01	-1.60845e+00	 1.00000e+02	 2.00000e+00
	 6.64749e+01	-1.93033e+00	 1.00000e+02	 2.00000e+00
	 8.78314e+01	-2.27014e+00	 1.00000e+02	 2.00000e+00
	 8.07129e+00	-7.48186e+00	 1.00000e+02	 2.00000e+00
	 3.06165e+01	-1.27609e+00	 1.00000e+02	 2.00000e+00
	 8.78056e+01	-1.05038e+00	 1.00000e+02	 2.00000e+00
	 8.65505e+01	-6.63166e+00	 1.00000e+02	 2.00000e+00
	 7.04956e+01	-1.03584e+00	 1.00000e+02	 2.00000e+00
	 1.50253e+01	-9.61647e-01	 1.00000e+02	 2.00000e+00
	 1.35529e+02	-2.59651e+00	 1.00000e+02	 2.00000e+00
	 3.82679e+01	-1.04133e+00	 1.00000e+02	 2.00000e+00
	 1.31188e+02	-1.05945e+00	 1.00000e+02	 2.00000e+00
	 1.13787e+02	-8.01495e+00	 1.00000e+02	 2.00000e+00
	 7.19733e+01	-1.06066e+00	 1.00000e+02	 2.00000e+00
	 5.14751e+01	-6.97160e+00	 1.00000e+02	 2.00000e+00
	 4.70019e+01	-7.11297e+00	 1.00000e+02	 2.00000e+00
	 1.13899e+02	-5.62235e+00	 1.00000e+02	 2.00000e+00
	 4.04047e+01	-1.82983e+00	 1.00000e+02	 2.00000e+00
	 8.89504e+01	-1.33176e+00	 1.00000e+02	 2.00000e+00
	 1.35949e+02	-9.76156e-01	 1.00000e+02	 2.00000e+00
	 4.12711e+01	-6.10966e+00	 1.00000e+02	 2.00000e+00
	 3.09493e+01	-1.78404e+00	 1.00000e+02	 2.00000e+00
	-3.93657e+00	-1.39189e+01	 1.00000e+02	 2.00000e+00
	 1.32551e+00	-4.89194e+00	 1.00000e+02	 2.00000e+00
	 1.34511e+02	-1.29869e+00	 1.00000e+02	 2.00000e+00
	 4.43405e+01	-1.74559e+00	 1.00000e+02	 2.00000e+00
	 6.30165e+01	-1.03378e+00	 1.00000e+02	 2.00000e+00
	 5.21704e+01	-1.38894e+01	 1.00000e+02	 2.00000e+00
	 1.00300e+02	-5.61618e+00	 1.00000e+02	 2.00000e+00
	 1.34553e+02	-5.13069e+00	 1.00000e+02	 2.00000e+00
	 5.21198e+01	-7.84576e+00	 1.00000e+02	 2.00000e+00
	 1.01755e+02	-6.27778e+00	 1.00000e+02	 2.00000e+00
	 8.17312e+01	-2.70029e+01	 1.00000e+02	 2.00000e+00
	 9.02852e+01	-1.99118e+00	 1.00000e+02	 2.00000e+00
	 4.94333e+01	-1.80358e+00	 1.00000e+02	 2.00000e+00
	 5.69461e+01	-2.53881e+00	 1.00000e+02	 2.00000e+00
	 5.97909e+01	-1.02280e+00	 1.00000e+02	 2.00000e+00
	 3.32927e+01	-1.27967e+00	 1.00000e+02	 2.00000e+00
	 4.69309e+01	-8.05073e+00	 1.00000e+02	 2.00000e+00
	 8.77985e+01	-2.95628e+00	 1.00000e+02	 2.00000e+00
	 8.09055e+01	-2.63958e+00	 1.00000e+02	 2.00000e+00
	 1.32745e+02	-2.40410e+00	 1.00000e+02	 2.00000e+00
	 1.01018e+02	-1.32478e+01	 1.00000e+02	 2.00000e+00
	 1.20051e+01	-2.30874e+01	 1.00000e+02	 2.00000e+00
	 1.30649e+02	-3.41057e+00	 1.00000e+02	 2.00000e+00
	 2.35961e+01	-1.72301e+00	 1.00000e+02	 2.00000e+00
	-1.61145e-01	-3.08833e+00	 1.00000e+02	 2.00000e+00
	 6.45614e+01	-1.36082e+00	 1.00000e+02	 2.00000e+00
	 7.08774e+01	-7.45022e+00	 1.00000e+02	 2.00000e+00
	 7.00573e+01	-1.25373e+00	 1.00000e+02	 2.00000e+00
	 6.29885e+01	-7.91583e+00	 1.00000e+02	 2.00000e+00
	 7.02340e+01	-6.72667e+00	 1.00000e+02	 2.00000e+00
	 1.53989e+01	-3.63502e+00	 1.00000e+02	 2.00000e+00
	 8.89548e+01	-2.27074e+01	 1.00000e+02	 2.00000e+00
	 6.23551e+01	-7.06372e+00	 1.00000e+02	 2.00000e+00
	 6.89529e+01	-2.75798e+00	 1.00000e+02	 2.00000e+00
	 7.31885e+01	-3.14567e+00	 1.00000e+02	 2.00000e+00
	 5.39216e+01	-2.44744e+00	 1.00000e+02	 2.00000e+00
	 8.98112e+01	-2.00212e+00	 1.00000e+02	 2.00000e+00
	 3.30827e+01	-6.09388e+00	 1.00000e+02	 2.00000e+00
	 9.46970e+01	-1.85694e+01	 1.00000e+02	 2.00000e+00
	 1.51939e+01	-5.26408e+00	 1.00000e+02	 2.00000e+00
	 9.97167e+01	-6.23512e+00	 1.00000e+02	 2.00000e+00
	 1.06815e+02	-7.23112e+00	 1.00000e+02	 2.00000e+00
	 8.53550e+00	-8.94948e+00	 1.00000e+02	 2.00000e+00
	 1.08706e+02	-1.00690e+00	 1.00000e+02	 2.00000e+00
	 1.57686e+01	-4.43751e+00	 1.00000e+02	 2.00000e+00
	 6.47761e+01	-9.56489e-01	 1.00000e+02	 2.00000e+00
	 5.28699e+01	-3.33692e+00	 1.00000e+02	 2.00000e+00
	 1.58720e+01	-2.91885e+00	 1.00000e+02	 2.00000e+00
	 2.27138e+01	-3.83069e+00	 1.00000e+02	 2.00000e+00
	 1.13722e+02	-7.67106e-01	 1.00000e+02	 2.00000e+00
	 1.16623e+02	-6.24612e+00	 1.00000e+02	 2.00000e+00
	 1.37240e+02	-2.35791e+00	 1.00000e+02	 2.00000e+00
	 1.03512e+02	-7.24898e+00	 1.00000e+02	 2.00000e+00
	 7.24140e+01	-1.93080e+00	 1.00000e+02	 2.00000e+00
	 2.38331e+01	-2.34809e+01	 1.00000e+02	 2.00000e+00
	 1.29971e+02	-4.81855e+00	 1.00000e+02	 2.00000e+00
	 1.56762e+01	-6.24519e+00	 1.00000e+02	 2.00000e+00
	 9.99191e+01	-1.41615e+01	 1.00000e+02	 2.00000e+00
	 1.35242e+02	-1.34786e+00	 1.00000e+02	 2.00000e+00
	 1.35510e+02	-5.83972e+00	 1.00000e+02	 2.00000e+00
	 1.32663e+02	-3.06156e+00	 1.00000e+02	 2.00000e+00
	 1.25297e+02	-9.41519e-01	 1.00000e+02	 2.00000e+00
	 6.71512e+01	-1.71879e+00	 1.00000e+02	 2.00000e+00
	-5.65206e+00	-1.07196e+01	 1.00000e+02	 2.00000e+00
	 5.03300e+01	-2.53508e+00	 1.00000e+02	 2.00000e+00
	 3.97006e+00	-4.54782e+00	 1.00000e+02	 2.00000e+00
	 1.29219e+02	-3.42682e+00	 1.00000e+02	 2.00000e+00
	 7.02988e+00	-1.43820e+00	 1.00000e+02	 2.00000e+00
	 1.37353e+02	-3.28322e+00	 1.00000e+02	 2.00000e+00
	 5.30395e+01	-1.85945e+00	 1.00000e+02	 2.00000e+00
	 2.09466e+01	-3.05565e+00	 1.00000e+02	 2.00000e+00
	 7.27372e+00	-3.80154e+00	 1.00000e+02	 2.00000e+00
	 1.19713e+02	-1.12577e+00	 1.00000e+02	 2.00000e+00
	 1.29853e+02	-2.19446e+00	 1.00000e+02	 2.00000e+00
	 2.14372e+01	-3.77101e+00	 1.00000e+02	 2.00000e+00
	 4.70022e+01	-1.52856e+01	 1.00000e+02	 2.00000e+00
	 2.13096e+01	-2.40104e+00	 1.00000e+02	 2.00000e+00
	 2.40823e+01	-1.90892e+00	 1.00000e+02	 2.00000e+00
	 8.24491e+01	-1.00496e+00	 1.00000e+02	 2.00000e+00
	 1.30892e+02	-6.42201e+00	 1.00000e+02	 2.00000e+00
	 2.10070e+01	-4.62546e+00	 1.00000e+02	 2.00000e+00
	 9.62225e+01	-1.63605e+00	 1.00000e+02	 2.00000e+00
	 1.18031e+02	-1.32607e+00	 1.00000e+02	 2.00000e+00
	 9.26346e+01	-1.31527e+00	 1.00000e+02	 2.00000e+00
	 5.94301e+01	-2.56337e+00	 1.00000e+02	 2.00000e+00
	 1.46417e+01	-1.16128e+00	 1.00000e+02	 2.00000e+00
	 1.23583e+01	-6.06269e+00	 1.00000e+02	 2.00000e+00
	 2.57796e+01	-1.84773e+00	 1.00000e+02	 2.00000e+00
	 2.14751e+01	-5.49182e+00	 1.00000e+02	 2.00000e+00
	 1.14326e+02	-2.56093e+01	 1.00000e+02	 2.00000e+00
	 3.34368e+01	-2.31427e+00	 1.00000e+02	 2.00000e+00
	 1.50062e+01	-7.27577e+00	 1.00000e+02	 2.00000e+00
	 5.36940e+01	-2.56393e+01	 1.00000e+02	 2.00000e+00
	 1.26353e+01	-2.54824e+01	 1.00000e+02	 2.00000e+00
	 4.96192e+01	-8.46937e-01	 1.00000e+02	 2.00000e+00
	 1.27466e+02	-1.07384e+00	 1.00000e+02	 2.00000e+00
	 2.42626e+01	-2.50534e+00	 1.00000e+02	 2.00000e+00
	 7.40256e+00	-1.03647e+01	 1.00000e+02	 2.00000e+00
	 3.01109e+01	-1.29347e+00	 1.00000e+02	 2.00000e+00
	 1.80711e+01	-4.89668e+00	 1.00000e+02	 2.00000e+00
	 1.09546e+02	-2.17652e+00	 1.00000e+02	 2.00000e+00
	 1.05627e+02	-2.11291e+00	 1.00000e+02	 2.00000e+00
	 4.57868e+01	-9.59137e-01	 1.00000e+02	 2.00000e+00
	 9.48058e+01	-2.59739e+00	 1.00000e+02	 2.00000e+00
	 6.41305e+01	-1.33538e+00	 1.00000e+02	 2.00000e+00
	 1.69594e+01	-1.27944e+00	 1.00000e+02	 2.00000e+00
	 1.25825e+02	-2.07260e+00	 1.00000e+02	 2.00000e+00
	 1.45631e+02	-1.31893e+01	 1.00000e+02	 2.00000e+00
	 2.10497e+01	-1.85319e+00	 1.00000e+02	 2.00000e+00
	 8.38163e+00	-1.82458e+01	 1.00000e+02	 2.00000e+00
	 5.16220e+01	-1.91984e+01	 1.00000e+02	 2.00000e+00
	 5.73930e+01	-2.96206e+00	 1.00000e+02	 2.00000e+00
	 2.12147e+00	-5.61548e+00	 1.00000e+02	 2.00000e+00
	 6.13922e+01	-9.03401e+00	 1.00000e+02	 2.00000e+00
	 1.12628e+02	-7.57192e+00	 1.00000e+02	 2.00000e+00
	 1.54631e+01	-2.20742e+00	 1.00000e+02	 2.00000e+00
	 5.71334e+01	-5.10188e+00	 1.00000e+02	 2.00000e+00
	 1.13506e+02	-1.82733e+01	 1.00000e+02	 2.00000e+00
	 1.09639e+02	-1.82182e+01	 1.00000e+02	 2.00000e+00
	 5.31995e+01	-4.78432e+00	 1.00000e+02	 2.00000e+00
	 3.30673e+01	-1.83735e+00	 1.00000e+02	 2.00000e+00
	 1.15410e+02	-1.42988e+01	 1.00000e+02	 2.00000e+00
	 6.33625e+01	-3.43010e+00	 1.00000e+02	 2.00000e+00
	 6.37957e+01	-4.87593e+00	 1.00000e+02	 2.00000e+00
	 3.41657e+01	-2.20550e+00	 1.00000e+02	 2.00000e+00
	 1.05972e+02	-7.22278e+00	 1.00000e+02	 2.00000e+00
	 1.29942e+02	-5.84347e+00	 1.00000e+02	 2.00000e+00
	 5.36566e+01	-6.43169e+00	 1.00000e+02	 2.00000e+00
	 6.43780e+01	-6.50508e+00	 1.00000e+02	 2.00000e+00
	 3.23521e+01	-7.71903e+00	 1.00000e+02	 2.00000e+00
	 2.80902e+01	-1.43774e+01	 1.00000e+02	 2.00000e+00
	 4.04257e+01	-5.90800e+00	 1.00000e+02	 2.00000e+00
	 1.16570e+02	-1.74490e+01	 1.00000e+02	 2.00000e+00
	 1.15128e+02	-1.30756e+00	 1.00000e+02	 2.00000e+00
	 7.71159e+01	-1.79394e+00	 1.00000e+02	 2.00000e+00
	 8.00488e+01	-1.44956e+01	 1.00000e+02	 2.00000e+00
	 2.08863e+01	-6.49449e+00	 1.00000e+02	 2.00000e+00
	 5.54631e+01	-1.54985e+00	 1.00000e+02	 2.00000e+00
	 1.06641e+02	-2.56844e+00	 1.00000e+02	 2.00000e+00
	 3.86677e+01	-9.12000e+00	 1.00000e+02	 2.00000e+00
	 9.88671e+01	-1.55642e+00	 1.00000e+02	 2.00000e+00
	 1.16630e+02	-1.34758e+01	 1.00000e+02	 2.00000e+00
	 4.83984e+01	-1.74643e+00	 1.00000e+02	 2.00000e+00
	 1.07761e+02	-5.83260e+00	 1.00000e+02	 2.00000e+00
	 1.30296e+02	-1.78271e+00	 1.00000e+02	 2.00000e+00
	 7.83957e+01	-8.12018e+00	 1.00000e+02	 2.00000e+00
	 2.85541e+01	-2.75701e+00	 1.00000e+02	 2.00000e+00
	 3.93348e+00	-1.88503e+00	 1.00000e+02	 2.00000e+00
	 1.08244e+01	-3.64221e+00	 1.00000e+02	 2.00000e+00
	 2.38589e+01	-3.12940e+00	 1.00000e+02	 2.00000e+00
	 4.44176e+01	-2.99928e+00	 1.00000e+02	 2.00000e+00
	 9.64097e+01	-7.71068e+00	 1.00000e+02	 2.00000e+00
	 9.36723e+01	-2.59279e+00	 1.00000e+02	 2.00000e+00
	 7.78414e+01	-2.52180e+01	 1.00000e+02	 2.00000e+00
	 6.19815e+01	-3.16784e+00	 1.00000e+02	 2.00000e+00
	 2.92451e+01	-5.42946e+00	 1.00000e+02	 2.00000e+00
	 1.01119e+02	-5.66536e+00	 1.00000e+02	 2.00000e+00
	 6.94472e+01	-1.55763e+01	 1.00000e+02	 2.00000e+00
	 4.48227e+01	-2.02277e+00	 1.00000e+02	 2.00000e+00
	 2.87093e+01	-8.29632e+00	 1.00000e+02	 2.00000e+00
	 9.62837e+01	-1.97431e+01	 1.00000e+02	 2.00000e+00
	 5.14868e+01	-2.16170e+01	 1.00000e+02	 2.00000e+00
	 1.29211e+02	-4.33073e+00	 1.00000e+02	 2.00000e+00
	 1.42882e+01	-2.74134e+00	 1.00000e+02	 2.00000e+00
	 2.86802e+01	-2.09289e+00	 1.00000e+02	 2.00000e+00
	 7.65969e+01	-7.42005e+00	 1.00000e+02	 2.00000e+00
	 1.04364e+02	-7.25114e+00	 1.00000e+02	 2.00000e+00
	 1.09261e+02	-2.30336e+01	 1.00000e+02	 2.00000e+00
	 8.74758e+01	-1.26328e+00	 1.00000e+02	 2.00000e+00
	 2.06520e+01	-2.15369e+01	 1.00000e+02	 2.00000e+00
	 8.91058e+01	-2.54573e+01	 1.00000e+02	 2.00000e+00
	 7.45157e+01	-2.64813e+00	 1.00000e+02	 2.00000e+00
	 7.76153e+01	-2.82011e+00	 1.00000e+02	 2.00000e+00
	 1.01709e+02	-2.33910e+00	 1.00000e+02	 2.00000e+00
	 9.73799e-01	-1.63612e+00	 1.00000e+02	 2.00000e+00
	 6.47821e+00	-3.37293e+00	 1.00000e+02	 2.00000e+00
	 7.48110e+00	-2.31261e+01	 1.00000e+02	 2.00000e+00
	 4.10065e+01	-1.12159e+00	 1.00000e+02	 2.00000e+00
	 6.47716e+01	-3.71457e+00	 1.00000e+02	 2.00000e+00
	 5.26022e+01	-4.16465e+00	 1.00000e+02	 2.00000e+00
	 5.15290e+01	-2.97886e+00	 1.00000e+02	 2.00000e+00
	 4.63337e+01	-1.70907e+01	 1.00000e+02	 2.00000e+00
	 6.56658e+01	-2.70965e+00	 1.00000e+02	 2.00000e+00
	 1.23466e+02	-1.11927e+00	 1.00000e+02	 2.00000e+00
	 5.29228e+01	-5.70912e+00	 1.00000e+02	 2.00000e+00
	 5.10712e+01	-2.42101e+00	 1.00000e+02	 2.00000e+00
	 1.36603e+02	-5.16617e+00	 1.00000e+02	 2.00000e+00
	 5.20447e+01	-1.53624e+01	 1.00000e+02	 2.00000e+00
	 6.06468e+01	-2.85777e+00	 1.00000e+02	 2.00000e+00
	 5.42420e+01	-3.72753e+00	 1.00000e+02	 2.00000e+00
	 3.96940e+01	-6.33653e+00	 1.00000e+02	 2.00000e+00
	 1.28575e+02	-2.99943e+00	 1.00000e+02	 2.00000e+00
	 1.29852e+02	-8.32154e+00	 1.00000e+02	 2.00000e+00
	 3.95290e+01	-2.50800e+00	 1.00000e+02	 2.00000e+00
	 4.62335e+01	-1.78237e+00	 1.00000e+02	 2.00000e+00
	 8.71084e+01	-7.28236e+00	 1.00000e+02	 2.00000e+00
	 4.89216e+01	-2.13853e+00	 1.00000e+02	 2.00000e+00
	 6.50162e+01	-8.42072e+00	 1.00000e+02	 2.00000e+00
	 4.13741e+01	-8.05857e+00	 1.00000e+02	 2.00000e+00
	 6.27652e+01	-2.89120e+00	 1.00000e+02	 2.00000e+00
	 5.51524e+01	-2.75106e+00	 1.00000e+02	 2.00000e+00
	 6.31474e+01	-4.29138e+00	 1.00000e+02	 2.00000e+00
	 2.82790e+01	-6.54451e+00	 1.00000e+02	 2.00000e+00
	 1.15427e+02	-7.32908e+00	 1.00000e+02	 2.00000e+00
	 1.28407e+01	-8.24916e+00	 1.00000e+02	 2.00000e+00
	 7.31296e+01	-1.33971e+00	 1.00000e+02	 2.00000e+00
	 6.35755e+01	-5.83339e+00	 1.00000e+02	 2.00000e+00
	 8.96671e+01	-1.36033e+00	 1.00000e+02	 2.00000e+00
	 2.05404e+01	-1.63686e+00	 1.00000e+02	 2.00000e+00
	 6.01209e+01	-2.38482e+00	 1.00000e+02	 2.00000e+00
	 1.68864e+00	-1.45893e+00	 1.00000e+02	 2.00000e+00
	 1.21790e+02	-1.31300e+00	 1.00000e+02	 2.00000e+00
	 1.29011e+02	-7.80828e+00	 1.00000e+02	 2.00000e+00
	 5.36711e+01	-3.14231e+00	 1.00000e+02	 2.00000e+00
	 8.83732e+01	-1.61852e+01	 1.00000e+02	 2.00000e+00
	 4.61464e+01	-1.39289e+01	 1.00000e+02	 2.00000e+00
	 5.33706e+01	-7.52999e+00	 1.00000e+02	 2.00000e+00
	 5.46614e+01	-2.29611e+00	 1.00000e+02	 2.00000e+00
	 8.70824e+01	-1.50321e+01	 1.00000e+02	 2.00000e+00
	 3.76425e+01	-9.71688e+00	 1.00000e+02	 2.00000e+00
	 1.30737e+02	-4.35809e+00	 1.00000e+02	 2.00000e+00
	 1.39724e+02	-7.60086e+00	 1.00000e+02	 2.00000e+00
	 2.29674e+01	-4.58041e+00	 1.00000e+02	 2.00000e+00
	 1.55311e+01	-8.47375e+00	 1.00000e+02	 2.00000e+00
	 5.42059e+01	-8.37028e+00	 1.00000e+02	 2.00000e+00
	 1.29892e+02	-2.96712e+00	 1.00000e+02	 2.00000e+00
	 9.18398e+01	-1.36145e+00	 1.00000e+02	 2.00000e+00
	 1.18907e+02	-1.26715e+00	 1.00000e+02	 2.00000e+00
	 9.07216e+01	-2.36315e+00	 1.00000e+02	 2.00000e+00
	 1.71171e+01	-3.67523e+00	 1.00000e+02	 2.00000e+00
	 8.65080e+01	-2.20683e+00	 1.00000e+02	 2.00000e+00
	 3.00479e+01	-2.46051e+00	 1.00000e+02	 2.00000e+00
	 4.67410e+01	-1.95763e+00	 1.00000e+02	 2.00000e+00
	 1.35703e+02	-1.40714e+00	 1.00000e+02	 2.00000e+00
	 6.41293e+01	-7.62257e+00	 1.00000e+02	 2.00000e+00
	 1.17770e+02	-2.39736e+00	 1.00000e+02	 2.00000e+00
	 1.25756e+02	-1.57545e+00	 1.00000e+02	 2.00000e+00
	 1.14005e+02	-2.44359e+00	 1.00000e+02	 2.00000e+00
	 1.07538e+02	-1.94016e+01	 1.00000e+02	 2.00000e+00
	 1.21535e+02	-2.37282e+00	 1.00000e+02	 2.00000e+00
	 1.08997e+02	-2.55443e+00	 1.00000e+02	 2.00000e+00
	 1.05141e+02	-2.50651e+00	 1.00000e+02	 2.00000e+00
	 1.01283e+02	-2.63227e+00	 1.00000e+02	 2.00000e+00
	 4.14812e+01	-2.58768e+01	 1.00000e+02	 2.00000e+00
	 8.66776e+01	-2.15746e+01	 1.00000e+02	 2.00000e+00
	 3.11964e+01	-2.91341e+00	 1.00000e+02	 2.00000e+00
	 3.19290e+01	-2.70404e+00	 1.00000e+02	 2.00000e+00
	 7.31729e-02	-2.17814e+01	 1.00000e+02	 2.00000e+00
	 1.22952e+02	-2.30584e+00	 1.00000e+02	 2.00000e+00
	 3.19977e+01	-2.04871e+00	 1.00000e+02	 2.00000e+00
	 3.46505e+01	-2.70832e+00	 1.00000e+02	 2.00000e+00
	 4.37411e+01	-7.67636e+00	 1.00000e+02	 2.00000e+00
	 1.14421e+02	-6.11048e+00	 1.00000e+02	 2.00000e+00
	 1.25278e+02	-2.44648e+00	 1.00000e+02	 2.00000e+00
	 1.19192e+02	-2.33005e+00	 1.00000e+02	 2.00000e+00
	 1.15408e+02	-2.37279e+00	 1.00000e+02	 2.00000e+00
	 1.02660e+02	-2.60366e+00	 1.00000e+02	 2.00000e+00
	 1.11640e+02	-2.56706e+00	 1.00000e+02	 2.00000e+00
	 9.88235e+01	-2.68125e+00	 1.00000e+02	 2.00000e+00
	 1.18657e+02	-8.14774e+00	 1.00000e+02	 2.00000e+00
	 2.33215e+01	-8.31412e+00	 1.00000e+02	 2.00000e+00
	 9.74315e+01	-2.61625e+00	 1.00000e+02	 2.00000e+00
	 8.29499e+01	-3.15337e+00	 1.00000e+02	 2.00000e+00
	 8.57368e+01	-3.21071e+00	 1.00000e+02	 2.00000e+00
	 8.99512e+01	-3.41149e+00	 1.00000e+02	 2.00000e+00
	 9.28646e+01	-3.57547e+00	 1.00000e+02	 2.00000e+00
	 9.50449e+01	-9.44645e+00	 1.00000e+02	 2.00000e+00
	 9.62394e+01	-2.60892e+00	 1.00000e+02	 2.00000e+00
	 3.72502e+01	-3.18671e+00	 1.00000e+02	 2.00000e+00
	 4.07319e+01	-2.80626e+00	 1.00000e+02	 2.00000e+00
	 7.10457e+01	-3.31595e+00	 1.00000e+02	 2.00000e+00
	 7.88924e+01	-2.98486e+00	 1.00000e+02	 2.00000e+00
	 9.05771e+01	-2.11781e+01	 1.00000e+02	 2.00000e+00
	 7.68365e+01	-9.94954e+00	 1.00000e+02	 2.00000e+00
	 6.69752e+01	-2.95071e+00	 1.00000e+02	 2.00000e+00
	 4.21749e+01	-1.71111e+00	 1.00000e+02	 2.00000e+00
	 1.91084e+01	-7.43910e+00	 1.00000e+02	 2.00000e+00
	 1.20359e+02	-2.48467e+00	 1.00000e+02	 2.00000e+00
	 1.16590e+02	-2.51199e+00	 1.00000e+02	 2.00000e+00
	 1.12813e+02	-2.55098e+00	 1.00000e+02	 2.00000e+00
	 1.07781e+02	-2.62584e+00	 1.00000e+02	 2.00000e+00
	 1.03880e+02	-2.62604e+00	 1.00000e+02	 2.00000e+00
	 1.00048e+02	-2.66037e+00	 1.00000e+02	 2.00000e+00
	 4.21710e+01	-9.10647e+00	 1.00000e+02	 2.00000e+00
	 1.24118e+02	-2.45476e+00	 1.00000e+02	 2.00000e+00
	 1.00748e+02	-7.96918e+00	 1.00000e+02	 2.00000e+00
	 3.24755e+01	-1.77649e+00	 1.00000e+02	 2.00000e+00
	 5.03348e+01	-9.38955e+00	 1.00000e+02	 2.00000e+00
	 1.22888e+02	-8.28301e+00	 1.00000e+02	 2.00000e+00
	 2.78401e+01	-2.92446e+00	 1.00000e+02	 2.00000e+00
	 1.25276e+02	-8.28815e+00	 1.00000e+02	 2.00000e+00
	 1.05160e+02	-7.85629e+00	 1.00000e+02	 2.00000e+00
	 1.09572e+02	-8.12503e+00	 1.00000e+02	 2.00000e+00
	 1.16231e+02	-7.98809e+00	 1.00000e+02	 2.00000e+00
	 1.20727e+02	-8.37193e+00	 1.00000e+02	 2.00000e+00
	 7.73336e+01	-2.07865e+01	 1.00000e+02	 2.00000e+00
	 7.70460e+01	-2.39305e+00	 1.00000e+02	 2.00000e+00
	 7.39991e+01	-2.24050e+00	 1.00000e+02	 2.00000e+00
	 3.53787e+01	-2.48624e+00	 1.00000e+02	 2.00000e+00
	 4.62092e+00	-5.50521e+00	 1.00000e+02	 2.00000e+00
	 5.16750e+01	-9.04923e+00	 1.00000e+02	 2.00000e+00
	 3.80080e+01	-2.90189e+00	 1.00000e+02	 2.00000e+00
	 2.42335e+01	-3.84990e+00	 1.00000e+02	 2.00000e+00
	 8.02137e+01	-2.99329e+00	 1.00000e+02	 2.00000e+00
	 8.15674e+01	-3.07867e+00	 1.00000e+02	 2.00000e+00
	 8.42883e+01	-3.16835e+00	 1.00000e+02	 2.00000e+00
	 8.70830e+01	-3.30323e+00	 1.00000e+02	 2.00000e+00
	 8.84825e+01	-3.35783e+00	 1.00000e+02	 2.00000e+00
	 9.13289e+01	-3.45171e+00	 1.00000e+02	 2.00000e+00
	 9.41825e+01	-3.69666e+00	 1.00000e+02	 2.00000e+00
	 8.30346e+01	-8.66689e+00	 1.00000e+02	 2.00000e+00
	 3.74535e+00	-2.61238e+00	 1.00000e+02	 2.00000e+00
	 8.66182e+01	-1.92357e+01	 1.00000e+02	 2.00000e+00
	 1.11661e+02	-8.24645e+00	 1.00000e+02	 2.00000e+00
	 1.34800e+02	-2.25715e+00	 1.00000e+02	 2.00000e+00
	 2.97496e+01	-1.88122e+00	 1.00000e+02	 2.00000e+00
	 8.77038e+01	-9.12364e+00	 1.00000e+02	 2.00000e+00
	 9.24123e+01	-9.19544e+00	 1.00000e+02	 2.00000e+00
	 1.30723e+02	-1.82044e+00	 1.00000e+02	 2.00000e+00
	 9.73174e+01	-9.66265e+00	 1.00000e+02	 2.00000e+00
	 1.11226e+02	-5.48279e+00	 1.00000e+02	 2.00000e+00
	 6.25021e+01	-9.06870e+00	 1.00000e+02	 2.00000e+00
	 2.14457e+01	-7.48728e+00	 1.00000e+02	 2.00000e+00
	 9.03876e+01	-1.35761e+00	 1.00000e+02	 2.00000e+00
	 7.64239e+01	-1.71703e+01	 1.00000e+02	 2.00000e+00
	 1.32478e+01	-9.52656e+00	 1.00000e+02	 2.00000e+00
	 2.75121e+01	-8.36091e+00	 1.00000e+02	 2.00000e+00
	 4.14320e+01	-2.55710e+00	 1.00000e+02	 2.00000e+00
	 3.49766e+01	-1.10038e+00	 1.00000e+02	 2.00000e+00
	 5.80484e+01	-2.81021e+00	 1.00000e+02	 2.00000e+00
	 2.91646e+01	-1.76067e+00	 1.00000e+02	 2.00000e+00
	 1.09410e+02	-1.60481e+00	 1.00000e+02	 2.00000e+00
	 6.82699e+01	-3.08582e+00	 1.00000e+02	 2.00000e+00
	 7.56952e+01	-3.27981e+00	 1.00000e+02	 2.00000e+00
	 4.86498e+01	-6.66110e+00	 1.00000e+02	 2.00000e+00
	 6.96173e+01	-3.17800e+00	 1.00000e+02	 2.00000e+00
	 7.24471e+01	-3.44752e+00	 1.00000e+02	 2.00000e+00
	 7.38177e+01	-3.65691e+00	 1.00000e+02	 2.00000e+00
	 7.67626e+01	-3.83573e+00	 1.00000e+02	 2.00000e+00
	 9.11112e+01	-1.34663e+00	 1.00000e+02	 2.00000e+00
	 1.98245e+01	-2.40687e+00	 1.00000e+02	 2.00000e+00
	 7.82201e+01	-9.37896e+00	 1.00000e+02	 2.00000e+00
	-4.04558e+00	-1.98223e+01	 1.00000e+02	 2.00000e+00
	 1.15959e+02	-2.13155e+01	 1.00000e+02	 2.00000e+00
	 6.95485e+01	-9.03838e+00	 1.00000e+02	 2.00000e+00
	 1.40368e+02	-1.23861e+00	 1.00000e+02	 2.00000e+00
	 7.44117e+01	-9.59591e+00	 1.00000e+02	 2.00000e+00
	 7.93584e+01	-1.02788e+01	 1.00000e+02	 2.00000e+00
	 4.19863e+01	-2.96702e+00	 1.00000e+02	 2.00000e+00
	 7.18954e+01	-2.25851e+00	 1.00000e+02	 2.00000e+00
	 7.18099e+01	-2.96007e+00	 1.00000e+02	 2.00000e+00
	 6.76524e+01	-2.68602e+00	 1.00000e+02	 2.00000e+00
	 1.21709e+02	-1.44919e+01	 1.00000e+02	 2.00000e+00
	 2.00342e+01	-1.79894e+00	 1.00000e+02	 2.00000e+00
	 4.89234e+01	-2.52812e+01	 1.00000e+02	 2.00000e+00
	 9.63191e+01	-8.91544e+00	 1.00000e+02	 2.00000e+00
	 1.46897e+02	-2.14251e+01	 1.00000e+02	 2.00000e+00
	 1.07499e+02	-7.97686e+00	 1.00000e+02	 2.00000e+00
	 3.59270e+01	-2.93464e+00	 1.00000e+02	 2.00000e+00
	 9.42139e+01	-2.32185e+00	 1.00000e+02	 2.00000e+00
	 9.35818e+01	-3.29176e+00	 1.00000e+02	 2.00000e+00
	 9.06667e+01	-3.07467e+00	 1.00000e+02	 2.00000e+00
	 5.86307e+01	-9.16688e+00	 1.00000e+02	 2.00000e+00
	 8.64519e+01	-2.87873e+00	 1.00000e+02	 2.00000e+00
	 7.95707e+01	-2.62453e+00	 1.00000e+02	 2.00000e+00
	 8.36256e+01	-2.80576e+00	 1.00000e+02	 2.00000e+00
	 3.85814e+01	-3.44054e+00	 1.00000e+02	 2.00000e+00
	 6.81105e+01	-8.71292e-01	 1.00000e+02	 2.00000e+00
	 9.78783e+01	-2.33003e+00	 1.00000e+02	 2.00000e+00
	 1.32010e+02	-3.37533e+00	 1.00000e+02	 2.00000e+00
	 1.23644e+02	-7.76388e+00	 1.00000e+02	 2.00000e+00
	 2.60185e+01	-1.43307e+00	 1.00000e+02	 2.00000e+00
	 6.33795e+01	-1.00578e+01	 1.00000e+02	 2.00000e+00
	 1.27438e+02	-8.49012e+00	 1.00000e+02	 2.00000e+00
	 1.05528e+02	-1.54782e+00	 1.00000e+02	 2.00000e+00
	 1.40666e+02	-6.44741e+00	 1.00000e+02	 2.00000e+00
	 1.09008e+02	-6.92385e-01	 1.00000e+02	 2.00000e+00
	 1.31199e+02	-2.22258e+00	 1.00000e+02	 2.00000e+00
	 1.19768e+02	-7.75628e+00	 1.00000e+02	 2.00000e+00
	 7.95426e+01	-1.98499e+00	 1.00000e+02	 2.00000e+00
	 1.20921e+02	-2.13247e+00	 1.00000e+02	 2.00000e+00
	 1.17154e+02	-2.15559e+00	 1.00000e+02	 2.00000e+00
	 1.13390e+02	-2.20164e+00	 1.00000e+02	 2.00000e+00
	 1.08359e+02	-2.31459e+00	 1.00000e+02	 2.00000e+00
	 1.04453e+02	-2.24148e+00	 1.00000e+02	 2.00000e+00
	 1.00634e+02	-2.33514e+00	 1.00000e+02	 2.00000e+00
	 9.68496e+01	-2.32991e+00	 1.00000e+02	 2.00000e+00
	 1.09903e+02	-1.61957e+01	 1.00000e+02	 2.00000e+00
	 1.24706e+02	-2.16156e+00	 1.00000e+02	 2.00000e+00
	 1.23590e+02	-2.05707e+00	 1.00000e+02	 2.00000e+00
	 7.39133e+01	-1.23648e+00	 1.00000e+02	 2.00000e+00
	 3.24732e+01	-3.21572e+00	 1.00000e+02	 2.00000e+00
	 5.48355e+01	-1.68575e+00	 1.00000e+02	 2.00000e+00
	 9.94561e+01	-2.37400e+00	 1.00000e+02	 2.00000e+00
	 1.03283e+02	-2.29241e+00	 1.00000e+02	 2.00000e+00
	 1.12253e+02	-2.23822e+00	 1.00000e+02	 2.00000e+00
	 1.16051e+02	-2.12187e+00	 1.00000e+02	 2.00000e+00
	 1.19833e+02	-2.08076e+00	 1.00000e+02	 2.00000e+00
	 7.51737e+01	-3.71894e+00	 1.00000e+02	 2.00000e+00
	 1.17486e+02	-7.51496e-01	 1.00000e+02	 2.00000e+00
	 4.79251e+01	-8.83631e+00	 1.00000e+02	 2.00000e+00
	 4.69740e+01	-2.53271e+00	 1.00000e+02	 2.00000e+00
	 5.26310e+01	-9.96787e+00	 1.00000e+02	 2.00000e+00
	 1.21785e+02	-7.79104e+00	 1.00000e+02	 2.00000e+00
	 1.31601e+02	-1.30209e+00	 1.00000e+02	 2.00000e+00
	 1.04020e+02	-2.40362e+01	 1.00000e+02	 2.00000e+00
	 7.82531e+01	-1.68936e+01	 1.00000e+02	 2.00000e+00
	 2.53256e+01	-3.03162e+00	 1.00000e+02	 2.00000e+00
	-6.35512e+00	-2.48822e+01	 1.00000e+02	 2.00000e+00
	 1.48861e+02	-2.47627e+01	 1.00000e+02	 2.00000e+00
	 2.90136e+01	-3.29721e+00	 1.00000e+02	 2.00000e+00
	 3.33019e+01	-8.49379e+00	 1.00000e+02	 2.00000e+00
	 4.53460e+01	-1.20934e+00	 1.00000e+02	 2.00000e+00
	 7.50499e+00	-5.59772e-01	 1.00000e+02	 2.00000e+00
	 1.15780e+02	-6.29226e+00	 1.00000e+02	 2.00000e+00
	 9.12234e+00	-9.26489e-01	 1.00000e+02	 2.00000e+00
	 1.02802e+02	-7.96511e+00	 1.00000e+02	 2.00000e+00
	 6.06109e+01	-9.73350e+00	 1.00000e+02	 2.00000e+00
	 2.43040e+01	-7.97127e+00	 1.00000e+02	 2.00000e+00
	 1.91198e+01	-2.38588e+00	 1.00000e+02	 2.00000e+00
	 1.48108e+02	-1.07912e+01	 1.00000e+02	 2.00000e+00
	 9.48649e+01	-3.27324e+00	 1.00000e+02	 2.00000e+00
	 9.14884e+01	-1.62100e+01	 1.00000e+02	 2.00000e+00
	 1.22662e+02	-1.25647e+00	 1.00000e+02	 2.00000e+00
	 4.03387e+01	-1.05277e+01	 1.00000e+02	 2.00000e+00
	 6.88913e+01	-9.29485e-01	 1.00000e+02	 2.00000e+00
	 1.03327e+02	-1.72768e+00	 1.00000e+02	 2.00000e+00
	 9.87209e+01	-7.89046e+00	 1.00000e+02	 2.00000e+00
	 2.67276e+01	-3.61064e+00	 1.00000e+02	 2.00000e+00
	 2.95529e+01	-9.17557e+00	 1.00000e+02	 2.00000e+00
	 4.31519e+01	-2.63030e-01	 1.00000e+02	 2.00000e+00
	 6.92207e+01	-2.43515e+01	 1.00000e+02	 2.00000e+00
	 8.55487e+01	-8.83056e+00	 1.00000e+02	 2.00000e+00
	 1.16961e+01	-3.57222e+00	 1.00000e+02	 2.00000e+00
	 1.95503e+01	-8.51952e+00	 1.00000e+02	 2.00000e+00
	 9.85321e+01	-9.09091e+00	 1.00000e+02	 2.00000e+00
	 6.89926e+01	-1.72754e+01	 1.00000e+02	 2.00000e+00
	 1.08625e+01	-1.28110e+00	 1.00000e+02	 2.00000e+00
	 1.16508e+01	-1.28907e+00	 1.00000e+02	 2.00000e+00
	 4.49041e+01	-2.61699e+00	 1.00000e+02	 2.00000e+00
	 7.14396e+01	-1.88480e+00	 1.00000e+02	 2.00000e+00
	 5.70107e+01	-1.97725e+00	 1.00000e+02	 2.00000e+00
	 1.13369e+02	-1.60498e+00	 1.00000e+02	 2.00000e+00
	 5.11497e-01	-1.15512e+00	 1.00000e+02	 2.00000e+00
	 7.47502e+00	-4.87833e+00	 1.00000e+02	 2.00000e+00
	 6.46299e+01	-4.57574e+00	 1.00000e+02	 2.00000e+00
	 6.29279e+01	-2.21561e+00	 1.00000e+02	 2.00000e+00
	 1.85005e+01	-5.60027e+00	 1.00000e+02	 2.00000e+00
	 1.10599e+02	-7.61365e+00	 1.00000e+02	 2.00000e+00
	 1.26365e+02	-7.86053e+00	 1.00000e+02	 2.00000e+00
	 2.81671e+01	-1.72437e+00	 1.00000e+02	 2.00000e+00
	 1.05186e+02	-5.80439e+00	 1.00000e+02	 2.00000e+00
	 1.10140e+02	-2.21816e+00	 1.00000e+02	 2.00000e+00
	 3.81613e+01	-2.22605e+00	 1.00000e+02	 2.00000e+00
	 5.97663e+01	-1.47634e+00	 1.00000e+02	 2.00000e+00
	 2.56589e+01	-9.38427e+00	 1.00000e+02	 2.00000e+00
	 7.44927e+01	-3.33369e+00	 1.00000e+02	 2.00000e+00
	 7.75165e+01	-3.57370e+00	 1.00000e+02	 2.00000e+00
	 1.67432e+01	-1.76818e+00	 1.00000e+02	 2.00000e+00
	 1.34826e+01	-6.06630e+00	 1.00000e+02	 2.00000e+00
	 1.30973e+02	-2.16676e+01	 1.00000e+02	 2.00000e+00
	 6.55339e+01	-3.44242e+00	 1.00000e+02	 2.00000e+00
	 1.32914e+02	-2.11340e+01	 1.00000e+02	 2.00000e+00
	 7.09624e+01	-1.86762e+00	 1.00000e+02	 2.00000e+00
	 1.39612e+01	-4.20685e+00	 1.00000e+02	 2.00000e+00
	 5.40381e+01	-4.54181e+00	 1.00000e+02	 2.00000e+00
	 1.02600e+02	-5.81346e+00	 1.00000e+02	 2.00000e+00
	 1.17127e+02	-1.56547e+00	 1.00000e+02	 2.00000e+00
	 8.88143e+01	-1.95125e+00	 1.00000e+02	 2.00000e+00
	 8.61022e+01	-8.63596e-01	 1.00000e+02	 2.00000e+00
	 4.92851e+01	-1.16647e+00	 1.00000e+02	 2.00000e+00
	 8.06568e+01	-9.74931e+00	 1.00000e+02	 2.00000e+00
	 8.27713e+01	-1.23140e+00	 1.00000e+02	 2.00000e+00
	 1.09218e+02	-2.57113e+01	 1.00000e+02	 2.00000e+00
	 1.80845e+01	-2.52966e+01	 1.00000e+02	 2.00000e+00
	 5.85678e+01	-2.57134e+01	 1.00000e+02	 2.00000e+00
	 4.26252e+01	-2.70716e+00	 1.00000e+02	 2.00000e+00
	 1.28565e+02	-2.30107e+00	 1.00000e+02	 2.00000e+00
	 4.78456e+01	-1.87644e+01	 1.00000e+02	 2.00000e+00
	 3.97519e+01	-9.43231e+00	 1.00000e+02	 2.00000e+00
	 1.11451e+02	-6.20979e+00	 1.00000e+02	 2.00000e+00
	 1.30964e+02	-7.64669e+00	 1.00000e+02	 2.00000e+00
	 3.65826e+01	-8.88121e+00	 1.00000e+02	 2.00000e+00
	 4.55507e+01	-2.65716e+00	 1.00000e+02	 2.00000e+00
	 8.41570e+01	-9.41314e-01	 1.00000e+02	 2.00000e+00
	 1.78048e+01	-2.31902e+00	 1.00000e+02	 2.00000e+00
	 2.52256e+01	-1.91912e+00	 1.00000e+02	 2.00000e+00
	 4.76585e+01	-2.48606e+00	 1.00000e+02	 2.00000e+00
	 1.38858e+02	-2.15879e+00	 1.00000e+02	 2.00000e+00
	 5.35195e+01	-1.81921e+01	 1.00000e+02	 2.00000e+00
	 1.45560e+02	-1.56856e+01	 1.00000e+02	 2.00000e+00
	 1.19150e+02	-6.17966e+00	 1.00000e+02	 2.00000e+00
	 1.20851e+02	-5.74695e+00	 1.00000e+02	 2.00000e+00
	 1.02895e+01	-4.45601e+00	 1.00000e+02	 2.00000e+00
	 6.62357e+00	-1.04713e+00	 1.00000e+02	 2.00000e+00
	 5.49835e+01	-3.48762e+00	 1.00000e+02	 2.00000e+00
	 5.58095e+01	-2.51522e+00	 1.00000e+02	 2.00000e+00
	 5.23008e+01	-8.49113e-01	 1.00000e+02	 2.00000e+00
	 5.12595e+01	-3.73885e+00	 1.00000e+02	 2.00000e+00
	 1.94686e+01	-5.52838e+00	 1.00000e+02	 2.00000e+00
	 1.20890e+02	-1.54833e+00	 1.00000e+02	 2.00000e+00
	 6.99061e+01	-1.80160e+00	 1.00000e+02	 2.00000e+00
	 8.83188e+01	-1.92044e+00	 1.00000e+02	 2.00000e+00
	 6.52707e+01	-6.03340e+00	 1.00000e+02	 2.00000e+00
	 8.09456e+01	-8.52961e+00	 1.00000e+02	 2.00000e+00
	 3.21186e+01	-9.34495e-01	 1.00000e+02	 2.00000e+00
	 7.23398e+01	-1.31311e+00	 1.00000e+02	 2.00000e+00
	 1.57266e+01	-1.68336e+00	 1.00000e+02	 2.00000e+00
	 6.47527e+01	-9.70312e+00	 1.00000e+02	 2.00000e+00
	 7.63128e+01	-3.31683e+00	 1.00000e+02	 2.00000e+00
	 1.31821e+01	-3.88831e+00	 1.00000e+02	 2.00000e+00
	 6.77327e+01	-2.03703e+00	 1.00000e+02	 2.00000e+00
	 3.65534e+01	-8.78864e-01	 1.00000e+02	 2.00000e+00
	 3.93036e+01	-3.19753e+00	 1.00000e+02	 2.00000e+00
	 9.34487e+00	-2.08227e+00	 1.00000e+02	 2.00000e+00
	 7.17556e+01	-9.31447e+00	 1.00000e+02	 2.00000e+00
	 5.00134e+01	-3.23798e+00	 1.00000e+02	 2.00000e+00
	 4.87974e+01	-2.81484e+00	 1.00000e+02	 2.00000e+00
	 9.96367e+00	-1.69174e+00	 1.00000e+02	 2.00000e+00
	 2.79767e+01	-2.41343e+01	 1.00000e+02	 2.00000e+00
	 5.91732e+01	-1.57880e+00	 1.00000e+02	 2.00000e+00
	 3.79140e+01	-1.26485e+00	 1.00000e+02	 2.00000e+00
	 1.45746e+01	-3.51919e+00	 1.00000e+02	 2.00000e+00
	 1.01300e+01	-9.16525e+00	 1.00000e+02	 2.00000e+00
	 8.69492e+01	-1.83956e+00	 1.00000e+02	 2.00000e+00
	 1.25219e+02	-1.37969e+00	 1.00000e+02	 2.00000e+00
	 8.43678e+01	-2.55483e+01	 1.00000e+02	 2.00000e+00
	 5.12635e+01	-1.81264e+00	 1.00000e+02	 2.00000e+00
	 8.97978e+01	-9.21770e+00	 1.00000e+02	 2.00000e+00
	 3.20177e+01	-1.44743e+01	 1.00000e+02	 2.00000e+00
	 1.22900e+02	-1.38340e+01	 1.00000e+02	 2.00000e+00
	 1.05173e+02	-1.35531e+01	 1.00000e+02	 2.00000e+00
	 1.28752e+02	-1.28986e+00	 1.00000e+02	 2.00000e+00
	 6.17625e+01	-3.95420e+00	 1.00000e+02	 2.00000e+00
	 3.41342e+01	-1.20235e+00	 1.00000e+02	 2.00000e+00
	 1.35179e+01	-1.59514e+00	 1.00000e+02	 2.00000e+00
	 1.11971e+02	-1.43470e+00	 1.00000e+02	 2.00000e+00
	 1.97216e+01	-3.83147e+00	 1.00000e+02	 2.00000e+00
	 1.47276e+01	-9.68709e+00	 1.00000e+02	 2.00000e+00
	 1.18349e+02	-6.26619e+00	 1.00000e+02	 2.00000e+00
	 9.24461e+01	-3.10197e+00	 1.00000e+02	 2.00000e+00
	 1.62099e+01	-1.62654e+00	 1.00000e+02	 2.00000e+00
	 1.24716e+02	-1.59191e+00	 1.00000e+02	 2.00000e+00
	 5.39112e+01	-9.60468e+00	 1.00000e+02	 2.00000e+00
	 6.02696e+01	-1.77489e+00	 1.00000e+02	 2.00000e+00
	 6.26667e+01	-1.25459e+00	 1.00000e+02	 2.00000e+00
	 3.31943e+01	-3.02460e+00	 1.00000e+02	 2.00000e+00
	-5.78451e+00	-1.74493e+01	 1.00000e+02	 2.00000e+00
	 8.73874e+01	-1.85101e+00	 1.00000e+02	 2.00000e+00
	 1.29780e+02	-9.82630e-01	 1.00000e+02	 2.00000e+00
	 4.48831e+01	-7.49588e+00	 1.00000e+02	 2.00000e+00
	 5.85891e+01	-2.36838e+01	 1.00000e+02	 2.00000e+00
	 4.15304e+01	-1.92678e+00	 1.00000e+02	 2.00000e+00
	 6.04436e+01	-3.58518e+00	 1.00000e+02	 2.00000e+00
	 5.92071e+01	-3.21299e+00	 1.00000e+02	 2.00000e+00
	 2.24744e+01	-5.45025e+00	 1.00000e+02	 2.00000e+00
	 4.33853e+01	-8.86943e+00	 1.00000e+02	 2.00000e+00
	 1.08838e+02	-1.47396e+00	 1.00000e+02	 2.00000e+00
	 2.49130e+01	-2.50170e+00	 1.00000e+02	 2.00000e+00
	 3.45156e+01	-8.24153e+00	 1.00000e+02	 2.00000e+00
	 2.60672e+01	-2.21342e+00	 1.00000e+02	 2.00000e+00
	 1.48036e+02	-1.80375e+01	 1.00000e+02	 2.00000e+00
	 1.32220e+02	-2.70335e+01	 1.00000e+02	 2.00000e+00
	 7.61526e+01	-2.71468e+01	 1.00000e+02	 2.00000e+00
	 1.06717e+02	-2.71008e+01	 1.00000e+02	 2.00000e+00
	 3.56306e+01	-2.73456e+01	 1.00000e+02	 2.00000e+00
	 5.10705e+01	-2.70576e+01	 1.00000e+02	 2.00000e+00
	 2.06728e+01	-2.70032e+01	 1.00000e+02	 2.00000e+00
	 6.10242e+01	-2.71317e+01	 1.00000e+02	 2.00000e+00
	 1.01435e+01	-2.71889e+01	 1.00000e+02	 2.00000e+00
	 1.16909e+02	-2.69989e+01	 1.00000e+02	 2.00000e+00
	 9.15492e+01	-2.69118e+01	 1.00000e+02	 2.00000e+00
	 8.65866e+01	-2.70454e+01	 1.00000e+02	 2.00000e+00
	 5.51906e+01	-1.53575e+01	 1.00000e+02	 2.00000e+00
	 8.14467e+01	-1.65646e+00	 1.00000e+02	 2.00000e+00
	 5.56337e+01	-2.16492e+01	 1.00000e+02	 2.00000e+00
	 3.05787e+01	-6.40382e+00	 1.00000e+02	 2.00000e+00
	 1.66777e+01	-4.43769e+00	 1.00000e+02	 2.00000e+00
	 1.28167e+02	-7.97817e+00	 1.00000e+02	 2.00000e+00
	 1.08593e+02	-7.49710e+00	 1.00000e+02	 2.00000e+00
	 9.24045e+01	-2.14431e+01	 1.00000e+02	 2.00000e+00
	 2.02043e+01	-3.08302e+00	 1.00000e+02	 2.00000e+00
	 3.30889e+01	-2.61836e+01	 1.00000e+02	 2.00000e+00
	 2.97489e+01	-3.15780e+00	 1.00000e+02	 2.00000e+00
	 3.54258e+01	-9.25032e+00	 1.00000e+02	 2.00000e+00
	 3.15780e+00	-4.61964e+00	 1.00000e+02	 2.00000e+00
	 2.93576e+01	-8.33415e-01	 1.00000e+02	 2.00000e+00
	 4.17261e+01	-1.03613e+01	 1.00000e+02	 2.00000e+00
	 3.34534e+01	-2.38899e+01	 1.00000e+02	 2.00000e+00
	 2.59257e+01	-2.81473e+00	 1.00000e+02	 2.00000e+00
	 5.66666e+00	-5.00589e+00	 1.00000e+02	 2.00000e+00
	 7.55331e+00	-2.58010e+01	 1.00000e+02	 2.00000e+00
	 4.66648e+01	-3.14553e+00	 1.00000e+02	 2.00000e+00
	 9.83966e+01	-2.38952e+00	 1.00000e+02	 2.00000e+00
	 8.56083e+01	-1.78685e+00	 1.00000e+02	 2.00000e+00
	 1.04177e+02	-2.59616e+01	 1.00000e+02	 2.00000e+00
	 3.54660e+01	-1.88211e+00	 1.00000e+02	 2.00000e+00
	 8.96215e-01	-2.56052e+00	 1.00000e+02	 2.00000e+00
	 1.12342e+02	-1.68745e+00	 1.00000e+02	 2.00000e+00
	 9.43263e+01	-8.64206e+00	 1.00000e+02	 2.00000e+00
	 1.21241e+02	-7.40594e-01	 1.00000e+02	 2.00000e+00
	 3.08026e+01	-9.03559e+00	 1.00000e+02	 2.00000e+00
	 2.38545e+01	-4.60791e+00	 1.00000e+02	 2.00000e+00
	 4.74218e+01	-2.09003e+01	 1.00000e+02	 2.00000e+00
	 4.03138e+01	-2.75022e+01	 1.00000e+02	 2.00000e+00
	 6.71480e+01	-8.78568e+00	 1.00000e+02	 2.00000e+00
	 8.29219e+01	-1.90857e+01	 1.00000e+02	 2.00000e+00
	-7.36717e-01	-1.92289e+01	 1.00000e+02	 2.00000e+00
	 1.37957e+01	-7.21171e+00	 1.00000e+02	 2.00000e+00
	 7.53920e+00	-1.16861e+00	 1.00000e+02	 2.00000e+00
	 2.75165e+01	-3.57981e+00	 1.00000e+02	 2.00000e+00
	 5.83198e+01	-2.13772e+00	 1.00000e+02	 2.00000e+00
	 9.94601e+01	-1.76856e+00	 1.00000e+02	 2.00000e+00
	 9.05749e+01	-8.54407e+00	 1.00000e+02	 2.00000e+00
	 1.18666e+01	-8.00062e+00	 1.00000e+02	 2.00000e+00
	 8.48303e+01	-8.07740e+00	 1.00000e+02	 2.00000e+00
	 6.47886e+01	-2.27860e+00	 1.00000e+02	 2.00000e+00
	 1.02219e+02	-2.31905e+00	 1.00000e+02	 2.00000e+00
	 1.98532e+01	-6.49796e+00	 1.00000e+02	 2.00000e+00
	 8.52997e+01	-2.76118e+00	 1.00000e+02	 2.00000e+00
	 9.19175e+01	-2.35598e+00	 1.00000e+02	 2.00000e+00
	 1.23133e+02	-2.58764e+01	 1.00000e+02	 2.00000e+00
	 2.50498e+01	-3.75576e+00	 1.00000e+02	 2.00000e+00
	 2.08545e+01	-8.57117e+00	 1.00000e+02	 2.00000e+00
	 7.26295e+01	-8.65379e+00	 1.00000e+02	 2.00000e+00
	 1.42108e+01	-5.14924e+00	 1.00000e+02	 2.00000e+00
	 2.70006e+01	-9.38902e+00	 1.00000e+02	 2.00000e+00
	 8.26933e+01	-2.14443e+01	 1.00000e+02	 2.00000e+00
	 6.83779e+01	-1.18452e+00	 1.00000e+02	 2.00000e+00
	 1.68709e+01	-8.47771e+00	 1.00000e+02	 2.00000e+00
	 4.41878e+01	-4.61966e+00	 1.00000e+02	 2.00000e+00
	 1.33506e+02	-2.18017e+00	 1.00000e+02	 2.00000e+00
	 8.83912e+01	-1.81526e+01	 1.00000e+02	 2.00000e+00
	 1.10478e+02	-2.59670e+00	 1.00000e+02	 2.00000e+00
	 8.39357e+01	-1.28472e+00	 1.00000e+02	 2.00000e+00
	 8.21393e+01	-7.02551e+00	 1.00000e+02	 2.00000e+00
	 9.26290e+01	-1.52245e+01	 1.00000e+02	 2.00000e+00
	 5.04735e+01	-6.92610e+00	 1.00000e+02	 2.00000e+00
	 1.34010e+02	-3.44348e+00	 1.00000e+02	 2.00000e+00
	 4.57490e+01	-8.37985e+00	 1.00000e+02	 2.00000e+00
	 1.31778e+02	-5.80535e+00	 1.00000e+02	 2.00000e+00
	 1.01723e+02	-7.39583e+00	 1.00000e+02	 2.00000e+00
	 9.49733e+01	-1.14303e+00	 1.00000e+02	 2.00000e+00
	 8.48646e+01	-1.76484e+00	 1.00000e+02	 2.00000e+00
	 6.61536e+01	-8.02831e+00	 1.00000e+02	 2.00000e+00
	 1.11854e+02	-2.71104e+01	 1.00000e+02	 2.00000e+00
	 5.62330e+01	-8.70934e+00	 1.00000e+02	 2.00000e+00
	 8.95142e+01	-3.01091e+00	 1.00000e+02	 2.00000e+00
	 2.00336e+01	-4.65854e+00	 1.00000e+02	 2.00000e+00
	 5.24702e+01	-1.22758e+00	 1.00000e+02	 2.00000e+00
	 5.60936e+01	-2.70818e+01	 1.00000e+02	 2.00000e+00
	 1.53118e+01	-2.67935e+01	 1.00000e+02	 2.00000e+00
	 7.18771e+01	-7.00940e+00	 1.00000e+02	 2.00000e+00
	 4.78742e+01	-1.91110e+00	 1.00000e+02	 2.00000e+00
	 1.25031e+02	-6.80155e-01	 1.00000e+02	 2.00000e+00
	 2.90857e+01	-7.31978e+00	 1.00000e+02	 2.00000e+00
	 2.52199e+01	-8.36597e+00	 1.00000e+02	 2.00000e+00
	 1.87115e+01	-1.58960e+01	 1.00000e+02	 2.00000e+00
	 1.33561e+02	-1.57447e+00	 1.00000e+02	 2.00000e+00
	 4.32936e+01	-1.24173e+00	 1.00000e+02	 2.00000e+00
	 9.44110e+00	-2.21190e+01	 1.00000e+02	 2.00000e+00
	 1.40792e+02	-1.78613e+01	 1.00000e+02	 2.00000e+00
	 6.35947e+01	-2.59327e+01	 1.00000e+02	 2.00000e+00
	 1.34834e+02	-1.66788e+00	 1.00000e+02	 2.00000e+00
	 3.44748e+01	-6.46362e+00	 1.00000e+02	 2.00000e+00
	 1.87892e+01	-2.92593e+00	 1.00000e+02	 2.00000e+00
	 9.61815e+01	-3.27228e+00	 1.00000e+02	 2.00000e+00
	 7.08702e+01	-1.27904e+00	 1.00000e+02	 2.00000e+00
	 9.98061e+01	-7.37111e+00	 1.00000e+02	 2.00000e+00
	 7.99790e+01	-1.63512e+00	 1.00000e+02	 2.00000e+00
	 7.54655e+01	-1.57537e+01	 1.00000e+02	 2.00000e+00
	 3.67318e+01	-1.22782e+00	 1.00000e+02	 2.00000e+00
	 6.56175e+01	-1.49127e+01	 1.00000e+02	 2.00000e+00
	 9.60730e+01	-2.19984e+01	 1.00000e+02	 2.00000e+00
	 5.45945e+01	-6.09914e+00	 1.00000e+02	 2.00000e+00
	 8.04869e+01	-1.61414e+00	 1.00000e+02	 2.00000e+00
	 1.22591e+02	-1.95718e+01	 1.00000e+02	 2.00000e+00
	 8.47790e+01	-1.81297e+01	 1.00000e+02	 2.00000e+00
	 8.02895e+01	-7.77407e+00	 1.00000e+02	 2.00000e+00
	 6.92051e+01	-1.17203e+00	 1.00000e+02	 2.00000e+00
	 2.99110e+01	-1.26558e+01	 1.00000e+02	 2.00000e+00
	 8.82046e+01	-1.28841e+00	 1.00000e+02	 2.00000e+00
	 9.88510e+01	-5.76761e+00	 1.00000e+02	 2.00000e+00
	 1.00727e+02	-9.26995e+00	 1.00000e+02	 2.00000e+00
	 9.74805e+01	-3.33351e+00	 1.00000e+02	 2.00000e+00
	 1.11165e+02	-1.30687e+01	 1.00000e+02	 2.00000e+00
	 4.27647e+01	-5.00799e-01	 1.00000e+02	 2.00000e+00
	 1.20350e+02	-3.15171e+00	 1.00000e+02	 2.00000e+00
	 1.19101e+02	-3.08841e+00	 1.00000e+02	 2.00000e+00
	 1.17835e+02	-3.11790e+00	 1.00000e+02	 2.00000e+00
	 1.16579e+02	-3.18025e+00	 1.00000e+02	 2.00000e+00
	 1.15327e+02	-3.11953e+00	 1.00000e+02	 2.00000e+00
	 1.14056e+02	-3.15298e+00	 1.00000e+02	 2.00000e+00
	 1.12800e+02	-3.22833e+00	 1.00000e+02	 2.00000e+00
	 1.11584e+02	-3.24714e+00	 1.00000e+02	 2.00000e+00
	 1.10338e+02	-3.21447e+00	 1.00000e+02	 2.00000e+00
	 1.09023e+02	-3.22374e+00	 1.00000e+02	 2.00000e+00
	 1.07756e+02	-3.26952e+00	 1.00000e+02	 2.00000e+00
	 1.06522e+02	-3.23082e+00	 1.00000e+02	 2.00000e+00
	 1.05201e+02	-3.24789e+00	 1.00000e+02	 2.00000e+00
	 1.03900e+02	-3.30760e+00	 1.00000e+02	 2.00000e+00
	 9.87836e+01	-3.33659e+00	 1.00000e+02	 2.00000e+00
	 1.02627e+02	-3.30546e+00	 1.00000e+02	 2.00000e+00
	 1.01333e+02	-3.31969e+00	 1.00000e+02	 2.00000e+00
	 1.00062e+02	-3.33919e+00	 1.00000e+02	 2.00000e+00
	 1.22864e+02	-3.05746e+00	 1.00000e+02	 2.00000e+00
	 1.21602e+02	-3.08782e+00	 1.00000e+02	 2.00000e+00
	 8.63235e+01	-1.24105e+00	 1.00000e+02	 2.00000e+00
	 1.82466e+01	-7.28129e+00	 1.00000e+02	 2.00000e+00
	 3.86667e+01	-1.28788e+00	 1.00000e+02	 2.00000e+00
	 2.64670e+01	-3.01782e+00	 1.00000e+02	 2.00000e+00
	 8.67524e+01	-8.39958e+00	 1.00000e+02	 2.00000e+00
	 8.39278e+01	-1.53839e+01	 1.00000e+02	 2.00000e+00
	 1.24109e+02	-3.11864e+00	 1.00000e+02	 2.00000e+00
	 5.52732e+01	-7.47224e-01	 1.00000e+02	 2.00000e+00
	 8.46769e-01	-1.67530e+01	 1.00000e+02	 2.00000e+00
	 4.98726e+01	-1.79694e+01	 1.00000e+02	 2.00000e+00
	 1.07772e+02	-1.11316e+00	 1.00000e+02	 2.00000e+00
	 1.34706e+02	-2.56312e+01	 1.00000e+02	 2.00000e+00
	 1.02897e+02	-9.19517e+00	 1.00000e+02	 2.00000e+00
	 2.68333e+01	-7.50709e+00	 1.00000e+02	 2.00000e+00
	 1.05141e+02	-9.08887e+00	 1.00000e+02	 2.00000e+00
	 1.07377e+02	-9.20253e+00	 1.00000e+02	 2.00000e+00
	 1.09557e+02	-9.35726e+00	 1.00000e+02	 2.00000e+00
	 1.11732e+02	-9.41088e+00	 1.00000e+02	 2.00000e+00
	 1.13929e+02	-9.34423e+00	 1.00000e+02	 2.00000e+00
	 1.16224e+02	-9.24112e+00	 1.00000e+02	 2.00000e+00
	 1.18500e+02	-9.36496e+00	 1.00000e+02	 2.00000e+00
	 1.20714e+02	-9.54568e+00	 1.00000e+02	 2.00000e+00
	 1.22942e+02	-9.54016e+00	 1.00000e+02	 2.00000e+00
	 2.49617e+01	-1.52644e+00	 1.00000e+02	 2.00000e+00
	 8.60759e+01	-1.81617e+00	 1.00000e+02	 2.00000e+00
	 4.66057e+01	-2.57084e+01	 1.00000e+02	 2.00000e+00
	 1.34733e+02	-4.01258e+00	 1.00000e+02	 2.00000e+00
	 7.66522e+01	-2.26842e+01	 1.00000e+02	 2.00000e+00
	 1.26453e+02	-3.02300e+00	 1.00000e+02	 2.00000e+00
	 1.08377e+01	-8.19539e+00	 1.00000e+02	 2.00000e+00
	 8.36625e+01	-2.16635e+00	 1.00000e+02	 2.00000e+00
	 1.01349e+01	-6.40235e+00	 1.00000e+02	 2.00000e+00
	 7.88429e+01	-3.70347e+00	 1.00000e+02	 2.00000e+00
	 6.13739e+01	-7.19835e+00	 1.00000e+02	 2.00000e+00
	 1.25196e+02	-9.55630e+00	 1.00000e+02	 2.00000e+00
	 1.25319e+02	-3.10284e+00	 1.00000e+02	 2.00000e+00
	 6.76185e+01	-8.85307e-01	 1.00000e+02	 2.00000e+00
	 6.14963e+00	-1.02142e+00	 1.00000e+02	 2.00000e+00
	 7.06813e+01	-8.61269e+00	 1.00000e+02	 2.00000e+00
	 1.16188e+02	-1.57210e+00	 1.00000e+02	 2.00000e+00
	 4.36435e+01	-9.24646e-01	 1.00000e+02	 2.00000e+00
	 4.57810e+01	-2.06331e+00	 1.00000e+02	 2.00000e+00
	 6.33902e+01	-1.25640e+00	 1.00000e+02	 2.00000e+00
	 8.29741e+01	-9.96500e+00	 1.00000e+02	 2.00000e+00
	 4.27155e+01	-2.08157e+00	 1.00000e+02	 2.00000e+00
	 5.17821e+01	-4.34796e+00	 1.00000e+02	 2.00000e+00
	 8.01722e+01	-3.78196e+00	 1.00000e+02	 2.00000e+00
	 8.81577e+00	-1.24872e+00	 1.00000e+02	 2.00000e+00
	 8.15197e+01	-3.85389e+00	 1.00000e+02	 2.00000e+00
	 8.28911e+01	-3.92858e+00	 1.00000e+02	 2.00000e+00
	 8.42704e+01	-3.94429e+00	 1.00000e+02	 2.00000e+00
	 8.56506e+01	-3.99551e+00	 1.00000e+02	 2.00000e+00
	 8.70289e+01	-4.12740e+00	 1.00000e+02	 2.00000e+00
	 8.84417e+01	-4.15225e+00	 1.00000e+02	 2.00000e+00
	 8.98634e+01	-4.21611e+00	 1.00000e+02	 2.00000e+00
	 9.80359e+01	-7.19008e+00	 1.00000e+02	 2.00000e+00
	 9.12916e+01	-4.29245e+00	 1.00000e+02	 2.00000e+00
	 9.27339e+01	-4.36034e+00	 1.00000e+02	 2.00000e+00
	 9.53522e+01	-8.94820e-01	 1.00000e+02	 2.00000e+00
	 9.41610e+01	-4.49150e+00	 1.00000e+02	 2.00000e+00
	 8.87908e+01	-7.49315e+00	 1.00000e+02	 2.00000e+00
	 1.18121e+02	-1.35022e+01	 1.00000e+02	 2.00000e+00
	 9.18710e+01	-3.02658e+00	 1.00000e+02	 2.00000e+00
	 7.89317e+01	-1.76728e+00	 1.00000e+02	 2.00000e+00
	 3.24513e+01	-1.19357e+00	 1.00000e+02	 2.00000e+00
	 7.36561e+01	-8.73282e+00	 1.00000e+02	 2.00000e+00
	 7.15918e+01	-1.30463e+00	 1.00000e+02	 2.00000e+00
	 1.27205e+02	-4.02811e+00	 1.00000e+02	 2.00000e+00
	 1.21539e+02	-2.72514e+01	 1.00000e+02	 2.00000e+00
	 3.29103e+01	-9.53289e-01	 1.00000e+02	 2.00000e+00
	 4.09972e+01	-1.63136e+00	 1.00000e+02	 2.00000e+00
	 8.53043e+01	-1.01146e+01	 1.00000e+02	 2.00000e+00
	 8.75746e+01	-1.03900e+01	 1.00000e+02	 2.00000e+00
	 8.98908e+01	-1.05308e+01	 1.00000e+02	 2.00000e+00
	 9.23396e+01	-1.05570e+01	 1.00000e+02	 2.00000e+00
	 5.52696e+01	-7.96095e+00	 1.00000e+02	 2.00000e+00
	 9.48011e+01	-1.07858e+01	 1.00000e+02	 2.00000e+00
	 9.71885e+01	-1.10976e+01	 1.00000e+02	 2.00000e+00
	 6.68797e+01	-3.65415e+00	 1.00000e+02	 2.00000e+00
	 5.23339e+00	-1.39439e+01	 1.00000e+02	 2.00000e+00
	 4.44354e+01	-1.73139e+01	 1.00000e+02	 2.00000e+00
	 8.13021e+01	-1.77536e+01	 1.00000e+02	 2.00000e+00
	 4.39809e+01	-1.93886e+01	 1.00000e+02	 2.00000e+00
	 1.26624e+02	-4.59075e+00	 1.00000e+02	 2.00000e+00
	 2.80228e+01	-2.62031e+01	 1.00000e+02	 2.00000e+00
	 1.84115e+01	-2.27667e+01	 1.00000e+02	 2.00000e+00
	 1.34785e+02	-2.28727e+01	 1.00000e+02	 2.00000e+00
	 3.13345e+01	-8.20819e-01	 1.00000e+02	 2.00000e+00
	 1.36817e+02	-1.52752e+01	 1.00000e+02	 2.00000e+00
	 3.03365e+00	-2.81479e+00	 1.00000e+02	 2.00000e+00
	 6.23311e+01	-4.53884e+00	 1.00000e+02	 2.00000e+00
	 1.24607e+02	-1.65859e+01	 1.00000e+02	 2.00000e+00
	 9.38842e+01	-2.55637e+01	 1.00000e+02	 2.00000e+00
	 6.70562e+01	-1.00221e+01	 1.00000e+02	 2.00000e+00
	 6.82035e+01	-3.80861e+00	 1.00000e+02	 2.00000e+00
	 4.59146e+01	-3.19350e+00	 1.00000e+02	 2.00000e+00
	 6.95555e+01	-3.95537e+00	 1.00000e+02	 2.00000e+00
	 7.09360e+01	-4.12283e+00	 1.00000e+02	 2.00000e+00
	 7.23257e+01	-4.28239e+00	 1.00000e+02	 2.00000e+00
	 4.39186e+01	-4.05063e+00	 1.00000e+02	 2.00000e+00
	 7.37278e+01	-4.44438e+00	 1.00000e+02	 2.00000e+00
	 1.15686e+01	-2.29506e+00	 1.00000e+02	 2.00000e+00
	 7.51679e+01	-4.53370e+00	 1.00000e+02	 2.00000e+00
	 7.66290e+01	-4.65998e+00	 1.00000e+02	 2.00000e+00
	 2.25524e+01	-7.38411e+00	 1.00000e+02	 2.00000e+00
	 1.03653e+02	-1.97475e+01	 1.00000e+02	 2.00000e+00
	 1.42300e+02	-1.26941e+00	 1.00000e+02	 2.00000e+00
	 1.39070e+02	-2.98482e+00	 1.00000e+02	 2.00000e+00
	 1.27487e+02	-9.66154e+00	 1.00000e+02	 2.00000e+00
	 1.03665e+02	-1.59759e+01	 1.00000e+02	 2.00000e+00
	 4.05870e+01	-3.48144e+00	 1.00000e+02	 2.00000e+00
	 1.13471e+02	-1.64578e+01	 1.00000e+02	 2.00000e+00
	-2.54070e-03	-4.63383e+00	 1.00000e+02	 2.00000e+00
	 1.00001e+02	-1.01200e+00	 1.00000e+02	 2.00000e+00
	 5.04852e+01	-3.88389e+00	 1.00000e+02	 2.00000e+00
	 6.93594e+01	-1.03450e+01	 1.00000e+02	 2.00000e+00
	 7.17038e+01	-1.06271e+01	 1.00000e+02	 2.00000e+00
	 7.41365e+01	-1.09395e+01	 1.00000e+02	 2.00000e+00
	 7.66300e+01	-1.13974e+01	 1.00000e+02	 2.00000e+00
	 7.91053e+01	-1.17970e+01	 1.00000e+02	 2.00000e+00
	 1.10627e+02	-6.69668e+00	 1.00000e+02	 2.00000e+00
	 4.80585e+01	-2.99770e+00	 1.00000e+02	 2.00000e+00
	 1.11146e+02	-2.31431e+00	 1.00000e+02	 2.00000e+00
	 4.92706e+01	-3.36348e+00	 1.00000e+02	 2.00000e+00
	 9.64450e+01	-2.71519e+01	 1.00000e+02	 2.00000e+00
	-6.79487e-01	-1.33679e+00	 1.00000e+02	 2.00000e+00
	 1.38219e+02	-1.74233e+01	 1.00000e+02	 2.00000e+00
	 1.01850e+02	-1.88493e+01	 1.00000e+02	 2.00000e+00
	 4.18727e+01	-3.69786e+00	 1.00000e+02	 2.00000e+00
	 1.05249e+02	-7.66570e-01	 1.00000e+02	 2.00000e+00
	 6.13155e+01	-9.19041e-01	 1.00000e+02	 2.00000e+00
	 1.34800e+02	-1.56537e+01	 1.00000e+02	 2.00000e+00
	 2.31739e+01	-2.58682e+01	 1.00000e+02	 2.00000e+00
	 1.27990e+02	-2.00977e+00	 1.00000e+02	 2.00000e+00
	 3.16175e+01	-1.13012e+00	 1.00000e+02	 2.00000e+00
	 5.61332e+01	-9.99920e+00	 1.00000e+02	 2.00000e+00
	 1.19968e+02	-1.53355e+00	 1.00000e+02	 2.00000e+00
	 1.23430e+01	-1.07921e+01	 1.00000e+02	 2.00000e+00
	 5.01215e+01	-8.77307e-01	 1.00000e+02	 2.00000e+00
	 3.44581e+01	-3.38044e+00	 1.00000e+02	 2.00000e+00
	 4.27898e+01	-1.01435e+00	 1.00000e+02	 2.00000e+00
	 9.43014e+01	-1.77389e+00	 1.00000e+02	 2.00000e+00
	 5.61463e+01	-9.21702e-01	 1.00000e+02	 2.00000e+00
	 2.98578e+01	-8.59069e-01	 1.00000e+02	 2.00000e+00
	 4.93137e+01	-2.25240e+01	 1.00000e+02	 2.00000e+00
	 6.09844e+01	-4.15157e+00	 1.00000e+02	 2.00000e+00
	 5.83693e+01	-1.04636e+01	 1.00000e+02	 2.00000e+00
	 1.37056e+02	-1.32889e+01	 1.00000e+02	 2.00000e+00
	 6.06375e+01	-1.09544e+01	 1.00000e+02	 2.00000e+00
	 5.84914e+01	-3.37801e+00	 1.00000e+02	 2.00000e+00
	 6.31043e+01	-1.14229e+01	 1.00000e+02	 2.00000e+00
	 9.10770e+01	-1.29124e+01	 1.00000e+02	 2.00000e+00
	 5.96947e+01	-3.76185e+00	 1.00000e+02	 2.00000e+00
	 3.49469e+01	-1.58377e+00	 1.00000e+02	 2.00000e+00
	 7.40840e+00	-1.36761e+01	 1.00000e+02	 2.00000e+00
	 6.52620e+01	-2.35497e+00	 1.00000e+02	 2.00000e+00
	 6.88323e+01	-8.38132e+00	 1.00000e+02	 2.00000e+00
	 2.19699e+01	-2.35015e+00	 1.00000e+02	 2.00000e+00
	 3.57464e+01	-3.66762e+00	 1.00000e+02	 2.00000e+00
	 1.28409e+02	-4.63383e+00	 1.00000e+02	 2.00000e+00
	 3.70658e+01	-3.96829e+00	 1.00000e+02	 2.00000e+00
	 1.33359e+01	-2.02388e+00	 1.00000e+02	 2.00000e+00
	 3.83978e+01	-4.25629e+00	 1.00000e+02	 2.00000e+00
	 9.33516e+01	-8.58084e+00	 1.00000e+02	 2.00000e+00
	 6.75518e+01	-2.29162e+01	 1.00000e+02	 2.00000e+00
	 3.86321e+01	-7.81729e+00	 1.00000e+02	 2.00000e+00
	 1.66657e+01	-6.10954e+00	 1.00000e+02	 2.00000e+00
	 7.02144e+01	-2.04470e+01	 1.00000e+02	 2.00000e+00
	 1.81259e+01	-2.89716e+00	 1.00000e+02	 2.00000e+00
	 1.36610e+02	-1.99532e+00	 1.00000e+02	 2.00000e+00
	 8.58754e+01	-1.54408e+01	 1.00000e+02	 2.00000e+00
	 5.01994e+01	-1.60472e+01	 1.00000e+02	 2.00000e+00
	 4.54664e+01	-9.48793e+00	 1.00000e+02	 2.00000e+00
	 5.85376e+01	-9.61810e-01	 1.00000e+02	 2.00000e+00
	 5.79960e+01	-8.28584e+00	 1.00000e+02	 2.00000e+00
	 2.90257e+01	-1.14727e+00	 1.00000e+02	 2.00000e+00
	 5.70276e+01	-1.81289e+01	 1.00000e+02	 2.00000e+00
	 1.23724e+02	-1.51862e+00	 1.00000e+02	 2.00000e+00
	 1.04348e+02	-1.68215e+00	 1.00000e+02	 2.00000e+00
	 9.71566e+01	-7.12388e+00	 1.00000e+02	 2.00000e+00
	 3.09870e+01	-3.61517e+00	 1.00000e+02	 2.00000e+00
	 4.18544e+01	-8.87708e-01	 1.00000e+02	 2.00000e+00
	 9.81226e+01	-2.55302e+01	 1.00000e+02	 2.00000e+00
	 4.76479e+01	-1.00792e+01	 1.00000e+02	 2.00000e+00
	 2.14328e+01	-1.47066e+00	 1.00000e+02	 2.00000e+00
	 4.99273e+01	-1.06895e+01	 1.00000e+02	 2.00000e+00
	 4.01615e+01	-2.17008e+01	 1.00000e+02	 2.00000e+00
	 4.13815e+01	-8.69384e-01	 1.00000e+02	 2.00000e+00
	 1.41752e+02	-2.08608e+01	 1.00000e+02	 2.00000e+00
	 3.19166e+01	-2.24578e+01	 1.00000e+02	 2.00000e+00
	 5.23480e+01	-1.12285e+01	 1.00000e+02	 2.00000e+00
	 9.15418e+01	-8.53197e+00	 1.00000e+02	 2.00000e+00
	 6.55066e+01	-1.66631e+01	 1.00000e+02	 2.00000e+00
	 1.21340e+02	-1.62696e+01	 1.00000e+02	 2.00000e+00
	 8.46098e+01	-2.28273e+01	 1.00000e+02	 2.00000e+00
	 8.47695e+01	-2.75398e+00	 1.00000e+02	 2.00000e+00
	 7.85939e+01	-1.50906e+01	 1.00000e+02	 2.00000e+00
	 7.05720e+01	-1.85822e+01	 1.00000e+02	 2.00000e+00
	 5.77173e+00	-1.36111e+00	 1.00000e+02	 2.00000e+00
	 1.19876e+02	-6.83358e+00	 1.00000e+02	 2.00000e+00
	 1.34128e+02	-2.60552e+00	 1.00000e+02	 2.00000e+00
	 3.22688e+01	-3.98276e+00	 1.00000e+02	 2.00000e+00
	 6.15216e+01	-1.24670e+00	 1.00000e+02	 2.00000e+00
	 3.29243e+01	-9.73593e+00	 1.00000e+02	 2.00000e+00
	 5.36154e+01	-1.62783e+01	 1.00000e+02	 2.00000e+00
	 8.20596e+01	-8.10561e+00	 1.00000e+02	 2.00000e+00
	 1.39701e+02	-2.56490e+01	 1.00000e+02	 2.00000e+00
	 8.46409e+01	-9.18931e-01	 1.00000e+02	 2.00000e+00
	 6.84130e+01	-1.43885e+01	 1.00000e+02	 2.00000e+00
	 1.00124e+02	-1.59092e+01	 1.00000e+02	 2.00000e+00
	 4.32990e+01	-1.79413e+00	 1.00000e+02	 2.00000e+00
	 1.36024e+02	-2.06651e+00	 1.00000e+02	 2.00000e+00
	 1.53641e+01	-1.10646e+01	 1.00000e+02	 2.00000e+00
	 1.37775e+02	-1.85423e+00	 1.00000e+02	 2.00000e+00
	 1.79951e+01	-1.75774e+00	 1.00000e+02	 2.00000e+00
	 3.50931e+01	-1.04651e+01	 1.00000e+02	 2.00000e+00
	 4.22655e+01	-1.94899e+01	 1.00000e+02	 2.00000e+00
	 7.93631e+01	-7.63187e+00	 1.00000e+02	 2.00000e+00
	 4.88409e+01	-1.50370e+01	 1.00000e+02	 2.00000e+00
	 2.87497e+01	-4.08554e+00	 1.00000e+02	 2.00000e+00
	 3.73992e+01	-1.11087e+01	 1.00000e+02	 2.00000e+00
	 1.22696e+02	-1.75119e+01	 1.00000e+02	 2.00000e+00
	 1.37246e+02	-2.70977e+01	 1.00000e+02	 2.00000e+00
	 1.77281e+01	-1.23420e+00	 1.00000e+02	 2.00000e+00
	 1.07160e+02	-2.17793e+01	 1.00000e+02	 2.00000e+00
	 3.98058e+01	-1.18968e+01	 1.00000e+02	 2.00000e+00
	 6.74339e+00	-7.04884e+00	 1.00000e+02	 2.00000e+00
	 1.08335e+02	-1.80583e+00	 1.00000e+02	 2.00000e+00
	 6.76882e+01	-6.76866e+00	 1.00000e+02	 2.00000e+00
	 4.31453e+01	-1.56730e+01	 1.00000e+02	 2.00000e+00
	 1.33194e+02	-7.42017e+00	 1.00000e+02	 2.00000e+00
	 8.13930e+01	-6.47799e+00	 1.00000e+02	 2.00000e+00
	 2.91671e+01	-1.03256e+01	 1.00000e+02	 2.00000e+00
	 1.76121e+01	-1.72457e+01	 1.00000e+02	 2.00000e+00
	 9.32287e+01	-2.30896e+00	 1.00000e+02	 2.00000e+00
	 2.28628e+01	-9.54612e+00	 1.00000e+02	 2.00000e+00
	 5.73825e+00	-3.82393e+00	 1.00000e+02	 2.00000e+00
	 7.37205e+01	-2.62249e+01	 1.00000e+02	 2.00000e+00
	 4.19745e+01	-2.15536e+01	 1.00000e+02	 2.00000e+00
	 3.77629e+01	-1.82838e+00	 1.00000e+02	 2.00000e+00
	 1.30822e+02	-1.23429e+00	 1.00000e+02	 2.00000e+00
	 1.27011e+02	-3.30420e+00	 1.00000e+02	 2.00000e+00
	 1.35575e+02	-7.21654e+00	 1.00000e+02	 2.00000e+00
	 1.67914e+01	-1.10589e+01	 1.00000e+02	 2.00000e+00
	 1.15351e+02	-1.91303e+01	 1.00000e+02	 2.00000e+00
	 3.13225e+01	-1.58146e+01	 1.00000e+02	 2.00000e+00
	 5.59460e+01	-1.92437e+00	 1.00000e+02	 2.00000e+00
	 5.70741e+01	-8.12708e+00	 1.00000e+02	 2.00000e+00
	 1.88485e+01	-9.66598e+00	 1.00000e+02	 2.00000e+00
	 2.63464e+01	-4.32618e+00	 1.00000e+02	 2.00000e+00
	 2.74566e+01	-2.43813e+00	 1.00000e+02	 2.00000e+00
	 6.25209e+01	-1.82338e+00	 1.00000e+02	 2.00000e+00
	 5.11180e+01	-8.96463e-01	 1.00000e+02	 2.00000e+00
	 9.55326e+01	-3.65357e+00	 1.00000e+02	 2.00000e+00
	 8.45762e+01	-2.06006e+00	 1.00000e+02	 2.00000e+00
	 7.67061e+01	-1.51384e+00	 1.00000e+02	 2.00000e+00
	 7.34072e+01	-2.42470e+01	 1.00000e+02	 2.00000e+00
	 8.87188e+01	-8.61388e+00	 1.00000e+02	 2.00000e+00
	 7.41357e+01	-1.69916e+00	 1.00000e+02	 2.00000e+00
	 3.17966e+01	-1.88480e+01	 1.00000e+02	 2.00000e+00
	 9.95960e+01	-9.87232e+00	 1.00000e+02	 2.00000e+00
	 2.87460e+01	-1.74603e+01	 1.00000e+02	 2.00000e+00
	 1.27874e+02	-4.07240e+00	 1.00000e+02	 2.00000e+00
	 8.38616e+01	-8.02580e+00	 1.00000e+02	 2.00000e+00
	 8.56120e+01	-8.58847e-01	 1.00000e+02	 2.00000e+00
	 2.50108e+01	-1.05851e+01	 1.00000e+02	 2.00000e+00
	-5.69978e+00	-4.61382e+00	 1.00000e+02	 2.00000e+00
	 5.39016e+01	-1.47352e+00	 1.00000e+02	 2.00000e+00
	 1.00567e+02	-1.77016e+00	 1.00000e+02	 2.00000e+00
	 6.01434e+01	-7.86937e-01	 1.00000e+02	 2.00000e+00
	 3.43748e+01	-1.68508e+00	 1.00000e+02	 2.00000e+00
	 8.89930e+01	-3.00250e+00	 1.00000e+02	 2.00000e+00
	 9.55035e+01	-7.20050e+00	 1.00000e+02	 2.00000e+00
	 1.15267e+02	-5.65588e+00	 1.00000e+02	 2.00000e+00
	 1.33238e+02	-1.85308e+01	 1.00000e+02	 2.00000e+00
	 3.96179e+01	-7.34268e+00	 1.00000e+02	 2.00000e+00
	 1.26529e+02	-6.91662e+00	 1.00000e+02	 2.00000e+00
	 7.81268e+01	-4.03294e+00	 1.00000e+02	 2.00000e+00
	 7.75606e+01	-7.49342e+00	 1.00000e+02	 2.00000e+00
	 3.00628e+01	-5.72069e+00	 1.00000e+02	 2.00000e+00
	 5.65523e+01	-1.19370e+00	 1.00000e+02	 2.00000e+00
	 8.56217e+01	-6.57178e+00	 1.00000e+02	 2.00000e+00
	 3.53372e+01	-8.67353e-01	 1.00000e+02	 2.00000e+00
	 8.98745e+01	-1.53352e+01	 1.00000e+02	 2.00000e+00
	 1.44797e+02	-1.55080e+00	 1.00000e+02	 2.00000e+00
	 1.24529e+02	-7.75578e+00	 1.00000e+02	 2.00000e+00
	 1.47966e+01	-1.53869e+01	 1.00000e+02	 2.00000e+00
	 4.31469e+01	-2.58594e+01	 1.00000e+02	 2.00000e+00
	 8.17103e+01	-1.06234e+01	 1.00000e+02	 2.00000e+00
	 9.68273e+01	-1.79474e+00	 1.00000e+02	 2.00000e+00
	 8.48896e+01	-1.23570e+00	 1.00000e+02	 2.00000e+00
	 2.57381e+01	-1.61097e+01	 1.00000e+02	 2.00000e+00
	 5.14486e+01	-5.19177e+00	 1.00000e+02	 2.00000e+00
	 8.28791e+01	-6.52496e+00	 1.00000e+02	 2.00000e+00
	 1.32308e+02	-1.91574e+00	 1.00000e+02	 2.00000e+00
	 9.68407e+01	-3.71053e+00	 1.00000e+02	 2.00000e+00
	 6.69971e+01	-6.70784e+00	 1.00000e+02	 2.00000e+00
	 1.07072e+02	-6.19812e+00	 1.00000e+02	 2.00000e+00
	 1.29437e+02	-1.22654e+00	 1.00000e+02	 2.00000e+00
	 1.19732e+02	-3.50616e+00	 1.00000e+02	 2.00000e+00
	 1.18475e+02	-3.46248e+00	 1.00000e+02	 2.00000e+00
	 1.17209e+02	-3.54439e+00	 1.00000e+02	 2.00000e+00
	 1.15959e+02	-3.53687e+00	 1.00000e+02	 2.00000e+00
	 1.14697e+02	-3.49697e+00	 1.00000e+02	 2.00000e+00
	 1.13427e+02	-3.58838e+00	 1.00000e+02	 2.00000e+00
	 9.81355e+01	-3.70648e+00	 1.00000e+02	 2.00000e+00
	 1.12183e+02	-3.59566e+00	 1.00000e+02	 2.00000e+00
	 1.10949e+02	-3.61216e+00	 1.00000e+02	 2.00000e+00
	 1.09667e+02	-3.57449e+00	 1.00000e+02	 2.00000e+00
	 1.08360e+02	-3.62758e+00	 1.00000e+02	 2.00000e+00
	 1.07130e+02	-3.63050e+00	 1.00000e+02	 2.00000e+00
	 1.05853e+02	-3.59775e+00	 1.00000e+02	 2.00000e+00
	 1.04533e+02	-3.66442e+00	 1.00000e+02	 2.00000e+00
	 1.03271e+02	-3.67577e+00	 1.00000e+02	 2.00000e+00
	 1.01982e+02	-3.67771e+00	 1.00000e+02	 2.00000e+00
	 1.00697e+02	-3.70137e+00	 1.00000e+02	 2.00000e+00
	 9.94295e+01	-3.70815e+00	 1.00000e+02	 2.00000e+00
	 1.20979e+02	-3.51452e+00	 1.00000e+02	 2.00000e+00
	 1.05381e-01	-2.71268e+01	 1.00000e+02	 2.00000e+00
	 1.22239e+02	-3.43082e+00	 1.00000e+02	 2.00000e+00
	 4.32043e+01	-3.07919e+00	 1.00000e+02	 2.00000e+00
	 2.94620e+01	-1.57861e+01	 1.00000e+02	 2.00000e+00
	 1.21746e+02	-6.85454e+00	 1.00000e+02	 2.00000e+00
	 6.61516e+01	-3.94947e+00	 1.00000e+02	 2.00000e+00
	 1.23493e+02	-3.47257e+00	 1.00000e+02	 2.00000e+00
	 7.95630e+01	-1.83585e+01	 1.00000e+02	 2.00000e+00
	 1.88732e+01	-1.82514e+00	 1.00000e+02	 2.00000e+00
	 7.03866e+00	-2.11638e+00	 1.00000e+02	 2.00000e+00
	 8.98300e+01	-1.36490e+01	 1.00000e+02	 2.00000e+00
	 1.19159e+02	-1.43354e+01	 1.00000e+02	 2.00000e+00
	 1.01797e+02	-9.92666e+00	 1.00000e+02	 2.00000e+00
	 2.62842e+01	-1.45445e+01	 1.00000e+02	 2.00000e+00
	 1.04007e+02	-9.82532e+00	 1.00000e+02	 2.00000e+00
	 1.06261e+02	-9.82280e+00	 1.00000e+02	 2.00000e+00
	 1.08456e+02	-9.95501e+00	 1.00000e+02	 2.00000e+00
	 1.10655e+02	-1.00103e+01	 1.00000e+02	 2.00000e+00
	 1.12841e+02	-1.00656e+01	 1.00000e+02	 2.00000e+00
	 1.15076e+02	-9.99520e+00	 1.00000e+02	 2.00000e+00
	 1.17371e+02	-9.99248e+00	 1.00000e+02	 2.00000e+00
	 1.19598e+02	-1.01473e+01	 1.00000e+02	 2.00000e+00
	 1.21825e+02	-1.02219e+01	 1.00000e+02	 2.00000e+00
	 4.54554e+01	-2.13013e+01	 1.00000e+02	 2.00000e+00
	 1.28312e+02	-1.50123e+01	 1.00000e+02	 2.00000e+00
	 1.24070e+02	-1.01935e+01	 1.00000e+02	 2.00000e+00
	 6.88483e+01	-2.63791e+01	 1.00000e+02	 2.00000e+00
	 1.29874e+02	-9.69603e+00	 1.00000e+02	 2.00000e+00
	 8.34392e+00	-1.03922e+00	 1.00000e+02	 2.00000e+00
	 8.53419e+01	-2.13297e+00	 1.00000e+02	 2.00000e+00
	 6.57984e+01	-1.05471e+01	 1.00000e+02	 2.00000e+00
	 2.59519e+00	-2.57389e+01	 1.00000e+02	 2.00000e+00
	 9.99860e+01	-1.48996e+00	 1.00000e+02	 2.00000e+00
	 6.79655e+01	-8.33505e+00	 1.00000e+02	 2.00000e+00
	 7.94798e+01	-4.13181e+00	 1.00000e+02	 2.00000e+00
	 8.96511e+01	-7.01653e+00	 1.00000e+02	 2.00000e+00
	 1.24738e+02	-3.48180e+00	 1.00000e+02	 2.00000e+00
	 8.08164e+01	-4.20347e+00	 1.00000e+02	 2.00000e+00
	 1.20797e+02	-6.51273e+00	 1.00000e+02	 2.00000e+00
	 8.21794e+01	-4.28063e+00	 1.00000e+02	 2.00000e+00
	 8.35488e+01	-4.35692e+00	 1.00000e+02	 2.00000e+00
	 8.49329e+01	-4.36547e+00	 1.00000e+02	 2.00000e+00
	 8.63117e+01	-4.48771e+00	 1.00000e+02	 2.00000e+00
	 3.98675e+01	-3.73913e+00	 1.00000e+02	 2.00000e+00
	 7.24560e+01	-1.79157e+01	 1.00000e+02	 2.00000e+00
	 8.77037e+01	-4.57487e+00	 1.00000e+02	 2.00000e+00
	 8.91293e+01	-4.59263e+00	 1.00000e+02	 2.00000e+00
	 9.05416e+01	-4.72002e+00	 1.00000e+02	 2.00000e+00
	 9.19880e+01	-4.74150e+00	 1.00000e+02	 2.00000e+00
	 9.34296e+01	-4.87147e+00	 1.00000e+02	 2.00000e+00
	 5.56500e+01	-3.95186e+00	 1.00000e+02	 2.00000e+00
	 1.41974e+02	-1.59874e+01	 1.00000e+02	 2.00000e+00
	 6.20973e+01	-5.38878e+00	 1.00000e+02	 2.00000e+00
	 1.25924e+02	-3.42054e+00	 1.00000e+02	 2.00000e+00
	 8.53658e+01	-1.20698e+00	 1.00000e+02	 2.00000e+00
	 1.10345e+02	-1.39294e+00	 1.00000e+02	 2.00000e+00
	 1.01901e+02	-1.68362e+01	 1.00000e+02	 2.00000e+00
	 8.40535e+01	-1.07102e+01	 1.00000e+02	 2.00000e+00
	 4.32588e+01	-3.82233e+00	 1.00000e+02	 2.00000e+00
	 8.63788e+01	-1.09500e+01	 1.00000e+02	 2.00000e+00
	 8.86827e+01	-1.11933e+01	 1.00000e+02	 2.00000e+00
	 9.10701e+01	-1.12973e+01	 1.00000e+02	 2.00000e+00
	 9.35365e+01	-1.14007e+01	 1.00000e+02	 2.00000e+00
	 9.59466e+01	-1.16897e+01	 1.00000e+02	 2.00000e+00
	 4.62092e+01	-1.19200e+00	 1.00000e+02	 2.00000e+00
	 1.42294e+02	-2.70513e+01	 1.00000e+02	 2.00000e+00
	 6.66688e+01	-9.16440e-01	 1.00000e+02	 2.00000e+00
	 5.48751e+01	-1.04852e+01	 1.00000e+02	 2.00000e+00
	 5.62977e+01	-5.38659e+00	 1.00000e+02	 2.00000e+00
	 9.38674e+01	-2.30789e+01	 1.00000e+02	 2.00000e+00
	 6.74904e+01	-4.11225e+00	 1.00000e+02	 2.00000e+00
	 5.77646e+01	-5.76054e+00	 1.00000e+02	 2.00000e+00
	 4.77480e+01	-6.58220e+00	 1.00000e+02	 2.00000e+00
	 6.88247e+01	-4.25814e+00	 1.00000e+02	 2.00000e+00
	 2.13386e+01	-1.05230e+00	 1.00000e+02	 2.00000e+00
	 7.01939e+01	-4.42351e+00	 1.00000e+02	 2.00000e+00
	 7.15788e+01	-4.60182e+00	 1.00000e+02	 2.00000e+00
	 7.29773e+01	-4.76802e+00	 1.00000e+02	 2.00000e+00
	 7.43970e+01	-4.93593e+00	 1.00000e+02	 2.00000e+00
	 9.91825e+01	-7.49640e-01	 1.00000e+02	 2.00000e+00
	 1.05805e+02	-6.20385e+00	 1.00000e+02	 2.00000e+00
	 7.58583e+01	-5.01637e+00	 1.00000e+02	 2.00000e+00
	 3.37309e+01	-3.58795e+00	 1.00000e+02	 2.00000e+00
	 1.28218e+01	-9.67489e-01	 1.00000e+02	 2.00000e+00
	 8.34859e+01	-1.28578e+00	 1.00000e+02	 2.00000e+00
	 1.19417e+02	-5.43524e+00	 1.00000e+02	 2.00000e+00
	 5.14981e+00	-2.71121e+01	 1.00000e+02	 2.00000e+00
	 6.81267e+01	-1.08366e+01	 1.00000e+02	 2.00000e+00
	 1.55726e+01	-1.39044e+01	 1.00000e+02	 2.00000e+00
	 7.75541e+01	-1.54664e+00	 1.00000e+02	 2.00000e+00
	 1.26335e+02	-1.03001e+01	 1.00000e+02	 2.00000e+00
	 1.73903e+01	-7.55863e+00	 1.00000e+02	 2.00000e+00
	 7.04404e+01	-1.12320e+01	 1.00000e+02	 2.00000e+00
	 7.28257e+01	-1.14726e+01	 1.00000e+02	 2.00000e+00
	 1.18406e+01	-1.78390e+00	 1.00000e+02	 2.00000e+00
	 7.52783e+01	-1.19152e+01	 1.00000e+02	 2.00000e+00
	 7.77604e+01	-1.23451e+01	 1.00000e+02	 2.00000e+00
	 4.42446e+01	-9.79702e+00	 1.00000e+02	 2.00000e+00
	 3.60810e+01	-8.12014e-01	 1.00000e+02	 2.00000e+00
	 3.71687e+01	-1.28128e+00	 1.00000e+02	 2.00000e+00
	 4.71022e+01	-3.77392e+00	 1.00000e+02	 2.00000e+00
	 5.96362e+01	-8.94385e+00	 1.00000e+02	 2.00000e+00
	 1.08165e+02	-8.68037e-01	 1.00000e+02	 2.00000e+00
	 8.20741e+01	-1.21337e+00	 1.00000e+02	 2.00000e+00
	 5.21447e+01	-1.71099e+00	 1.00000e+02	 2.00000e+00
	 4.11735e+01	-3.96312e+00	 1.00000e+02	 2.00000e+00
	 5.01882e+01	-6.00808e+00	 1.00000e+02	 2.00000e+00
	 4.25662e+01	-4.18115e+00	 1.00000e+02	 2.00000e+00
	 1.07572e+01	-1.06542e+01	 1.00000e+02	 2.00000e+00
	 3.72967e+01	-1.80738e+00	 1.00000e+02	 2.00000e+00
	 4.58969e+01	-5.16848e+00	 1.00000e+02	 2.00000e+00
	 3.02336e+01	-3.77975e+00	 1.00000e+02	 2.00000e+00
	 6.70693e+01	-1.78560e+01	 1.00000e+02	 2.00000e+00
	 4.50296e+01	-2.33522e+01	 1.00000e+02	 2.00000e+00
	 1.20197e+02	-5.32338e+00	 1.00000e+02	 2.00000e+00
	 5.71446e+01	-1.08694e+01	 1.00000e+02	 2.00000e+00
	 3.16660e+01	-9.94532e+00	 1.00000e+02	 2.00000e+00
	 1.32022e+02	-9.50247e-01	 1.00000e+02	 2.00000e+00
	 6.60273e+01	-1.52981e+00	 1.00000e+02	 2.00000e+00
	 5.94013e+01	-1.14615e+01	 1.00000e+02	 2.00000e+00
	 6.17626e+01	-1.18831e+01	 1.00000e+02	 2.00000e+00
	 8.19108e+01	-1.74734e+00	 1.00000e+02	 2.00000e+00
	 8.28806e+00	-5.26304e-01	 1.00000e+02	 2.00000e+00
	 8.48544e+01	-1.65422e+01	 1.00000e+02	 2.00000e+00
	 5.06463e+01	-5.31209e+00	 1.00000e+02	 2.00000e+00
	 1.40069e+02	-1.79546e+00	 1.00000e+02	 2.00000e+00
	 3.48245e+01	-7.31467e+00	 1.00000e+02	 2.00000e+00
	 1.29876e+02	-2.58748e+01	 1.00000e+02	 2.00000e+00
	 2.14345e+01	-1.48078e+01	 1.00000e+02	 2.00000e+00
	 3.50057e+01	-3.89135e+00	 1.00000e+02	 2.00000e+00
	 3.63078e+01	-4.18925e+00	 1.00000e+02	 2.00000e+00
	 3.76400e+01	-4.49921e+00	 1.00000e+02	 2.00000e+00
	 9.95106e+01	-1.12232e+01	 1.00000e+02	 2.00000e+00
	 5.29245e+01	-1.28222e+00	 1.00000e+02	 2.00000e+00
	 1.07273e+02	-2.32444e+00	 1.00000e+02	 2.00000e+00
	 1.17830e+02	-2.18631e+01	 1.00000e+02	 2.00000e+00
	 6.20643e+01	-1.80090e+00	 1.00000e+02	 2.00000e+00
	 1.30562e+01	-1.23086e+01	 1.00000e+02	 2.00000e+00
	 6.09065e+01	-6.41372e+00	 1.00000e+02	 2.00000e+00
	 4.52210e+01	-6.58307e+00	 1.00000e+02	 2.00000e+00
	 2.29924e+01	-6.34975e+00	 1.00000e+02	 2.00000e+00
	 1.06058e+01	-1.78190e+00	 1.00000e+02	 2.00000e+00
	 1.03279e+02	-6.21538e+00	 1.00000e+02	 2.00000e+00
	 2.79665e+01	-4.20068e+00	 1.00000e+02	 2.00000e+00
	 4.63712e+01	-1.04016e+01	 1.00000e+02	 2.00000e+00
	 1.19127e+02	-1.99710e+01	 1.00000e+02	 2.00000e+00
	 2.78121e+01	-1.04745e+01	 1.00000e+02	 2.00000e+00
	 1.26329e+02	-1.76939e+01	 1.00000e+02	 2.00000e+00
	 2.15025e+01	-9.69999e+00	 1.00000e+02	 2.00000e+00
	 3.11111e+01	-8.05144e+00	 1.00000e+02	 2.00000e+00
	 4.85966e+01	-1.10241e+01	 1.00000e+02	 2.00000e+00
	 1.04556e+02	-6.21817e+00	 1.00000e+02	 2.00000e+00
	 1.28630e+02	-2.24763e-01	 1.00000e+02	 2.00000e+00
	 6.33772e+01	-2.41344e-01	 1.00000e+02	 2.00000e+00
	 1.27100e+02	-2.56449e-01	 1.00000e+02	 2.00000e+00
	 3.26124e+01	-2.25077e-01	 1.00000e+02	 2.00000e+00
	 1.26328e+02	-2.38150e-01	 1.00000e+02	 2.00000e+00
	 1.25579e+02	-1.85474e-01	 1.00000e+02	 2.00000e+00
	 1.53750e+01	-2.16506e-01	 1.00000e+02	 2.00000e+00
	 6.49267e+01	-2.01982e-01	 1.00000e+02	 2.00000e+00
	 1.30867e+02	-2.38186e-01	 1.00000e+02	 2.00000e+00
	 1.23375e+02	-2.16506e-01	 1.00000e+02	 2.00000e+00
	 1.31616e+02	-2.52914e-01	 1.00000e+02	 2.00000e+00
	 1.22624e+02	-2.41527e-01	 1.00000e+02	 2.00000e+00
	 1.32375e+02	-2.16506e-01	 1.00000e+02	 2.00000e+00
	 1.21827e+02	-2.47203e-01	 1.00000e+02	 2.00000e+00
	 1.34566e+02	-2.51633e-01	 1.00000e+02	 2.00000e+00
	 1.19625e+02	-2.16506e-01	 1.00000e+02	 2.00000e+00
	 1.18874e+02	-2.42826e-01	 1.00000e+02	 2.00000e+00
	 1.18075e+02	-2.49882e-01	 1.00000e+02	 2.00000e+00
	 1.15875e+02	-2.16506e-01	 1.00000e+02	 2.00000e+00
	 1.15120e+02	-2.46815e-01	 1.00000e+02	 2.00000e+00
	 1.14322e+02	-2.52420e-01	 1.00000e+02	 2.00000e+00
	 1.12128e+02	-2.02116e-01	 1.00000e+02	 2.00000e+00
	 1.11375e+02	-2.09702e-01	 1.00000e+02	 2.00000e+00
	 1.10621e+02	-2.06190e-01	 1.00000e+02	 2.00000e+00
	 1.07648e+02	-2.14541e-01	 1.00000e+02	 2.00000e+00
	 1.08424e+02	-1.93265e-01	 1.00000e+02	 2.00000e+00
	 1.06873e+02	-2.07049e-01	 1.00000e+02	 2.00000e+00
	 1.08754e+01	-2.48588e-01	 1.00000e+02	 2.00000e+00
	 1.16264e+01	-2.53834e-01	 1.00000e+02	 2.00000e+00
	 1.23817e+01	-2.32702e-01	 1.00000e+02	 2.00000e+00
	 1.46335e+01	-2.26283e-01	 1.00000e+02	 2.00000e+00
	 1.83750e+01	-2.16506e-01	 1.00000e+02	 2.00000e+00
	 1.91680e+01	-2.71349e-01	 1.00000e+02	 2.00000e+00
	 1.98880e+01	-1.73096e-01	 1.00000e+02	 2.00000e+00
	 2.21250e+01	-2.12080e-01	 1.00000e+02	 2.00000e+00
	 2.28750e+01	-2.21531e-01	 1.00000e+02	 2.00000e+00
	 2.36250e+01	-2.20938e-01	 1.00000e+02	 2.00000e+00
	 2.58750e+01	-2.14081e-01	 1.00000e+02	 2.00000e+00
	 2.66244e+01	-2.08718e-01	 1.00000e+02	 2.00000e+00
	 2.73739e+01	-2.14059e-01	 1.00000e+02	 2.00000e+00
	 2.96269e+01	-1.78822e-01	 1.00000e+02	 2.00000e+00
	 3.33620e+01	-2.50319e-01	 1.00000e+02	 2.00000e+00
	 3.41250e+01	-2.16506e-01	 1.00000e+02	 2.00000e+00
	 3.48954e+01	-2.15844e-01	 1.00000e+02	 2.00000e+00
	 3.70974e+01	-2.68216e-01	 1.00000e+02	 2.00000e+00
	 3.78765e+01	-2.30790e-01	 1.00000e+02	 2.00000e+00
	 3.86273e+01	-2.41610e-01	 1.00000e+02	 2.00000e+00
	 4.08899e+01	-2.19445e-01	 1.00000e+02	 2.00000e+00
	 4.23628e+01	-2.37769e-01	 1.00000e+02	 2.00000e+00
	 4.46250e+01	-2.16506e-01	 1.00000e+02	 2.00000e+00
	 4.53789e+01	-2.28528e-01	 1.00000e+02	 2.00000e+00
	 4.61435e+01	-2.40019e-01	 1.00000e+02	 2.00000e+00
	 4.83750e+01	-2.16506e-01	 1.00000e+02	 2.00000e+00
	 4.91250e+01	-2.16506e-01	 1.00000e+02	 2.00000e+00
	 4.98803e+01	-1.81645e-01	 1.00000e+02	 2.00000e+00
	 5.21192e+01	-1.71240e-01	 1.00000e+02	 2.00000e+00
	 5.28399e+01	-2.56137e-01	 1.00000e+02	 2.00000e+00
	 5.36253e+01	-2.07876e-01	 1.00000e+02	 2.00000e+00
	 5.58378e+01	-2.08486e-01	 1.00000e+02	 2.00000e+00
	 5.66153e+01	-2.27770e-01	 1.00000e+02	 2.00000e+00
	 5.73750e+01	-2.21530e-01	 1.00000e+02	 2.00000e+00
	 5.96493e+01	-2.04521e-01	 1.00000e+02	 2.00000e+00
	 6.18514e+01	-2.66487e-01	 1.00000e+02	 2.00000e+00
	 6.26264e+01	-2.26357e-01	 1.00000e+02	 2.00000e+00
	 6.71329e+01	-2.30522e-01	 1.00000e+02	 2.00000e+00
	 6.78739e+01	-1.83636e-01	 1.00000e+02	 2.00000e+00
	 6.86250e+01	-2.16506e-01	 1.00000e+02	 2.00000e+00
	 7.08771e+01	-2.41155e-01	 1.00000e+02	 2.00000e+00
	 7.16215e+01	-2.49572e-01	 1.00000e+02	 2.00000e+00
	 7.23717e+01	-2.43658e-01	 1.00000e+02	 2.00000e+00
	 7.46250e+01	-2.13230e-01	 1.00000e+02	 2.00000e+00
	 7.53750e+01	-2.16506e-01	 1.00000e+02	 2.00000e+00
	 7.61243e+01	-2.15939e-01	 1.00000e+02	 2.00000e+00
	 7.83430e+01	-2.27341e-01	 1.00000e+02	 2.00000e+00
	 7.90988e+01	-2.38595e-01	 1.00000e+02	 2.00000e+00
	 7.98750e+01	-2.16506e-01	 1.00000e+02	 2.00000e+00
	 8.21177e+01	-2.35197e-01	 1.00000e+02	 2.00000e+00
	 8.28750e+01	-2.16506e-01	 1.00000e+02	 2.00000e+00
	 8.36406e+01	-2.71212e-01	 1.00000e+02	 2.00000e+00
	 8.58715e+01	-1.78156e-01	 1.00000e+02	 2.00000e+00
	 8.66148e+01	-2.53579e-01	 1.00000e+02	 2.00000e+00
	 8.73866e+01	-2.34789e-01	 1.00000e+02	 2.00000e+00
	 8.96294e+01	-2.47179e-01	 1.00000e+02	 2.00000e+00
	 9.03759e+01	-2.55396e-01	 1.00000e+02	 2.00000e+00
	 9.11251e+01	-2.46076e-01	 1.00000e+02	 2.00000e+00
	 9.33750e+01	-2.13776e-01	 1.00000e+02	 2.00000e+00
	 9.41267e+01	-2.10385e-01	 1.00000e+02	 2.00000e+00
	 9.48889e+01	-2.22977e-01	 1.00000e+02	 2.00000e+00
	 9.71250e+01	-2.16506e-01	 1.00000e+02	 2.00000e+00
	 9.78793e+01	-2.17162e-01	 1.00000e+02	 2.00000e+00
	 9.86507e+01	-2.04983e-01	 1.00000e+02	 2.00000e+00
	 1.00875e+02	-2.12478e-01	 1.00000e+02	 2.00000e+00
	 1.01624e+02	-2.14972e-01	 1.00000e+02	 2.00000e+00
	 1.02371e+02	-2.08265e-01	 1.00000e+02	 2.00000e+00
	 1.04669e+02	-2.48878e-01	 1.00000e+02	 2.00000e+00
	 6.41686e+01	-2.80099e-01	 1.00000e+02	 2.00000e+00
	 1.61250e+01	-2.14333e-01	 1.00000e+02	 2.00000e+00
	 3.18532e+01	-2.18822e-01	 1.00000e+02	 2.00000e+00
	 1.27883e+02	-2.69184e-01	 1.00000e+02	 2.00000e+00
	 1.00108e+02	-2.00405e-01	 1.00000e+02	 2.00000e+00
	 9.63603e+01	-2.20410e-01	 1.00000e+02	 2.00000e+00
	 9.26215e+01	-2.52335e-01	 1.00000e+02	 2.00000e+00
	 9.56194e+01	-1.86141e-01	 1.00000e+02	 2.00000e+00
	 9.18721e+01	-2.52416e-01	 1.00000e+02	 2.00000e+00
	 8.51245e+01	-2.48830e-01	 1.00000e+02	 2.00000e+00
	 8.88883e+01	-2.61067e-01	 1.00000e+02	 2.00000e+00
	 8.13750e+01	-2.16506e-01	 1.00000e+02	 2.00000e+00
	 8.43766e+01	-2.09518e-01	 1.00000e+02	 2.00000e+00
	 8.81380e+01	-2.48529e-01	 1.00000e+02	 2.00000e+00
	 8.06250e+01	-2.16506e-01	 1.00000e+02	 2.00000e+00
	 7.38757e+01	-2.24321e-01	 1.00000e+02	 2.00000e+00
	 7.31269e+01	-2.51336e-01	 1.00000e+02	 2.00000e+00
	 7.01156e+01	-2.44429e-01	 1.00000e+02	 2.00000e+00
	 5.88816e+01	-2.24106e-01	 1.00000e+02	 2.00000e+00
	 6.63500e+01	-2.06947e-01	 1.00000e+02	 2.00000e+00
	 6.11003e+01	-2.15946e-01	 1.00000e+02	 2.00000e+00
	 5.81294e+01	-2.30058e-01	 1.00000e+02	 2.00000e+00
	 5.19921e+01	-5.93326e+00	 1.00000e+02	 2.00000e+00
	 5.06272e+01	-2.46876e-01	 1.00000e+02	 2.00000e+00
	 4.76299e+01	-2.19341e-01	 1.00000e+02	 2.00000e+00
	 4.68909e+01	-2.23249e-01	 1.00000e+02	 2.00000e+00
	 4.01275e+01	-2.15830e-01	 1.00000e+02	 2.00000e+00
	 5.09845e+01	-1.16098e+01	 1.00000e+02	 2.00000e+00
	 3.93750e+01	-2.16506e-01	 1.00000e+02	 2.00000e+00
	 3.63695e+01	-1.98974e-01	 1.00000e+02	 2.00000e+00
	 2.88750e+01	-2.16506e-01	 1.00000e+02	 2.00000e+00
	 3.03752e+01	-2.42160e-01	 1.00000e+02	 2.00000e+00
	 1.38358e+02	-3.66454e+00	 1.00000e+02	 2.00000e+00
	 1.29069e+02	-6.18164e+00	 1.00000e+02	 2.00000e+00
	 2.81323e+01	-2.30831e-01	 1.00000e+02	 2.00000e+00
	 2.51250e+01	-2.16506e-01	 1.00000e+02	 2.00000e+00
	 6.93750e+01	-2.16115e-01	 1.00000e+02	 2.00000e+00
	 6.68872e+01	-1.41351e+01	 1.00000e+02	 2.00000e+00
	 1.30128e+02	-2.35510e-01	 1.00000e+02	 2.00000e+00
	 1.90112e+01	-3.69537e+00	 1.00000e+02	 2.00000e+00
	 2.13715e+01	-2.12268e-01	 1.00000e+02	 2.00000e+00
	 9.48559e+01	-4.92516e+00	 1.00000e+02	 2.00000e+00
	 2.43750e+01	-2.13330e-01	 1.00000e+02	 2.00000e+00
	 1.68883e+01	-2.46398e-01	 1.00000e+02	 2.00000e+00
	 3.15150e+01	-4.17283e+00	 1.00000e+02	 2.00000e+00
	 6.19352e+01	-1.27225e+00	 1.00000e+02	 2.00000e+00
	 1.36414e+02	-9.35566e-01	 1.00000e+02	 2.00000e+00
	 1.38771e+01	-2.15056e-01	 1.00000e+02	 2.00000e+00
	 1.29375e+02	-2.16506e-01	 1.00000e+02	 2.00000e+00
	 5.79819e+01	-1.68345e+00	 1.00000e+02	 2.00000e+00
	 3.91768e+01	-1.80017e+01	 1.00000e+02	 2.00000e+00
	 6.59217e+01	-6.40885e+00	 1.00000e+02	 2.00000e+00
	 5.52980e+01	-1.93039e+01	 1.00000e+02	 2.00000e+00
	 3.38054e+01	-1.06984e+01	 1.00000e+02	 2.00000e+00
	 8.81318e+01	-6.88568e+00	 1.00000e+02	 2.00000e+00
	 5.18446e+01	-7.98952e-01	 1.00000e+02	 2.00000e+00
	 7.50385e+01	-2.39919e+00	 1.00000e+02	 2.00000e+00
	 2.55315e+01	-4.41893e+00	 1.00000e+02	 2.00000e+00
	 8.15651e+01	-1.21314e+01	 1.00000e+02	 2.00000e+00
	 1.76335e+01	-2.31008e-01	 1.00000e+02	 2.00000e+00
	 1.74948e+01	-9.68534e+00	 1.00000e+02	 2.00000e+00
	 1.37210e+02	-1.01149e+00	 1.00000e+02	 2.00000e+00
	 3.60067e+01	-1.14878e+01	 1.00000e+02	 2.00000e+00
	 2.72237e+01	-6.66723e+00	 1.00000e+02	 2.00000e+00
	-2.99283e+00	-3.27723e+00	 1.00000e+02	 2.00000e+00
	 1.20883e+02	-2.06823e+01	 1.00000e+02	 2.00000e+00
	 6.06438e+01	-1.65835e+01	 1.00000e+02	 2.00000e+00
	 5.69434e+01	-7.01617e+00	 1.00000e+02	 2.00000e+00
	 1.31290e+01	-2.20987e-01	 1.00000e+02	 2.00000e+00
	 3.83822e+01	-1.21834e+01	 1.00000e+02	 2.00000e+00
	 1.27118e+02	-1.38944e+01	 1.00000e+02	 2.00000e+00
	 9.41519e+01	-1.52744e+01	 1.00000e+02	 2.00000e+00
	 5.43878e+01	-1.90990e-01	 1.00000e+02	 2.00000e+00
	 6.96794e+01	-9.19591e-01	 1.00000e+02	 2.00000e+00
	 6.26933e+01	-6.09878e+00	 1.00000e+02	 2.00000e+00
	 4.07861e+01	-1.31600e+01	 1.00000e+02	 2.00000e+00
	 7.72975e+01	-5.20180e+00	 1.00000e+02	 2.00000e+00
	 5.64952e+01	-1.72281e+00	 1.00000e+02	 2.00000e+00
	 1.34859e+02	-1.78964e+01	 1.00000e+02	 2.00000e+00
	 6.12917e+01	-5.56908e+00	 1.00000e+02	 2.00000e+00
	 1.57134e+01	-1.70261e+01	 1.00000e+02	 2.00000e+00
	 2.31047e+01	-1.99436e+00	 1.00000e+02	 2.00000e+00
	 4.37907e+01	-2.73027e+00	 1.00000e+02	 2.00000e+00
	 5.44308e+01	-1.37951e+00	 1.00000e+02	 2.00000e+00
	 1.24405e+02	-2.07560e+01	 1.00000e+02	 2.00000e+00
	 4.44910e+01	-3.57650e+00	 1.00000e+02	 2.00000e+00
	 2.36263e+01	-1.06899e+01	 1.00000e+02	 2.00000e+00
	 1.15366e+02	-1.58907e+01	 1.00000e+02	 2.00000e+00
	 5.66863e+00	-1.86752e+01	 1.00000e+02	 2.00000e+00
	 1.40172e+02	-9.30398e+00	 1.00000e+02	 2.00000e+00
	 4.52387e+01	-5.15731e+00	 1.00000e+02	 2.00000e+00
	 4.75924e+00	-1.25844e+00	 1.00000e+02	 2.00000e+00
	 6.43040e+01	-1.24163e+01	 1.00000e+02	 2.00000e+00
	 2.98484e+01	-1.90856e+01	 1.00000e+02	 2.00000e+00
	 1.26083e+02	-1.18996e+00	 1.00000e+02	 2.00000e+00
	 1.03819e+02	-1.50198e+00	 1.00000e+02	 2.00000e+00
	 2.68282e+01	-1.76167e+01	 1.00000e+02	 2.00000e+00
	 3.90163e+01	-4.80540e+00	 1.00000e+02	 2.00000e+00
	 1.78336e+01	-3.59408e+00	 1.00000e+02	 2.00000e+00
	 2.31211e+00	-1.75021e+00	 1.00000e+02	 2.00000e+00
	 9.52353e+01	-1.64607e+01	 1.00000e+02	 2.00000e+00
	 9.67280e+00	-2.00323e+01	 1.00000e+02	 2.00000e+00
	 9.39872e+01	-1.47944e+00	 1.00000e+02	 2.00000e+00
	 9.16687e+01	-1.78696e+01	 1.00000e+02	 2.00000e+00
	 3.98325e+00	-1.64971e+01	 1.00000e+02	 2.00000e+00
	 1.01250e+01	-2.16506e-01	 1.00000e+02	 2.00000e+00
	 1.31593e+02	-4.76634e+00	 1.00000e+02	 2.00000e+00
	-3.52553e+00	-6.02492e-01	 1.00000e+02	 2.00000e+00
	 1.35395e+02	-2.85947e-01	 1.00000e+02	 2.00000e+00
	 1.38308e+02	-1.80520e+00	 1.00000e+02	 2.00000e+00
	 4.21870e+01	-1.27984e+01	 1.00000e+02	 2.00000e+00
	 1.38073e+02	-7.09256e+00	 1.00000e+02	 2.00000e+00
	 6.61920e+01	-1.05407e+00	 1.00000e+02	 2.00000e+00
	 3.77143e+01	-2.63478e+01	 1.00000e+02	 2.00000e+00
	 3.02379e+01	-7.21488e+00	 1.00000e+02	 2.00000e+00
	 1.18928e+02	-2.57503e+01	 1.00000e+02	 2.00000e+00
	 1.39429e+02	-2.27960e+01	 1.00000e+02	 2.00000e+00
	 8.67658e+01	-1.27062e+00	 1.00000e+02	 2.00000e+00
	 1.26922e+02	-1.97884e+00	 1.00000e+02	 2.00000e+00
	 5.96469e+01	-1.53234e+01	 1.00000e+02	 2.00000e+00
	 7.92430e+01	-2.04827e+01	 1.00000e+02	 2.00000e+00
	 3.06050e+01	-2.73380e+01	 1.00000e+02	 2.00000e+00
	 8.41319e+01	-1.83501e+00	 1.00000e+02	 2.00000e+00
	 1.24660e+01	-1.20753e+00	 1.00000e+02	 2.00000e+00
	 3.35341e+01	-4.34740e+00	 1.00000e+02	 2.00000e+00
	 6.55223e+01	-1.52525e+00	 1.00000e+02	 2.00000e+00
	 2.06250e+01	-2.09722e-01	 1.00000e+02	 2.00000e+00
	 2.57868e+01	-1.18581e+01	 1.00000e+02	 2.00000e+00
	 1.28126e+02	-1.68415e+01	 1.00000e+02	 2.00000e+00
	 5.81527e+01	-1.17362e+00	 1.00000e+02	 2.00000e+00
	 5.02054e+01	-4.61333e+00	 1.00000e+02	 2.00000e+00
	 4.78114e+01	-3.67275e+00	 1.00000e+02	 2.00000e+00
	 1.37052e+02	-2.14862e+01	 1.00000e+02	 2.00000e+00
	 8.28167e+01	-1.80682e+00	 1.00000e+02	 2.00000e+00
	 6.41252e+01	-1.39439e+01	 1.00000e+02	 2.00000e+00
	 5.46993e+01	-5.13407e+00	 1.00000e+02	 2.00000e+00
	 1.06016e+02	-1.35568e+00	 1.00000e+02	 2.00000e+00
	 9.70834e+01	-1.41027e+01	 1.00000e+02	 2.00000e+00
	 2.68865e+01	-5.08381e+00	 1.00000e+02	 2.00000e+00
	 6.54693e+01	-7.25553e-01	 1.00000e+02	 2.00000e+00
	 2.07604e+01	-1.34230e+01	 1.00000e+02	 2.00000e+00
	 6.07474e+01	-4.91651e+00	 1.00000e+02	 2.00000e+00
	 5.82190e+01	-4.11158e+00	 1.00000e+02	 2.00000e+00
	 3.57427e+00	-1.30119e+00	 1.00000e+02	 2.00000e+00
	 5.63034e+01	-3.57530e+00	 1.00000e+02	 2.00000e+00
	 9.83991e+01	-1.68774e+01	 1.00000e+02	 2.00000e+00
	 9.99575e+01	-1.97308e+01	 1.00000e+02	 2.00000e+00
	 3.88868e+01	-5.69952e+00	 1.00000e+02	 2.00000e+00
	 8.85619e+01	-9.82417e-01	 1.00000e+02	 2.00000e+00
	 4.53661e+01	-2.74848e+01	 1.00000e+02	 2.00000e+00
	 1.00021e+02	-2.57391e+01	 1.00000e+02	 2.00000e+00
	 3.00167e+01	-4.46377e+00	 1.00000e+02	 2.00000e+00
	 4.25942e+01	-1.13688e+01	 1.00000e+02	 2.00000e+00
	 1.01730e+02	-2.73608e+01	 1.00000e+02	 2.00000e+00
	 3.86598e+01	-1.99615e+01	 1.00000e+02	 2.00000e+00
	 1.32127e+02	-8.26824e+00	 1.00000e+02	 2.00000e+00
	 1.36262e+01	-2.62454e+00	 1.00000e+02	 2.00000e+00
	 9.83178e+01	-1.18767e+01	 1.00000e+02	 2.00000e+00
	 1.21433e+01	-1.37023e+01	 1.00000e+02	 2.00000e+00
	 1.08480e+02	-1.53299e+01	 1.00000e+02	 2.00000e+00
	 6.83569e+01	-2.10054e+01	 1.00000e+02	 2.00000e+00
	 1.84239e+01	-1.64824e+00	 1.00000e+02	 2.00000e+00
	 1.03876e+02	-2.06417e-01	 1.00000e+02	 2.00000e+00
	 1.27504e+02	-2.94032e+00	 1.00000e+02	 2.00000e+00
	 4.16250e+01	-2.04976e-01	 1.00000e+02	 2.00000e+00
	 1.44347e+02	-3.11350e-01	 1.00000e+02	 2.00000e+00
	 2.08663e+01	-1.09049e+01	 1.00000e+02	 2.00000e+00
	 9.30236e+01	-1.91888e+01	 1.00000e+02	 2.00000e+00
	 1.18212e+01	-1.67884e+01	 1.00000e+02	 2.00000e+00
	 1.29085e+01	-1.52969e+01	 1.00000e+02	 2.00000e+00
	 6.53024e+01	-5.06152e+00	 1.00000e+02	 2.00000e+00
	 7.76034e+01	-2.09661e-01	 1.00000e+02	 2.00000e+00
	 9.36244e+00	-1.90685e-01	 1.00000e+02	 2.00000e+00
	 4.68575e+01	-4.44227e+00	 1.00000e+02	 2.00000e+00
	 6.44009e+00	-2.45569e+00	 1.00000e+02	 2.00000e+00
	 6.27011e+01	-1.45007e+01	 1.00000e+02	 2.00000e+00
	 8.02584e+01	-1.27755e+01	 1.00000e+02	 2.00000e+00
	 1.00633e+02	-1.18392e+01	 1.00000e+02	 2.00000e+00
	 1.36135e+02	-1.89837e-01	 1.00000e+02	 2.00000e+00
	 1.27336e+02	-2.73413e+01	 1.00000e+02	 2.00000e+00
	 5.17132e+01	-1.60489e+00	 1.00000e+02	 2.00000e+00
	 8.90374e+01	-2.37630e+00	 1.00000e+02	 2.00000e+00
	 6.37074e+01	-1.73328e+01	 1.00000e+02	 2.00000e+00
	 3.79652e+01	-6.05422e+00	 1.00000e+02	 2.00000e+00
	 7.48631e+01	-7.32940e+00	 1.00000e+02	 2.00000e+00
	 9.48237e+01	-5.78585e+00	 1.00000e+02	 2.00000e+00
	 3.25548e+01	-1.72512e+01	 1.00000e+02	 2.00000e+00
	 4.47757e+01	-5.81668e+00	 1.00000e+02	 2.00000e+00
	 2.54811e+01	-2.73651e+01	 1.00000e+02	 2.00000e+00
	 9.55452e+01	-4.51065e+00	 1.00000e+02	 2.00000e+00
	 1.31710e+02	-1.87907e+00	 1.00000e+02	 2.00000e+00
	 1.06116e+02	-1.86855e-01	 1.00000e+02	 2.00000e+00
	 3.59926e+01	-2.28429e+01	 1.00000e+02	 2.00000e+00
	 1.26232e+02	-1.98041e+01	 1.00000e+02	 2.00000e+00
	 1.95165e+01	-1.09225e+01	 1.00000e+02	 2.00000e+00
	 1.28687e+02	-1.03690e+01	 1.00000e+02	 2.00000e+00
	 5.13837e+01	-2.05976e-01	 1.00000e+02	 2.00000e+00
	 9.82555e+01	-6.20322e+00	 1.00000e+02	 2.00000e+00
	 4.74676e+01	-5.09287e+00	 1.00000e+02	 2.00000e+00
	 2.32263e+01	-3.13769e+00	 1.00000e+02	 2.00000e+00
	 7.80414e+01	-4.83680e+00	 1.00000e+02	 2.00000e+00
	 8.95586e+01	-2.38471e+00	 1.00000e+02	 2.00000e+00
	 1.36755e+02	-1.29536e+00	 1.00000e+02	 2.00000e+00
	 1.18508e+02	-4.36870e+00	 1.00000e+02	 2.00000e+00
	 1.14701e+02	-4.30855e+00	 1.00000e+02	 2.00000e+00
	 1.12146e+02	-4.45400e+00	 1.00000e+02	 2.00000e+00
	 1.09691e+02	-4.38334e+00	 1.00000e+02	 2.00000e+00
	 9.81421e+01	-4.47241e+00	 1.00000e+02	 2.00000e+00
	 1.07097e+02	-4.40563e+00	 1.00000e+02	 2.00000e+00
	 1.03272e+02	-4.44882e+00	 1.00000e+02	 2.00000e+00
	 1.00710e+02	-4.38480e+00	 1.00000e+02	 2.00000e+00
	 1.20962e+02	-4.24948e+00	 1.00000e+02	 2.00000e+00
	 1.10042e+02	-6.04147e+00	 1.00000e+02	 2.00000e+00
	 1.23412e+02	-4.31564e+00	 1.00000e+02	 2.00000e+00
	 2.05144e+01	-1.61983e+01	 1.00000e+02	 2.00000e+00
	 3.57783e+01	-1.06318e+00	 1.00000e+02	 2.00000e+00
	 1.01788e+02	-1.11451e+01	 1.00000e+02	 2.00000e+00
	 1.06251e+02	-1.12660e+01	 1.00000e+02	 2.00000e+00
	 1.12800e+02	-1.13479e+01	 1.00000e+02	 2.00000e+00
	 1.17351e+02	-1.13158e+01	 1.00000e+02	 2.00000e+00
	 6.63087e+01	-7.14033e+00	 1.00000e+02	 2.00000e+00
	 3.17561e+01	-5.47601e+00	 1.00000e+02	 2.00000e+00
	 2.37551e+01	-1.33634e+01	 1.00000e+02	 2.00000e+00
	 8.32656e+01	-1.80648e+00	 1.00000e+02	 2.00000e+00
	 6.56248e+01	-1.18952e+01	 1.00000e+02	 2.00000e+00
	 8.07736e+01	-5.01949e+00	 1.00000e+02	 2.00000e+00
	 8.48728e+01	-5.24035e+00	 1.00000e+02	 2.00000e+00
	 8.76572e+01	-5.41092e+00	 1.00000e+02	 2.00000e+00
	 9.04890e+01	-5.58253e+00	 1.00000e+02	 2.00000e+00
	 9.33783e+01	-5.73786e+00	 1.00000e+02	 2.00000e+00
	 2.59494e+01	-1.94412e+01	 1.00000e+02	 2.00000e+00
	 2.72464e+01	-1.17427e+01	 1.00000e+02	 2.00000e+00
	 1.24065e+02	-1.15917e+01	 1.00000e+02	 2.00000e+00
	 3.56250e+01	-2.01366e-01	 1.00000e+02	 2.00000e+00
	 1.45974e+01	-1.24205e+01	 1.00000e+02	 2.00000e+00
	 5.55698e+01	-4.78403e+00	 1.00000e+02	 2.00000e+00
	 3.27930e+01	-4.55109e+00	 1.00000e+02	 2.00000e+00
	 8.39150e+01	-1.21898e+01	 1.00000e+02	 2.00000e+00
	 5.45030e+01	-9.49150e-01	 1.00000e+02	 2.00000e+00
	 8.86149e+01	-1.26965e+01	 1.00000e+02	 2.00000e+00
	 9.58186e+01	-1.31650e+01	 1.00000e+02	 2.00000e+00
	 3.00292e+01	-1.12900e+01	 1.00000e+02	 2.00000e+00
	 3.97638e+01	-4.53125e+00	 1.00000e+02	 2.00000e+00
	 8.32056e+01	-9.49361e-01	 1.00000e+02	 2.00000e+00
	 2.39460e+01	-1.62534e+01	 1.00000e+02	 2.00000e+00
	 8.26905e+01	-1.29527e+01	 1.00000e+02	 2.00000e+00
	 4.38983e+01	-1.10415e+01	 1.00000e+02	 2.00000e+00
	 6.74192e+01	-4.94695e+00	 1.00000e+02	 2.00000e+00
	 1.10535e+02	-1.73917e+00	 1.00000e+02	 2.00000e+00
	 7.00176e+01	-5.20178e+00	 1.00000e+02	 2.00000e+00
	 7.28746e+01	-5.60759e+00	 1.00000e+02	 2.00000e+00
	 7.57551e+01	-5.95569e+00	 1.00000e+02	 2.00000e+00
	 1.40547e+02	-4.13171e+00	 1.00000e+02	 2.00000e+00
	 1.36860e+02	-2.45357e-01	 1.00000e+02	 2.00000e+00
	 2.29397e+01	-1.20841e+01	 1.00000e+02	 2.00000e+00
	 7.02589e+01	-1.26270e+01	 1.00000e+02	 2.00000e+00
	 7.51095e+01	-1.32491e+01	 1.00000e+02	 2.00000e+00
	 1.31517e+02	-1.53006e+01	 1.00000e+02	 2.00000e+00
	 9.76894e+01	-1.50969e+00	 1.00000e+02	 2.00000e+00
	 4.53158e+01	-1.72314e+00	 1.00000e+02	 2.00000e+00
	 5.68376e+01	-1.24554e+01	 1.00000e+02	 2.00000e+00
	 6.67912e+01	-1.97212e+01	 1.00000e+02	 2.00000e+00
	 1.25901e+02	-4.26438e+00	 1.00000e+02	 2.00000e+00
	 6.15382e+01	-1.34333e+01	 1.00000e+02	 2.00000e+00
	 4.24561e+01	-5.03754e+00	 1.00000e+02	 2.00000e+00
	 2.92681e+01	-4.63014e+00	 1.00000e+02	 2.00000e+00
	 5.76673e+01	-6.63583e+00	 1.00000e+02	 2.00000e+00
	 3.78722e+01	-1.37179e+01	 1.00000e+02	 2.00000e+00
	 3.33353e+01	-1.19623e+01	 1.00000e+02	 2.00000e+00
	 4.81695e+01	-1.24073e+01	 1.00000e+02	 2.00000e+00
	 3.14724e+01	-1.66141e+00	 1.00000e+02	 2.00000e+00
	 1.54295e+01	-1.16474e+00	 1.00000e+02	 2.00000e+00
	 6.82703e+01	-1.76522e+00	 1.00000e+02	 2.00000e+00
	 2.30295e+01	-1.48093e+01	 1.00000e+02	 2.00000e+00
	 3.73369e+01	-5.40302e+00	 1.00000e+02	 2.00000e+00
	 2.09754e+01	-8.69002e-01	 1.00000e+02	 2.00000e+00
	 4.35269e+01	-4.59492e-01	 1.00000e+02	 2.00000e+00
	 3.48214e+01	-4.68016e+00	 1.00000e+02	 2.00000e+00
	 1.46117e+02	-4.88218e-01	 1.00000e+02	 2.00000e+00
	 1.02940e+02	-1.46802e+00	 1.00000e+02	 2.00000e+00
	 1.40028e+02	-3.19211e+00	 1.00000e+02	 2.00000e+00
	 2.77178e+01	-4.98914e+00	 1.00000e+02	 2.00000e+00
	 5.85095e+01	-5.46150e+00	 1.00000e+02	 2.00000e+00
	 3.54585e+01	-1.78245e+01	 1.00000e+02	 2.00000e+00
	 2.00889e+01	-1.93999e+01	 1.00000e+02	 2.00000e+00
	 4.65857e+01	-9.24655e-01	 1.00000e+02	 2.00000e+00
	 1.17810e+02	-5.55919e+00	 1.00000e+02	 2.00000e+00
	 3.12484e+01	-4.93637e+00	 1.00000e+02	 2.00000e+00
	 1.26394e+02	-2.33141e+00	 1.00000e+02	 2.00000e+00
	 3.08565e+01	-8.44157e-01	 1.00000e+02	 2.00000e+00
	 3.06012e+00	-1.10624e+00	 1.00000e+02	 2.00000e+00
	 1.29992e+02	-1.43300e+01	 1.00000e+02	 2.00000e+00
	 6.60792e+00	-5.63168e+00	 1.00000e+02	 2.00000e+00
	 1.09815e+02	-1.30022e+00	 1.00000e+02	 2.00000e+00
	 1.44204e+02	-3.38490e+00	 1.00000e+02	 2.00000e+00
	 9.69370e+01	-1.58259e+01	 1.00000e+02	 2.00000e+00
	 9.82840e+01	-1.86859e+01	 1.00000e+02	 2.00000e+00
	 1.39402e+02	-1.71380e+00	 1.00000e+02	 2.00000e+00
	 6.33391e+01	-1.91844e+01	 1.00000e+02	 2.00000e+00
	 8.50243e+01	-7.03823e+00	 1.00000e+02	 2.00000e+00
	 9.83406e+01	-1.34065e+01	 1.00000e+02	 2.00000e+00
	 6.23943e+01	-1.61392e+01	 1.00000e+02	 2.00000e+00
	 2.39384e+01	-6.20469e+00	 1.00000e+02	 2.00000e+00
	 7.54138e+01	-1.63340e+00	 1.00000e+02	 2.00000e+00
	 9.77675e+01	-2.28616e+01	 1.00000e+02	 2.00000e+00
	 2.43075e+01	-5.33269e+00	 1.00000e+02	 2.00000e+00
	 8.70596e+01	-9.49798e-01	 1.00000e+02	 2.00000e+00
	 5.33912e+01	-1.20416e+01	 1.00000e+02	 2.00000e+00
	 4.38750e+01	-1.96462e-01	 1.00000e+02	 2.00000e+00
	 1.25907e+02	-4.23623e-01	 1.00000e+02	 2.00000e+00
	 1.28263e+02	-4.93947e-01	 1.00000e+02	 2.00000e+00
	 1.26678e+02	-4.94599e-01	 1.00000e+02	 2.00000e+00
	 6.30035e+01	-4.67702e-01	 1.00000e+02	 2.00000e+00
	 6.37958e+01	-5.21444e-01	 1.00000e+02	 2.00000e+00
	 1.27483e+02	-5.25633e-01	 1.00000e+02	 2.00000e+00
	 3.29744e+01	-4.75396e-01	 1.00000e+02	 2.00000e+00
	 1.31234e+02	-4.91100e-01	 1.00000e+02	 2.00000e+00
	 1.22999e+02	-4.58033e-01	 1.00000e+02	 2.00000e+00
	 1.50085e+01	-4.42790e-01	 1.00000e+02	 2.00000e+00
	 1.31991e+02	-4.69420e-01	 1.00000e+02	 2.00000e+00
	 1.22202e+02	-4.88730e-01	 1.00000e+02	 2.00000e+00
	 1.57500e+01	-4.30840e-01	 1.00000e+02	 2.00000e+00
	 1.19249e+02	-4.59333e-01	 1.00000e+02	 2.00000e+00
	 1.18449e+02	-4.92709e-01	 1.00000e+02	 2.00000e+00
	 1.15495e+02	-4.63322e-01	 1.00000e+02	 2.00000e+00
	 1.14692e+02	-4.99235e-01	 1.00000e+02	 2.00000e+00
	 3.45204e+01	-4.32350e-01	 1.00000e+02	 2.00000e+00
	 4.57724e+01	-4.68547e-01	 1.00000e+02	 2.00000e+00
	 4.95053e+01	-3.98151e-01	 1.00000e+02	 2.00000e+00
	 1.95559e+01	-4.44444e-01	 1.00000e+02	 2.00000e+00
	 2.69983e+01	-4.22777e-01	 1.00000e+02	 2.00000e+00
	 1.20081e+01	-4.86536e-01	 1.00000e+02	 2.00000e+00
	 1.11753e+02	-4.11818e-01	 1.00000e+02	 2.00000e+00
	 5.24591e+01	-4.27377e-01	 1.00000e+02	 2.00000e+00
	 8.24927e+01	-4.51703e-01	 1.00000e+02	 2.00000e+00
	 9.00053e+01	-5.02575e-01	 1.00000e+02	 2.00000e+00
	 5.62031e+01	-4.36256e-01	 1.00000e+02	 2.00000e+00
	 8.62362e+01	-4.31735e-01	 1.00000e+02	 2.00000e+00
	 9.37517e+01	-4.24160e-01	 1.00000e+02	 2.00000e+00
	 5.69903e+01	-4.49300e-01	 1.00000e+02	 2.00000e+00
	 8.70014e+01	-4.88367e-01	 1.00000e+02	 2.00000e+00
	 9.45155e+01	-4.33362e-01	 1.00000e+02	 2.00000e+00
	 5.32152e+01	-4.64014e-01	 1.00000e+02	 2.00000e+00
	 8.32656e+01	-4.87718e-01	 1.00000e+02	 2.00000e+00
	 9.07509e+01	-5.01472e-01	 1.00000e+02	 2.00000e+00
	 2.25000e+01	-4.33611e-01	 1.00000e+02	 2.00000e+00
	 3.74739e+01	-4.99005e-01	 1.00000e+02	 2.00000e+00
	 2.32500e+01	-4.42469e-01	 1.00000e+02	 2.00000e+00
	 3.82538e+01	-4.72400e-01	 1.00000e+02	 2.00000e+00
	 6.22278e+01	-4.92844e-01	 1.00000e+02	 2.00000e+00
	 1.12518e+01	-5.02422e-01	 1.00000e+02	 2.00000e+00
	 1.87930e+01	-4.87855e-01	 1.00000e+02	 2.00000e+00
	 2.62494e+01	-4.22800e-01	 1.00000e+02	 2.00000e+00
	 1.08073e+02	-4.07806e-01	 1.00000e+02	 2.00000e+00
	 1.10996e+02	-4.15893e-01	 1.00000e+02	 2.00000e+00
	 7.19932e+01	-4.93229e-01	 1.00000e+02	 2.00000e+00
	 1.01995e+02	-4.23236e-01	 1.00000e+02	 2.00000e+00
	 6.82489e+01	-4.00142e-01	 1.00000e+02	 2.00000e+00
	 4.50039e+01	-4.45034e-01	 1.00000e+02	 2.00000e+00
	 7.94738e+01	-4.55102e-01	 1.00000e+02	 2.00000e+00
	 3.37370e+01	-4.66825e-01	 1.00000e+02	 2.00000e+00
	 7.57493e+01	-4.32445e-01	 1.00000e+02	 2.00000e+00
	 9.82800e+01	-4.22146e-01	 1.00000e+02	 2.00000e+00
	 4.87500e+01	-4.33013e-01	 1.00000e+02	 2.00000e+00
	 1.07272e+02	-4.21590e-01	 1.00000e+02	 2.00000e+00
	 6.75068e+01	-4.14158e-01	 1.00000e+02	 2.00000e+00
	 7.12486e+01	-4.90727e-01	 1.00000e+02	 2.00000e+00
	 1.01249e+02	-4.27450e-01	 1.00000e+02	 2.00000e+00
	 7.50000e+01	-4.29736e-01	 1.00000e+02	 2.00000e+00
	 9.75043e+01	-4.33669e-01	 1.00000e+02	 2.00000e+00
	 7.86918e+01	-4.65937e-01	 1.00000e+02	 2.00000e+00
	 3.22156e+01	-4.43899e-01	 1.00000e+02	 2.00000e+00
	 6.45953e+01	-4.82081e-01	 1.00000e+02	 2.00000e+00
	 1.00483e+02	-4.12883e-01	 1.00000e+02	 2.00000e+00
	 9.67353e+01	-4.36916e-01	 1.00000e+02	 2.00000e+00
	 9.29965e+01	-4.66111e-01	 1.00000e+02	 2.00000e+00
	 9.52583e+01	-4.09118e-01	 1.00000e+02	 2.00000e+00
	 9.14972e+01	-4.98492e-01	 1.00000e+02	 2.00000e+00
	 9.59798e+01	-4.06551e-01	 1.00000e+02	 2.00000e+00
	 8.54960e+01	-4.26986e-01	 1.00000e+02	 2.00000e+00
	 8.92677e+01	-5.08246e-01	 1.00000e+02	 2.00000e+00
	 9.22436e+01	-5.04752e-01	 1.00000e+02	 2.00000e+00
	 8.17427e+01	-4.51703e-01	 1.00000e+02	 2.00000e+00
	 8.40172e+01	-4.80730e-01	 1.00000e+02	 2.00000e+00
	 8.77746e+01	-4.83318e-01	 1.00000e+02	 2.00000e+00
	 8.47511e+01	-4.58348e-01	 1.00000e+02	 2.00000e+00
	 8.85263e+01	-5.09597e-01	 1.00000e+02	 2.00000e+00
	 8.02500e+01	-4.33013e-01	 1.00000e+02	 2.00000e+00
	 7.42507e+01	-4.37551e-01	 1.00000e+02	 2.00000e+00
	 8.10000e+01	-4.33013e-01	 1.00000e+02	 2.00000e+00
	 7.27486e+01	-4.94993e-01	 1.00000e+02	 2.00000e+00
	 7.04927e+01	-4.85584e-01	 1.00000e+02	 2.00000e+00
	 7.35026e+01	-4.75657e-01	 1.00000e+02	 2.00000e+00
	 5.92808e+01	-4.28627e-01	 1.00000e+02	 2.00000e+00
	 6.67329e+01	-4.37469e-01	 1.00000e+02	 2.00000e+00
	 6.14517e+01	-4.82433e-01	 1.00000e+02	 2.00000e+00
	 5.77544e+01	-4.51589e-01	 1.00000e+02	 2.00000e+00
	 5.85110e+01	-4.54164e-01	 1.00000e+02	 2.00000e+00
	 5.02575e+01	-4.28520e-01	 1.00000e+02	 2.00000e+00
	 4.80049e+01	-4.35848e-01	 1.00000e+02	 2.00000e+00
	 4.65344e+01	-4.63268e-01	 1.00000e+02	 2.00000e+00
	 4.05173e+01	-4.35275e-01	 1.00000e+02	 2.00000e+00
	 4.72709e+01	-4.42591e-01	 1.00000e+02	 2.00000e+00
	 3.90023e+01	-4.58117e-01	 1.00000e+02	 2.00000e+00
	 6.93504e+01	-6.85556e+00	 1.00000e+02	 2.00000e+00
	 3.97525e+01	-4.32336e-01	 1.00000e+02	 2.00000e+00
	 3.67169e+01	-4.67189e-01	 1.00000e+02	 2.00000e+00
	 2.92519e+01	-3.95328e-01	 1.00000e+02	 2.00000e+00
	 6.90000e+01	-4.32622e-01	 1.00000e+02	 2.00000e+00
	 6.97406e+01	-4.60544e-01	 1.00000e+02	 2.00000e+00
	 1.19873e+01	-2.85361e+00	 1.00000e+02	 2.00000e+00
	 3.00021e+01	-4.20982e-01	 1.00000e+02	 2.00000e+00
	 2.77562e+01	-4.44890e-01	 1.00000e+02	 2.00000e+00
	 2.55000e+01	-4.30588e-01	 1.00000e+02	 2.00000e+00
	 1.30496e+02	-4.73696e-01	 1.00000e+02	 2.00000e+00
	 2.85073e+01	-4.47337e-01	 1.00000e+02	 2.00000e+00
	 1.34450e+02	-8.01331e+00	 1.00000e+02	 2.00000e+00
	 8.09851e+00	-1.18654e+01	 1.00000e+02	 2.00000e+00
	 2.17465e+01	-4.24348e-01	 1.00000e+02	 2.00000e+00
	 2.40000e+01	-4.34268e-01	 1.00000e+02	 2.00000e+00
	 1.65133e+01	-4.60731e-01	 1.00000e+02	 2.00000e+00
	 5.15824e+01	-1.07132e+00	 1.00000e+02	 2.00000e+00
	 1.42606e+01	-4.41339e-01	 1.00000e+02	 2.00000e+00
	 1.29005e+02	-4.41269e-01	 1.00000e+02	 2.00000e+00
	 5.40131e+01	-3.98866e-01	 1.00000e+02	 2.00000e+00
	 2.47500e+01	-4.29837e-01	 1.00000e+02	 2.00000e+00
	 5.34601e+01	-1.33264e+01	 1.00000e+02	 2.00000e+00
	 8.42439e+01	-6.48943e+00	 1.00000e+02	 2.00000e+00
	 1.80085e+01	-4.47515e-01	 1.00000e+02	 2.00000e+00
	 1.29753e+02	-4.52017e-01	 1.00000e+02	 2.00000e+00
	 7.25549e+01	-7.51120e+00	 1.00000e+02	 2.00000e+00
	 5.25177e+00	-1.07257e+00	 1.00000e+02	 2.00000e+00
	 1.29838e+02	-1.80197e+01	 1.00000e+02	 2.00000e+00
	 1.03829e+02	-1.04415e+00	 1.00000e+02	 2.00000e+00
	 1.27607e+01	-4.53689e-01	 1.00000e+02	 2.00000e+00
	 7.72073e+01	-6.05062e+00	 1.00000e+02	 2.00000e+00
	 1.72717e+01	-4.77406e-01	 1.00000e+02	 2.00000e+00
	 1.33305e+02	-3.67560e+00	 1.00000e+02	 2.00000e+00
	 9.82800e+01	-8.88368e-01	 1.00000e+02	 2.00000e+00
	 9.40776e+01	-6.21859e+00	 1.00000e+02	 2.00000e+00
	 1.83728e+01	-4.12462e+00	 1.00000e+02	 2.00000e+00
	 1.36957e+02	-7.95634e+00	 1.00000e+02	 2.00000e+00
	 2.52178e+01	-1.32422e+01	 1.00000e+02	 2.00000e+00
	 1.31549e+02	-1.71611e+01	 1.00000e+02	 2.00000e+00
	 1.35061e+01	-4.36043e-01	 1.00000e+02	 2.00000e+00
	 3.40770e+01	-4.92870e+00	 1.00000e+02	 2.00000e+00
	 4.32642e+01	-2.35032e+01	 1.00000e+02	 2.00000e+00
	 3.11200e+01	-1.81289e-01	 1.00000e+02	 2.00000e+00
	 1.30155e+02	-1.19388e+00	 1.00000e+02	 2.00000e+00
	 1.39850e+02	-1.74930e-01	 1.00000e+02	 2.00000e+00
	 1.07809e+02	-1.58389e+00	 1.00000e+02	 2.00000e+00
	 4.03425e+01	-8.21808e+00	 1.00000e+02	 2.00000e+00
	 1.37625e+02	-2.16506e-01	 1.00000e+02	 2.00000e+00
	 1.02714e+02	-8.20378e-01	 1.00000e+02	 2.00000e+00
	 1.16699e+02	-1.37210e+00	 1.00000e+02	 2.00000e+00
	 1.12882e+02	-1.40354e+00	 1.00000e+02	 2.00000e+00
	 2.02630e+01	-3.82818e-01	 1.00000e+02	 2.00000e+00
	 1.20464e+02	-1.35332e+00	 1.00000e+02	 2.00000e+00
	 1.06057e+02	-9.56028e-01	 1.00000e+02	 2.00000e+00
	 3.12526e+01	-1.32084e+01	 1.00000e+02	 2.00000e+00
	 2.09965e+01	-4.21990e-01	 1.00000e+02	 2.00000e+00
	 4.00242e+01	-1.50246e+00	 1.00000e+02	 2.00000e+00
	 9.48987e+01	-1.61174e+00	 1.00000e+02	 2.00000e+00
	 4.90095e+01	-4.04574e+00	 1.00000e+02	 2.00000e+00
	 1.04295e+02	-4.55295e-01	 1.00000e+02	 2.00000e+00
	 6.52636e+01	-1.04454e+00	 1.00000e+02	 2.00000e+00
	 4.12649e+01	-4.24422e-01	 1.00000e+02	 2.00000e+00
	 4.19878e+01	-4.42746e-01	 1.00000e+02	 2.00000e+00
	 7.79464e+01	-4.37003e-01	 1.00000e+02	 2.00000e+00
	-1.74594e+00	-4.64095e-01	 1.00000e+02	 2.00000e+00
	 2.15400e+01	-1.21452e+01	 1.00000e+02	 2.00000e+00
	 4.09694e+01	-1.76772e+01	 1.00000e+02	 2.00000e+00
	 1.31109e+02	-1.03926e+01	 1.00000e+02	 2.00000e+00
	 1.32428e+02	-1.06719e+00	 1.00000e+02	 2.00000e+00
	 1.06489e+02	-3.93904e-01	 1.00000e+02	 2.00000e+00
	 1.05004e+01	-4.65094e-01	 1.00000e+02	 2.00000e+00
	 3.05034e+01	-5.06272e+00	 1.00000e+02	 2.00000e+00
	 9.55523e+01	-6.23513e+00	 1.00000e+02	 2.00000e+00
	 5.94726e+01	-4.46885e+00	 1.00000e+02	 2.00000e+00
	 5.17529e+01	-3.77215e-01	 1.00000e+02	 2.00000e+00
	 5.10109e+01	-4.52852e-01	 1.00000e+02	 2.00000e+00
	 1.34961e+02	-5.37580e-01	 1.00000e+02	 2.00000e+00
	 6.05945e+01	-7.98362e-01	 1.00000e+02	 2.00000e+00
	 5.74492e+01	-1.65629e+00	 1.00000e+02	 2.00000e+00
	 1.25793e+02	-8.27260e-01	 1.00000e+02	 2.00000e+00
	 1.27473e+02	-2.30654e+00	 1.00000e+02	 2.00000e+00
	 3.52704e+01	-4.17210e-01	 1.00000e+02	 2.00000e+00
	 7.59105e+01	-1.84299e+00	 1.00000e+02	 2.00000e+00
	 1.46983e+02	-6.13978e+00	 1.00000e+02	 2.00000e+00
	 9.85866e+00	-1.19391e+01	 1.00000e+02	 2.00000e+00
	 3.59945e+01	-4.00339e-01	 1.00000e+02	 2.00000e+00
	 2.51682e+01	-5.23785e+00	 1.00000e+02	 2.00000e+00
	 1.39125e+02	-2.16506e-01	 1.00000e+02	 2.00000e+00
	 1.37785e+02	-5.67922e+00	 1.00000e+02	 2.00000e+00
	 1.18439e+02	-9.87966e-01	 1.00000e+02	 2.00000e+00
	 1.01986e+02	-8.89327e-01	 1.00000e+02	 2.00000e+00
	 7.94582e+01	-9.38448e-01	 1.00000e+02	 2.00000e+00
	 7.57493e+01	-8.93945e-01	 1.00000e+02	 2.00000e+00
	 7.27365e+01	-9.97017e-01	 1.00000e+02	 2.00000e+00
	 5.69842e+01	-9.29780e-01	 1.00000e+02	 2.00000e+00
	 4.80049e+01	-8.97362e-01	 1.00000e+02	 2.00000e+00
	 1.24262e+02	-1.34667e+00	 1.00000e+02	 2.00000e+00
	 1.22194e+02	-9.79316e-01	 1.00000e+02	 2.00000e+00
	 2.27230e+01	-1.63599e+00	 1.00000e+02	 2.00000e+00
	 5.07904e+00	-3.19817e+00	 1.00000e+02	 2.00000e+00
	 8.20719e+00	-1.97057e+00	 1.00000e+02	 2.00000e+00
	 2.98093e+01	-2.26827e+01	 1.00000e+02	 2.00000e+00
	 1.20313e+01	-9.47559e-01	 1.00000e+02	 2.00000e+00
	 4.42500e+01	-4.12969e-01	 1.00000e+02	 2.00000e+00
	 2.77570e+01	-9.06273e-01	 1.00000e+02	 2.00000e+00
	 1.28671e+02	-1.18320e+01	 1.00000e+02	 2.00000e+00
	 3.25470e+01	-5.28081e+00	 1.00000e+02	 2.00000e+00
	 1.16002e+02	-4.39493e+00	 1.00000e+02	 2.00000e+00
	 1.04549e+02	-4.43968e+00	 1.00000e+02	 2.00000e+00
	 2.54996e+01	-8.97732e-01	 1.00000e+02	 2.00000e+00
	 2.32311e+01	-9.14257e-01	 1.00000e+02	 2.00000e+00
	 1.13438e+02	-4.31095e+00	 1.00000e+02	 2.00000e+00
	 1.10905e+02	-4.30473e+00	 1.00000e+02	 2.00000e+00
	 1.08406e+02	-4.44789e+00	 1.00000e+02	 2.00000e+00
	 1.01953e+02	-4.47484e+00	 1.00000e+02	 2.00000e+00
	 9.94283e+01	-4.43984e+00	 1.00000e+02	 2.00000e+00
	 1.19738e+02	-4.20069e+00	 1.00000e+02	 2.00000e+00
	 1.17254e+02	-4.26088e+00	 1.00000e+02	 2.00000e+00
	 1.05821e+02	-4.42926e+00	 1.00000e+02	 2.00000e+00
	 1.22184e+02	-4.17409e+00	 1.00000e+02	 2.00000e+00
	 5.62941e+01	-2.87522e+00	 1.00000e+02	 2.00000e+00
	 8.35243e+01	-5.17131e+00	 1.00000e+02	 2.00000e+00
	 3.74974e+01	-9.64139e-01	 1.00000e+02	 2.00000e+00
	 3.14732e+01	-4.00111e-01	 1.00000e+02	 2.00000e+00
	 1.90000e+00	-1.79952e-01	 1.00000e+02	 2.00000e+00
	 3.07451e+01	-4.23449e-01	 1.00000e+02	 2.00000e+00
	 1.09861e+02	-1.81913e-01	 1.00000e+02	 2.00000e+00
	 8.36264e+01	-6.96397e+00	 1.00000e+02	 2.00000e+00
	 1.21807e+02	-1.15691e+01	 1.00000e+02	 2.00000e+00
	 1.14676e+02	-1.00725e+00	 1.00000e+02	 2.00000e+00
	 1.08491e+02	-1.12228e+01	 1.00000e+02	 2.00000e+00
	 1.15093e+02	-1.13847e+01	 1.00000e+02	 2.00000e+00
	 1.03972e+02	-1.12695e+01	 1.00000e+02	 2.00000e+00
	 7.11778e+00	-2.85215e-01	 1.00000e+02	 2.00000e+00
	-1.46824e+00	-7.99856e+00	 1.00000e+02	 2.00000e+00
	 1.33148e+02	-1.44277e+01	 1.00000e+02	 2.00000e+00
	 1.87930e+01	-9.49355e-01	 1.00000e+02	 2.00000e+00
	 6.48602e+01	-2.03799e+01	 1.00000e+02	 2.00000e+00
	 1.05315e+01	-1.34708e+01	 1.00000e+02	 2.00000e+00
	 1.20385e+02	-1.82269e-01	 1.00000e+02	 2.00000e+00
	 9.68721e+01	-4.49834e+00	 1.00000e+02	 2.00000e+00
	 1.38375e+02	-2.29667e-01	 1.00000e+02	 2.00000e+00
	 6.03746e+01	-1.77230e-01	 1.00000e+02	 2.00000e+00
	 1.65133e+01	-9.22769e-01	 1.00000e+02	 2.00000e+00
	 1.10232e+02	-3.88103e-01	 1.00000e+02	 2.00000e+00
	 6.22551e+01	-9.54996e-01	 1.00000e+02	 2.00000e+00
	 1.45799e+01	-1.84760e+01	 1.00000e+02	 2.00000e+00
	 1.24143e+02	-1.81555e-01	 1.00000e+02	 2.00000e+00
	 3.93028e+00	-8.87703e-01	 1.00000e+02	 2.00000e+00
	 6.60618e+01	-4.70740e+00	 1.00000e+02	 2.00000e+00
	 1.19576e+02	-1.14391e+01	 1.00000e+02	 2.00000e+00
	 6.37790e+00	-2.17772e-01	 1.00000e+02	 2.00000e+00
	 1.20010e+02	-3.98776e-01	 1.00000e+02	 2.00000e+00
	 1.70462e+01	-1.36507e+01	 1.00000e+02	 2.00000e+00
	 6.00238e+01	-3.81751e-01	 1.00000e+02	 2.00000e+00
	 6.07249e+01	-3.93176e-01	 1.00000e+02	 2.00000e+00
	 1.29707e+02	-2.36499e+01	 1.00000e+02	 2.00000e+00
	 8.21483e+01	-5.12583e+00	 1.00000e+02	 2.00000e+00
	 1.25757e+01	-1.83283e+01	 1.00000e+02	 2.00000e+00
	 8.62497e+01	-5.24708e+00	 1.00000e+02	 2.00000e+00
	 8.90446e+01	-5.52740e+00	 1.00000e+02	 2.00000e+00
	 9.19240e+01	-5.66552e+00	 1.00000e+02	 2.00000e+00
	 1.23768e+02	-3.98061e-01	 1.00000e+02	 2.00000e+00
	 1.16260e+02	-4.00518e-01	 1.00000e+02	 2.00000e+00
	 1.16635e+02	-1.84011e-01	 1.00000e+02	 2.00000e+00
	 4.94725e+01	-4.64967e+00	 1.00000e+02	 2.00000e+00
	 5.81353e+00	-2.04976e+00	 1.00000e+02	 2.00000e+00
	 4.05173e+01	-8.92457e-01	 1.00000e+02	 2.00000e+00
	 7.64876e+01	-4.29884e-01	 1.00000e+02	 2.00000e+00
	 4.61634e+01	-4.49451e+00	 1.00000e+02	 2.00000e+00
	 1.24702e+02	-4.18875e+00	 1.00000e+02	 2.00000e+00
	 1.20596e+02	-1.35589e+01	 1.00000e+02	 2.00000e+00
	 6.62004e+01	-2.73010e+01	 1.00000e+02	 2.00000e+00
	 9.14827e+01	-1.01211e+00	 1.00000e+02	 2.00000e+00
	 7.81712e+01	-1.15565e+00	 1.00000e+02	 2.00000e+00
	 5.64384e+00	-2.59501e-01	 1.00000e+02	 2.00000e+00
	 1.12514e+02	-3.85842e-01	 1.00000e+02	 2.00000e+00
	 2.63716e+00	-2.50420e-01	 1.00000e+02	 2.00000e+00
	 8.62406e+01	-1.22864e+01	 1.00000e+02	 2.00000e+00
	 7.68633e+01	-2.13945e-01	 1.00000e+02	 2.00000e+00
	 7.13579e+01	-2.75781e+01	 1.00000e+02	 2.00000e+00
	 3.59368e+01	-1.59455e+00	 1.00000e+02	 2.00000e+00
	 1.29991e+02	-1.26610e+01	 1.00000e+02	 2.00000e+00
	 1.00853e+02	-2.31806e+01	 1.00000e+02	 2.00000e+00
	 7.94177e+01	-4.93697e+00	 1.00000e+02	 2.00000e+00
	 4.85793e+00	-2.55608e-01	 1.00000e+02	 2.00000e+00
	 6.12977e+01	-2.18817e+01	 1.00000e+02	 2.00000e+00
	 5.99845e+01	-5.05712e+00	 1.00000e+02	 2.00000e+00
	 2.02193e+01	-7.97120e-01	 1.00000e+02	 2.00000e+00
	 7.14085e+01	-5.46644e+00	 1.00000e+02	 2.00000e+00
	 7.42956e+01	-5.80299e+00	 1.00000e+02	 2.00000e+00
	 9.90326e+01	-3.63324e-01	 1.00000e+02	 2.00000e+00
	 9.97401e+01	-3.58746e-01	 1.00000e+02	 2.00000e+00
	 4.82892e+01	-4.17214e+00	 1.00000e+02	 2.00000e+00
	 5.89221e+01	-6.93328e+00	 1.00000e+02	 2.00000e+00
	 1.10966e+02	-8.62013e-01	 1.00000e+02	 2.00000e+00
	 8.09923e+01	-8.95384e-01	 1.00000e+02	 2.00000e+00
	 3.64179e+01	-1.69234e+00	 1.00000e+02	 2.00000e+00
	 4.81901e+01	-4.92391e+00	 1.00000e+02	 2.00000e+00
	 1.12885e+02	-1.83726e-01	 1.00000e+02	 2.00000e+00
	 7.50119e+01	-1.85891e+00	 1.00000e+02	 2.00000e+00
	 5.54480e+01	-3.64855e-01	 1.00000e+02	 2.00000e+00
	 4.13137e+00	-1.90552e-01	 1.00000e+02	 2.00000e+00
	 6.53132e+01	-3.57398e-01	 1.00000e+02	 2.00000e+00
	 6.59865e+01	-3.62364e-01	 1.00000e+02	 2.00000e+00
	 4.37951e+01	-2.07080e+00	 1.00000e+02	 2.00000e+00
	 7.26433e+01	-1.29396e+01	 1.00000e+02	 2.00000e+00
	 7.74587e+01	-1.39187e+01	 1.00000e+02	 2.00000e+00
	 4.39061e+00	-8.91528e-01	 1.00000e+02	 2.00000e+00
	 2.39512e+01	-1.95961e+01	 1.00000e+02	 2.00000e+00
	 1.71670e+01	-6.68939e+00	 1.00000e+02	 2.00000e+00
	 1.02736e+02	-4.15788e-01	 1.00000e+02	 2.00000e+00
	 9.79178e+01	-1.81064e+00	 1.00000e+02	 2.00000e+00
	 8.65084e+00	-2.51747e-01	 1.00000e+02	 2.00000e+00
	 7.64973e+01	-2.62774e+00	 1.00000e+02	 2.00000e+00
	 5.73223e+01	-2.23029e+01	 1.00000e+02	 2.00000e+00
	 2.60942e+01	-2.29089e+01	 1.00000e+02	 2.00000e+00
	 1.13940e+02	-4.08287e-01	 1.00000e+02	 2.00000e+00
	 7.64731e+01	-8.48553e-01	 1.00000e+02	 2.00000e+00
	 1.25199e+02	-3.27746e-01	 1.00000e+02	 2.00000e+00
	 1.05044e+02	-4.02385e-01	 1.00000e+02	 2.00000e+00
	 1.21452e+02	-3.91753e-01	 1.00000e+02	 2.00000e+00
	 1.08819e+02	-3.38981e-01	 1.00000e+02	 2.00000e+00
	 5.87126e+01	-4.65356e+00	 1.00000e+02	 2.00000e+00
	 1.17700e+02	-3.98761e-01	 1.00000e+02	 2.00000e+00
	 9.25542e+01	-7.08788e+00	 1.00000e+02	 2.00000e+00
	-5.47109e-01	-2.49629e-01	 1.00000e+02	 2.00000e+00
	 8.06571e+01	-6.80255e+00	 1.00000e+02	 2.00000e+00
	 3.39760e+00	-2.51783e-01	 1.00000e+02	 2.00000e+00
	 4.49566e+01	-9.35252e-01	 1.00000e+02	 2.00000e+00
	 1.43035e+02	-3.17293e-01	 1.00000e+02	 2.00000e+00
	 5.86487e+01	-1.90935e+01	 1.00000e+02	 2.00000e+00
	 5.47480e+01	-3.47358e-01	 1.00000e+02	 2.00000e+00
	 3.12784e+01	-1.10497e+01	 1.00000e+02	 2.00000e+00
	 9.30273e+01	-9.33626e-01	 1.00000e+02	 2.00000e+00
	 9.00164e+01	-1.01785e+00	 1.00000e+02	 2.00000e+00
	 9.73744e+00	-4.07191e-01	 1.00000e+02	 2.00000e+00
	 1.07180e+01	-5.30650e+00	 1.00000e+02	 2.00000e+00
	 9.62648e+01	-5.78096e+00	 1.00000e+02	 2.00000e+00
	-2.13640e+00	-2.58840e+01	 1.00000e+02	 2.00000e+00
	 6.07587e+01	-1.55343e+00	 1.00000e+02	 2.00000e+00
	 6.79598e+01	-1.21116e+01	 1.00000e+02	 2.00000e+00
	 6.02859e+01	-1.82900e+01	 1.00000e+02	 2.00000e+00
	 1.28031e+02	-3.34190e+00	 1.00000e+02	 2.00000e+00
	 1.35780e+02	-4.75784e-01	 1.00000e+02	 2.00000e+00
	 5.92227e+01	-1.27685e+01	 1.00000e+02	 2.00000e+00
	 1.32251e+02	-9.63970e+00	 1.00000e+02	 2.00000e+00
	 9.67353e+01	-8.87992e-01	 1.00000e+02	 2.00000e+00
	 3.36864e+01	-1.44923e+01	 1.00000e+02	 2.00000e+00
	 3.81117e+01	-1.65308e+01	 1.00000e+02	 2.00000e+00
	 1.32757e+02	-3.99942e-01	 1.00000e+02	 2.00000e+00
	 1.36803e+02	-1.91130e+01	 1.00000e+02	 2.00000e+00
	 4.10562e+01	-4.68640e+00	 1.00000e+02	 2.00000e+00
	 7.16056e+01	-2.15789e+01	 1.00000e+02	 2.00000e+00
	 1.27396e+01	-2.09909e+00	 1.00000e+02	 2.00000e+00
	 7.11262e+01	-1.50650e+01	 1.00000e+02	 2.00000e+00
	 3.60807e+01	-4.89802e+00	 1.00000e+02	 2.00000e+00
	 1.33097e+02	-1.33836e+00	 1.00000e+02	 2.00000e+00
	 5.49096e+01	-1.38786e+01	 1.00000e+02	 2.00000e+00
	 7.72167e+01	-4.23607e-01	 1.00000e+02	 2.00000e+00
	 1.43963e+02	-4.61961e+00	 1.00000e+02	 2.00000e+00
	 2.65915e+01	-5.89070e+00	 1.00000e+02	 2.00000e+00
	 1.34180e+02	-4.14931e-01	 1.00000e+02	 2.00000e+00
	 2.30378e+01	-1.79153e+01	 1.00000e+02	 2.00000e+00
	 8.07534e+01	-2.22364e+01	 1.00000e+02	 2.00000e+00
	 5.07379e+01	-1.29859e+01	 1.00000e+02	 2.00000e+00
	 1.15375e+02	-4.78917e+00	 1.00000e+02	 2.00000e+00
	 1.03917e+02	-4.85591e+00	 1.00000e+02	 2.00000e+00
	 1.12774e+02	-4.80924e+00	 1.00000e+02	 2.00000e+00
	 1.10317e+02	-4.71588e+00	 1.00000e+02	 2.00000e+00
	 1.07769e+02	-4.86496e+00	 1.00000e+02	 2.00000e+00
	 1.01318e+02	-4.80025e+00	 1.00000e+02	 2.00000e+00
	 1.19140e+02	-4.68916e+00	 1.00000e+02	 2.00000e+00
	 9.87890e+01	-4.83420e+00	 1.00000e+02	 2.00000e+00
	 1.22727e+02	-4.64381e+00	 1.00000e+02	 2.00000e+00
	 6.37958e+01	-9.70416e-01	 1.00000e+02	 2.00000e+00
	 1.14071e+02	-4.68713e+00	 1.00000e+02	 2.00000e+00
	 1.11502e+02	-4.79804e+00	 1.00000e+02	 2.00000e+00
	 1.09094e+02	-4.85290e+00	 1.00000e+02	 2.00000e+00
	 1.02600e+02	-4.87564e+00	 1.00000e+02	 2.00000e+00
	 1.00074e+02	-4.75430e+00	 1.00000e+02	 2.00000e+00
	 1.20338e+02	-4.58120e+00	 1.00000e+02	 2.00000e+00
	 1.21530e+02	-4.56606e+00	 1.00000e+02	 2.00000e+00
	 1.17914e+02	-4.74062e+00	 1.00000e+02	 2.00000e+00
	 1.06458e+02	-4.83745e+00	 1.00000e+02	 2.00000e+00
	 8.41856e+01	-5.63357e+00	 1.00000e+02	 2.00000e+00
	 1.26342e+02	-1.15587e+01	 1.00000e+02	 2.00000e+00
	 1.16220e+02	-1.19539e+01	 1.00000e+02	 2.00000e+00
	 1.05097e+02	-1.19763e+01	 1.00000e+02	 2.00000e+00
	 1.07402e+02	-1.19135e+01	 1.00000e+02	 2.00000e+00
	 1.13904e+02	-1.20160e+01	 1.00000e+02	 2.00000e+00
	 1.02853e+02	-1.18578e+01	 1.00000e+02	 2.00000e+00
	 1.44542e+02	-2.56890e+01	 1.00000e+02	 2.00000e+00
	 9.75186e+01	-4.88725e+00	 1.00000e+02	 2.00000e+00
	 1.22919e+02	-1.22854e+01	 1.00000e+02	 2.00000e+00
	 2.12012e+01	-1.78617e+01	 1.00000e+02	 2.00000e+00
	 3.55738e+01	-1.28434e+01	 1.00000e+02	 2.00000e+00
	 5.89301e+01	-1.14484e+00	 1.00000e+02	 2.00000e+00
	 1.42153e+02	-1.00819e+01	 1.00000e+02	 2.00000e+00
	 8.69205e+01	-5.72282e+00	 1.00000e+02	 2.00000e+00
	 8.97262e+01	-6.01340e+00	 1.00000e+02	 2.00000e+00
	 9.26187e+01	-6.15076e+00	 1.00000e+02	 2.00000e+00
	 1.18459e+02	-1.19801e+01	 1.00000e+02	 2.00000e+00
	 1.25543e+02	-2.59662e+01	 1.00000e+02	 2.00000e+00
	 1.23992e+02	-4.66867e+00	 1.00000e+02	 2.00000e+00
	 4.03040e+01	-1.45958e+01	 1.00000e+02	 2.00000e+00
	 8.14457e+01	-5.51511e+00	 1.00000e+02	 2.00000e+00
	 8.55285e+01	-5.62977e+00	 1.00000e+02	 2.00000e+00
	 9.62255e+01	-4.91717e+00	 1.00000e+02	 2.00000e+00
	 8.83106e+01	-5.92307e+00	 1.00000e+02	 2.00000e+00
	 3.90276e+01	-9.35456e-01	 1.00000e+02	 2.00000e+00
	 9.11750e+01	-6.07898e+00	 1.00000e+02	 2.00000e+00
	 8.73687e+01	-1.32295e+01	 1.00000e+02	 2.00000e+00
	 4.60513e+01	-1.15783e+01	 1.00000e+02	 2.00000e+00
	 1.83112e+01	-1.43869e+01	 1.00000e+02	 2.00000e+00
	 1.32873e+02	-1.26907e+01	 1.00000e+02	 2.00000e+00
	 1.27777e+02	-2.08552e+01	 1.00000e+02	 2.00000e+00
	 7.40514e+01	-7.67310e+00	 1.00000e+02	 2.00000e+00
	 8.00674e+01	-5.40314e+00	 1.00000e+02	 2.00000e+00
	 2.23086e+01	-2.77754e+00	 1.00000e+02	 2.00000e+00
	 4.35660e+00	-3.42275e+00	 1.00000e+02	 2.00000e+00
	 7.20528e+01	-5.98658e+00	 1.00000e+02	 2.00000e+00
	 7.49633e+01	-6.34008e+00	 1.00000e+02	 2.00000e+00
	 1.38937e+02	-1.25445e+01	 1.00000e+02	 2.00000e+00
	 2.89181e+01	-2.07534e+01	 1.00000e+02	 2.00000e+00
	 3.64563e+01	-1.39989e+01	 1.00000e+02	 2.00000e+00
	 1.03652e+02	-2.13722e+01	 1.00000e+02	 2.00000e+00
	 8.50277e+01	-1.29307e+01	 1.00000e+02	 2.00000e+00
	 4.75458e+01	-1.54496e+00	 1.00000e+02	 2.00000e+00
	 1.06381e+02	-1.41275e+01	 1.00000e+02	 2.00000e+00
	 9.03563e+01	-7.46364e+00	 1.00000e+02	 2.00000e+00
	 9.93818e+01	-1.58341e-01	 1.00000e+02	 2.00000e+00
	 7.37854e+01	-1.37404e+01	 1.00000e+02	 2.00000e+00
	 3.20666e+01	-1.21041e+01	 1.00000e+02	 2.00000e+00
	 6.67186e+01	-5.24679e+00	 1.00000e+02	 2.00000e+00
	 1.25259e+02	-4.65363e+00	 1.00000e+02	 2.00000e+00
	 6.02345e+01	-1.38116e+01	 1.00000e+02	 2.00000e+00
	 1.37085e+02	-9.54166e+00	 1.00000e+02	 2.00000e+00
	 1.02405e+02	-2.28769e+01	 1.00000e+02	 2.00000e+00
	 6.11955e+01	-1.69185e+00	 1.00000e+02	 2.00000e+00
	 1.03491e+02	-4.13940e-01	 1.00000e+02	 2.00000e+00
	 7.05894e+01	-5.76572e+00	 1.00000e+02	 2.00000e+00
	 7.35238e+01	-6.15101e+00	 1.00000e+02	 2.00000e+00
	 6.90110e+01	-1.30150e+01	 1.00000e+02	 2.00000e+00
	 7.86954e+01	-5.31250e+00	 1.00000e+02	 2.00000e+00
	 9.96516e+01	-2.16511e+01	 1.00000e+02	 2.00000e+00
	 1.04863e+01	-9.23386e-01	 1.00000e+02	 2.00000e+00
	 4.69009e+01	-1.26390e+01	 1.00000e+02	 2.00000e+00
	 3.65355e+01	-5.58087e+00	 1.00000e+02	 2.00000e+00
	 7.13399e+01	-1.34892e+01	 1.00000e+02	 2.00000e+00
	 7.61596e+01	-1.43050e+01	 1.00000e+02	 2.00000e+00
	 4.16453e+01	-5.27753e+00	 1.00000e+02	 2.00000e+00
	 7.12387e+01	-9.78357e-01	 1.00000e+02	 2.00000e+00
	 9.75699e+01	-5.68466e+00	 1.00000e+02	 2.00000e+00
	 1.33132e+02	-1.83436e-01	 1.00000e+02	 2.00000e+00
	 2.69369e+01	-2.09526e+01	 1.00000e+02	 2.00000e+00
	 1.05741e+02	-3.40362e-01	 1.00000e+02	 2.00000e+00
	 5.51102e+01	-1.56369e-01	 1.00000e+02	 2.00000e+00
	 1.38649e+02	-1.03810e+01	 1.00000e+02	 2.00000e+00
	 5.78836e+01	-1.33568e+01	 1.00000e+02	 2.00000e+00
	 2.65939e+01	-2.08962e+00	 1.00000e+02	 2.00000e+00
	 1.06684e+01	-7.15433e+00	 1.00000e+02	 2.00000e+00
	 4.13947e+01	-1.59351e+01	 1.00000e+02	 2.00000e+00
	 6.67157e+01	-1.26451e+01	 1.00000e+02	 2.00000e+00
	 1.38681e+02	-4.85289e+00	 1.00000e+02	 2.00000e+00
	 4.92536e+01	-1.34487e+01	 1.00000e+02	 2.00000e+00
	 6.58927e+01	-7.30518e-01	 1.00000e+02	 2.00000e+00
	 1.24326e+02	-2.26569e+01	 1.00000e+02	 2.00000e+00
	 1.36495e+02	-4.35194e-01	 1.00000e+02	 2.00000e+00
	 6.56366e+01	-1.55417e-01	 1.00000e+02	 2.00000e+00
	 3.41901e+01	-1.30845e+01	 1.00000e+02	 2.00000e+00
	 3.53351e+01	-5.16521e+00	 1.00000e+02	 2.00000e+00
	 3.88136e+01	-1.48671e+01	 1.00000e+02	 2.00000e+00
	 4.03660e+01	-4.99684e+00	 1.00000e+02	 2.00000e+00
	 1.06876e+02	-1.51096e+00	 1.00000e+02	 2.00000e+00
	 1.16668e+02	-4.75480e+00	 1.00000e+02	 2.00000e+00
	 1.05184e+02	-4.85465e+00	 1.00000e+02	 2.00000e+00
	 2.22076e+01	-1.79484e+00	 1.00000e+02	 2.00000e+00
	 1.03064e+02	-1.02908e+00	 1.00000e+02	 2.00000e+00
	 1.25198e+02	-1.22131e+01	 1.00000e+02	 2.00000e+00
	 7.64356e+01	-6.44812e+00	 1.00000e+02	 2.00000e+00
	 2.56880e+01	-5.95199e+00	 1.00000e+02	 2.00000e+00
	 4.48003e+01	-1.19091e+01	 1.00000e+02	 2.00000e+00
	 1.29585e+02	-1.99231e+01	 1.00000e+02	 2.00000e+00
	 1.11663e+02	-1.18224e+01	 1.00000e+02	 2.00000e+00
	 1.26717e+02	-5.40231e+00	 1.00000e+02	 2.00000e+00
	 9.96401e+01	-7.45062e-01	 1.00000e+02	 2.00000e+00
	 1.83027e+01	-1.90862e+01	 1.00000e+02	 2.00000e+00
	 8.28353e+01	-5.58817e+00	 1.00000e+02	 2.00000e+00
	 9.45889e+01	-1.37020e+01	 1.00000e+02	 2.00000e+00
	 9.69629e+01	-6.15954e+00	 1.00000e+02	 2.00000e+00
	 1.40598e+02	-2.38378e-01	 1.00000e+02	 2.00000e+00
	 1.20675e+02	-1.21846e+01	 1.00000e+02	 2.00000e+00
	 7.78862e+01	-8.52996e-01	 1.00000e+02	 2.00000e+00
	 1.39912e+02	-5.11277e+00	 1.00000e+02	 2.00000e+00
	 7.86137e+01	-6.18733e+00	 1.00000e+02	 2.00000e+00
	 6.53025e+01	-1.86431e+00	 1.00000e+02	 2.00000e+00
	 1.27479e+02	-1.23831e+01	 1.00000e+02	 2.00000e+00
	 9.22622e+01	-1.36130e+01	 1.00000e+02	 2.00000e+00
	 1.24056e+02	-5.45069e+00	 1.00000e+02	 2.00000e+00
	 7.78694e+01	-6.56045e+00	 1.00000e+02	 2.00000e+00
	 1.03115e+02	-2.07523e-01	 1.00000e+02	 2.00000e+00
	 1.33864e+02	-1.63298e-01	 1.00000e+02	 2.00000e+00
	 5.98745e+01	-2.23032e+01	 1.00000e+02	 2.00000e+00
	 5.95999e+01	-7.24379e+00	 1.00000e+02	 2.00000e+00
	 8.13673e+01	-1.10379e+00	 1.00000e+02	 2.00000e+00
	 2.37411e+00	-2.34235e+00	 1.00000e+02	 2.00000e+00
	 9.18019e+01	-7.48062e+00	 1.00000e+02	 2.00000e+00
	 5.55892e+01	-1.27616e+01	 1.00000e+02	 2.00000e+00
	 3.45348e+01	-8.66738e-01	 1.00000e+02	 2.00000e+00
	 6.92951e+01	-5.42730e+00	 1.00000e+02	 2.00000e+00
	 1.37601e+02	-1.20777e+00	 1.00000e+02	 2.00000e+00
	 1.45322e+02	-2.58967e+00	 1.00000e+02	 2.00000e+00
	 9.01328e+00	-4.42431e-01	 1.00000e+02	 2.00000e+00
	 1.13618e+02	-1.55868e-01	 1.00000e+02	 2.00000e+00
	 1.32605e+02	-1.45570e+00	 1.00000e+02	 2.00000e+00
	 7.92722e+01	-6.63199e+00	 1.00000e+02	 2.00000e+00
	 1.10552e+02	-1.00805e+00	 1.00000e+02	 2.00000e+00
	-4.66178e+00	-2.72572e+01	 1.00000e+02	 2.00000e+00
	 1.47167e+02	-2.71377e+01	 1.00000e+02	 2.00000e+00
	 1.11112e+02	-1.79081e+00	 1.00000e+02	 2.00000e+00
	 1.01471e+02	-1.53746e+00	 1.00000e+02	 2.00000e+00
	 1.05375e+02	-1.53507e-01	 1.00000e+02	 2.00000e+00
	 9.00729e+01	-1.89622e+01	 1.00000e+02	 2.00000e+00
	 1.08783e+02	-1.37751e+01	 1.00000e+02	 2.00000e+00
	 1.15189e+00	-3.12764e-01	 1.00000e+02	 2.00000e+00
	 1.10627e+02	-1.11396e+01	 1.00000e+02	 2.00000e+00
	 1.70925e+01	-5.12860e+00	 1.00000e+02	 2.00000e+00
	 7.33798e+01	-7.03180e+00	 1.00000e+02	 2.00000e+00
	 3.15270e+01	-6.28550e+00	 1.00000e+02	 2.00000e+00
	 1.09145e+02	-1.45716e-01	 1.00000e+02	 2.00000e+00
	 2.68725e+01	-2.50066e+00	 1.00000e+02	 2.00000e+00
	 1.24271e+02	-9.12368e-01	 1.00000e+02	 2.00000e+00
	 1.31241e+02	-1.18946e+01	 1.00000e+02	 2.00000e+00
	 6.80481e+01	-5.33698e+00	 1.00000e+02	 2.00000e+00
	 6.81879e+01	-6.07949e+00	 1.00000e+02	 2.00000e+00
	 9.34522e+01	-1.28417e+01	 1.00000e+02	 2.00000e+00
	 5.77511e+01	-8.87509e-01	 1.00000e+02	 2.00000e+00
	 1.09505e+02	-3.27629e-01	 1.00000e+02	 2.00000e+00
	 1.17375e+02	-1.48879e-01	 1.00000e+02	 2.00000e+00
	 1.00476e+02	-8.38162e-01	 1.00000e+02	 2.00000e+00
	 1.41557e+02	-1.53436e+00	 1.00000e+02	 2.00000e+00
	 1.25984e+01	-2.71806e+00	 1.00000e+02	 2.00000e+00
	 1.13812e+02	-1.34081e+01	 1.00000e+02	 2.00000e+00
	 1.20469e+02	-9.11305e-01	 1.00000e+02	 2.00000e+00
	 6.08337e+01	-1.05774e+00	 1.00000e+02	 2.00000e+00
	 1.20760e+02	-3.26819e-01	 1.00000e+02	 2.00000e+00
	 1.37235e+02	-4.61863e-01	 1.00000e+02	 2.00000e+00
	 2.24766e+01	-8.73159e-01	 1.00000e+02	 2.00000e+00
	 1.17010e+02	-3.32890e-01	 1.00000e+02	 2.00000e+00
	 1.74984e+01	-1.21612e+01	 1.00000e+02	 2.00000e+00
	 2.05602e+01	-1.07104e+00	 1.00000e+02	 2.00000e+00
	 1.24512e+02	-3.23827e-01	 1.00000e+02	 2.00000e+00
	 1.21125e+02	-1.44549e-01	 1.00000e+02	 2.00000e+00
	 6.89833e+01	-6.12013e+00	 1.00000e+02	 2.00000e+00
	 1.09564e+02	-1.17543e+01	 1.00000e+02	 2.00000e+00
	 5.73656e+01	-1.13793e+00	 1.00000e+02	 2.00000e+00
	 1.13253e+02	-3.39594e-01	 1.00000e+02	 2.00000e+00
	 1.67306e+00	-2.97548e+00	 1.00000e+02	 2.00000e+00
	 1.24870e+02	-1.42272e-01	 1.00000e+02	 2.00000e+00
	 7.79735e+01	-1.62707e+00	 1.00000e+02	 2.00000e+00
	 1.27667e+02	-2.29074e+01	 1.00000e+02	 2.00000e+00
	 1.42520e+01	-8.57477e-01	 1.00000e+02	 2.00000e+00
	 8.00037e+01	-6.22333e+00	 1.00000e+02	 2.00000e+00
	-5.87036e+00	-7.92189e-01	 1.00000e+02	 2.00000e+00
	 1.26044e+02	-2.37572e+01	 1.00000e+02	 2.00000e+00
	 9.78699e+01	-1.08246e+00	 1.00000e+02	 2.00000e+00
	 3.29736e+01	-2.02909e+01	 1.00000e+02	 2.00000e+00
	 1.32206e+02	-4.25696e+00	 1.00000e+02	 2.00000e+00
	 1.42954e+02	-2.74371e+00	 1.00000e+02	 2.00000e+00
	 2.40067e+01	-8.87574e-01	 1.00000e+02	 2.00000e+00
	 3.45444e+01	-1.55873e+01	 1.00000e+02	 2.00000e+00
	 1.45179e+02	-7.99568e-01	 1.00000e+02	 2.00000e+00
	 2.28327e+01	-1.13287e+00	 1.00000e+02	 2.00000e+00
	 7.42735e+01	-8.63355e-01	 1.00000e+02	 2.00000e+00
	 6.16680e+01	-1.96973e+01	 1.00000e+02	 2.00000e+00
	 2.36128e+01	-1.14603e+00	 1.00000e+02	 2.00000e+00
	 1.10468e+02	-5.40369e+00	 1.00000e+02	 2.00000e+00
	 9.11174e+01	-6.95696e+00	 1.00000e+02	 2.00000e+00
	 7.53800e+01	-1.13171e+00	 1.00000e+02	 2.00000e+00
	 7.98547e+01	-1.12160e+00	 1.00000e+02	 2.00000e+00
	 1.40483e+02	-2.44773e+00	 1.00000e+02	 2.00000e+00
	 1.07303e+02	-8.59974e-01	 1.00000e+02	 2.00000e+00
	 5.32612e+01	-9.40389e-01	 1.00000e+02	 2.00000e+00
	 2.73423e+01	-1.09722e+00	 1.00000e+02	 2.00000e+00
	 2.19305e+01	-1.46320e+00	 1.00000e+02	 2.00000e+00
	 1.28297e+02	-5.45983e+00	 1.00000e+02	 2.00000e+00
	 7.68178e+01	-1.06450e+00	 1.00000e+02	 2.00000e+00
	 5.46381e+01	-1.16615e+01	 1.00000e+02	 2.00000e+00
	 1.43044e+02	-1.77756e+00	 1.00000e+02	 2.00000e+00
	 1.01614e+02	-1.08591e+00	 1.00000e+02	 2.00000e+00
	 8.17427e+01	-8.76618e-01	 1.00000e+02	 2.00000e+00
	 1.30496e+02	-9.01452e-01	 1.00000e+02	 2.00000e+00
	 1.28857e+02	-6.92151e+00	 1.00000e+02	 2.00000e+00
	 1.16710e+02	-9.24305e-01	 1.00000e+02	 2.00000e+00
	 4.72947e+01	-8.60186e-01	 1.00000e+02	 2.00000e+00
	 1.09760e+02	-8.91058e-01	 1.00000e+02	 2.00000e+00
	 1.39475e+02	-3.91436e-01	 1.00000e+02	 2.00000e+00
	 1.01708e+02	-1.82970e+00	 1.00000e+02	 2.00000e+00
	 1.06841e+02	-1.56276e+01	 1.00000e+02	 2.00000e+00
	 1.24005e+01	-1.72349e+00	 1.00000e+02	 2.00000e+00
	 9.39970e+01	-7.06824e+00	 1.00000e+02	 2.00000e+00
	 2.51193e+01	-1.08525e+00	 1.00000e+02	 2.00000e+00
	 1.06440e+02	-5.66231e+00	 1.00000e+02	 2.00000e+00
	 1.33495e+02	-3.46733e-01	 1.00000e+02	 2.00000e+00
	 1.04278e+02	-8.76070e-01	 1.00000e+02	 2.00000e+00
	 1.21561e+02	-5.32135e+00	 1.00000e+02	 2.00000e+00
	 1.41655e+02	-4.08852e+00	 1.00000e+02	 2.00000e+00
	 3.59306e+01	-1.53349e+01	 1.00000e+02	 2.00000e+00
	 1.02217e+02	-1.80965e+00	 1.00000e+02	 2.00000e+00
	 5.48232e+01	-7.29728e-01	 1.00000e+02	 2.00000e+00
	 1.00972e+02	-1.49665e+00	 1.00000e+02	 2.00000e+00
	 1.83985e+01	-1.11019e+00	 1.00000e+02	 2.00000e+00
	 1.38758e+02	-9.46766e-01	 1.00000e+02	 2.00000e+00
	 2.72537e+01	-1.55363e+00	 1.00000e+02	 2.00000e+00
	 7.62372e+01	-1.54346e+00	 1.00000e+02	 2.00000e+00
	 2.58722e+01	-1.06083e+00	 1.00000e+02	 2.00000e+00
	 5.93028e+01	-8.41717e-01	 1.00000e+02	 2.00000e+00
	 4.01275e+01	-1.07486e+00	 1.00000e+02	 2.00000e+00
	 4.56579e+01	-3.87413e+00	 1.00000e+02	 2.00000e+00
	 1.23730e+02	-6.89995e+00	 1.00000e+02	 2.00000e+00
	 1.38000e+02	-4.46174e-01	 1.00000e+02	 2.00000e+00
	 6.87406e+01	-4.95181e+00	 1.00000e+02	 2.00000e+00
	 9.71156e+01	-1.06665e+00	 1.00000e+02	 2.00000e+00
	 3.51938e+01	-5.93192e+00	 1.00000e+02	 2.00000e+00
	 7.50050e+01	-8.83444e-01	 1.00000e+02	 2.00000e+00
	 1.11339e+02	-1.04386e+00	 1.00000e+02	 2.00000e+00
	 7.71856e+01	-8.55493e-01	 1.00000e+02	 2.00000e+00
	 7.46501e+01	-2.26351e+01	 1.00000e+02	 2.00000e+00
	 1.06419e+02	-1.65909e+00	 1.00000e+02	 2.00000e+00
	 1.41977e+02	-3.06273e+00	 1.00000e+02	 2.00000e+00
	 1.33956e+02	-1.17513e+01	 1.00000e+02	 2.00000e+00
	 8.02452e+01	-8.54763e-01	 1.00000e+02	 2.00000e+00
	 2.64562e+00	-1.30034e+00	 1.00000e+02	 2.00000e+00
	 1.27520e+02	-5.76773e+00	 1.00000e+02	 2.00000e+00
	 1.61628e+01	-1.10574e+00	 1.00000e+02	 2.00000e+00
	 1.12107e+02	-9.94091e-01	 1.00000e+02	 2.00000e+00
	 7.61098e+01	-1.09611e+00	 1.00000e+02	 2.00000e+00
	 1.38750e+02	-4.46174e-01	 1.00000e+02	 2.00000e+00
	 9.34058e+01	-1.07853e+00	 1.00000e+02	 2.00000e+00
	 3.66446e+01	-1.67176e+01	 1.00000e+02	 2.00000e+00
	 1.39482e+01	-1.49748e+00	 1.00000e+02	 2.00000e+00
	 1.43674e+02	-8.74202e+00	 1.00000e+02	 2.00000e+00
	 7.60072e+01	-2.31494e+00	 1.00000e+02	 2.00000e+00
	 1.03461e+02	-8.30902e-01	 1.00000e+02	 2.00000e+00
	 1.41489e+02	-2.43083e-01	 1.00000e+02	 2.00000e+00
	 1.12498e+02	-7.89779e-01	 1.00000e+02	 2.00000e+00
	 9.74949e+01	-8.32741e-01	 1.00000e+02	 2.00000e+00
	 1.22459e+02	-2.36173e+01	 1.00000e+02	 2.00000e+00
	 1.03923e+02	-5.68465e+00	 1.00000e+02	 2.00000e+00
	 1.88699e+01	-1.20442e+01	 1.00000e+02	 2.00000e+00
	 1.05696e+02	-7.04546e-01	 1.00000e+02	 2.00000e+00
	 1.09803e+02	-1.30220e+01	 1.00000e+02	 2.00000e+00
	 5.83102e+01	-7.26941e+00	 1.00000e+02	 2.00000e+00
	 1.94401e+01	-1.33043e+01	 1.00000e+02	 2.00000e+00
	 1.35852e+02	-1.02125e+01	 1.00000e+02	 2.00000e+00
	 9.45060e+01	-8.67712e-01	 1.00000e+02	 2.00000e+00
	 3.41350e-01	-2.19285e-01	 1.00000e+02	 2.00000e+00
	 6.74568e+00	-5.02987e-01	 1.00000e+02	 2.00000e+00
	 1.29040e+02	-9.20685e-01	 1.00000e+02	 2.00000e+00
	 3.94003e+01	-1.09569e+00	 1.00000e+02	 2.00000e+00
	 1.80319e+01	-8.79697e-01	 1.00000e+02	 2.00000e+00
	 2.28716e+00	-4.30373e-01	 1.00000e+02	 2.00000e+00
	 1.16299e+02	-7.88076e-01	 1.00000e+02	 2.00000e+00
	 1.43651e+02	-6.28643e-01	 1.00000e+02	 2.00000e+00
	 1.32343e+01	-1.14267e+00	 1.00000e+02	 2.00000e+00
	-4.87670e+00	-6.05702e+00	 1.00000e+02	 2.00000e+00
	 6.02174e+00	-4.77273e-01	 1.00000e+02	 2.00000e+00
	 6.01169e+01	-6.48502e+00	 1.00000e+02	 2.00000e+00
	 1.31335e+01	-3.08385e+00	 1.00000e+02	 2.00000e+00
	 1.35536e+02	-1.17962e+01	 1.00000e+02	 2.00000e+00
	 1.06890e+02	-1.05042e+00	 1.00000e+02	 2.00000e+00
	-2.09081e+00	-2.35069e+01	 1.00000e+02	 2.00000e+00
	 2.47447e+01	-8.31434e-01	 1.00000e+02	 2.00000e+00
	 4.76538e+01	-1.09845e+00	 1.00000e+02	 2.00000e+00
	 5.25177e+00	-5.15109e-01	 1.00000e+02	 2.00000e+00
	 1.20055e+02	-7.78970e-01	 1.00000e+02	 2.00000e+00
	 1.01247e+02	-8.32300e-01	 1.00000e+02	 2.00000e+00
	 1.12901e+02	-9.46482e-01	 1.00000e+02	 2.00000e+00
	 1.05267e+02	-2.25316e+01	 1.00000e+02	 2.00000e+00
	 4.69661e+01	-1.10223e+00	 1.00000e+02	 2.00000e+00
	 3.97854e+01	-2.36678e+01	 1.00000e+02	 2.00000e+00
	 1.41324e+02	-2.36154e+00	 1.00000e+02	 2.00000e+00
	 1.02340e+02	-1.07895e+00	 1.00000e+02	 2.00000e+00
	 1.06475e+02	-7.98892e-01	 1.00000e+02	 2.00000e+00
	 7.46527e+01	-1.09274e+00	 1.00000e+02	 2.00000e+00
	 1.44725e+02	-5.75072e+00	 1.00000e+02	 2.00000e+00
	 4.48930e+00	-4.46160e-01	 1.00000e+02	 2.00000e+00
	 1.00866e+02	-1.04261e+00	 1.00000e+02	 2.00000e+00
	 3.03476e+00	-5.02204e-01	 1.00000e+02	 2.00000e+00
	 9.27223e+01	-1.76140e+00	 1.00000e+02	 2.00000e+00
	 8.06125e+01	-1.10063e+00	 1.00000e+02	 2.00000e+00
	 1.02461e+02	-1.51715e+00	 1.00000e+02	 2.00000e+00
	 4.72475e+01	-5.75070e+00	 1.00000e+02	 2.00000e+00
	 9.46943e+01	-7.60087e+00	 1.00000e+02	 2.00000e+00
	 4.65812e+00	-1.83846e+00	 1.00000e+02	 2.00000e+00
	 1.09444e+02	-6.81033e-01	 1.00000e+02	 2.00000e+00
	-1.06248e+00	-7.13724e-01	 1.00000e+02	 2.00000e+00
	 1.20799e+02	-6.75660e-01	 1.00000e+02	 2.00000e+00
	 1.23814e+02	-7.76466e-01	 1.00000e+02	 2.00000e+00
	 1.34920e+02	-9.78671e-01	 1.00000e+02	 2.00000e+00
	 1.10193e+02	-7.43844e-01	 1.00000e+02	 2.00000e+00
	 1.24595e+02	-6.76236e-01	 1.00000e+02	 2.00000e+00
	 1.41014e+02	-1.06371e+00	 1.00000e+02	 2.00000e+00
	 7.14170e+01	-2.35725e+01	 1.00000e+02	 2.00000e+00
	 9.84362e+01	-1.87013e+00	 1.00000e+02	 2.00000e+00
	-1.31989e+00	-5.63205e+00	 1.00000e+02	 2.00000e+00
	 1.17046e+02	-6.85625e-01	 1.00000e+02	 2.00000e+00
	 3.77897e+00	-4.42335e-01	 1.00000e+02	 2.00000e+00
	 1.32779e+02	-7.69796e-01	 1.00000e+02	 2.00000e+00
	-2.48666e+00	-1.06659e+00	 1.00000e+02	 2.00000e+00
	 2.17347e+01	-8.17367e-01	 1.00000e+02	 2.00000e+00
	 1.40198e+02	-4.13308e-01	 1.00000e+02	 2.00000e+00
	 1.13285e+02	-6.98413e-01	 1.00000e+02	 2.00000e+00
	 3.97525e+01	-8.34183e-01	 1.00000e+02	 2.00000e+00
	 1.40758e+02	-1.35793e+01	 1.00000e+02	 2.00000e+00
	 2.20898e+01	-1.04465e+00	 1.00000e+02	 2.00000e+00
	 2.43765e+01	-1.06823e+00	 1.00000e+02	 2.00000e+00
	 1.33009e+02	-4.41793e+00	 1.00000e+02	 2.00000e+00
	 2.44808e+01	-6.89619e+00	 1.00000e+02	 2.00000e+00
	 1.34599e+02	-9.42391e+00	 1.00000e+02	 2.00000e+00
	 1.35503e+01	-8.43930e-01	 1.00000e+02	 2.00000e+00
	 8.49487e+01	-1.42825e+01	 1.00000e+02	 2.00000e+00
	 9.37517e+01	-8.21395e-01	 1.00000e+02	 2.00000e+00
	 1.33466e+02	-1.02022e+01	 1.00000e+02	 2.00000e+00
	 5.37112e+01	-1.06004e+00	 1.00000e+02	 2.00000e+00
	 4.63708e+01	-5.77407e+00	 1.00000e+02	 2.00000e+00
	 1.07455e+02	-1.31981e+01	 1.00000e+02	 2.00000e+00
	 5.90242e+01	-6.00066e+00	 1.00000e+02	 2.00000e+00
	 1.11748e+02	-7.99857e-01	 1.00000e+02	 2.00000e+00
	 1.39127e+01	-1.03908e+00	 1.00000e+02	 2.00000e+00
	-7.27663e-02	-1.09198e+00	 1.00000e+02	 2.00000e+00
	 9.71894e+01	-1.49454e+00	 1.00000e+02	 2.00000e+00
	 1.42452e+02	-1.21937e+01	 1.00000e+02	 2.00000e+00
	 5.40531e+01	-7.74657e-01	 1.00000e+02	 2.00000e+00
	 1.55189e+00	-4.92716e-01	 1.00000e+02	 2.00000e+00
	 2.67742e+01	-1.67856e+00	 1.00000e+02	 2.00000e+00
	 2.69659e+01	-8.44554e-01	 1.00000e+02	 2.00000e+00
	 2.62469e+01	-8.02407e-01	 1.00000e+02	 2.00000e+00
	 1.94375e+00	-3.76140e+00	 1.00000e+02	 2.00000e+00
	 1.43309e+02	-7.06177e+00	 1.00000e+02	 2.00000e+00
	 9.41172e+01	-1.04197e+00	 1.00000e+02	 2.00000e+00
	 1.16345e+01	-1.97867e+01	 1.00000e+02	 2.00000e+00
	 1.57878e+01	-8.60213e-01	 1.00000e+02	 2.00000e+00
	 2.58828e+01	-7.51690e+00	 1.00000e+02	 2.00000e+00
	 7.97729e+00	-1.39631e+00	 1.00000e+02	 2.00000e+00
	 1.27448e+02	-6.65944e+00	 1.00000e+02	 2.00000e+00
	 9.32333e+01	-7.52463e+00	 1.00000e+02	 2.00000e+00
	 2.53698e+01	-6.73833e+00	 1.00000e+02	 2.00000e+00
	 3.77119e+01	-2.41388e+01	 1.00000e+02	 2.00000e+00
	 6.80402e+01	-7.45284e+00	 1.00000e+02	 2.00000e+00
	 1.11456e+02	-1.47688e+00	 1.00000e+02	 2.00000e+00
	 1.42391e+02	-5.00421e+00	 1.00000e+02	 2.00000e+00
	 6.66102e+01	-5.97636e+00	 1.00000e+02	 2.00000e+00
	 9.32368e+01	-1.81385e+00	 1.00000e+02	 2.00000e+00
	 9.35274e+01	-1.51261e+00	 1.00000e+02	 2.00000e+00
	 1.33518e+02	-7.10213e-01	 1.00000e+02	 2.00000e+00
	 7.34307e+01	-2.10727e+01	 1.00000e+02	 2.00000e+00
	 3.95495e+01	-1.52262e+00	 1.00000e+02	 2.00000e+00
	 6.89070e+01	-7.49910e+00	 1.00000e+02	 2.00000e+00
	 7.39235e+01	-1.92744e+01	 1.00000e+02	 2.00000e+00
	-2.88041e+00	-4.91012e+00	 1.00000e+02	 2.00000e+00
	 2.76574e+01	-1.90216e+00	 1.00000e+02	 2.00000e+00
	 5.97392e+01	-5.78099e+00	 1.00000e+02	 2.00000e+00
	 9.24292e+01	-2.16721e+00	 1.00000e+02	 2.00000e+00
	 1.07326e+02	-1.79125e+00	 1.00000e+02	 2.00000e+00
	 1.43769e+02	-1.37988e+00	 1.00000e+02	 2.00000e+00
	-4.47581e+00	-1.39468e+00	 1.00000e+02	 2.00000e+00
	 1.20829e+02	-2.28270e+01	 1.00000e+02	 2.00000e+00
	 1.16972e+01	-6.95956e+00	 1.00000e+02	 2.00000e+00
	 7.58244e+01	-1.89390e+01	 1.00000e+02	 2.00000e+00
	 7.75121e+01	-1.05754e+00	 1.00000e+02	 2.00000e+00
	 7.55369e+01	-2.64563e+00	 1.00000e+02	 2.00000e+00
	 1.18893e+02	-2.35849e+01	 1.00000e+02	 2.00000e+00
	 2.83263e+00	-3.69696e+00	 1.00000e+02	 2.00000e+00
	 8.78204e+00	-1.84579e+00	 1.00000e+02	 2.00000e+00
	 7.46258e+01	-1.56652e+00	 1.00000e+02	 2.00000e+00
	 5.99131e+01	-7.98991e+00	 1.00000e+02	 2.00000e+00
	 2.29280e+01	-2.58059e+00	 1.00000e+02	 2.00000e+00
	 5.19244e+00	-2.34124e+00	 1.00000e+02	 2.00000e+00
	 3.41079e+01	-1.70058e+01	 1.00000e+02	 2.00000e+00
	-9.10195e-02	-4.68914e-01	 1.00000e+02	 2.00000e+00
	 1.38383e+02	-1.17190e+00	 1.00000e+02	 2.00000e+00
	 1.39226e+02	-1.13508e+00	 1.00000e+02	 2.00000e+00
	 4.61579e+01	-6.52928e+00	 1.00000e+02	 2.00000e+00
	 6.08973e+01	-8.01577e+00	 1.00000e+02	 2.00000e+00
	 2.44688e+01	-1.51260e+00	 1.00000e+02	 2.00000e+00
	 2.27026e+00	-8.76255e-01	 1.00000e+02	 2.00000e+00
	 2.65895e+01	-1.01010e+00	 1.00000e+02	 2.00000e+00
	 1.42036e+02	-6.38203e+00	 1.00000e+02	 2.00000e+00
	 5.86077e+01	-2.09223e+01	 1.00000e+02	 2.00000e+00
	 1.24616e+02	-6.89185e+00	 1.00000e+02	 2.00000e+00
	 1.38000e+02	-8.87811e-01	 1.00000e+02	 2.00000e+00
	 1.39568e+02	-8.09417e-01	 1.00000e+02	 2.00000e+00
	 1.33177e+02	-9.16770e-01	 1.00000e+02	 2.00000e+00
	 4.70970e+01	-1.54483e+00	 1.00000e+02	 2.00000e+00
	 1.41087e+02	-4.81461e-01	 1.00000e+02	 2.00000e+00
	 1.28013e+02	-7.09140e+00	 1.00000e+02	 2.00000e+00
	 6.48291e+01	-1.78794e+00	 1.00000e+02	 2.00000e+00
	 9.27197e+01	-2.53442e+00	 1.00000e+02	 2.00000e+00
	 7.43244e-01	-5.32048e-01	 1.00000e+02	 2.00000e+00
	-4.30524e+00	-2.84131e+00	 1.00000e+02	 2.00000e+00
	 1.80232e+01	-6.41204e+00	 1.00000e+02	 2.00000e+00
	 4.50400e+01	-3.96290e+00	 1.00000e+02	 2.00000e+00
	 2.64865e+01	-1.38770e+00	 1.00000e+02	 2.00000e+00
	-4.61619e+00	-2.25052e+01	 1.00000e+02	 2.00000e+00
	 4.48873e+01	-4.57211e+00	 1.00000e+02	 2.00000e+00
	-6.81612e+00	-3.16719e+00	 1.00000e+02	 2.00000e+00
	 1.41989e+02	-2.43083e-01	 1.00000e+02	 2.00000e+00
	 1.47751e+02	-4.88218e-01	 1.00000e+02	 2.00000e+00
	 1.48641e+02	-3.72522e+00	 1.00000e+02	 2.00000e+00
	 1.47338e+02	-1.83844e+00	 1.00000e+02	 2.00000e+00
	 9.59650e+00	-8.91249e-01	 1.00000e+02	 2.00000e+00
	 1.22339e+02	-5.41332e+00	 1.00000e+02	 2.00000e+00
	 1.24907e+02	-5.43539e+00	 1.00000e+02	 2.00000e+00
