x,y,VCP0.32f30000h1,VCP0.71f30000h1,VCP1.18f30000h1,elevation,HCP0.32f30000h0,HCP0.71f30000h0,HCP1.18f30000h0
659475.6799999999,5085375.08,3.25,0.7,6.565,0,-0.2799999999999998,2.685,6.465
659475.62,5085374.895,-1.59,0.8200000000000001,6.165,0,-0.2799999999999998,2.685,6.465
659475.53,5085374.66,-1.68,0.44,6.265000000000001,0,-0.2799999999999998,2.685,6.465
659475.4099999999,5085374.38,2.18,0.995,6.390000000000001,0,-0.8649999999999998,2.2350000000000003,5.94
659475.3200000001,5085374.19,1.525,1.28,6.43,0,-0.5800000000000001,3.62,7.814999999999999
659475.26,5085374.095,1.46,0.74,6.43,0,-0.5800000000000001,3.62,7.814999999999999
659475.23,5085374.005,1.245,0.44,6.59,0,-0.5800000000000001,3.62,7.814999999999999
659475.23,5085373.915,-2.355,0.89,7.314999999999999,0,-0.5800000000000001,3.62,7.814999999999999
659474.87,5085372.745,-2.19,1.52,7.235,0,-0.5800000000000001,3.62,7.814999999999999
659474.485,5085371.4350000005,-2.045,0.975,5.975,0,-0.6799999999999999,2.5749999999999997,6.029999999999999
659474.4299999999,5085371.065,-3.485,0.025,5.3100000000000005,0,-0.6499999999999999,2.0849999999999995,5.114999999999998
659474.37,5085370.74,-1.315,-0.125,5.3100000000000005,0,-1.355,1.5049999999999994,4.674999999999999
659474.315,5085370.46,-3.785,0.035,5.234999999999999,0,-1.355,1.5049999999999994,4.674999999999999
659474.26,5085370.18,-3.655,0.03,5.22,0,-1.22,1.3299999999999996,4.709999999999999
659474.2,5085369.9,-3.96,-0.24,5.205,0,-0.5599999999999999,1.7249999999999996,4.824999999999999
659474.175,5085369.67,-8.365,-0.275,5.244999999999999,0,-0.5599999999999999,1.7249999999999996,4.824999999999999
659474.18,5085369.484999999,-5.415000000000001,-0.0499999999999999,5.574999999999999,0,-0.7849999999999999,2.04,4.739999999999998
659474.1200000001,5085369.25,-3.46,0.5,5.449999999999999,0,-0.7849999999999999,2.04,4.739999999999998
659474.0,5085368.970000001,-2.755,1.0499999999999998,4.945,0,-0.775,2.17,4.774999999999999
659473.9099999999,5085368.595000001,2.77,1.35,5.17,0,-1.03,1.7049999999999996,4.469999999999999
659473.855,5085368.130000001,1.99,1.455,5.465,0,-1.1,1.6099999999999994,4.344999999999999
659473.77,5085367.665,0.8400000000000001,1.37,5.215,0,-0.875,2.01,4.544999999999999
659473.655,5085367.199999999,3.99,1.22,5.27,0,-1.02,1.8749999999999996,4.354999999999999
659473.54,5085366.734999999,-0.0949999999999997,0.8200000000000001,5.355,0,-1.02,1.8749999999999996,4.354999999999999
659473.4199999999,5085366.265000001,-2.24,0.1699999999999999,5.135,0,-1.0,1.6599999999999993,4.274999999999999
659473.3049999999,5085365.800000001,-0.555,0.245,4.93,0,-0.93,1.7149999999999994,4.459999999999999
659473.19,5085365.335,0.565,0.55,4.869999999999999,0,-1.355,1.739999999999999,4.399999999999999
659473.0700000001,5085364.869999999,2.41,-0.235,4.845,0,-0.125,1.4399999999999993,4.319999999999999
659472.95,5085364.404999999,-2.865,-0.6599999999999999,4.58,0,-0.125,1.4399999999999993,4.319999999999999
659472.865,5085363.9350000005,-3.845,-0.1649999999999999,4.4,0,0.09,1.5349999999999993,4.199999999999999
659472.815,5085363.470000001,-3.485,-0.01,4.445,0,-1.16,1.6649999999999991,4.079999999999999
659472.765,5085363.01,-4.38,-0.37,4.44,0,-1.77,1.1899999999999993,4.009999999999999
659472.71,5085362.545,-2.43,-0.665,4.4350000000000005,0,-1.835,0.8099999999999992,3.959999999999999
659472.655,5085362.08,-3.395,-0.7150000000000001,4.41,0,-1.4999999999999998,0.9399999999999992,3.854999999999999
659472.605,5085361.615,-2.34,-0.51,4.495,0,-1.6849999999999996,1.3049999999999993,3.834999999999999
659472.52,5085361.1,-3.79,-0.3299999999999999,4.52,0,-1.5299999999999998,1.364999999999999,4.049999999999999
659472.405,5085360.54,-3.915,-0.355,4.529999999999999,0,-1.795,1.2999999999999994,4.099999999999999
659472.29,5085360.029999999,-2.32,-0.145,4.5,0,-1.7399999999999998,0.8899999999999992,3.899999999999999
659472.1699999999,5085359.565,-2.32,0.055,4.38,0,-1.4899999999999998,0.8499999999999992,3.964999999999999
659472.085,5085359.1,-2.26,-0.27,4.494999999999999,0,-1.525,1.214999999999999,3.945
659472.035,5085358.635,-2.1300000000000003,-0.54,4.48,0,-1.895,1.064999999999999,3.8249999999999993
659472.01,5085358.4,-0.0249999999999999,-0.785,3.9,0,-1.895,1.064999999999999,3.8249999999999993
659472.01,5085358.4,-0.0249999999999999,-0.785,3.9,0,-1.895,1.064999999999999,3.8249999999999993
659472.04,5085358.355,-4.58,-0.43,4.065,0,-1.895,1.064999999999999,3.8249999999999993
659472.105,5085358.265,-10.785,0.255,4.390000000000001,0,-1.895,1.064999999999999,3.8249999999999993
659472.21,5085357.945,-10.765,-0.445,4.135,0,-2.0699999999999994,0.9499999999999992,3.84
659472.315,5085357.625,-5.505,-0.6799999999999999,4.03,0,-1.825,0.9499999999999992,3.98
659472.385,5085357.535,-0.6100000000000001,0.105,4.300000000000001,0,-1.825,0.9499999999999992,3.98
659472.3600000001,5085357.300000001,-3.46,-0.605,4.215,0,-1.825,0.9499999999999992,3.98
659472.27,5085356.925000001,-5.24,-1.22,4.04,0,-1.755,0.8249999999999991,3.975
659472.215,5085356.555,-3.375,-0.6799999999999999,4.025,0,-2.1,0.9299999999999992,3.84
659472.165,5085356.09,-2.785,-0.4649999999999999,4.19,0,-2.26,0.9249999999999992,3.869999999999999
659472.0900000001,5085355.255,-2.16,-0.685,4.105,0,-2.1,0.8749999999999991,3.869999999999999
659472.015,5085354.42,-3.985,-0.775,3.895,0,-2.29,0.7599999999999991,3.955
659471.965,5085353.859999999,-4.705,-1.03,3.945,0,-2.245,1.0249999999999992,4.0
659471.915,5085353.305,-3.055,-1.075,4.02,0,-2.23,0.9199999999999992,4.0
659471.8300000001,5085352.75,-3.06,-1.115,3.975,0,-2.265,0.5749999999999992,3.84
659471.7150000001,5085352.19,-2.6,-1.15,3.995,0,-2.265,0.5749999999999992,3.84
659471.6000000001,5085351.63,-3.335,-1.06,3.855,0,-2.2,0.7299999999999991,3.86
659471.4850000001,5085351.07,-2.8600000000000003,-1.185,3.835,0,-1.895,0.9949999999999992,4.055
659471.405,5085350.51,-3.875,-1.025,3.875,0,-2.015,0.5499999999999992,4.074999999999999
659471.355,5085349.955,-4.46,-1.14,3.83,0,-1.975,0.1349999999999991,3.725
659471.27,5085349.445,-2.99,-1.33,3.86,0,-1.36,0.674999999999999,3.605
659471.1499999999,5085348.975,-2.97,-1.205,3.74,0,-1.2799999999999998,1.2449999999999992,3.965
659471.065,5085348.465,-2.585,-1.11,3.885,0,-1.35,1.379999999999999,4.35
659470.99,5085347.675000001,-2.55,-0.88,4.18,0,-1.2,1.8099999999999992,4.65
659470.915,5085346.93,-4.26,-0.6799999999999999,4.215,0,-0.775,1.924999999999999,4.945
659470.865,5085346.42,-4.46,-0.8200000000000001,4.289999999999999,0,-0.91,2.019999999999999,4.855
659470.7849999999,5085345.63,-2.185,-0.7550000000000001,4.395,0,-1.0550000000000002,2.009999999999999,4.654999999999999
659470.7050000001,5085344.890000001,-2.725,-0.535,4.414999999999999,0,-1.03,2.124999999999999,4.885
659470.655,5085344.38,-4.04,-0.6100000000000001,4.494999999999999,0,-0.97,2.029999999999999,4.734999999999999
659470.605,5085343.82,-3.2700000000000005,-0.32,4.64,0,-0.9,2.449999999999999,4.989999999999999
659470.52,5085343.3100000005,-3.56,-0.05,4.8,0,-0.8599999999999999,2.419999999999999,5.125
659470.3999999999,5085342.845000001,-3.16,-0.25,4.904999999999999,0,-0.7849999999999999,2.4849999999999985,5.125
659470.2849999999,5085342.33,-3.2950000000000004,-0.0249999999999999,5.0,0,-0.8799999999999998,2.714999999999999,5.254999999999999
659470.1699999999,5085341.77,-3.39,0.15,5.074999999999999,0,-0.9599999999999996,2.404999999999999,5.23
659470.085,5085341.26,-4.045,0.05,5.164999999999999,0,-0.7849999999999998,2.379999999999999,5.219999999999999
659470.035,5085340.795,-4.105,0.22,5.215,0,-0.7749999999999998,2.404999999999999,5.194999999999999
659469.985,5085340.285,-1.625,0.125,5.21,0,-1.0099999999999998,2.209999999999999,4.85
659469.935,5085339.73,-3.385,0.17,5.015,0,-1.17,2.114999999999999,4.98
659469.885,5085339.215,-3.095,0.01,4.705,0,-1.215,2.129999999999999,5.225
659469.8300000001,5085338.75,-2.0700000000000003,-0.355,4.6,0,-1.0999999999999996,2.424999999999999,5.444999999999999
659469.805,5085338.38,-0.91,-0.61,4.44,0,-0.8699999999999999,2.249999999999999,5.254999999999999
659469.815,5085338.1,0.5449999999999999,-0.965,4.31,0,-0.8699999999999999,2.249999999999999,5.254999999999999
659469.82,5085337.96,-0.685,-1.065,4.43,0,-0.4099999999999999,2.149999999999999,5.01
659469.82,5085337.96,-0.685,-1.065,4.43,0,-0.4099999999999999,2.149999999999999,5.01
659469.81,5085337.915,-2.365,-0.575,4.424999999999999,0,-0.4099999999999999,2.149999999999999,5.01
659469.79,5085337.825,-2.035,-0.525,4.334999999999999,0,-0.4099999999999999,2.149999999999999,5.01
659469.77,5085337.73,-1.975,-0.6950000000000001,4.205,0,-0.4349999999999999,2.1999999999999997,5.045
659469.75,5085337.635,-4.305,-0.495,4.23,0,-0.4349999999999999,2.1999999999999997,5.045
659469.73,5085337.545,-4.865,-0.3399999999999999,4.324999999999999,0,-0.4349999999999999,2.1999999999999997,5.045
659469.71,5085337.45,-2.575,-0.26,4.594999999999999,0,-0.4349999999999999,2.1999999999999997,5.045
659469.6399999999,5085337.215,-3.955,0.2299999999999999,4.815,0,-0.8199999999999998,2.1449999999999987,5.025
659469.52,5085336.845000001,-4.374999999999999,0.29,4.885,0,-0.8899999999999999,2.139999999999999,5.08
659469.435,5085336.38,-4.905,0.2299999999999999,4.945,0,-0.8899999999999999,2.139999999999999,5.08
659469.385,5085335.82,-5.465000000000001,0.1699999999999999,5.05,0,-0.5199999999999998,2.3599999999999985,5.359999999999999
659469.335,5085335.3100000005,-3.725,0.0949999999999999,5.06,0,-0.3949999999999998,2.5799999999999987,5.455
659469.285,5085334.845000001,-5.435,0.1899999999999999,5.039999999999999,0,-0.2449999999999998,2.8199999999999985,5.65
659469.235,5085334.335,-4.875,0.3399999999999999,5.15,0,-1.11,2.2249999999999988,5.635
659469.185,5085333.779999999,-6.345,0.815,5.265,0,-0.1749999999999997,3.34,6.15
659469.135,5085333.220000001,-5.26,1.095,5.51,0,0.0450000000000002,3.43,6.09
659469.0449999999,5085332.475,-1.245,0.8599999999999999,5.705,0,-0.0849999999999997,3.3600000000000003,6.23
659468.94,5085331.824999999,-3.375,0.87,5.795,0,0.0300000000000002,3.59,6.359999999999999
659468.865,5085331.455,-3.585,1.035,6.025,0,0.0350000000000002,3.675,6.39
659468.78,5085330.71,-5.345,0.985,6.135,0,-0.0299999999999997,3.585,6.609999999999999
659468.7,5085329.875,-6.754999999999999,1.03,5.994999999999999,0,0.0250000000000002,3.865,6.65
659468.645,5085329.32,-2.93,0.815,5.879999999999999,0,0.0900000000000002,3.795,6.664999999999999
659468.585,5085328.855,-1.73,0.99,5.885,0,0.03,3.97,6.715
659468.51,5085328.48,-1.51,1.575,6.15,0,0.03,3.97,6.715
659468.4299999999,5085328.105,-2.92,1.525,6.164999999999999,0,0.0550000000000002,3.84,6.695
659468.275,5085327.359999999,-3.19,1.105,5.914999999999999,0,0.1700000000000002,3.77,7.04
659468.105,5085326.52,-2.6750000000000003,1.1350000000000002,5.984999999999999,0,0.0250000000000002,3.76,6.754999999999999
659467.99,5085325.965,-4.350000000000001,1.2850000000000008,6.229999999999999,0,0.0950000000000002,3.81,6.654999999999999
659467.895,5085325.53,-0.985,1.3650000000000002,6.265,0,0.3900000000000002,3.55,6.424999999999999
659467.8200000001,5085325.215,-1.605,1.56,6.334999999999999,0,0.7150000000000003,3.68,6.539999999999999
659467.74,5085324.904999999,-0.33,1.785,6.43,0,0.7150000000000003,3.68,6.539999999999999
659467.585,5085324.195,-5.0600000000000005,1.62,6.43,0,0.6800000000000002,3.745,6.56
659467.415,5085323.359999999,-5.695,1.455,6.44,0,0.5500000000000003,3.81,6.739999999999999
659467.3,5085322.8,-2.22,1.4500000000000002,6.449999999999999,0,0.3950000000000002,3.829999999999999,6.765
659467.2,5085322.365,-1.71,1.485,6.455,0,0.2000000000000002,4.004999999999999,7.025
659467.12,5085322.055,0.03,1.395,6.489999999999999,0,0.2550000000000002,4.194999999999999,7.215
659467.0449999999,5085321.745,-0.625,1.9000000000000004,6.395,0,0.1800000000000002,4.294999999999999,7.16
659467.145,5085321.315,-0.755,1.66,6.234999999999999,0,0.1800000000000002,4.294999999999999,7.16
659467.375,5085320.995,-0.7,1.1800000000000004,5.965,0,0.1800000000000002,4.294999999999999,7.16
659467.5700000001,5085320.905,-1.26,1.7050000000000003,5.959999999999999,0,0.1800000000000002,4.294999999999999,7.16
659467.7350000001,5085320.83,-0.54,1.5750000000000004,6.065,0,0.1800000000000002,4.294999999999999,7.16
659467.865,5085320.77,-0.72,1.2850000000000006,6.08,0,0.1800000000000002,4.294999999999999,7.16
659467.9950000001,5085320.715,-1.5550000000000002,1.1850000000000005,6.09,0,0.2550000000000002,4.194999999999999,7.215
659468.325,5085320.6,-1.0550000000000002,0.7500000000000004,6.135,0,0.2550000000000002,4.194999999999999,7.215
659468.685,5085320.515,-1.17,0.6700000000000005,6.164999999999999,0,0.2550000000000002,4.194999999999999,7.215
659468.875,5085320.52,-1.68,0.8950000000000005,5.955,0,0.2550000000000002,4.194999999999999,7.215
659468.97,5085320.52,-0.255,0.7400000000000004,5.83,0,0.2550000000000002,4.194999999999999,7.215
659468.97,5085320.52,-0.255,0.7400000000000004,5.83,0,0.2550000000000002,4.194999999999999,7.215
659468.97,5085320.52,-0.255,0.7400000000000004,5.83,0,0.2550000000000002,4.194999999999999,7.215
659468.905,5085320.52,-1.94,0.6100000000000004,5.9,0,0.2550000000000002,4.194999999999999,7.215
659468.84,5085320.52,0.1999999999999999,-0.1749999999999995,6.119999999999999,0,0.2550000000000002,4.194999999999999,7.215
659468.84,5085320.52,0.1999999999999999,-0.1749999999999995,6.119999999999999,0,0.2550000000000002,4.194999999999999,7.215
659468.84,5085320.52,0.1999999999999999,-0.1749999999999995,6.119999999999999,0,0.2550000000000002,4.194999999999999,7.215
659468.84,5085320.52,0.1999999999999999,-0.1749999999999995,6.119999999999999,0,0.2550000000000002,4.194999999999999,7.215
659468.84,5085320.52,0.1999999999999999,-0.1749999999999995,6.119999999999999,0,0.2550000000000002,4.194999999999999,7.215
659468.84,5085320.52,0.1999999999999999,-0.1749999999999995,6.119999999999999,0,0.2550000000000002,4.194999999999999,7.215
659468.84,5085320.52,0.1999999999999999,-0.1749999999999995,6.119999999999999,0,0.2550000000000002,4.194999999999999,7.215
659468.84,5085320.52,0.1999999999999999,-0.1749999999999995,6.119999999999999,0,0.2550000000000002,4.194999999999999,7.215
659468.84,5085320.52,0.1999999999999999,-0.1749999999999995,6.119999999999999,0,0.2550000000000002,4.194999999999999,7.215
659468.84,5085320.52,0.1999999999999999,-0.1749999999999995,6.119999999999999,0,0.2550000000000002,4.194999999999999,7.215
659468.84,5085320.52,0.1999999999999999,-0.1749999999999995,6.119999999999999,0,0.2550000000000002,4.194999999999999,7.215
659468.84,5085320.52,0.1999999999999999,-0.1749999999999995,6.119999999999999,0,0.2550000000000002,4.194999999999999,7.215
659468.84,5085320.52,0.1999999999999999,-0.1749999999999995,6.119999999999999,0,0.2550000000000002,4.194999999999999,7.215
659468.84,5085320.52,0.1999999999999999,-0.1749999999999995,6.119999999999999,0,0.2550000000000002,4.194999999999999,7.215
659468.84,5085320.52,0.1999999999999999,-0.1749999999999995,6.119999999999999,0,0.2550000000000002,4.194999999999999,7.215
659468.84,5085320.52,0.1999999999999999,-0.1749999999999995,6.119999999999999,0,0.2550000000000002,4.194999999999999,7.215
659468.84,5085320.52,0.1999999999999999,-0.1749999999999995,6.119999999999999,0,0.2550000000000002,4.194999999999999,7.215
659468.84,5085320.535,0.275,-0.6349999999999996,6.19,0,0.2550000000000002,4.194999999999999,7.215
659468.84,5085320.565,0.215,-0.7649999999999996,6.234999999999999,0,0.2550000000000002,4.194999999999999,7.215
659468.84,5085320.595000001,0.175,-0.7499999999999996,6.205,0,0.2550000000000002,4.194999999999999,7.215
659468.84,5085320.625,0.3399999999999999,-0.7749999999999996,6.404999999999999,0,0.2550000000000002,4.194999999999999,7.215
659468.84,5085320.66,0.3149999999999999,-0.8449999999999995,6.525,0,0.2550000000000002,4.194999999999999,7.215
659468.84,5085320.695,0.1599999999999999,-0.7699999999999996,6.424999999999999,0,0.2000000000000002,4.004999999999999,7.025
659468.84,5085320.71,1.5349999999999997,-0.1799999999999995,6.525,0,0.2000000000000002,4.004999999999999,7.025
659468.84,5085320.71,1.5349999999999997,-0.1799999999999995,6.525,0,0.2000000000000002,4.004999999999999,7.025
659468.84,5085320.71,1.5349999999999997,-0.1799999999999995,6.525,0,0.2000000000000002,4.004999999999999,7.025
659468.84,5085320.71,1.5349999999999997,-0.1799999999999995,6.525,0,0.2000000000000002,4.004999999999999,7.025
659468.84,5085320.71,1.5349999999999997,-0.1799999999999995,6.525,0,0.2000000000000002,4.004999999999999,7.025
659468.84,5085320.71,1.5349999999999997,-0.1799999999999995,6.525,0,0.2000000000000002,4.004999999999999,7.025
659468.84,5085320.71,1.5349999999999997,-0.1799999999999995,6.525,0,0.2000000000000002,4.004999999999999,7.025
659468.84,5085320.71,1.5349999999999997,-0.1799999999999995,6.525,0,0.2000000000000002,4.004999999999999,7.025
659468.84,5085320.71,1.5349999999999997,-0.1799999999999995,6.525,0,0.2000000000000002,4.004999999999999,7.025
659468.84,5085320.71,1.5349999999999997,-0.1799999999999995,6.525,0,0.2000000000000002,4.004999999999999,7.025
659468.84,5085320.71,1.5349999999999997,-0.1799999999999995,6.525,0,0.2000000000000002,4.004999999999999,7.025
659468.84,5085320.71,1.5349999999999997,-0.1799999999999995,6.525,0,0.2000000000000002,4.004999999999999,7.025
659468.84,5085320.71,1.5349999999999997,-0.1799999999999995,6.525,0,0.2000000000000002,4.004999999999999,7.025
659468.84,5085320.71,1.5349999999999997,-0.1799999999999995,6.525,0,0.2000000000000002,4.004999999999999,7.025
659468.84,5085320.71,1.5349999999999997,-0.1799999999999995,6.525,0,0.2000000000000002,4.004999999999999,7.025
659468.84,5085320.71,1.5349999999999997,-0.1799999999999995,6.525,0,0.2000000000000002,4.004999999999999,7.025
659468.84,5085320.71,1.5349999999999997,-0.1799999999999995,6.525,0,0.2000000000000002,4.004999999999999,7.025
659468.84,5085320.71,1.5349999999999997,-0.1799999999999995,6.525,0,0.2000000000000002,4.004999999999999,7.025
659468.84,5085320.71,1.5349999999999997,-0.1799999999999995,6.525,0,0.2000000000000002,4.004999999999999,7.025
659468.84,5085320.71,1.5349999999999997,-0.1799999999999995,6.525,0,0.2000000000000002,4.004999999999999,7.025
659468.905,5085320.615,0.9449999999999998,-0.1749999999999995,6.404999999999999,0,0.2550000000000002,4.194999999999999,7.215
659468.995,5085320.49,0.7999999999999998,-0.1899999999999995,6.359999999999999,0,0.2550000000000002,4.194999999999999,7.215
659469.04,5085320.43,1.13,-0.1249999999999995,6.404999999999999,0,0.2550000000000002,4.194999999999999,7.215
659469.085,5085320.37,0.43,0.3900000000000004,6.43,0,0.2550000000000002,4.194999999999999,7.215
659469.075,5085320.4350000005,-2.155,0.6000000000000004,6.16,0,0.2550000000000002,4.194999999999999,7.215
659469.005,5085320.62,-2.22,1.4500000000000004,5.9,0,0.2000000000000002,4.004999999999999,7.025
659469.095,5085320.9,-1.345,1.9450000000000005,5.98,0,0.2000000000000002,4.004999999999999,7.025
659469.2849999999,5085321.09,-2.52,1.6100000000000003,6.0,0,0.2000000000000002,4.004999999999999,7.025
659469.415,5085321.09,-2.48,0.8450000000000005,6.034999999999999,0,0.2000000000000002,4.004999999999999,7.025
659469.5449999999,5085321.095,-1.265,0.6900000000000005,6.09,0,0.2000000000000002,4.004999999999999,7.025
659469.735,5085321.15,-1.005,1.4600000000000004,6.004999999999999,0,0.2000000000000002,4.004999999999999,7.025
659469.99,5085321.245,-1.525,1.0250000000000004,5.965,0,-0.4249999999999997,2.91,6.345
659470.375,5085321.484999999,-1.195,0.2250000000000004,6.08,0,-0.3349999999999997,3.105,6.375
659470.71,5085321.775,-0.7050000000000001,0.9300000000000004,6.375,0,-0.3349999999999997,3.105,6.375
659470.875,5085321.965,-0.355,1.4950000000000006,6.674999999999999,0,-0.3349999999999997,3.105,6.375
659471.0449999999,5085322.154999999,-0.155,1.3650000000000004,6.779999999999999,0,-0.3349999999999997,3.105,6.375
659471.22,5085322.4350000005,0.11,1.8050000000000004,6.824999999999999,0,-0.1899999999999997,3.315,6.4
659471.405,5085322.8100000005,-0.17,1.5350000000000006,6.784999999999999,0,-0.1399999999999998,3.165,6.445
659471.62,5085323.375,-2.51,1.0150000000000006,6.605,0,0.0650000000000002,3.16,6.18
659471.78,5085323.87,-3.415,0.8700000000000004,6.475,0,0.3700000000000002,3.695,6.605
659471.86,5085324.115,-2.3600000000000003,0.7150000000000004,6.465,0,0.3700000000000002,3.695,6.605
659471.94,5085324.365,-3.63,0.9000000000000005,6.444999999999999,0,0.3450000000000002,3.71,6.83
659472.0700000001,5085324.725,-3.35,1.3750000000000004,6.435,0,-0.0349999999999997,3.76,7.15
659472.25,5085325.195,-1.94,1.1650000000000005,6.629999999999999,0,-0.0899999999999997,3.955,7.1850000000000005
659472.455,5085325.895,-1.5099999999999998,1.2500000000000004,6.719999999999999,0,0.1200000000000002,3.75,6.98
659472.61,5085326.515000001,0.41,1.2850000000000006,6.694999999999999,0,0.1400000000000002,3.725,6.695
659472.69,5085326.825,-2.1,1.1950000000000005,6.594999999999999,0,0.1450000000000002,3.645,6.8100000000000005
659472.77,5085327.135,-3.45,1.1700000000000004,6.379999999999999,0,0.2150000000000002,3.96,6.995
659472.8700000001,5085327.525,-3.625,0.7200000000000004,6.18,0,0.1750000000000002,3.87,6.84
659472.9850000001,5085327.995,-4.32,0.7850000000000005,5.984999999999999,0,0.1050000000000002,3.5,6.625
659473.22,5085328.79,-2.06,1.1300000000000003,6.145,0,-0.0699999999999997,3.75,6.640000000000001
659473.485,5085329.505,-2.21,1.5050000000000003,6.1,0,-0.1999999999999998,3.5700000000000003,6.5
659473.6499999999,5085329.815,-1.825,1.6150000000000004,6.01,0,-0.1149999999999997,3.605,6.315
659473.815,5085330.13,-1.92,1.3200000000000005,5.965,0,-0.1149999999999997,3.605,6.315
659474.02,5085330.525,-2.155,1.3050000000000006,5.764999999999999,0,-0.1499999999999997,3.06,6.155
659474.265,5085330.995,-1.55,0.9650000000000004,5.725,0,0.0,3.175,6.1850000000000005
659474.5700000001,5085331.79,-1.745,0.6100000000000004,5.514999999999999,0,0.1850000000000002,3.02,5.725
659474.8300000001,5085332.535,-0.71,0.7150000000000005,5.559999999999999,0,0.0650000000000002,2.75,5.565
659474.99,5085332.91,-0.785,1.0800000000000003,5.569999999999999,0,-0.1349999999999998,2.42,5.32
659475.155,5085333.285,-1.335,1.0400000000000005,5.295,0,0.1050000000000002,2.2,5.07
659475.3300000001,5085333.705,-2.245,0.5900000000000005,5.069999999999999,0,-0.0649999999999997,2.705,5.165
659475.51,5085334.175000001,-2.285,0.4050000000000006,4.864999999999999,0,-0.1999999999999998,2.44,5.215
659475.78,5085334.970000001,-2.065,-0.0199999999999994,4.85,0,-0.4799999999999997,2.03,5.195
659476.04,5085335.6850000005,-2.94,-0.5899999999999994,4.629999999999999,0,-0.5599999999999998,1.93,4.945
659476.2050000001,5085335.995,-1.995,-0.6949999999999994,4.525,0,-0.5849999999999997,1.8,4.99
659476.37,5085336.3100000005,-3.47,-0.0999999999999994,4.73,0,-0.7149999999999997,2.255,5.140000000000001
659476.51,5085336.75,-4.0200000000000005,0.4100000000000006,4.914999999999999,0,-0.7299999999999998,2.105,5.205
659476.625,5085337.305,-3.725,0.2700000000000006,5.135,0,-0.4899999999999997,2.495,5.37
659476.77,5085337.865,-3.65,0.0050000000000005,5.315,0,-0.4149999999999997,2.29,5.24
659476.95,5085338.43,-2.9,-0.0449999999999994,5.435,0,-0.0249999999999997,2.55,5.275
659477.1000000001,5085338.984999999,-3.17,0.2950000000000005,5.31,0,-0.0699999999999997,2.255,4.95
659477.2150000001,5085339.54,-1.935,0.5300000000000005,5.379999999999999,0,0.0600000000000002,2.845,5.19
659477.3300000001,5085340.055,-2.715,0.7200000000000005,5.6,0,2.220446049250313e-16,2.65,5.385
659477.45,5085340.525,-2.98,0.6500000000000006,5.68,0,0.0400000000000002,2.855,5.52
659477.565,5085340.99,-3.645,0.5650000000000006,5.83,0,0.07,2.795,5.605
659477.6799999999,5085341.455,-3.44,0.9300000000000006,6.0,0,0.2250000000000002,3.125,5.705
659477.8,5085341.970000001,-1.255,0.9100000000000006,6.039999999999999,0,0.2000000000000002,3.12,5.52
659477.915,5085342.529999999,-1.97,1.1750000000000007,6.13,0,0.3600000000000002,3.205,5.655
659478.03,5085343.039999999,-1.5799999999999996,1.5850000000000006,6.315,0,0.4600000000000002,3.92,6.21
659478.1499999999,5085343.505,-2.395,1.8500000000000003,6.225,0,0.7050000000000002,3.895000000000001,6.359999999999999
659478.2649999999,5085344.02,-2.4249999999999994,1.7400000000000009,6.164999999999999,0,0.9100000000000004,3.84,6.18
659478.3799999999,5085344.58,-1.6899999999999995,1.2850000000000006,6.185,0,1.4400000000000002,4.84,6.79
659478.53,5085345.140000001,-1.885,1.1350000000000005,5.924999999999999,0,1.7600000000000002,5.585,7.26
659478.71,5085345.7,-0.7049999999999995,1.0800000000000003,5.93,0,0.7900000000000003,4.355,7.02
659478.855,5085346.26,-2.3999999999999995,1.1050000000000004,5.984999999999999,0,0.5450000000000003,3.335,6.09
659478.97,5085346.82,-2.745,0.9850000000000004,6.005,0,0.6750000000000003,3.3,5.99
659479.085,5085347.375,-3.2149999999999994,1.1100000000000003,5.935,0,0.4600000000000002,3.275,5.375
659479.2,5085347.93,-3.5499999999999994,0.9900000000000004,5.619999999999999,0,1.1250000000000002,4.125,5.535
659479.315,5085348.49,-4.305,0.4050000000000003,5.504999999999999,0,0.5950000000000002,4.18,5.41
659479.4299999999,5085349.05,-5.185,0.1800000000000003,5.375,0,0.2550000000000002,3.67,5.27
659479.5449999999,5085349.609999999,-3.2999999999999994,0.0250000000000003,5.135,0,0.1400000000000001,3.5700000000000003,5.265
659479.6599999999,5085350.17,-4.01,0.0050000000000003,4.94,0,0.2200000000000002,3.28,5.105
659479.7749999999,5085350.775,-3.435,0.1800000000000003,4.834999999999999,0,0.0750000000000002,3.08,5.074999999999999
659479.885,5085351.425,-2.6,0.4100000000000003,4.744999999999999,0,-0.1699999999999998,2.75,4.57
659480.0,5085351.984999999,-2.1949999999999994,0.1100000000000003,4.645,0,-0.2199999999999997,2.145,4.71
659480.1200000001,5085352.449999999,-2.885,-0.5099999999999997,4.434999999999999,0,-0.6899999999999997,1.805,4.835
659480.2350000001,5085352.96,-3.685,-0.5399999999999997,4.379999999999999,0,-0.9049999999999998,1.975,4.725
659480.3500000001,5085353.52,-2.3649999999999998,-0.5799999999999996,4.55,0,-0.9449999999999998,1.545,4.59
659480.4650000001,5085354.08,-5.234999999999999,-0.4449999999999997,4.525,0,-0.8099999999999998,1.61,4.390000000000001
659480.575,5085354.640000001,-5.25,-0.3349999999999997,4.48,0,-0.6849999999999998,2.01,4.5600000000000005
659480.69,5085355.2,-3.4799999999999995,-0.4049999999999997,4.5,0,-0.6049999999999999,1.845,4.43
659480.8049999999,5085355.76,-4.02,-0.5599999999999997,4.515,0,-0.2149999999999998,1.935,4.44
659480.9199999999,5085356.32,-3.455,-0.6649999999999997,4.65,0,-0.3849999999999999,1.805,4.42
659481.0349999999,5085356.875,-3.495,-0.3749999999999998,4.715,0,-0.5149999999999999,1.905,4.275
659481.1499999999,5085357.43,-2.575,-0.1899999999999997,4.904999999999999,0,-0.565,1.875,4.359999999999999
659481.355,5085358.27,-3.06,-0.0049999999999997,5.17,0,-0.3249999999999999,2.005,4.76
659481.5900000001,5085359.109999999,-4.02,0.4000000000000002,5.404999999999999,0,0.1200000000000001,2.125,4.44
659481.74,5085359.625,-2.494999999999999,1.0650000000000002,5.694999999999999,0,0.2450000000000001,2.85,4.93
659481.8600000001,5085360.095000001,-0.9699999999999996,1.285,5.98,0,0.39,2.965,5.0600000000000005
659481.9750000001,5085360.605,-2.4449999999999994,1.2100000000000004,6.074999999999999,0,0.5750000000000002,3.585,5.505
659482.0900000001,5085361.16,-2.6799999999999997,1.2350000000000003,6.094999999999999,0,0.5850000000000002,3.505,5.68
659482.24,5085361.720000001,-3.165,1.31,6.209999999999999,0,0.5450000000000002,3.43,5.815
659482.4199999999,5085362.279999999,-2.885,1.265,6.319999999999999,0,0.7350000000000001,3.55,5.98
659482.565,5085362.795,-1.87,1.0250000000000004,6.305,0,0.8150000000000002,3.959999999999999,6.234999999999999
659482.6799999999,5085363.265000001,-2.8349999999999995,1.2000000000000002,6.34,0,1.01,3.89,6.265
659482.8,5085363.779999999,-1.9249999999999996,1.4450000000000005,6.6,0,0.99,4.315,6.41
659482.915,5085364.335,-3.29,1.915,6.725,0,1.0750000000000002,4.289999999999999,6.665
659483.06,5085364.895,-2.62,2.095,6.795,0,1.145,4.52,6.98
659483.24,5085365.46,-4.065,1.695,6.875,0,1.365,4.164999999999999,6.82
659483.3899999999,5085366.015000001,-4.129999999999999,1.76,6.93,0,1.36,4.44,6.905
659483.505,5085366.57,-0.1399999999999991,2.0,7.07,0,0.7749999999999999,4.59,6.965
659483.7450000001,5085367.32,-0.6349999999999991,1.77,6.98,0,1.67,4.44,6.895
659483.9850000001,5085368.025,-4.475,1.81,6.84,0,1.575,4.824999999999999,7.105
659484.1000000001,5085368.49,-4.429999999999999,1.94,6.819999999999999,0,1.575,4.824999999999999,7.105
659484.28,5085369.0,-1.0499999999999992,1.76,6.869999999999999,0,1.545,4.609999999999999,7.005
659484.525,5085369.565,-0.9449999999999992,1.86,7.1,0,1.545,4.609999999999999,7.005
659484.74,5085370.08,0.0700000000000009,2.18,7.564999999999999,0,1.475,4.505,7.035
659484.9199999999,5085370.545,-2.839999999999999,2.92,7.785,0,1.4700000000000002,4.895,7.630000000000001
659485.1,5085371.015000001,-0.5399999999999987,3.2700000000000005,7.739999999999999,0,1.59,5.09,7.9
659485.375,5085371.67,2.775000000000001,2.8000000000000003,7.944999999999999,0,1.615,5.245,8.555
659485.65,5085372.279999999,0.3000000000000009,2.42,8.245,0,1.745,5.57,8.885
659484.1599999999,5085373.585,2.785000000000001,2.6050000000000004,8.33,0,1.745,5.57,8.885
659482.58,5085374.75,4.660000000000001,2.875,8.355,0,0.6350000000000002,3.975,7.825
659482.52,5085374.705,3.5650000000000013,1.96,8.495000000000001,0,0.6350000000000002,3.975,7.825
659482.46,5085374.61,2.975000000000001,0.9950000000000002,8.375,0,0.6350000000000002,3.975,7.825
659482.425,5085374.61,3.200000000000001,1.0550000000000002,8.045,0,0.6350000000000002,3.975,7.825
659482.36,5085374.605,3.125000000000001,0.7400000000000002,7.845000000000001,0,0.6350000000000002,3.975,7.825
659482.23,5085374.645,2.170000000000001,-0.1099999999999997,7.959999999999999,0,0.6350000000000002,3.975,7.825
659482.03,5085374.735,1.6500000000000008,1.0750000000000002,7.929999999999999,0,0.6350000000000002,3.975,7.825
659481.835,5085374.73,1.100000000000001,2.03,7.649999999999999,0,0.6350000000000002,3.975,7.825
659481.645,5085374.63,1.540000000000001,0.8750000000000002,7.574999999999999,0,0.6350000000000002,3.975,7.825
659481.42,5085374.58,1.800000000000001,1.515,7.404999999999999,0,0.6350000000000002,3.975,7.825
659481.16,5085374.575,0.5450000000000008,2.305,7.014999999999999,0,0.6350000000000002,3.975,7.825
659480.87,5085374.61,-0.0649999999999991,1.3400000000000003,6.864999999999999,0,0.6350000000000002,3.975,7.825
659480.5449999999,5085374.695,1.1600000000000008,1.4800000000000004,6.959999999999999,0,0.6350000000000002,3.975,7.825
659480.315,5085374.74,2.190000000000001,1.8900000000000008,6.919999999999999,0,-0.2449999999999997,4.425,8.7
659480.185,5085374.83,-2.339999999999999,2.2200000000000006,6.734999999999999,0,-0.2449999999999997,4.425,8.7
659479.5449999999,5085374.72,-4.19,1.7950000000000004,5.879999999999999,0,-0.2449999999999997,4.425,8.7
659478.7749999999,5085374.465,-0.8699999999999994,0.8400000000000004,5.43,0,-0.2449999999999997,4.425,8.7
659478.385,5085374.359999999,-0.4199999999999996,1.2050000000000003,5.694999999999999,0,-0.2799999999999998,2.685,6.465
659478.065,5085374.31,0.3250000000000004,1.1750000000000005,5.629999999999999,0,-0.2799999999999998,2.685,6.465
659477.81,5085374.305,1.0350000000000004,0.8750000000000004,5.534999999999999,0,-0.2799999999999998,2.685,6.465
659477.68,5085374.3,0.7600000000000005,0.2000000000000004,5.629999999999999,0,-0.8649999999999998,2.2350000000000003,5.94
659477.68,5085374.3,0.7600000000000005,0.2000000000000004,5.629999999999999,0,-0.8649999999999998,2.2350000000000003,5.94
659477.6950000001,5085374.3,0.6900000000000004,0.3450000000000005,5.754999999999999,0,-0.8649999999999998,2.2350000000000003,5.94
659477.725,5085374.3,0.9850000000000004,0.5700000000000005,5.744999999999999,0,-0.8649999999999998,2.2350000000000003,5.94
659477.755,5085374.3,1.3100000000000005,0.5050000000000004,5.694999999999999,0,-0.8649999999999998,2.2350000000000003,5.94
659477.79,5085374.3,1.1800000000000006,0.3650000000000004,5.624999999999999,0,-0.8649999999999998,2.2350000000000003,5.94
659477.775,5085374.275,1.4400000000000004,0.5200000000000005,5.764999999999999,0,-0.8649999999999998,2.2350000000000003,5.94
659477.71,5085374.23,1.6750000000000005,0.9200000000000004,5.984999999999999,0,-0.8649999999999998,2.2350000000000003,5.94
659477.65,5085374.1850000005,0.3750000000000005,1.3500000000000003,5.924999999999999,0,-0.8649999999999998,2.2350000000000003,5.94
659477.585,5085374.135,-0.9349999999999996,0.9550000000000004,5.759999999999999,0,-0.8649999999999998,2.2350000000000003,5.94
659477.425,5085373.970000001,-1.6899999999999995,0.5000000000000004,5.704999999999999,0,-0.5249999999999998,2.365,5.76
659477.175,5085373.6850000005,-5.979999999999999,0.7000000000000004,5.584999999999999,0,-0.5249999999999998,2.365,5.76
659476.96,5085373.305,-5.045,-0.0299999999999995,5.465,0,-0.6399999999999999,2.3200000000000003,5.470000000000001
659476.78,5085372.84,0.875,-0.3499999999999996,5.494999999999999,0,-1.12,2.295,5.2
659476.625,5085372.465,2.48,0.0650000000000004,5.484999999999999,0,-0.91,2.03,5.03
659476.5,5085372.18,1.695,0.2100000000000004,5.449999999999999,0,-1.35,1.42,4.8100000000000005
659476.44,5085372.09,0.19,0.4500000000000004,5.43,0,-1.35,1.42,4.8100000000000005
659476.44,5085372.1850000005,-0.095,0.5150000000000005,5.424999999999999,0,-1.35,1.42,4.8100000000000005
659476.4099999999,5085372.135,-2.12,0.7000000000000004,5.35,0,-1.35,1.42,4.8100000000000005
659476.35,5085371.945,-4.79,0.2450000000000004,5.395,0,-1.35,1.42,4.8100000000000005
659476.29,5085371.715,-6.05,-0.4449999999999995,5.069999999999999,0,-1.55,1.575,4.85
659476.23,5085371.44,-6.25,-0.0799999999999995,4.68,0,-1.55,1.575,4.85
659476.145,5085371.065,-3.5,0.3050000000000005,4.635,0,-0.6799999999999999,2.5749999999999997,6.029999999999999
659476.03,5085370.595000001,-4.19,-0.0749999999999995,4.434999999999999,0,-0.6499999999999999,2.0849999999999995,5.114999999999998
659475.915,5085370.035,-5.835,-0.5599999999999995,4.389999999999999,0,-1.22,1.3299999999999996,4.709999999999999
659475.8,5085369.385,-3.525,-0.3949999999999995,4.494999999999999,0,-0.7849999999999999,2.04,4.739999999999998
659475.685,5085368.779999999,-3.05,0.0400000000000004,4.52,0,-0.775,2.17,4.774999999999999
659475.5700000001,5085368.220000001,-3.1100000000000003,-0.0349999999999995,4.459999999999999,0,-1.03,1.7049999999999996,4.469999999999999
659475.4550000001,5085367.66,-6.535,-0.2099999999999995,4.294999999999999,0,-0.875,2.01,4.544999999999999
659475.3400000001,5085367.105,-6.220000000000001,-0.5199999999999996,4.249999999999999,0,-1.02,1.8749999999999996,4.354999999999999
659475.255,5085366.505,-3.83,-0.5899999999999995,4.234999999999999,0,-1.02,1.8749999999999996,4.354999999999999
659475.21,5085365.855,-4.455,-0.8649999999999994,4.065,0,-1.0,1.6599999999999993,4.274999999999999
659475.1299999999,5085365.2,-3.415,-1.1999999999999993,4.09,0,-0.93,1.7149999999999994,4.459999999999999
659475.0149999999,5085364.545,-3.295,-0.6799999999999995,4.164999999999999,0,-0.125,1.4399999999999993,4.319999999999999
659474.935,5085363.945,-1.655,-0.3599999999999994,4.134999999999999,0,0.09,1.5349999999999993,4.199999999999999
659474.885,5085363.390000001,-2.43,-0.1999999999999994,4.034999999999999,0,-1.16,1.6649999999999991,4.079999999999999
659474.8049999999,5085362.83,-3.4000000000000004,-0.4699999999999994,3.984999999999999,0,-1.77,1.1899999999999993,4.009999999999999
659474.69,5085362.27,-5.6,-0.8249999999999995,4.019999999999999,0,-1.835,0.8099999999999992,3.959999999999999
659474.605,5085361.665,-6.6000000000000005,-1.0949999999999993,3.849999999999999,0,-1.4999999999999998,0.9399999999999992,3.854999999999999
659474.56,5085361.015000001,-5.9,-1.6999999999999993,3.559999999999999,0,-1.6849999999999996,1.3049999999999993,3.834999999999999
659474.45,5085360.41,-5.035000000000001,-2.019999999999999,3.405,0,-1.5299999999999998,1.364999999999999,4.049999999999999
659474.27,5085359.85,-2.775000000000001,-1.4499999999999995,3.569999999999999,0,-1.795,1.2999999999999994,4.099999999999999
659474.1200000001,5085359.29,-5.745000000000001,-1.0349999999999993,3.749999999999999,0,-1.4899999999999998,0.8499999999999992,3.964999999999999
659474.005,5085358.73,-5.985000000000001,-0.9649999999999992,3.789999999999999,0,-1.525,1.214999999999999,3.945
659473.8899999999,5085358.17,-6.520000000000001,-0.7999999999999994,3.754999999999999,0,-1.895,1.064999999999999,3.8249999999999993
659473.7749999999,5085357.609999999,-6.1800000000000015,-1.104999999999999,3.655,0,-2.0699999999999994,0.9499999999999992,3.84
659473.63,5085357.05,-4.880000000000002,-1.1199999999999992,3.549999999999999,0,-1.755,0.8249999999999991,3.975
659473.45,5085356.49,-4.6800000000000015,-1.2199999999999993,3.479999999999999,0,-2.1,0.9299999999999992,3.84
659473.3,5085355.93,-4.920000000000002,-1.5499999999999994,3.384999999999999,0,-2.26,0.9249999999999992,3.869999999999999
659473.185,5085355.375,-5.720000000000002,-1.5799999999999994,3.294999999999999,0,-2.31,0.7599999999999991,3.9099999999999993
659473.105,5085354.775,-5.865000000000002,-1.4599999999999995,3.389999999999999,0,-2.095,0.794999999999999,3.905
659473.0549999999,5085354.125,-7.4300000000000015,-1.5849999999999995,3.419999999999999,0,-2.29,0.7599999999999991,3.955
659472.9750000001,5085353.52,-4.900000000000002,-1.4849999999999994,3.5349999999999997,0,-2.245,1.0249999999999992,4.0
659472.8600000001,5085352.96,-4.705000000000002,-1.1249999999999991,3.644999999999999,0,-2.23,0.9199999999999992,4.0
659472.745,5085352.4,-4.840000000000002,-0.9949999999999994,3.6149999999999993,0,-2.265,0.5749999999999992,3.84
659472.6299999999,5085351.84,-4.515000000000002,-0.5699999999999994,3.674999999999999,0,-2.265,0.5749999999999992,3.84
659472.48,5085351.279999999,-3.990000000000002,-0.5949999999999993,3.73,0,-2.2,0.7299999999999991,3.86
659472.3,5085350.720000001,-4.845000000000002,-1.0949999999999993,3.7849999999999993,0,-2.015,0.5499999999999992,4.074999999999999
659472.155,5085350.16,-6.085000000000003,-1.1349999999999991,3.9699999999999993,0,-2.015,0.5499999999999992,4.074999999999999
659472.04,5085349.6,-1.420000000000002,-0.0599999999999993,4.234999999999999,0,-1.975,0.1349999999999991,3.725
659471.9550000001,5085349.045,1.224999999999998,0.5550000000000007,4.379999999999999,0,-1.36,0.674999999999999,3.605
659471.905,5085348.49,-1.905000000000002,0.0100000000000006,4.364999999999999,0,-1.2799999999999998,1.2449999999999992,3.965
659471.825,5085347.885,-3.325000000000002,-0.1049999999999993,4.389999999999999,0,-1.35,1.379999999999999,4.35
659471.7150000001,5085347.234999999,-3.110000000000002,-0.1449999999999993,4.454999999999999,0,-0.8899999999999999,2.089999999999999,4.834999999999999
659471.6000000001,5085346.63,-3.6400000000000015,-0.2649999999999993,4.534999999999999,0,-0.775,1.924999999999999,4.945
659471.4850000001,5085346.07,-2.050000000000002,-0.1049999999999993,4.829999999999999,0,-1.005,2.0349999999999997,4.609999999999999
659471.3700000001,5085345.51,-2.740000000000002,0.0500000000000006,4.94,0,-1.0550000000000002,2.009999999999999,4.654999999999999
659471.255,5085344.95,-3.120000000000002,0.0800000000000006,4.924999999999999,0,-1.02,2.304999999999999,4.934999999999999
659471.1399999999,5085344.390000001,-4.510000000000002,0.1900000000000006,4.869999999999999,0,-0.97,2.029999999999999,4.734999999999999
659471.0249999999,5085343.83,-4.480000000000002,0.0450000000000006,4.839999999999999,0,-0.9,2.449999999999999,4.989999999999999
659470.9099999999,5085343.27,-2.450000000000002,0.1400000000000006,4.924999999999999,0,-0.8599999999999999,2.419999999999999,5.125
659470.7949999999,5085342.71,-2.6350000000000016,0.3800000000000006,4.884999999999999,0,-0.7849999999999999,2.4849999999999985,5.125
659470.6799999999,5085342.105,-3.895000000000002,0.2900000000000006,4.839999999999999,0,-0.8799999999999998,2.714999999999999,5.254999999999999
659470.565,5085341.455,-4.160000000000002,0.1700000000000006,4.844999999999999,0,-0.7849999999999998,2.379999999999999,5.219999999999999
659470.485,5085340.85,-2.7150000000000016,0.3600000000000006,4.929999999999999,0,-0.7749999999999998,2.404999999999999,5.194999999999999
659470.435,5085340.295,-2.1300000000000017,0.4150000000000006,4.999999999999999,0,-1.0099999999999998,2.209999999999999,4.85
659470.355,5085339.695,-3.8800000000000017,0.1600000000000006,4.965,0,-1.17,2.114999999999999,4.98
659470.245,5085339.04,-4.065000000000001,0.1900000000000006,4.979999999999999,0,-1.215,2.129999999999999,5.225
659470.1299999999,5085338.4350000005,-2.390000000000002,0.2850000000000007,5.084999999999999,0,-1.0999999999999996,2.424999999999999,5.444999999999999
659470.0149999999,5085337.88,-2.9600000000000017,0.4200000000000007,5.02,0,-0.7299999999999998,2.49,5.135
659469.935,5085337.275,-2.745000000000002,0.5500000000000007,4.959999999999999,0,-0.6349999999999998,2.4850000000000003,5.334999999999999
659469.885,5085336.625,-4.025000000000002,0.3400000000000006,4.834999999999999,0,-0.7649999999999998,2.62,5.42
659469.8049999999,5085336.02,-4.005000000000002,-0.0199999999999993,4.739999999999998,0,-0.5199999999999998,1.855,5.265
659469.69,5085335.46,-3.3400000000000016,0.3050000000000006,4.924999999999999,0,-0.1849999999999997,1.97,5.344999999999999
659469.605,5085334.855,-2.725000000000002,0.5850000000000006,5.194999999999999,0,-0.3249999999999997,2.8200000000000003,5.775
659469.5549999999,5085334.205,-3.7550000000000017,0.5250000000000007,5.304999999999999,0,-0.2299999999999998,3.245,6.154999999999999
659469.4750000001,5085333.555,-4.660000000000002,0.3750000000000007,5.299999999999999,0,-0.1749999999999997,3.34,6.15
659469.365,5085332.905,-3.8550000000000018,0.4200000000000006,5.379999999999999,0,0.0450000000000002,3.43,6.09
659469.25,5085332.3,-3.955000000000002,0.6900000000000006,5.604999999999999,0,-0.0849999999999997,3.3600000000000003,6.23
659469.135,5085331.74,-4.475000000000002,0.7400000000000007,5.684999999999999,0,0.0300000000000002,3.59,6.359999999999999
659469.02,5085331.18,-5.480000000000002,0.7500000000000007,5.709999999999999,0,0.0350000000000002,3.675,6.39
659468.905,5085330.62,-3.590000000000002,0.9150000000000006,6.029999999999999,0,-0.0299999999999997,3.585,6.609999999999999
659468.7949999999,5085330.015000001,-2.330000000000002,1.2050000000000003,6.204999999999999,0,0.0250000000000002,3.865,6.65
659468.6799999999,5085329.365,-1.5550000000000015,1.6700000000000008,6.259999999999999,0,0.1050000000000002,3.87,6.534999999999999
659468.565,5085328.76,-0.0550000000000018,2.4350000000000005,6.579999999999999,0,0.03,3.97,6.715
659468.45,5085328.2,-0.2100000000000017,2.2150000000000007,6.664999999999999,0,0.0550000000000002,3.84,6.695
659468.335,5085327.640000001,-2.5700000000000016,1.6550000000000007,6.414999999999999,0,0.1200000000000002,3.78,6.885
659468.22,5085327.08,-2.9400000000000017,1.1800000000000008,6.19,0,0.1150000000000002,3.545,6.789999999999999
659468.105,5085326.52,-2.6750000000000003,1.1350000000000002,5.984999999999999,0,0.0250000000000002,3.76,6.754999999999999
659467.99,5085325.965,-4.350000000000001,1.2850000000000008,6.229999999999999,0,0.0950000000000002,3.81,6.654999999999999
659467.875,5085325.41,-2.1250000000000018,1.290000000000001,6.409999999999999,0,0.3900000000000002,3.55,6.424999999999999
659467.76,5085324.85,-1.7500000000000018,1.2800000000000011,6.299999999999999,0,0.7500000000000002,3.695,6.539999999999999
659467.645,5085324.29,0.2799999999999982,1.255000000000001,6.349999999999999,0,0.6800000000000002,3.745,6.56
659467.5349999999,5085323.73,-2.610000000000002,1.395000000000001,6.434999999999999,0,0.6700000000000002,4.0,6.77
659467.4199999999,5085323.215,-3.915000000000002,1.235000000000001,6.254999999999999,0,0.5500000000000003,3.81,6.739999999999999
659467.3,5085322.75,-3.055000000000001,1.360000000000001,6.214999999999999,0,0.2350000000000002,4.09,6.914999999999999
659467.185,5085322.24,-2.9050000000000016,1.405000000000001,6.389999999999999,0,0.2000000000000002,4.004999999999999,7.025
659467.0700000001,5085321.68,-0.7100000000000014,1.1700000000000008,6.484999999999999,0,0.1800000000000002,4.294999999999999,7.16
659467.0449999999,5085321.215,-0.9300000000000014,1.055000000000001,6.294999999999999,0,0.1200000000000002,3.905,7.1
659467.12,5085320.845000001,-1.3200000000000014,0.955000000000001,6.145,0,0.1200000000000002,3.905,7.1
659467.29,5085320.62,-0.9450000000000014,1.205000000000001,6.114999999999999,0,0.1200000000000002,3.905,7.1
659467.55,5085320.535,-0.9850000000000012,1.025000000000001,6.094999999999999,0,0.1800000000000002,4.294999999999999,7.16
659467.81,5085320.445,-1.500000000000001,0.885000000000001,5.964999999999999,0,0.1800000000000002,4.294999999999999,7.16
659468.07,5085320.36,-2.0600000000000014,0.655000000000001,5.719999999999999,0,0.1800000000000002,4.294999999999999,7.16
659468.365,5085320.275,-1.8900000000000008,0.2950000000000011,5.734999999999999,0,0.2550000000000002,4.194999999999999,7.215
659468.69,5085320.19,-2.215000000000001,1.115000000000001,5.799999999999999,0,0.2550000000000002,4.194999999999999,7.215
659468.9450000001,5085320.245,-2.715000000000001,0.7500000000000011,5.895,0,0.2550000000000002,4.194999999999999,7.215
659469.135,5085320.4350000005,-1.865000000000001,0.1500000000000011,6.104999999999999,0,0.2000000000000002,4.004999999999999,7.025
659469.415,5085320.905,-2.1900000000000013,0.6450000000000011,6.244999999999999,0,0.2000000000000002,4.004999999999999,7.025
659469.6599999999,5085321.515000001,-2.650000000000001,1.1350000000000011,6.374999999999999,0,0.2350000000000002,4.09,6.914999999999999
659469.78,5085321.98,-2.405000000000001,1.4450000000000012,6.219999999999999,0,0.2350000000000002,4.09,6.914999999999999
659469.895,5085322.445,-2.3500000000000014,1.1500000000000012,6.039999999999999,0,0.3950000000000002,3.829999999999999,6.765
659470.01,5085322.915,-4.120000000000001,1.0200000000000011,6.199999999999999,0,-0.1899999999999997,3.315,6.4
659470.1299999999,5085323.43,-4.770000000000001,0.7450000000000011,6.164999999999999,0,0.0650000000000002,3.16,6.18
659470.245,5085323.984999999,-3.3950000000000014,0.4350000000000011,6.059999999999999,0,0.7500000000000002,3.695,6.539999999999999
659470.3600000001,5085324.54,-4.360000000000001,0.6950000000000011,6.229999999999999,0,-0.0349999999999997,3.76,7.15
659470.4750000001,5085325.1,-3.600000000000001,1.0900000000000012,6.35,0,-0.0899999999999997,3.955,7.1850000000000005
659470.585,5085325.705,-3.385000000000001,1.115000000000001,6.344999999999999,0,0.1000000000000002,3.875,7.045
659470.7,5085326.355,-3.785000000000001,0.5800000000000011,6.384999999999999,0,0.1200000000000002,3.75,6.98
659470.845,5085326.965,-2.515000000000001,0.5050000000000011,6.484999999999999,0,0.1400000000000002,3.725,6.695
659471.02,5085327.529999999,-3.6800000000000015,0.7800000000000011,6.499999999999999,0,0.2150000000000002,3.96,6.995
659471.1699999999,5085328.135,-3.430000000000001,0.7100000000000011,6.395,0,0.1750000000000002,3.87,6.84
659471.2849999999,5085328.785,-3.9700000000000015,1.075000000000001,6.389999999999999,0,0.0400000000000002,3.65,6.675
659471.395,5085329.390000001,-3.8050000000000015,1.120000000000001,6.469999999999999,0,-0.1649999999999997,3.505,6.555
659471.51,5085329.95,-2.8800000000000017,1.075000000000001,6.539999999999999,0,-0.0949999999999997,3.61,6.5
659471.6599999999,5085330.555,-3.310000000000002,1.0250000000000012,6.44,0,-0.1999999999999998,3.56,6.24
659471.835,5085331.205,-2.525000000000002,0.7200000000000011,6.26,0,-0.1799999999999997,3.445,6.335
659471.98,5085331.8100000005,-5.0550000000000015,0.8950000000000011,6.154999999999999,0,0.0650000000000002,3.34,6.25
659472.095,5085332.37,-4.465000000000002,1.1850000000000012,6.139999999999999,0,0.1300000000000002,3.615,6.385
659472.24,5085332.975,-3.625000000000002,1.31,6.129999999999999,0,0.2850000000000002,3.885,6.475
659472.4199999999,5085333.63,-4.2600000000000025,0.9800000000000012,6.014999999999999,0,0.3150000000000002,3.425,6.26
659472.6,5085334.19,-3.275000000000002,0.6750000000000012,5.914999999999999,0,0.1400000000000003,3.385,5.94
659472.78,5085334.654999999,-4.110000000000002,0.7100000000000011,5.805,0,0.06,3.24,6.0
659472.96,5085335.17,-3.075000000000003,0.6850000000000012,5.829999999999999,0,-0.0049999999999996,3.14,6.01
659473.14,5085335.73,-4.415000000000003,0.9850000000000012,5.874999999999999,0,-0.0349999999999996,3.335,5.865
659473.3200000001,5085336.245,-5.0500000000000025,0.755000000000001,5.744999999999999,0,-0.0999999999999996,2.895,5.495
659473.505,5085336.715,-3.150000000000002,0.1800000000000011,5.555,0,-0.1349999999999996,3.06,5.55
659473.625,5085337.18,-4.755000000000003,0.1650000000000011,5.294999999999999,0,-0.2899999999999996,3.055,5.475
659473.675,5085337.645,-3.890000000000002,0.1700000000000011,5.274999999999999,0,-0.4049999999999996,2.635,5.235
659473.76,5085338.16,-4.525000000000002,0.2450000000000011,5.559999999999999,0,-0.1799999999999996,2.4,5.25
659473.875,5085338.720000001,-5.245000000000002,0.2600000000000011,5.629999999999999,0,-0.1999999999999996,2.34,5.305
659473.99,5085339.23,-2.175000000000002,0.2450000000000011,5.549999999999999,0,-0.5549999999999997,2.5649999999999995,5.27
659474.1100000001,5085339.695,-3.8800000000000026,0.4200000000000011,5.234999999999999,0,-0.5849999999999997,1.95,4.845000000000001
659474.2250000001,5085340.16,-1.570000000000002,0.4500000000000012,5.034999999999998,0,-0.6099999999999997,2.1899999999999995,4.875
659474.3400000001,5085340.625,-1.7500000000000018,0.1800000000000011,4.999999999999999,0,-0.6549999999999996,2.015,4.765000000000001
659474.4550000001,5085341.140000001,-4.5950000000000015,-0.2749999999999988,4.86,0,-0.7849999999999997,2.1899999999999995,4.92
659474.5700000001,5085341.7,-3.120000000000002,-0.4449999999999988,4.934999999999999,0,-0.8649999999999997,2.325,4.93
659474.685,5085342.26,-5.880000000000002,-0.3699999999999989,4.999999999999999,0,-0.7499999999999997,2.09,4.92
659474.8,5085342.82,-5.400000000000002,-0.2899999999999988,5.065,0,-0.6449999999999996,2.4449999999999994,4.949999999999999
659474.95,5085343.33,-4.980000000000002,-0.0099999999999988,5.219999999999999,0,-0.6549999999999996,2.1949999999999994,4.755
659475.13,5085343.795,-5.115000000000002,-0.1349999999999988,5.379999999999999,0,-0.6299999999999997,2.325,4.970000000000001
659475.315,5085344.265000001,-5.265000000000002,-0.1399999999999988,5.464999999999999,0,-0.4299999999999997,2.31,4.8100000000000005
659475.5,5085344.734999999,-5.545000000000002,0.0250000000000011,5.484999999999999,0,-0.2449999999999996,2.385,4.295
659475.645,5085345.25,-2.4650000000000016,0.0950000000000011,5.624999999999999,0,0.7900000000000004,2.75,4.67
659475.85,5085346.04,-1.6100000000000017,0.1350000000000011,5.279999999999999,0,1.1350000000000002,2.535,5.1
659476.0900000001,5085346.785,-2.3500000000000014,-0.8199999999999988,5.194999999999999,0,-0.4499999999999996,2.385,5.125
659476.24,5085347.255,-2.5900000000000016,-1.339999999999999,5.504999999999999,0,-0.4499999999999996,2.385,5.125
659476.3600000001,5085347.720000001,-2.905000000000002,-0.4299999999999989,5.494999999999999,0,-0.3649999999999996,2.66,5.109999999999999
659476.4750000001,5085348.23,-4.410000000000002,0.2850000000000011,5.449999999999999,0,-0.3999999999999997,2.365,4.9350000000000005
659476.5900000001,5085348.79,-3.990000000000002,0.1650000000000011,5.344999999999999,0,-0.4999999999999996,2.33,4.945
659476.7050000001,5085349.35,-3.495000000000002,0.0800000000000011,5.264999999999999,0,-0.5199999999999997,2.59,4.965
659476.8200000001,5085349.91,-4.0150000000000015,-0.2399999999999988,5.209999999999999,0,-0.5999999999999996,2.525,5.0
659476.97,5085350.425000001,-3.115000000000002,-0.5499999999999989,5.209999999999999,0,-0.6749999999999996,2.43,5.095000000000001
659477.15,5085350.895,-5.815000000000002,-0.2049999999999989,5.145,0,-0.5649999999999997,2.465,5.050000000000001
659477.2949999999,5085351.404999999,-5.745000000000003,-0.0599999999999988,4.965,0,-0.7199999999999998,2.425,4.9350000000000005
659477.4099999999,5085351.96,-3.900000000000002,-0.1299999999999989,4.674999999999999,0,-0.7099999999999997,2.2749999999999995,4.65
659477.5249999999,5085352.52,-4.210000000000002,-0.7849999999999988,4.35,0,-0.9499999999999996,1.88,4.529999999999999
659477.6399999999,5085353.08,-4.100000000000001,-1.464999999999999,4.054999999999999,0,-1.065,1.95,4.195
659477.755,5085353.640000001,-7.750000000000002,-1.549999999999999,3.854999999999999,0,-1.0149999999999997,1.505,3.93
659477.8700000001,5085354.2,-7.390000000000002,-1.599999999999999,3.874999999999999,0,-1.0149999999999997,1.505,3.93
659477.98,5085355.035,-5.185000000000002,-1.8099999999999987,3.854999999999999,0,-1.1399999999999997,1.2799999999999998,3.96
659478.0900000001,5085355.87,-6.190000000000001,-1.7449999999999986,3.754999999999999,0,-1.4499999999999995,1.2499999999999998,4.015000000000001
659478.2050000001,5085356.43,-6.155000000000001,-1.3299999999999987,4.009999999999999,0,-1.4949999999999997,1.34,3.97
659478.35,5085356.99,-3.6050000000000018,-0.4999999999999986,4.159999999999999,0,-1.5299999999999998,1.2749999999999997,3.86
659478.53,5085357.55,-4.025000000000002,0.1150000000000013,4.129999999999999,0,-1.5549999999999995,1.0049999999999997,3.82
659478.675,5085358.109999999,-6.310000000000001,-0.5449999999999986,4.104999999999999,0,-1.2799999999999998,1.1549999999999998,3.92
659478.79,5085358.67,-8.020000000000001,-0.9349999999999986,4.1,0,-1.215,1.17,3.955
659478.9099999999,5085359.1850000005,-7.190000000000001,-0.9099999999999988,4.17,0,-0.9699999999999998,1.1649999999999998,3.735
659479.0249999999,5085359.65,-3.9200000000000017,-0.9549999999999988,4.395,0,-1.0399999999999998,1.15,3.84
659479.1399999999,5085360.16,-6.130000000000001,-0.5149999999999987,4.579999999999999,0,-1.2399999999999998,1.4349999999999998,4.18
659479.255,5085360.720000001,-4.895000000000001,-0.1099999999999986,4.609999999999999,0,-1.0699999999999998,1.7449999999999997,4.234999999999999
659479.3700000001,5085361.234999999,-5.365000000000002,0.0450000000000013,4.684999999999999,0,-1.1249999999999998,1.6849999999999998,4.255
659479.49,5085361.699999999,-6.835000000000003,-0.3299999999999987,4.715,0,-0.9549999999999996,1.96,4.404999999999999
659479.6100000001,5085362.165,-5.0550000000000015,-0.4499999999999987,4.864999999999999,0,-1.0449999999999997,1.83,4.494999999999999
659479.7250000001,5085362.630000001,-5.825000000000002,-0.2499999999999986,5.034999999999999,0,-0.9199999999999996,2.12,4.775
659479.8049999999,5085363.140000001,-3.600000000000002,-0.4399999999999986,5.139999999999999,0,-0.8599999999999999,1.93,4.79
659479.915,5085363.9350000005,-2.0250000000000017,-0.3499999999999986,5.294999999999999,0,-1.0649999999999995,1.94,4.765000000000001
659480.085,5085364.96,-1.7300000000000018,0.3800000000000013,5.614999999999998,0,-0.6099999999999998,2.61,5.119999999999999
659480.1950000001,5085365.75,-4.285000000000002,0.9150000000000014,5.929999999999999,0,-0.1199999999999997,2.6,5.17
659480.245,5085366.305,-5.030000000000002,0.7600000000000013,5.994999999999999,0,-0.0949999999999997,2.805,5.165
659480.2949999999,5085366.859999999,-2.0850000000000017,0.4150000000000013,6.044999999999999,0,0.0150000000000002,2.85,5.359999999999999
659480.375,5085367.42,-4.380000000000002,0.6700000000000013,6.065,0,0.1200000000000002,2.99,5.37
659480.49,5085367.98,-3.720000000000002,1.0350000000000017,5.909999999999998,0,0.5650000000000002,3.605,5.745
659480.575,5085368.49,-4.760000000000002,0.7700000000000015,5.674999999999999,0,0.4250000000000002,3.325,5.715
659480.63,5085368.955,-4.9650000000000025,0.5550000000000015,5.619999999999999,0,0.3350000000000002,3.255,5.720000000000001
659480.745,5085369.470000001,-0.8600000000000027,0.7050000000000014,5.774999999999999,0,0.2300000000000002,3.365,5.78
659480.9199999999,5085370.029999999,-2.0250000000000026,0.6650000000000015,5.759999999999999,0,-0.6949999999999997,2.69,5.755000000000001
659481.0700000001,5085370.539999999,-2.4850000000000025,0.4350000000000014,5.659999999999999,0,0.2200000000000002,3.01,6.1
659481.2150000001,5085371.285,-1.5700000000000025,0.2100000000000014,5.629999999999999,0,-0.0049999999999997,3.22,6.365
659481.325,5085372.08,-3.730000000000002,0.0800000000000014,5.6,0,-0.7049999999999998,2.455,6.41
659481.4099999999,5085372.59,-3.840000000000002,0.0350000000000014,5.69,0,-0.5099999999999998,3.015,6.65
659481.5249999999,5085373.055,-1.0000000000000029,-0.1049999999999985,5.879999999999999,0,0.6800000000000003,3.6,6.965
659481.675,5085373.525,-2.710000000000002,0.6900000000000014,5.975,0,0.6350000000000002,3.975,7.825
659481.86,5085373.99,-2.8750000000000027,0.6650000000000014,6.249999999999999,0,0.6350000000000002,3.975,7.825
659482.11,5085374.32,-0.0900000000000026,0.2450000000000014,6.579999999999998,0,0.6350000000000002,3.975,7.825
659482.525,5085374.565,1.3349999999999973,1.0550000000000015,6.64,0,0.6350000000000002,3.975,7.825
659482.875,5085374.76,1.5349999999999977,1.5050000000000017,6.734999999999999,0,0.6350000000000002,3.975,7.825
659483.0349999999,5085374.81,-0.1000000000000023,1.9000000000000012,6.999999999999999,0,0.6350000000000002,3.975,7.825
659483.165,5085374.81,-0.6400000000000023,1.5300000000000016,7.029999999999999,0,0.6350000000000002,3.975,7.825
659483.325,5085374.765,0.1849999999999975,1.2250000000000014,6.869999999999999,0,0.6350000000000002,3.975,7.825
659483.52,5085374.68,-1.2950000000000024,2.135000000000001,6.984999999999999,0,0.6350000000000002,3.975,7.825
659483.78,5085374.595,-1.5350000000000024,2.245000000000001,7.289999999999999,0,1.745,5.57,8.885
659484.105,5085374.51,-1.9400000000000024,2.1700000000000013,7.524999999999999,0,1.745,5.57,8.885
659484.4650000001,5085374.38,-1.1700000000000024,2.4750000000000014,7.914999999999999,0,1.745,5.57,8.885
659484.8600000001,5085374.205,2.2049999999999974,2.610000000000001,8.215,0,1.745,5.57,8.885
659485.155,5085374.03,3.4599999999999973,2.755000000000001,8.329999999999998,0,1.745,5.57,8.885
659485.35,5085373.85,4.414999999999997,2.485000000000001,8.425,0,1.745,5.57,8.885
659485.4199999999,5085373.71,4.9899999999999975,2.7100000000000013,8.36,0,1.745,5.57,8.885
659485.3300000001,5085373.52,4.7399999999999975,2.530000000000001,8.184999999999999,0,1.745,5.57,8.885
659485.24,5085373.29,2.8299999999999974,1.6000000000000014,7.924999999999999,0,1.745,5.57,8.885
659485.1799999999,5085373.0600000005,-4.150000000000003,2.150000000000001,7.629999999999999,0,1.745,5.57,8.885
659485.12,5085372.779999999,-5.085000000000003,2.200000000000001,7.174999999999999,0,1.745,5.57,8.885
659485.0349999999,5085372.404999999,-5.445000000000002,1.5550000000000013,6.774999999999999,0,1.745,5.57,8.885
659484.9199999999,5085371.9350000005,-6.355000000000002,1.5400000000000014,6.704999999999998,0,1.615,5.245,8.555
659484.77,5085371.470000001,-4.710000000000003,1.6750000000000012,6.879999999999999,0,1.585,5.095000000000001,8.135
659484.5900000001,5085371.005,-9.155000000000005,1.7050000000000014,6.895,0,1.59,5.09,7.9
659484.44,5085370.49,-6.600000000000003,1.5350000000000017,6.779999999999999,0,1.475,4.505,7.035
659484.265,5085369.695,-1.9400000000000024,1.2100000000000013,6.549999999999999,0,1.545,4.609999999999999,7.005
659484.0900000001,5085368.949999999,-3.3100000000000027,1.1450000000000014,6.274999999999999,0,1.545,4.609999999999999,7.005
659484.005,5085368.395,-3.2550000000000026,1.2900000000000011,6.364999999999998,0,1.575,4.824999999999999,7.105
659483.9550000001,5085367.745,-3.9850000000000025,1.2250000000000012,6.524999999999999,0,1.67,4.44,6.895
659483.875,5085367.140000001,-4.700000000000003,1.375000000000001,6.484999999999999,0,1.205,4.045,6.815
659483.76,5085366.58,-2.3100000000000027,1.4350000000000012,6.4,0,0.7749999999999999,4.59,6.965
659483.645,5085365.975,-4.950000000000003,1.5200000000000014,6.385,0,1.36,4.44,6.905
659483.5349999999,5085365.325,-4.455000000000002,1.5800000000000014,6.419999999999999,0,1.365,4.164999999999999,6.82
659483.4199999999,5085364.720000001,-2.355000000000002,1.5650000000000013,6.354999999999999,0,1.145,4.52,6.98
659483.3049999999,5085364.16,-3.1300000000000026,1.3450000000000013,6.369999999999999,0,1.0750000000000002,4.289999999999999,6.665
659483.19,5085363.6,-3.8700000000000023,1.115000000000001,6.319999999999999,0,0.99,4.315,6.41
659483.075,5085363.04,-4.395000000000003,1.0050000000000012,6.184999999999999,0,1.01,3.89,6.265
659482.995,5085362.484999999,-3.3300000000000027,0.8750000000000012,6.104999999999999,0,0.8400000000000001,3.6,6.025
659482.9450000001,5085361.93,-4.540000000000003,0.6950000000000012,5.909999999999998,0,0.7350000000000001,3.55,5.98
659482.8300000001,5085361.37,-3.365000000000003,0.6000000000000012,5.77,0,0.5450000000000002,3.43,5.815
659482.65,5085360.8100000005,-4.140000000000002,0.7400000000000013,5.754999999999999,0,0.5850000000000002,3.505,5.68
659482.535,5085360.25,-4.630000000000003,0.7200000000000013,5.609999999999999,0,0.4600000000000001,3.17,5.23
659482.485,5085359.69,-4.190000000000003,0.5700000000000012,5.359999999999999,0,0.2450000000000001,2.85,4.93
659482.3999999999,5085359.13,-4.500000000000002,0.1800000000000012,5.254999999999999,0,0.2150000000000001,2.415,4.734999999999999
659482.2849999999,5085358.574999999,-3.525000000000002,0.0550000000000012,5.094999999999999,0,-0.1049999999999998,2.075,4.37
659482.1699999999,5085358.02,-3.6000000000000023,-0.0799999999999987,4.879999999999999,0,-0.3249999999999999,2.005,4.76
659482.0549999999,5085357.46,-3.030000000000002,-0.2999999999999987,4.759999999999999,0,-0.595,2.075,4.5
659481.94,5085356.9,-5.225000000000002,-0.3349999999999987,4.71,0,-0.565,1.875,4.359999999999999
659481.825,5085356.34,-4.670000000000002,-0.4049999999999988,4.524999999999999,0,-0.5149999999999999,1.905,4.275
659481.655,5085355.5,-2.820000000000003,-0.6449999999999988,4.449999999999999,0,-0.2149999999999998,1.935,4.44
659481.48,5085354.66,-4.930000000000003,-0.4649999999999987,4.424999999999999,0,-0.6049999999999999,1.845,4.43
659481.365,5085354.1,-4.150000000000003,-0.3949999999999987,4.364999999999999,0,-0.7599999999999999,1.705,4.51
659481.1950000001,5085353.265000001,-3.560000000000003,-0.4849999999999987,4.489999999999999,0,-0.9449999999999998,1.545,4.59
659480.99,5085352.43,-2.685000000000003,0.1850000000000012,4.674999999999999,0,-0.9049999999999998,1.975,4.725
659480.81,5085351.87,-1.6650000000000031,0.1000000000000012,4.824999999999999,0,-0.2199999999999997,2.145,4.71
659480.63,5085351.355,-4.390000000000003,-0.3999999999999988,4.979999999999999,0,-0.1699999999999998,2.75,4.57
659480.39,5085350.605,-3.670000000000004,-0.1799999999999987,5.249999999999999,0,0.0750000000000002,3.08,5.074999999999999
659480.185,5085349.8100000005,-5.895000000000003,0.3500000000000012,5.289999999999999,0,0.2250000000000002,3.375,5.195
659480.0700000001,5085349.25,-6.935000000000003,-0.1249999999999987,5.359999999999999,0,0.1400000000000001,3.5700000000000003,5.265
659479.9550000001,5085348.69,-5.2550000000000034,-0.2049999999999987,5.604999999999999,0,0.5150000000000002,3.905,5.4350000000000005
659479.8400000001,5085348.135,-5.020000000000003,0.1650000000000012,5.824999999999999,0,0.6850000000000003,4.305,5.375
659479.7250000001,5085347.58,-2.8900000000000032,0.4500000000000012,6.109999999999999,0,0.8600000000000001,3.655,5.5
659479.6100000001,5085347.065,-3.4900000000000038,1.0600000000000012,6.139999999999999,0,0.4600000000000002,3.275,5.375
659479.49,5085346.595000001,-3.1100000000000034,0.8150000000000011,5.959999999999999,0,0.6750000000000003,3.3,5.99
659479.375,5085346.085,-6.800000000000004,0.9000000000000011,6.02,0,0.5450000000000003,3.335,6.09
659479.26,5085345.529999999,-5.905000000000004,1.350000000000001,6.239999999999998,0,0.7900000000000003,4.355,7.02
659479.145,5085344.970000001,-2.895000000000004,1.6550000000000011,6.199999999999999,0,1.7600000000000002,5.585,7.26
659479.03,5085344.41,-4.075000000000004,1.370000000000001,6.109999999999999,0,1.2200000000000002,4.3100000000000005,6.359999999999999
659478.915,5085343.85,-3.330000000000004,1.230000000000001,6.26,0,0.9100000000000004,3.84,6.18
659478.8,5085343.29,-3.830000000000004,1.0850000000000013,6.244999999999999,0,0.7050000000000002,3.895000000000001,6.359999999999999
659478.685,5085342.73,-2.1050000000000035,0.6350000000000011,6.145,0,0.4600000000000002,3.92,6.21
659478.5700000001,5085342.17,-2.700000000000004,0.9050000000000012,6.055,0,0.2300000000000002,3.355,5.655
659478.4550000001,5085341.66,-3.300000000000004,0.8750000000000011,5.805,0,0.1900000000000002,2.9400000000000004,5.625
659478.25,5085340.915,-1.915000000000004,0.5850000000000011,5.694999999999999,0,0.1400000000000002,3.09,5.605
659478.01,5085340.12,-4.090000000000003,0.5750000000000011,5.534999999999999,0,0.0600000000000002,2.91,5.355
659477.8600000001,5085339.5600000005,-3.980000000000004,0.4000000000000011,5.289999999999999,0,-0.0549999999999997,2.65,5.335
659477.745,5085339.0,-2.3800000000000034,0.3700000000000011,5.459999999999999,0,0.0100000000000002,2.665,5.07
659477.6299999999,5085338.44,-5.155000000000003,0.2650000000000011,5.479999999999999,0,-0.0199999999999997,2.39,5.105
659477.5149999999,5085337.88,-5.540000000000004,1.1102230246251563e-15,5.204999999999999,0,-0.1999999999999997,2.23,5.24
659477.37,5085337.32,-6.245000000000003,-0.0599999999999988,4.934999999999999,0,-0.4149999999999997,2.29,5.24
659477.19,5085336.76,-5.085000000000004,-0.2649999999999989,4.669999999999999,0,-0.6099999999999998,2.175,5.359999999999999
659477.0449999999,5085336.2,-5.380000000000005,-0.3599999999999989,4.52,0,-0.7149999999999997,2.255,5.140000000000001
659476.9299999999,5085335.645,-5.970000000000005,-0.3649999999999989,4.565,0,-0.5849999999999997,1.8,4.99
659476.815,5085335.09,-4.515000000000004,-0.0299999999999988,4.76,0,-0.6649999999999998,2.025,5.065
659476.7,5085334.529999999,-4.280000000000004,-0.3199999999999989,4.895,0,-0.2,2.3549999999999995,5.305
659476.585,5085333.970000001,-5.680000000000004,-0.2849999999999989,5.119999999999999,0,-0.2149999999999998,2.52,5.29
659476.47,5085333.41,-6.075000000000005,0.4150000000000011,5.379999999999999,0,0.1250000000000002,2.685,5.04
659476.3500000001,5085332.895,-2.4850000000000043,0.3250000000000012,5.389999999999999,0,0.1050000000000002,2.2,5.07
659476.2350000001,5085332.43,-1.7900000000000045,0.4100000000000011,5.534999999999998,0,-0.1349999999999998,2.42,5.32
659476.1200000001,5085331.92,-2.7000000000000046,0.6350000000000011,5.789999999999999,0,0.2900000000000002,2.6100000000000003,5.5600000000000005
659475.9450000001,5085331.08,-3.4250000000000043,0.2050000000000011,5.749999999999999,0,0.0550000000000002,2.93,5.78
659475.7749999999,5085330.24,-6.440000000000004,0.4250000000000011,5.805,0,-0.1499999999999997,3.06,6.155
659475.6599999999,5085329.68,-6.385000000000004,0.4150000000000011,5.709999999999999,0,-0.0499999999999997,3.1950000000000003,6.085000000000001
659475.5449999999,5085329.125,-7.365000000000005,0.2200000000000011,5.604999999999999,0,0.0100000000000002,3.315,6.220000000000001
659475.4299999999,5085328.57,-7.795000000000004,0.2900000000000011,5.754999999999999,0,0.2150000000000002,3.18,6.255000000000001
659475.255,5085327.73,-2.7950000000000044,0.4450000000000011,5.989999999999998,0,0.1850000000000002,3.43,6.35
659475.085,5085326.890000001,-3.345000000000004,0.8800000000000011,6.124999999999999,0,0.2700000000000002,3.28,6.465
659474.97,5085326.33,-7.645000000000005,0.8900000000000011,6.19,0,0.2400000000000002,3.49,6.43
659474.855,5085325.77,-8.755000000000006,0.6650000000000011,6.169999999999999,0,0.2000000000000002,3.5700000000000003,6.494999999999999
659474.685,5085324.93,-5.775000000000006,0.3650000000000011,5.994999999999999,0,0.1200000000000002,3.605,6.59
659474.5449999999,5085324.095000001,-5.055000000000005,0.7650000000000011,5.85,0,0.2550000000000002,3.29,6.33
659474.495,5085323.54,-4.060000000000006,0.5050000000000011,5.734999999999999,0,0.0900000000000002,3.495,6.335
659474.4099999999,5085322.98,-6.895000000000006,-0.0499999999999988,5.639999999999999,0,-0.1349999999999998,3.05,6.345000000000001
659474.2949999999,5085322.42,-6.9500000000000055,-0.0649999999999988,5.559999999999999,0,-0.2649999999999998,3.005,6.205
659474.1799999999,5085321.91,-2.680000000000005,-0.2599999999999989,5.504999999999999,0,-0.3199999999999997,3.185,6.475
659474.06,5085321.445,-3.1100000000000056,-0.2049999999999989,5.529999999999999,0,-0.2549999999999997,3.3,6.455
659473.975,5085320.98,-2.275000000000005,-0.1949999999999989,5.534999999999999,0,-0.2499999999999997,3.185,6.585
659473.925,5085320.515000001,-1.1800000000000053,0.1800000000000011,5.364999999999999,0,-0.3549999999999997,2.975,6.69
659473.865,5085320.235,-0.8950000000000053,0.6850000000000012,5.395,0,-0.3549999999999997,2.975,6.69
659473.8,5085320.140000001,-1.0300000000000051,0.6250000000000011,5.504999999999999,0,-0.3549999999999997,2.975,6.69
659473.735,5085320.135,-1.9450000000000047,0.8000000000000012,5.494999999999999,0,-0.43,2.885,6.52
659473.6699999999,5085320.225,-3.105000000000005,0.4450000000000011,5.409999999999999,0,-0.43,2.885,6.52
659473.605,5085320.315,-6.725000000000005,-0.8799999999999988,5.374999999999999,0,-0.43,2.885,6.52
659473.5349999999,5085320.41,-7.435000000000005,-1.4149999999999987,5.52,0,-0.43,2.885,6.52
659473.53,5085320.645,-5.135000000000005,-0.3649999999999987,5.395,0,-0.3549999999999997,2.975,6.69
659473.585,5085321.015000001,-4.3650000000000055,0.5350000000000013,5.074999999999999,0,-0.3549999999999997,2.975,6.69
659473.6699999999,5085321.385,-5.565000000000005,0.1650000000000012,4.999999999999999,0,-0.2499999999999997,3.185,6.585
659473.79,5085321.76,-5.540000000000005,-0.3049999999999987,5.119999999999999,0,-0.2549999999999997,3.3,6.455
659473.94,5085322.18,-3.390000000000005,0.0300000000000012,5.145,0,-0.3349999999999997,2.94,6.325
659474.125,5085322.645,-4.005000000000005,0.5300000000000012,5.15,0,-0.1799999999999997,3.135,6.29
659474.2749999999,5085323.115,-3.780000000000005,0.1500000000000012,5.359999999999999,0,-0.1349999999999998,3.05,6.345000000000001
659474.3899999999,5085323.585,-3.1550000000000056,-0.1449999999999988,5.484999999999999,0,0.0900000000000002,3.495,6.335
659474.54,5085324.050000001,-4.670000000000005,-0.0049999999999987,5.59,0,0.2550000000000002,3.29,6.33
659474.725,5085324.515000001,-3.795000000000005,0.2850000000000012,5.794999999999999,0,0.2200000000000002,3.76,6.585
659474.875,5085325.029999999,-3.955000000000005,0.5400000000000013,5.864999999999998,0,0.0750000000000002,3.3200000000000003,6.33
659474.99,5085325.59,-3.735000000000005,0.1550000000000012,5.799999999999999,0,0.2000000000000002,3.5700000000000003,6.494999999999999
659475.135,5085326.15,-3.9700000000000055,0.3400000000000012,5.784999999999998,0,0.2400000000000002,3.49,6.43
659475.31,5085326.71,-5.320000000000006,0.1950000000000011,5.664999999999999,0,0.2450000000000002,3.545,6.47
659475.46,5085327.225,-5.475000000000005,-0.2049999999999988,5.52,0,0.2900000000000002,3.36,6.45
659475.5800000001,5085327.69,-6.875000000000005,-0.3199999999999988,5.384999999999999,0,0.1850000000000002,3.43,6.35
659475.73,5085328.2,-4.3250000000000055,-0.2299999999999988,5.395,0,-0.0049999999999997,3.335,6.255000000000001
659475.9099999999,5085328.76,-4.895000000000005,0.2250000000000011,5.374999999999999,0,0.1750000000000002,3.1,6.24
659476.0900000001,5085329.32,-5.110000000000007,-0.1849999999999989,5.264999999999999,0,0.0100000000000002,3.315,6.220000000000001
659476.27,5085329.88,-4.575000000000006,-0.3299999999999988,5.229999999999999,0,-0.1849999999999997,2.9400000000000004,6.085000000000001
659476.48,5085330.395,-5.940000000000007,-0.5549999999999988,5.145,0,-0.0399999999999997,2.9850000000000003,6.035
659476.725,5085330.865,-4.355000000000007,-0.704999999999999,5.109999999999999,0,0.0550000000000002,2.93,5.78
659476.965,5085331.66,-3.650000000000006,-0.3099999999999989,4.959999999999999,0,0.2900000000000002,2.6100000000000003,5.5600000000000005
659477.1399999999,5085332.5,-7.640000000000006,-0.32,4.724999999999999,0,0.1050000000000002,2.2,5.07
659477.255,5085333.0600000005,-8.170000000000005,-0.5899999999999989,4.584999999999999,0,0.1250000000000002,2.685,5.04
659477.4,5085333.62,-6.320000000000007,-0.7149999999999989,4.624999999999999,0,-0.1999999999999998,2.44,5.215
659477.5800000001,5085334.18,-7.4450000000000065,-0.954999999999999,4.69,0,-0.2,2.3549999999999995,5.305
659477.76,5085334.74,-5.905000000000007,-0.8249999999999991,4.885,0,-0.6649999999999998,2.025,5.065
659477.995,5085335.58,-3.725000000000006,0.0350000000000011,5.164999999999999,0,-0.5849999999999997,1.8,4.99
659478.2,5085336.42,-5.590000000000005,0.3150000000000011,5.27,0,-0.6099999999999998,2.175,5.359999999999999
659478.35,5085336.98,-6.125000000000005,-0.0249999999999988,5.309999999999999,0,-0.4149999999999997,2.29,5.24
659478.53,5085337.54,-5.645000000000005,-0.1299999999999989,5.529999999999999,0,-0.1999999999999997,2.23,5.24
659478.675,5085338.1,-6.850000000000005,-0.0199999999999988,5.629999999999999,0,-0.0199999999999997,2.39,5.105
659478.79,5085338.66,-4.675000000000005,0.1100000000000011,5.639999999999999,0,0.0100000000000002,2.665,5.07
659478.905,5085339.220000001,-6.930000000000005,0.1600000000000011,5.604999999999999,0,-0.0549999999999997,2.65,5.335
659479.02,5085339.779999999,-6.590000000000005,0.2400000000000011,5.579999999999999,0,0.0600000000000002,2.91,5.355
659479.135,5085340.335,-6.280000000000006,0.6450000000000011,5.76,0,0.07,2.795,5.605
659479.25,5085340.890000001,-6.625000000000006,0.5050000000000011,5.869999999999999,0,0.1400000000000002,3.09,5.605
659479.4,5085341.45,-5.775000000000006,0.555000000000001,6.069999999999999,0,0.1900000000000002,2.9400000000000004,5.625
659479.5800000001,5085342.01,-6.3650000000000055,0.7900000000000011,6.76,0,0.3600000000000002,3.205,5.655
659480.085,5085343.74,-2.6650000000000054,0.530000000000001,6.614999999999999,0,0.9100000000000004,3.84,6.18
659480.62,5085345.425000001,-5.585000000000005,0.535000000000001,5.909999999999999,0,0.3600000000000002,3.48,6.48
659480.8300000001,5085345.94,-7.000000000000005,0.460000000000001,5.919999999999999,0,0.5450000000000003,3.335,6.09
659481.01,5085346.5,-3.1450000000000053,0.3700000000000009,6.069999999999999,0,0.4950000000000002,3.1,5.67
659481.1599999999,5085347.0600000005,-4.7850000000000055,0.3600000000000009,6.054999999999999,0,0.8600000000000001,3.655,5.5
659481.2749999999,5085347.62,-4.605000000000006,0.525000000000001,5.884999999999999,0,1.1250000000000002,4.125,5.535
659481.51,5085348.46,-3.3100000000000054,0.1550000000000009,5.609999999999999,0,0.2550000000000002,3.67,5.27
659481.75,5085349.3,-5.730000000000006,0.0300000000000009,5.344999999999999,0,0.2250000000000002,3.375,5.195
659481.865,5085349.855,-5.010000000000005,0.2800000000000009,5.145,0,0.0750000000000002,3.08,5.074999999999999
659481.98,5085350.41,-6.705000000000005,-0.409999999999999,4.815,0,-0.1249999999999998,2.79,4.779999999999999
659482.095,5085350.970000001,-10.595000000000006,-1.0199999999999991,4.545,0,-0.1699999999999998,2.75,4.57
659482.21,5085351.529999999,-7.235000000000005,-0.8849999999999991,4.489999999999999,0,-0.2199999999999997,2.145,4.71
659482.325,5085352.09,-5.940000000000005,-0.234999999999999,4.629999999999999,0,-0.9049999999999998,1.975,4.725
659482.47,5085352.65,-5.570000000000006,-0.354999999999999,4.779999999999999,0,-0.9599999999999996,1.615,4.515
659482.65,5085353.21,-4.695000000000006,-0.5299999999999989,4.784999999999999,0,-0.8199999999999998,1.6749999999999998,4.5
659482.8,5085353.725,-5.045000000000005,-0.574999999999999,4.754999999999999,0,-0.7599999999999999,1.705,4.51
659482.9199999999,5085354.19,-2.930000000000005,-0.4249999999999989,4.934999999999999,0,-0.6049999999999999,1.845,4.43
659483.0349999999,5085354.7,-3.4850000000000048,-0.0199999999999989,4.884999999999999,0,-0.4749999999999998,1.71,4.39
659483.1499999999,5085355.26,-3.995000000000005,-0.4499999999999989,4.909999999999998,0,-0.2149999999999998,1.935,4.44
659483.26,5085356.1,-3.1550000000000047,-0.3849999999999989,5.054999999999999,0,-0.5399999999999998,1.99,4.305
659483.4,5085356.890000001,-5.555000000000005,0.115000000000001,5.169999999999999,0,-0.595,2.075,4.5
659483.5800000001,5085357.355,-7.815000000000005,0.065000000000001,5.424999999999999,0,-0.4549999999999999,2.35,4.779999999999999
659483.73,5085357.87,-4.920000000000004,0.325000000000001,5.605,0,-0.1999999999999999,1.865,4.585
659483.845,5085358.43,-4.225000000000005,0.8150000000000011,5.789999999999999,0,-0.1049999999999998,2.075,4.37
659483.96,5085358.945,-4.520000000000005,0.450000000000001,5.944999999999999,0,0.2150000000000001,2.415,4.734999999999999
659484.0800000001,5085359.41,-3.300000000000005,0.435000000000001,6.029999999999999,0,0.39,2.965,5.0600000000000005
659484.2250000001,5085359.92,-2.9600000000000053,1.045000000000001,6.099999999999999,0,0.4600000000000001,3.17,5.23
659484.4,5085360.48,-3.050000000000005,1.015000000000001,6.315,0,0.5750000000000002,3.585,5.505
659484.55,5085361.04,-3.8650000000000055,0.5500000000000012,6.434999999999999,0,0.54,3.675,5.99
659484.665,5085361.6,-2.2600000000000056,0.5150000000000011,6.604999999999999,0,0.7350000000000001,3.55,5.98
659484.815,5085362.115,-3.435000000000006,1.305000000000001,6.864999999999999,0,0.8150000000000002,3.959999999999999,6.234999999999999
659485.0,5085362.585,-3.675000000000005,1.740000000000001,7.184999999999999,0,1.01,3.89,6.265
659485.145,5085363.1,-5.840000000000005,1.920000000000001,7.169999999999999,0,1.035,3.9499999999999993,6.295
659485.26,5085363.654999999,-3.630000000000005,2.140000000000001,6.984999999999999,0,1.16,4.194999999999999,6.77
659485.3799999999,5085364.165,0.2599999999999947,1.825000000000001,7.139999999999999,0,1.185,4.459999999999999,6.8100000000000005
659485.495,5085364.635,-4.400000000000006,1.4050000000000011,7.094999999999999,0,1.2999999999999998,4.17,6.915
659485.64,5085365.15,-3.6000000000000054,1.5500000000000012,7.104999999999999,0,1.29,4.52,6.9
659485.8200000001,5085365.71,-3.770000000000005,2.155000000000001,7.354999999999999,0,1.055,4.359999999999999,6.94
659485.97,5085366.27,-3.980000000000005,2.095000000000001,7.664999999999999,0,0.7849999999999999,4.32,6.8100000000000005
659486.085,5085366.83,-3.5850000000000053,1.9750000000000008,7.674999999999999,0,1.67,4.44,6.895
659486.23,5085367.34,-3.110000000000005,1.6550000000000011,7.49,0,1.575,4.824999999999999,7.105
659486.415,5085367.805,-2.2500000000000053,1.3950000000000011,7.594999999999999,0,1.575,4.824999999999999,7.105
659486.6,5085368.32,-5.755000000000005,1.6450000000000011,7.6,0,1.545,4.609999999999999,7.005
659486.78,5085368.88,-5.9900000000000055,1.765000000000001,7.489999999999999,0,1.545,4.609999999999999,7.005
659486.925,5085369.395,-4.995000000000005,2.075000000000001,7.48,0,1.475,4.505,7.035
659487.04,5085369.859999999,-3.6800000000000055,1.9450000000000007,7.439999999999999,0,1.4700000000000002,4.895,7.630000000000001
659487.125,5085370.37,-2.265000000000005,1.575000000000001,7.364999999999999,0,1.59,5.09,7.9
659487.175,5085370.93,-5.445000000000006,1.4650000000000012,7.464999999999999,0,1.585,5.095000000000001,8.135
659487.26,5085371.395,-4.080000000000005,1.450000000000001,7.809999999999999,0,1.615,5.245,8.555
659487.3799999999,5085371.77,-0.0750000000000053,2.370000000000001,8.254999999999999,0,1.745,5.57,8.885
659487.5,5085372.1,0.6849999999999946,3.030000000000001,7.584999999999999,0,1.745,5.57,8.885
659487.6200000001,5085372.38,1.624999999999995,1.115000000000001,6.254999999999999,0,1.745,5.57,8.885
659487.805,5085372.71,2.834999999999994,-1.149999999999999,5.739999999999999,0,1.745,5.57,8.885
659485.8400000001,5085372.470000001,0.3000000000000009,2.42,8.245,0,1.745,5.57,8.885
659485.665,5085371.815,2.775000000000001,2.8000000000000003,7.944999999999999,0,1.615,5.245,8.555
659485.49,5085371.165,-0.5399999999999987,3.2700000000000005,7.739999999999999,0,1.585,5.095000000000001,8.135
659485.4299999999,5085370.795,-0.5399999999999987,3.2700000000000005,7.739999999999999,0,1.59,5.09,7.9
659485.3400000001,5085370.470000001,-2.839999999999999,2.92,7.785,0,1.4700000000000002,4.895,7.630000000000001
659485.22,5085370.1850000005,-2.839999999999999,2.92,7.785,0,1.475,4.505,7.035
659484.99,5085369.205,-0.9449999999999992,1.86,7.1,0,1.545,4.609999999999999,7.005
659484.7,5085367.905,-4.475,1.81,6.84,0,1.575,4.824999999999999,7.105
659484.52,5085367.25,-4.700000000000003,1.375000000000001,6.484999999999999,0,1.67,4.44,6.895
659484.4299999999,5085366.92,-4.700000000000003,1.375000000000001,6.484999999999999,0,1.205,4.045,6.815
659484.375,5085366.640000001,-2.3100000000000027,1.4350000000000012,6.4,0,0.7849999999999999,4.32,6.8100000000000005
659484.3200000001,5085366.359999999,-2.3100000000000027,1.4350000000000012,6.4,0,0.7749999999999999,4.59,6.965
659484.26,5085366.08,-4.950000000000003,1.5200000000000014,6.385,0,1.055,4.359999999999999,6.94
659484.2,5085365.800000001,-4.950000000000003,1.5200000000000014,6.385,0,1.36,4.44,6.905
659484.145,5085365.525,-4.455000000000002,1.5800000000000014,6.419999999999999,0,1.29,4.52,6.9
659484.0900000001,5085365.25,-4.455000000000002,1.5800000000000014,6.419999999999999,0,1.365,4.164999999999999,6.82
659484.03,5085364.970000001,-4.455000000000002,1.5800000000000014,6.419999999999999,0,1.2999999999999998,4.17,6.915
659483.97,5085364.69,-2.355000000000002,1.5650000000000013,6.354999999999999,0,1.145,4.52,6.98
659483.915,5085364.41,-2.355000000000002,1.5650000000000013,6.354999999999999,0,1.185,4.459999999999999,6.8100000000000005
659483.825,5085364.13,-3.1300000000000026,1.3450000000000013,6.369999999999999,0,1.16,4.194999999999999,6.77
659483.7,5085363.85,-3.1300000000000026,1.3450000000000013,6.369999999999999,0,1.0750000000000002,4.289999999999999,6.665
659483.61,5085363.57,-3.8700000000000023,1.115000000000001,6.319999999999999,0,0.99,4.315,6.41
659483.5549999999,5085363.29,-3.8700000000000023,1.115000000000001,6.319999999999999,0,1.035,3.9499999999999993,6.295
659483.47,5085362.96,-4.395000000000003,1.0050000000000012,6.184999999999999,0,1.01,3.89,6.265
659483.3500000001,5085362.585,-3.3300000000000027,0.8750000000000012,6.104999999999999,0,0.8150000000000002,3.959999999999999,6.234999999999999
659483.26,5085362.26,-3.3300000000000027,0.8750000000000012,6.104999999999999,0,0.8400000000000001,3.6,6.025
659483.2,5085361.98,-4.540000000000003,0.6950000000000012,5.909999999999998,0,0.7350000000000001,3.55,5.98
659483.1100000001,5085361.654999999,-4.540000000000003,0.6950000000000012,5.909999999999998,0,0.54,3.675,5.99
659482.99,5085361.279999999,-3.365000000000003,0.6000000000000012,5.77,0,0.5450000000000002,3.43,5.815
659482.905,5085360.904999999,-4.140000000000002,0.7400000000000013,5.754999999999999,0,0.5850000000000002,3.505,5.68
659482.85,5085360.535,-4.140000000000002,0.7400000000000013,5.754999999999999,0,0.5750000000000002,3.585,5.505
659482.76,5085360.21,-4.630000000000003,0.7200000000000013,5.609999999999999,0,0.4600000000000001,3.17,5.23
659482.6399999999,5085359.93,-4.190000000000003,0.5700000000000012,5.359999999999999,0,0.39,2.965,5.0600000000000005
659482.55,5085359.6,-4.190000000000003,0.5700000000000012,5.359999999999999,0,0.2450000000000001,2.85,4.93
659482.495,5085359.225,-4.500000000000002,0.1800000000000012,5.254999999999999,0,0.2150000000000001,2.415,4.734999999999999
659482.44,5085358.9,-4.500000000000002,0.1800000000000012,5.254999999999999,0,0.1200000000000001,2.125,4.44
659482.38,5085358.62,-3.525000000000002,0.0550000000000012,5.094999999999999,0,-0.1049999999999998,2.075,4.37
659482.29,5085358.295,-3.525000000000002,0.0550000000000012,5.094999999999999,0,-0.1999999999999999,1.865,4.585
659482.1699999999,5085357.925000001,-3.6000000000000023,-0.0799999999999987,4.879999999999999,0,-0.3249999999999999,2.005,4.76
659482.085,5085357.6,-3.030000000000002,-0.2999999999999987,4.759999999999999,0,-0.4549999999999999,2.35,4.779999999999999
659482.03,5085357.32,-3.030000000000002,-0.2999999999999987,4.759999999999999,0,-0.595,2.075,4.5
659481.94,5085357.04,-5.225000000000002,-0.3349999999999987,4.71,0,-0.565,1.875,4.359999999999999
659481.8200000001,5085356.76,-5.225000000000002,-0.3349999999999987,4.71,0,-0.5399999999999998,1.99,4.305
659481.6950000001,5085356.475,-4.670000000000002,-0.4049999999999988,4.524999999999999,0,-0.5149999999999999,1.905,4.275
659481.5700000001,5085356.19,-4.670000000000002,-0.4049999999999988,4.524999999999999,0,-0.3849999999999999,1.805,4.42
659481.485,5085355.865,-2.820000000000003,-0.6449999999999988,4.449999999999999,0,-0.1949999999999999,1.915,4.44
659481.4299999999,5085355.494999999,-2.820000000000003,-0.6449999999999988,4.449999999999999,0,-0.2149999999999998,1.935,4.44
659481.3400000001,5085355.17,-2.820000000000003,-0.6449999999999988,4.449999999999999,0,-0.4749999999999998,1.71,4.39
659481.22,5085354.890000001,-4.930000000000003,-0.4649999999999987,4.424999999999999,0,-0.6049999999999999,1.845,4.43
659481.13,5085354.609999999,-4.930000000000003,-0.4649999999999987,4.424999999999999,0,-0.6849999999999998,2.01,4.5600000000000005
659481.0700000001,5085354.33,-4.150000000000003,-0.3949999999999987,4.364999999999999,0,-0.7599999999999999,1.705,4.51
659480.98,5085354.0,-4.150000000000003,-0.3949999999999987,4.364999999999999,0,-0.8099999999999998,1.61,4.390000000000001
659480.8600000001,5085353.625,-3.560000000000003,-0.4849999999999987,4.489999999999999,0,-0.8199999999999998,1.6749999999999998,4.5
659480.77,5085353.300000001,-3.560000000000003,-0.4849999999999987,4.489999999999999,0,-0.9449999999999998,1.545,4.59
659480.715,5085353.02,-3.685,-0.5399999999999997,4.379999999999999,0,-0.9599999999999996,1.615,4.515
659480.6299999999,5085352.695,-2.685000000000003,0.1850000000000012,4.674999999999999,0,-0.9049999999999998,1.975,4.725
659480.51,5085352.32,-2.885,-0.5099999999999997,4.434999999999999,0,-0.6899999999999997,1.805,4.835
659480.3899999999,5085351.855,-2.1949999999999994,0.1100000000000003,4.645,0,-0.2199999999999997,2.145,4.71
659480.3049999999,5085351.390000001,-4.390000000000003,-0.3999999999999988,4.979999999999999,0,-0.1699999999999998,2.75,4.57
659480.25,5085351.015000001,-3.670000000000004,-0.1799999999999987,5.249999999999999,0,-0.1249999999999998,2.79,4.779999999999999
659480.1599999999,5085350.69,-3.670000000000004,-0.1799999999999987,5.249999999999999,0,0.0750000000000002,3.08,5.074999999999999
659480.04,5085350.41,-3.670000000000004,-0.1799999999999987,5.249999999999999,0,0.0850000000000002,3.28,5.109999999999999
659479.95,5085350.085,-4.01,0.0050000000000003,4.94,0,0.2200000000000002,3.28,5.105
659479.895,5085349.715,-5.895000000000003,0.3500000000000012,5.289999999999999,0,0.2250000000000002,3.375,5.195
659479.81,5085349.385,-6.935000000000003,-0.1249999999999987,5.359999999999999,0,0.1400000000000001,3.5700000000000003,5.265
659479.685,5085349.1,-5.185,0.1800000000000003,5.375,0,0.2550000000000002,3.67,5.27
659479.595,5085348.82,-5.185,0.1800000000000003,5.375,0,0.5150000000000002,3.905,5.4350000000000005
659479.54,5085348.54,-4.305,0.4050000000000003,5.504999999999999,0,0.5950000000000002,4.18,5.41
659479.48,5085348.265000001,-4.305,0.4050000000000003,5.504999999999999,0,0.6850000000000003,4.305,5.375
659479.4199999999,5085347.99,-3.5499999999999994,0.9900000000000004,5.619999999999999,0,1.1250000000000002,4.125,5.535
659479.3300000001,5085347.66,-3.5499999999999994,0.9900000000000004,5.619999999999999,0,0.8600000000000001,3.655,5.5
659479.21,5085347.285,-3.2149999999999994,1.1100000000000003,5.935,0,0.4600000000000002,3.275,5.375
659479.125,5085346.96,-2.745,0.9850000000000004,6.005,0,0.4950000000000002,3.1,5.67
659479.0700000001,5085346.68,-2.745,0.9850000000000004,6.005,0,0.6750000000000003,3.3,5.99
659478.98,5085346.355,-2.3999999999999995,1.1050000000000004,5.984999999999999,0,0.5450000000000003,3.335,6.09
659478.8600000001,5085345.98,-2.3999999999999995,1.1050000000000004,5.984999999999999,0,0.3600000000000002,3.48,6.48
659478.77,5085345.65,-0.7049999999999995,1.0800000000000003,5.93,0,0.7900000000000003,4.355,7.02
659478.715,5085345.37,-1.885,1.1350000000000005,5.924999999999999,0,1.4150000000000005,5.41,7.32
659478.6599999999,5085345.045,-1.885,1.1350000000000005,5.924999999999999,0,1.7600000000000002,5.585,7.26
659478.605,5085344.675000001,-1.6899999999999995,1.2850000000000006,6.185,0,1.4400000000000002,4.84,6.79
659478.55,5085344.35,-1.6899999999999995,1.2850000000000006,6.185,0,1.2200000000000002,4.3100000000000005,6.359999999999999
659478.49,5085344.07,-2.4249999999999994,1.7400000000000009,6.164999999999999,0,0.9100000000000004,3.84,6.18
659478.435,5085343.744999999,-2.4249999999999994,1.7400000000000009,6.164999999999999,0,0.6300000000000002,3.58,6.195
659478.38,5085343.375,-2.395,1.8500000000000003,6.225,0,0.7050000000000002,3.895000000000001,6.359999999999999
659478.29,5085343.050000001,-1.5799999999999996,1.5850000000000006,6.315,0,0.4600000000000002,3.92,6.21
659478.1699999999,5085342.765000001,-1.5799999999999996,1.5850000000000006,6.315,0,0.3750000000000002,3.37,5.78
659478.0800000001,5085342.48,-1.97,1.1750000000000007,6.13,0,0.3600000000000002,3.205,5.655
659478.02,5085342.205,-1.255,0.9100000000000006,6.039999999999999,0,0.2300000000000002,3.355,5.655
659477.96,5085341.93,-1.255,0.9100000000000006,6.039999999999999,0,0.2000000000000002,3.12,5.52
659477.905,5085341.65,-3.44,0.9300000000000006,6.0,0,0.1900000000000002,2.9400000000000004,5.625
659477.85,5085341.37,-3.44,0.9300000000000006,6.0,0,0.2250000000000002,3.125,5.705
659477.79,5085341.09,-3.645,0.5650000000000006,5.83,0,0.1400000000000002,3.09,5.605
659477.7,5085340.8100000005,-3.645,0.5650000000000006,5.83,0,0.07,2.795,5.605
659477.5800000001,5085340.529999999,-2.98,0.6500000000000006,5.68,0,0.0400000000000002,2.855,5.52
659477.49,5085340.25,-2.715,0.7200000000000005,5.6,0,0.0600000000000002,2.91,5.355
659477.4299999999,5085339.970000001,-2.715,0.7200000000000005,5.6,0,2.220446049250313e-16,2.65,5.385
659477.3400000001,5085339.69,-1.935,0.5300000000000005,5.379999999999999,0,-0.0549999999999997,2.65,5.335
659477.22,5085339.404999999,-1.935,0.5300000000000005,5.379999999999999,0,0.0600000000000002,2.845,5.19
659477.13,5085339.125,-3.17,0.2950000000000005,5.31,0,0.0100000000000002,2.665,5.07
659477.0700000001,5085338.85,-3.17,0.2950000000000005,5.31,0,-0.0699999999999997,2.255,4.95
659477.015,5085338.57,-2.9,-0.0449999999999994,5.435,0,-0.0199999999999997,2.39,5.105
659476.96,5085338.29,-2.9,-0.0449999999999994,5.435,0,-0.0249999999999997,2.55,5.275
659476.8700000001,5085338.01,-3.65,0.0050000000000005,5.315,0,-0.1999999999999997,2.23,5.24
659476.7450000001,5085337.725,-3.65,0.0050000000000005,5.315,0,-0.4149999999999997,2.29,5.24
659476.6200000001,5085337.395,-3.725,0.2700000000000006,5.135,0,-0.4899999999999997,2.495,5.37
659476.5,5085337.025,-4.0200000000000005,0.4100000000000006,4.914999999999999,0,-0.6099999999999998,2.175,5.359999999999999
659476.415,5085336.699999999,-4.0200000000000005,0.4100000000000006,4.914999999999999,0,-0.7299999999999998,2.105,5.205
659476.36,5085336.42,-3.47,-0.0999999999999994,4.73,0,-0.7149999999999997,2.255,5.140000000000001
659476.3,5085336.140000001,-1.995,-0.6949999999999994,4.525,0,-0.6549999999999998,2.015,5.08
659476.24,5085335.859999999,-1.995,-0.6949999999999994,4.525,0,-0.5849999999999997,1.8,4.99
659476.185,5085335.58,-2.94,-0.5899999999999994,4.629999999999999,0,-0.5599999999999998,1.93,4.945
659476.13,5085335.300000001,-2.94,-0.5899999999999994,4.629999999999999,0,-0.6649999999999998,2.025,5.065
659476.04,5085334.975,-2.065,-0.0199999999999994,4.85,0,-0.4799999999999997,2.03,5.195
659475.9199999999,5085334.6,-2.065,-0.0199999999999994,4.85,0,-0.2,2.3549999999999995,5.305
659475.8300000001,5085334.27,-2.285,0.4050000000000006,4.864999999999999,0,-0.2149999999999998,2.52,5.29
659475.77,5085333.99,-2.285,0.4050000000000006,4.864999999999999,0,-0.1999999999999998,2.44,5.215
659475.715,5085333.715,-2.245,0.5900000000000005,5.069999999999999,0,-0.0649999999999997,2.705,5.165
659475.6599999999,5085333.44,-2.245,0.5900000000000005,5.069999999999999,0,0.1250000000000002,2.685,5.04
659475.5700000001,5085333.109999999,-1.335,1.0400000000000005,5.295,0,0.1050000000000002,2.2,5.07
659475.45,5085332.734999999,-0.785,1.0800000000000003,5.569999999999999,0,-0.1349999999999998,2.42,5.32
659475.36,5085332.41,-0.71,0.7150000000000005,5.559999999999999,0,0.0650000000000002,2.75,5.565
659475.3049999999,5085332.13,-0.71,0.7150000000000005,5.559999999999999,0,0.2900000000000002,2.6100000000000003,5.5600000000000005
659475.25,5085331.85,-1.745,0.6100000000000004,5.514999999999999,0,0.18,2.795,5.605
659475.19,5085331.57,-1.745,0.6100000000000004,5.514999999999999,0,0.1850000000000002,3.02,5.725
659475.1000000001,5085331.29,-1.745,0.6100000000000004,5.514999999999999,0,0.0550000000000002,2.93,5.78
659474.98,5085331.01,-1.55,0.9650000000000004,5.725,0,-0.0399999999999997,2.9850000000000003,6.035
659474.89,5085330.73,-1.55,0.9650000000000004,5.725,0,0.0,3.175,6.1850000000000005
659474.8300000001,5085330.449999999,-1.55,0.9650000000000004,5.725,0,-0.1499999999999997,3.06,6.155
659474.77,5085330.17,-2.155,1.3050000000000006,5.764999999999999,0,-0.1849999999999997,2.9400000000000004,6.085000000000001
659474.715,5085329.890000001,-1.92,1.3200000000000005,5.965,0,-0.0499999999999997,3.1950000000000003,6.085000000000001
659474.6299999999,5085329.565,-1.92,1.3200000000000005,5.965,0,0.0100000000000002,3.315,6.220000000000001
659474.51,5085329.19,-7.365000000000005,0.2200000000000011,5.604999999999999,0,0.1750000000000002,3.1,6.24
659474.4199999999,5085328.859999999,-7.795000000000004,0.2900000000000011,5.754999999999999,0,0.2150000000000002,3.18,6.255000000000001
659474.36,5085328.58,-7.795000000000004,0.2900000000000011,5.754999999999999,0,-0.0049999999999997,3.335,6.255000000000001
659474.3,5085328.305,-2.7950000000000044,0.4450000000000011,5.989999999999998,0,0.0150000000000002,3.17,6.115
659474.245,5085328.029999999,-2.7950000000000044,0.4450000000000011,5.989999999999998,0,0.1850000000000002,3.43,6.35
659474.19,5085327.75,-2.7950000000000044,0.4450000000000011,5.989999999999998,0,0.1800000000000002,3.675,6.550000000000001
659474.13,5085327.470000001,-3.345000000000004,0.8800000000000011,6.124999999999999,0,0.2900000000000002,3.36,6.45
659474.075,5085327.140000001,-3.345000000000004,0.8800000000000011,6.124999999999999,0,0.2700000000000002,3.28,6.465
659474.02,5085326.765000001,-7.645000000000005,0.8900000000000011,6.19,0,0.2450000000000002,3.545,6.47
659473.96,5085326.44,-7.645000000000005,0.8900000000000011,6.19,0,0.2400000000000002,3.49,6.43
659473.905,5085326.16,-8.755000000000006,0.6650000000000011,6.169999999999999,0,0.1350000000000002,3.305,6.39
659473.85,5085325.88,-8.755000000000006,0.6650000000000011,6.169999999999999,0,0.2000000000000002,3.5700000000000003,6.494999999999999
659473.79,5085325.605,-8.755000000000006,0.6650000000000011,6.169999999999999,0,0.1600000000000002,3.6,6.369999999999999
659473.735,5085325.279999999,-5.775000000000006,0.3650000000000011,5.994999999999999,0,0.0750000000000002,3.3200000000000003,6.33
659473.6799999999,5085324.904999999,-5.775000000000006,0.3650000000000011,5.994999999999999,0,0.1200000000000002,3.605,6.59
659473.62,5085324.58,-5.055000000000005,0.7650000000000011,5.85,0,0.2200000000000002,3.76,6.585
659473.565,5085324.300000001,-5.055000000000005,0.7650000000000011,5.85,0,0.2550000000000002,3.29,6.33
659473.51,5085324.02,-3.1550000000000056,-0.1449999999999988,5.484999999999999,0,0.1950000000000002,3.315,6.305
659473.45,5085323.74,-3.1550000000000056,-0.1449999999999988,5.484999999999999,0,0.0900000000000002,3.495,6.335
659473.39,5085323.46,-3.780000000000005,0.1500000000000012,5.359999999999999,0,-0.0449999999999997,3.2,6.325
659473.335,5085323.18,-3.780000000000005,0.1500000000000012,5.359999999999999,0,-0.1349999999999998,3.05,6.345000000000001
659473.28,5085322.904999999,-4.005000000000005,0.5300000000000012,5.15,0,-0.1799999999999997,3.135,6.29
659473.22,5085322.63,-3.390000000000005,0.0300000000000012,5.145,0,-0.2649999999999998,3.005,6.205
659473.1599999999,5085322.35,-3.390000000000005,0.0300000000000012,5.145,0,-0.3349999999999997,2.94,6.325
659473.105,5085322.07,-5.540000000000005,-0.3049999999999987,5.119999999999999,0,-0.3199999999999997,3.185,6.475
659473.05,5085321.835,-5.540000000000005,-0.3049999999999987,5.119999999999999,0,-0.2549999999999997,3.3,6.455
659472.99,5085321.645,-5.565000000000005,0.1650000000000012,4.999999999999999,0,-0.2499999999999997,3.185,6.585
659472.895,5085321.505,-5.565000000000005,0.1650000000000012,4.999999999999999,0,-0.3549999999999997,2.975,6.69
659472.7649999999,5085321.41,-5.565000000000005,0.1650000000000012,4.999999999999999,0,-0.43,2.885,6.52
659472.7,5085321.36,-4.3650000000000055,0.5350000000000013,5.074999999999999,0,-0.5049999999999998,3.375,6.574999999999999
659472.7,5085321.36,-4.3650000000000055,0.5350000000000013,5.074999999999999,0,-0.5049999999999998,3.375,6.574999999999999
659472.6699999999,5085321.36,-4.3650000000000055,0.5350000000000013,5.074999999999999,0,-0.4699999999999997,3.315,6.65
659472.605,5085321.36,-4.3650000000000055,0.5350000000000013,5.074999999999999,0,-0.4299999999999997,3.125,6.585
659472.5049999999,5085321.405,-4.3650000000000055,0.5350000000000013,5.074999999999999,0,-0.6799999999999997,2.9,6.54
659472.375,5085321.495,-5.565000000000005,0.1650000000000012,4.999999999999999,0,-0.6199999999999998,3.05,6.445
659472.2450000001,5085321.63,0.11,1.8050000000000004,6.824999999999999,0,-0.3249999999999997,3.475,6.575
659472.1100000001,5085321.8100000005,0.11,1.8050000000000004,6.824999999999999,0,-0.3949999999999998,3.3,6.505
659472.005,5085321.99,0.11,1.8050000000000004,6.824999999999999,0,-0.4249999999999997,2.91,6.345
659471.935,5085322.175,0.11,1.8050000000000004,6.824999999999999,0,-0.3349999999999997,3.105,6.375
659471.9299999999,5085322.359999999,-0.17,1.5350000000000006,6.784999999999999,0,-0.1899999999999997,3.315,6.4
659471.99,5085322.545,-0.17,1.5350000000000006,6.784999999999999,0,-0.1399999999999998,3.165,6.445
659472.0549999999,5085322.69,-0.17,1.5350000000000006,6.784999999999999,0,-0.0799999999999997,3.01,6.484999999999999
659472.12,5085322.785,-0.17,1.5350000000000006,6.784999999999999,0,0.1250000000000002,3.22,6.52
659472.145,5085322.92,-2.51,1.0150000000000006,6.605,0,0.3700000000000002,3.565,6.55
659472.14,5085323.105,-2.51,1.0150000000000006,6.605,0,0.4000000000000002,3.53,6.545
659472.14,5085323.2,-2.51,1.0150000000000006,6.605,0,0.0650000000000002,3.16,6.18
659472.14,5085323.2,-2.51,1.0150000000000006,6.605,0,0.0650000000000002,3.16,6.18
659472.14,5085323.2,-2.51,1.0150000000000006,6.605,0,0.0650000000000002,3.16,6.18
659472.14,5085323.2,-2.51,1.0150000000000006,6.605,0,0.0650000000000002,3.16,6.18
659472.155,5085323.225,-2.51,1.0150000000000006,6.605,0,-0.1949999999999997,3.12,6.315
659472.185,5085323.27,-2.51,1.0150000000000006,6.605,0,-0.3549999999999997,3.37,6.465
659472.215,5085323.315,-2.51,1.0150000000000006,6.605,0,-0.3549999999999997,3.59,6.54
659472.245,5085323.365,-2.51,1.0150000000000006,6.605,0,-0.1199999999999997,3.51,6.59
659472.29,5085323.574999999,-3.415,0.8700000000000004,6.475,0,0.1300000000000002,3.51,6.615
659472.345,5085323.945,-2.3600000000000003,0.7150000000000004,6.465,0,0.3700000000000002,3.695,6.605
659472.365,5085324.315,-3.63,0.9000000000000005,6.444999999999999,0,0.3450000000000002,3.71,6.83
659472.355,5085324.6850000005,-3.35,1.3750000000000004,6.435,0,-0.0349999999999997,3.76,7.15
659472.38,5085325.0600000005,-1.94,1.1650000000000005,6.629999999999999,0,-0.0899999999999997,3.955,7.1850000000000005
659472.435,5085325.4350000005,-1.94,1.1650000000000005,6.629999999999999,0,0.1000000000000002,3.875,7.045
659472.52,5085325.805,-1.5099999999999998,1.2500000000000004,6.719999999999999,0,0.1200000000000002,3.75,6.98
659472.6399999999,5085326.175000001,-1.5099999999999998,1.2500000000000004,6.719999999999999,0,0.1300000000000002,3.87,6.86
659472.73,5085326.550000001,0.41,1.2850000000000006,6.694999999999999,0,0.1400000000000002,3.725,6.695
659472.785,5085326.925000001,-2.1,1.1950000000000005,6.594999999999999,0,0.1450000000000002,3.645,6.8100000000000005
659472.8700000001,5085327.295,-3.45,1.1700000000000004,6.379999999999999,0,0.2150000000000002,3.96,6.995
659472.99,5085327.67,-3.625,0.7200000000000004,6.18,0,0.1750000000000002,3.87,6.84
659473.0800000001,5085328.045,-4.32,0.7850000000000005,5.984999999999999,0,0.1050000000000002,3.5,6.625
659473.135,5085328.415,-2.06,1.1300000000000003,6.145,0,0.0400000000000002,3.65,6.675
659473.19,5085328.785,-2.06,1.1300000000000003,6.145,0,-0.0699999999999997,3.75,6.640000000000001
659473.245,5085329.154999999,-2.06,1.1300000000000003,6.145,0,-0.1649999999999997,3.505,6.555
659473.265,5085329.525,-2.21,1.5050000000000003,6.1,0,-0.1999999999999998,3.5700000000000003,6.5
659473.255,5085329.895,-1.825,1.6150000000000004,6.01,0,-0.1149999999999997,3.605,6.315
659473.185,5085330.265000001,-1.92,1.3200000000000005,5.965,0,-0.0249999999999997,3.4450000000000003,6.38
659473.05,5085330.635,-1.92,1.3200000000000005,5.965,0,-0.0949999999999997,3.61,6.5
659472.9099999999,5085331.005000001,-2.525000000000002,0.7200000000000011,6.26,0,-0.1999999999999998,3.56,6.24
659472.77,5085331.37,-5.0550000000000015,0.8950000000000011,6.154999999999999,0,-0.2049999999999998,3.19,6.055
659472.63,5085331.69,-5.0550000000000015,0.8950000000000011,6.154999999999999,0,-0.1799999999999997,3.445,6.335
659472.4950000001,5085331.965,-5.0550000000000015,0.8950000000000011,6.154999999999999,0,-0.0799999999999997,3.635,6.390000000000001
659472.295,5085332.234999999,-4.465000000000002,1.1850000000000012,6.139999999999999,0,0.0650000000000002,3.34,6.25
659472.03,5085332.505,-4.465000000000002,1.1850000000000012,6.139999999999999,0,0.1300000000000002,3.615,6.385
659471.7949999999,5085332.779999999,-3.625000000000002,1.31,6.129999999999999,0,0.2850000000000002,3.885,6.475
659471.59,5085333.055,-3.625000000000002,1.31,6.129999999999999,0,0.3150000000000002,3.425,6.26
659471.425,5085333.325,-3.625000000000002,1.31,6.129999999999999,0,0.3650000000000002,3.235,6.045
659471.29,5085333.6,-4.2600000000000025,0.9800000000000012,6.014999999999999,0,0.7750000000000004,3.375,6.07
659471.215,5085333.88,-4.2600000000000025,0.9800000000000012,6.014999999999999,0,0.5850000000000004,3.1949999999999994,5.915
659471.21,5085334.154999999,-4.2600000000000025,0.9800000000000012,6.014999999999999,0,0.1750000000000003,3.1949999999999994,5.87
659471.27,5085334.48,-3.275000000000002,0.6750000000000012,5.914999999999999,0,0.1400000000000003,3.385,5.94
659471.3899999999,5085334.855,-3.275000000000002,0.6750000000000012,5.914999999999999,0,0.06,3.24,6.0
659471.475,5085335.275,-4.110000000000002,0.7100000000000011,5.805,0,-0.0049999999999996,3.14,6.01
659471.525,5085335.74,-3.075000000000003,0.6850000000000012,5.829999999999999,0,-0.0349999999999996,3.335,5.865
659471.5800000001,5085336.154999999,-4.415000000000003,0.9850000000000012,5.874999999999999,0,-0.0399999999999996,3.24,5.715
659471.635,5085336.525,-4.415000000000003,0.9850000000000012,5.874999999999999,0,-0.0999999999999996,2.895,5.495
659471.685,5085336.945,-5.0500000000000025,0.755000000000001,5.744999999999999,0,-0.1349999999999996,3.06,5.55
659471.74,5085337.41,-2.9600000000000017,0.4200000000000007,5.02,0,-0.2899999999999996,3.055,5.475
659471.7949999999,5085337.83,-2.390000000000002,0.2850000000000007,5.084999999999999,0,-0.4049999999999996,2.635,5.235
659471.85,5085338.205,-2.390000000000002,0.2850000000000007,5.084999999999999,0,-0.4199999999999997,2.575,5.3100000000000005
659471.94,5085338.574999999,-4.065000000000001,0.1900000000000006,4.979999999999999,0,-0.1799999999999996,2.4,5.25
659472.06,5085338.945,-4.065000000000001,0.1900000000000006,4.979999999999999,0,-0.1999999999999996,2.34,5.305
659472.145,5085339.32,-3.8800000000000017,0.1600000000000006,4.965,0,-0.5549999999999997,2.5649999999999995,5.27
659472.2,5085339.695,-3.8800000000000017,0.1600000000000006,4.965,0,-0.5749999999999997,2.305,4.915
659472.255,5085340.065,-2.1300000000000017,0.4150000000000006,4.999999999999999,0,-0.5849999999999997,1.95,4.845000000000001
659472.31,5085340.4350000005,-2.7150000000000016,0.3600000000000006,4.929999999999999,0,-0.6099999999999997,2.1899999999999995,4.875
659472.3999999999,5085340.8100000005,-2.7150000000000016,0.3600000000000006,4.929999999999999,0,-0.6049999999999996,2.29,4.785
659472.52,5085341.1850000005,-1.7500000000000018,0.1800000000000011,4.999999999999999,0,-0.6549999999999996,2.015,4.765000000000001
659472.635,5085341.605,-4.5950000000000015,-0.2749999999999988,4.86,0,-0.7849999999999997,2.1899999999999995,4.92
659472.75,5085342.07,-3.120000000000002,-0.4449999999999988,4.934999999999999,0,-0.8649999999999997,2.325,4.93
659472.8400000001,5085342.484999999,-5.880000000000002,-0.3699999999999989,4.999999999999999,0,-0.7499999999999997,2.09,4.92
659472.895,5085342.859999999,-5.880000000000002,-0.3699999999999989,4.999999999999999,0,-0.6749999999999996,2.245,5.02
659472.98,5085343.234999999,-5.400000000000002,-0.2899999999999988,5.065,0,-0.6449999999999996,2.4449999999999994,4.949999999999999
659473.1000000001,5085343.605,-4.980000000000002,-0.0099999999999988,5.219999999999999,0,-0.5999999999999996,2.225,4.824999999999999
659473.22,5085343.98,-4.980000000000002,-0.0099999999999988,5.219999999999999,0,-0.6549999999999996,2.1949999999999994,4.755
659473.3400000001,5085344.355,-5.115000000000002,-0.1349999999999988,5.379999999999999,0,-0.6299999999999997,2.325,4.970000000000001
659473.46,5085344.725,-5.265000000000002,-0.1399999999999988,5.464999999999999,0,-0.4299999999999997,2.31,4.8100000000000005
659473.5800000001,5085345.1,-5.265000000000002,-0.1399999999999988,5.464999999999999,0,-0.2449999999999996,2.385,4.295
659473.785,5085345.895,-2.4650000000000016,0.0950000000000011,5.624999999999999,0,0.7900000000000004,2.75,4.67
659473.96,5085346.640000001,-1.6100000000000017,0.1350000000000011,5.279999999999999,0,1.1350000000000002,2.535,5.1
659474.05,5085347.015000001,-1.6100000000000017,0.1350000000000011,5.279999999999999,0,0.0050000000000003,2.075,5.01
659474.165,5085347.48,-2.3500000000000014,-0.8199999999999988,5.194999999999999,0,-0.4499999999999996,2.385,5.125
659474.25,5085347.895,-2.5900000000000016,-1.339999999999999,5.504999999999999,0,-0.3649999999999996,2.66,5.109999999999999
659474.3049999999,5085348.27,-2.905000000000002,-0.4299999999999989,5.494999999999999,0,-0.3299999999999997,2.43,4.995
659474.425,5085348.645,-4.410000000000002,0.2850000000000011,5.449999999999999,0,-0.3799999999999996,2.215,4.915
659474.61,5085349.02,-3.990000000000002,0.1650000000000011,5.344999999999999,0,-0.3999999999999997,2.365,4.9350000000000005
659474.73,5085349.35,-3.990000000000002,0.1650000000000011,5.344999999999999,0,-0.4999999999999996,2.33,4.945
659474.79,5085349.63,-3.495000000000002,0.0800000000000011,5.264999999999999,0,-0.5549999999999997,2.345,4.91
659474.8799999999,5085349.955,-3.495000000000002,0.0800000000000011,5.264999999999999,0,-0.5199999999999997,2.59,4.965
659475.0,5085350.324999999,-4.0150000000000015,-0.2399999999999988,5.209999999999999,0,-0.5999999999999996,2.525,5.0
659475.085,5085350.699999999,-3.115000000000002,-0.5499999999999989,5.209999999999999,0,-0.6749999999999996,2.43,5.095000000000001
659475.14,5085351.074999999,-3.115000000000002,-0.5499999999999989,5.209999999999999,0,-0.5849999999999996,2.625,5.135
659475.23,5085351.445,-5.815000000000002,-0.2049999999999989,5.145,0,-0.5649999999999997,2.465,5.050000000000001
659475.3500000001,5085351.815,-5.745000000000003,-0.0599999999999988,4.965,0,-0.7699999999999997,2.205,4.970000000000001
659475.47,5085352.19,-3.900000000000002,-0.1299999999999989,4.674999999999999,0,-0.7199999999999998,2.425,4.9350000000000005
659475.5900000001,5085352.565,-3.900000000000002,-0.1299999999999989,4.674999999999999,0,-0.7099999999999997,2.2749999999999995,4.65
659475.71,5085352.94,-4.210000000000002,-0.7849999999999988,4.35,0,-0.9499999999999996,1.88,4.529999999999999
659475.8300000001,5085353.315,-4.100000000000001,-1.464999999999999,4.054999999999999,0,-1.0499999999999998,2.01,4.59
659475.9450000001,5085353.6850000005,-4.100000000000001,-1.464999999999999,4.054999999999999,0,-1.065,1.95,4.195
659476.245,5085354.525,-7.390000000000002,-1.599999999999999,3.874999999999999,0,-1.0149999999999997,1.505,3.93
659476.515,5085355.365,-5.185000000000002,-1.8099999999999987,3.854999999999999,0,-1.1399999999999997,1.2799999999999998,3.96
659476.5700000001,5085355.74,-6.190000000000001,-1.7449999999999986,3.754999999999999,0,-1.1749999999999998,1.3749999999999998,3.935
659476.6599999999,5085356.115,-6.190000000000001,-1.7449999999999986,3.754999999999999,0,-1.2299999999999998,1.38,3.935
659476.78,5085356.484999999,-6.155000000000001,-1.3299999999999987,4.009999999999999,0,-1.4499999999999995,1.2499999999999998,4.015000000000001
659476.8999999999,5085356.859999999,-6.155000000000001,-1.3299999999999987,4.009999999999999,0,-1.4949999999999997,1.34,3.97
659477.02,5085357.234999999,-3.6050000000000018,-0.4999999999999986,4.159999999999999,0,-1.5299999999999998,1.2749999999999997,3.86
659477.105,5085357.605,-3.6050000000000018,-0.4999999999999986,4.159999999999999,0,-1.5549999999999995,1.0049999999999997,3.82
659477.1599999999,5085357.98,-4.025000000000002,0.1150000000000013,4.129999999999999,0,-1.465,1.1899999999999995,4.01
659477.25,5085358.355,-6.310000000000001,-0.5449999999999986,4.104999999999999,0,-1.275,1.4049999999999998,4.05
659477.3700000001,5085358.725,-8.020000000000001,-0.9349999999999986,4.1,0,-1.2799999999999998,1.1549999999999998,3.92
659477.4550000001,5085359.095000001,-8.020000000000001,-0.9349999999999986,4.1,0,-1.215,1.17,3.955
659477.51,5085359.470000001,-7.190000000000001,-0.9099999999999988,4.17,0,-0.9699999999999998,1.1649999999999998,3.735
659477.565,5085359.845000001,-3.9200000000000017,-0.9549999999999988,4.395,0,-1.0399999999999998,1.15,3.84
659477.62,5085360.215,-3.9200000000000017,-0.9549999999999988,4.395,0,-1.2399999999999998,1.4349999999999998,4.18
659477.675,5085360.585,-6.130000000000001,-0.5149999999999987,4.579999999999999,0,-1.1399999999999997,1.7499999999999998,4.279999999999999
659477.73,5085360.955,-4.895000000000001,-0.1099999999999986,4.609999999999999,0,-1.0699999999999998,1.7449999999999997,4.234999999999999
659477.755,5085361.279999999,-4.895000000000001,-0.1099999999999986,4.609999999999999,0,-1.1249999999999998,1.6849999999999998,4.255
659477.745,5085361.5600000005,-5.365000000000002,0.0450000000000013,4.684999999999999,0,-1.0299999999999998,1.98,4.42
659477.8,5085361.9350000005,-6.835000000000003,-0.3299999999999987,4.715,0,-0.9549999999999996,1.96,4.404999999999999
659477.9199999999,5085362.4,-5.0550000000000015,-0.4499999999999987,4.864999999999999,0,-1.0449999999999997,1.83,4.494999999999999
659478.005,5085362.815,-5.825000000000002,-0.2499999999999986,5.034999999999999,0,-0.9199999999999996,2.12,4.775
659478.06,5085363.19,-3.600000000000002,-0.4399999999999986,5.139999999999999,0,-0.7599999999999998,2.0700000000000003,4.785
659478.1499999999,5085363.565,-3.600000000000002,-0.4399999999999986,5.139999999999999,0,-0.8599999999999999,1.93,4.79
659478.27,5085363.9350000005,-2.0250000000000017,-0.3499999999999986,5.294999999999999,0,-0.9549999999999998,1.97,4.805
659478.3899999999,5085364.355,-2.0250000000000017,-0.3499999999999986,5.294999999999999,0,-1.0649999999999995,1.94,4.765000000000001
659478.505,5085364.824999999,-1.7300000000000018,0.3800000000000013,5.614999999999998,0,-0.9699999999999998,2.255,4.99
659478.5900000001,5085365.244999999,-1.7300000000000018,0.3800000000000013,5.614999999999998,0,-0.6099999999999998,2.61,5.119999999999999
659478.645,5085365.615,-4.285000000000002,0.9150000000000014,5.929999999999999,0,-0.2249999999999997,2.61,5.145
659478.7,5085365.984999999,-4.285000000000002,0.9150000000000014,5.929999999999999,0,-0.1199999999999997,2.6,5.17
659478.755,5085366.355,-5.030000000000002,0.7600000000000013,5.994999999999999,0,-0.0949999999999997,2.805,5.165
659478.81,5085366.73,-2.0850000000000017,0.4150000000000013,6.044999999999999,0,-0.0499999999999997,2.795,5.244999999999999
659478.865,5085367.105,-2.0850000000000017,0.4150000000000013,6.044999999999999,0,0.0150000000000002,2.85,5.359999999999999
659478.9199999999,5085367.475,-4.380000000000002,0.6700000000000013,6.065,0,0.1200000000000002,2.99,5.37
659478.975,5085367.845000001,-4.380000000000002,0.6700000000000013,6.065,0,0.2350000000000002,3.08,5.52
659479.06,5085368.220000001,-3.720000000000002,1.0350000000000017,5.909999999999998,0,0.5100000000000002,3.44,5.755
659479.1799999999,5085368.595000001,-4.760000000000002,0.7700000000000015,5.674999999999999,0,0.5650000000000002,3.605,5.745
659479.27,5085368.965,-4.9650000000000025,0.5550000000000015,5.619999999999999,0,0.4250000000000002,3.325,5.715
659479.325,5085369.335,-4.9650000000000025,0.5550000000000015,5.619999999999999,0,0.3350000000000002,3.255,5.720000000000001
659479.4099999999,5085369.71,-0.8600000000000027,0.7050000000000014,5.774999999999999,0,0.2300000000000002,3.365,5.78
659479.53,5085370.085,-0.8600000000000027,0.7050000000000014,5.774999999999999,0,-0.5149999999999998,3.0,5.675000000000001
659479.6499999999,5085370.46,-2.0250000000000026,0.6650000000000015,5.759999999999999,0,-0.6949999999999997,2.69,5.755000000000001
659479.77,5085370.835,-2.4850000000000025,0.4350000000000014,5.659999999999999,0,0.2200000000000002,3.01,6.1
659479.8899999999,5085371.205,-1.5700000000000025,0.2100000000000014,5.629999999999999,0,0.4150000000000001,3.1950000000000003,6.324999999999999
659480.01,5085371.58,-1.5700000000000025,0.2100000000000014,5.629999999999999,0,-0.0049999999999997,3.22,6.365
659480.1,5085371.955,-3.730000000000002,0.0800000000000014,5.6,0,-0.1599999999999997,2.88,6.33
659480.155,5085372.324999999,-3.730000000000002,0.0800000000000014,5.6,0,-0.7049999999999998,2.455,6.41
659480.24,5085372.745,-3.840000000000002,0.0350000000000014,5.69,0,-0.5099999999999998,3.015,6.65
659480.3600000001,5085373.210000001,-1.0000000000000029,-0.1049999999999985,5.879999999999999,0,0.6800000000000003,3.6,6.965
659480.54,5085373.815,-0.0649999999999991,1.3400000000000003,6.864999999999999,0,0.6350000000000002,3.975,7.825
659479.38,5085374.76,-4.19,1.7950000000000004,5.879999999999999,0,-0.2449999999999997,4.425,8.7
659477.98,5085375.0,0.3250000000000004,1.1750000000000005,5.629999999999999,0,-0.2949999999999997,3.865,7.855
659477.835,5085374.484999999,1.0350000000000004,0.8750000000000004,5.534999999999999,0,-0.2799999999999998,2.685,6.465
659477.78,5085374.115,1.6750000000000005,0.9200000000000004,5.984999999999999,0,-0.8649999999999998,2.2350000000000003,5.94
659477.725,5085373.744999999,-1.6899999999999995,0.5000000000000004,5.704999999999999,0,-0.5249999999999998,2.365,5.76
659477.6699999999,5085373.324999999,-5.979999999999999,0.7000000000000004,5.584999999999999,0,-0.6399999999999999,2.3200000000000003,5.470000000000001
659477.615,5085372.859999999,-5.045,-0.0299999999999995,5.465,0,-1.12,2.295,5.2
659477.595,5085372.445,0.875,-0.3499999999999996,5.494999999999999,0,-0.91,2.03,5.03
659477.605,5085372.074999999,2.48,0.0650000000000004,5.484999999999999,0,-1.35,1.42,4.8100000000000005
659477.615,5085371.66,1.695,0.2100000000000004,5.449999999999999,0,-1.55,1.575,4.85
659477.625,5085371.195,-6.25,-0.0799999999999995,4.68,0,-1.2,1.74,4.98
659477.635,5085370.775,-3.5,0.3050000000000005,4.635,0,-1.27,1.635,4.975
659477.645,5085370.404999999,-4.19,-0.0749999999999995,4.434999999999999,0,-1.35,1.81,4.885
659477.66,5085369.99,-4.19,-0.0749999999999995,4.434999999999999,0,-1.185,1.7799999999999998,4.775
659477.675,5085369.529999999,-5.835,-0.5599999999999995,4.389999999999999,0,-1.13,1.75,4.7
659477.6200000001,5085369.065,-3.525,-0.3949999999999995,4.494999999999999,0,-1.15,1.605,4.640000000000001
659477.505,5085368.41,-3.05,0.0400000000000004,4.52,0,-1.46,1.44,4.365
659477.455,5085367.805,-3.1100000000000003,-0.0349999999999995,4.459999999999999,0,-1.2,1.4449999999999998,4.025
659477.405,5085367.25,-6.535,-0.2099999999999995,4.294999999999999,0,-0.6849999999999998,1.45,4.215
659477.29,5085366.645,-6.220000000000001,-0.5199999999999996,4.249999999999999,0,-1.11,1.51,4.515000000000001
659477.175,5085366.18,-3.83,-0.5899999999999995,4.234999999999999,0,-1.81,1.27,4.43
659477.0900000001,5085365.76,-4.455,-0.8649999999999994,4.065,0,-1.985,1.26,4.234999999999999
659477.035,5085365.385,-4.455,-0.8649999999999994,4.065,0,-1.6849999999999998,1.485,4.195
659476.98,5085364.970000001,-3.415,-1.1999999999999993,4.09,0,-1.7999999999999998,1.255,4.105
659476.925,5085364.505,-3.295,-0.6799999999999995,4.164999999999999,0,-1.96,1.3,4.095
659476.875,5085364.085,-3.295,-0.6799999999999995,4.164999999999999,0,-1.7399999999999998,1.355,3.965
659476.8200000001,5085363.715,-1.655,-0.3599999999999994,4.134999999999999,0,-1.7599999999999998,1.075,3.925
659476.73,5085363.295,-2.43,-0.1999999999999994,4.034999999999999,0,-1.855,1.285,4.185
659476.615,5085362.83,-3.4000000000000004,-0.4699999999999994,3.984999999999999,0,-1.7999999999999998,1.245,4.175000000000001
659476.4750000001,5085361.994999999,-5.6,-0.8249999999999995,4.019999999999999,0,-1.7049999999999998,1.09,4.215
659476.365,5085361.154999999,-5.9,-1.6999999999999993,3.559999999999999,0,-1.935,1.225,4.215
659476.28,5085360.734999999,-5.9,-1.6999999999999993,3.559999999999999,0,-2.09,1.17,4.045
659476.1599999999,5085360.365,-5.035000000000001,-2.019999999999999,3.405,0,-2.0,1.04,4.065
659476.075,5085359.99,-5.035000000000001,-2.019999999999999,3.405,0,-2.13,1.075,4.17
659476.02,5085359.615,-5.035000000000001,-2.019999999999999,3.405,0,-2.04,1.26,4.195
659475.9299999999,5085359.199999999,-2.775000000000001,-1.4499999999999995,3.569999999999999,0,-2.09,1.105,4.06
659475.815,5085358.734999999,-5.745000000000001,-1.0349999999999993,3.749999999999999,0,-2.175,1.09,3.995
659475.73,5085358.315,-5.985000000000001,-0.9649999999999992,3.789999999999999,0,-1.965,1.29,4.14
659475.675,5085357.945,-6.520000000000001,-0.7999999999999994,3.754999999999999,0,-1.805,1.25,4.119999999999999
659475.5900000001,5085357.57,-6.520000000000001,-0.7999999999999994,3.754999999999999,0,-1.6399999999999997,1.31,3.955
659475.47,5085357.195,-6.1800000000000015,-1.104999999999999,3.655,0,-1.6749999999999998,1.325,3.945
659475.38,5085356.775,-4.880000000000002,-1.1199999999999992,3.549999999999999,0,-1.86,1.09,4.174999999999999
659475.325,5085356.3100000005,-4.880000000000002,-1.1199999999999992,3.549999999999999,0,-1.915,1.275,4.324999999999999
659475.24,5085355.890000001,-4.6800000000000015,-1.2199999999999993,3.479999999999999,0,-1.6749999999999998,1.745,4.534999999999999
659475.1200000001,5085355.515000001,-4.920000000000002,-1.5499999999999994,3.384999999999999,0,-1.4499999999999995,1.825,4.584999999999999
659475.035,5085355.1,-5.720000000000002,-1.5799999999999994,3.294999999999999,0,-1.3149999999999995,1.74,4.404999999999999
659474.985,5085354.635,-5.865000000000002,-1.4599999999999995,3.389999999999999,0,-1.4149999999999996,1.51,4.265
659474.8999999999,5085354.17,-7.4300000000000015,-1.5849999999999995,3.419999999999999,0,-1.61,1.355,4.205
659474.78,5085353.705,-7.4300000000000015,-1.5849999999999995,3.419999999999999,0,-1.585,1.585,4.295
659474.6599999999,5085353.285,-4.900000000000002,-1.4849999999999994,3.5349999999999997,0,-1.805,1.56,4.234999999999999
659474.54,5085352.91,-4.900000000000002,-1.4849999999999994,3.5349999999999997,0,-1.7599999999999998,1.265,4.09
659474.4199999999,5085352.535,-4.705000000000002,-1.1249999999999991,3.644999999999999,0,-1.755,1.535,4.199999999999999
659474.3,5085352.16,-4.840000000000002,-0.9949999999999994,3.6149999999999993,0,-1.6449999999999998,1.72,4.35
659474.215,5085351.74,-4.515000000000002,-0.5699999999999994,3.674999999999999,0,-1.0949999999999998,1.62,4.425
659474.165,5085351.279999999,-4.515000000000002,-0.5699999999999994,3.674999999999999,0,-0.8049999999999997,1.91,4.5
659474.0800000001,5085350.859999999,-3.990000000000002,-0.5949999999999993,3.73,0,-0.9149999999999998,1.96,4.369999999999999
659473.96,5085350.484999999,-4.845000000000002,-1.0949999999999993,3.7849999999999993,0,-1.1199999999999997,2.035,4.375
659473.8400000001,5085350.065,-4.845000000000002,-1.0949999999999993,3.7849999999999993,0,-1.0649999999999995,2.25,4.529999999999999
659473.72,5085349.6,-6.085000000000003,-1.1349999999999991,3.9699999999999993,0,-0.9349999999999998,2.2,4.615
659473.635,5085349.135,-1.420000000000002,-0.0599999999999993,4.234999999999999,0,-0.8349999999999997,2.34,4.74
659473.585,5085348.67,1.224999999999998,0.5550000000000007,4.379999999999999,0,-0.7449999999999998,2.465,4.779999999999999
659473.5,5085348.205,-1.905000000000002,0.0100000000000006,4.364999999999999,0,-0.5099999999999998,2.425,4.725
659473.3799999999,5085347.734999999,-3.325000000000002,-0.1049999999999993,4.389999999999999,0,-0.3949999999999998,2.52,4.635
659473.2949999999,5085347.315,-3.325000000000002,-0.1049999999999993,4.389999999999999,0,-0.4749999999999997,2.455,4.565
659473.24,5085346.945,-3.110000000000002,-0.1449999999999993,4.454999999999999,0,-0.5949999999999998,2.26,4.715
659473.155,5085346.525,-3.6400000000000015,-0.2649999999999993,4.534999999999999,0,-0.6049999999999998,2.35,4.975
659473.04,5085346.0600000005,-3.6400000000000015,-0.2649999999999993,4.534999999999999,0,-0.5999999999999998,2.395,5.049999999999999
659472.95,5085345.645,-2.050000000000002,-0.1049999999999993,4.829999999999999,0,-0.7,2.305,4.92
659472.895,5085345.27,-2.740000000000002,0.0500000000000006,4.94,0,-0.7199999999999998,2.31,4.855
659472.81,5085344.895,-3.120000000000002,0.0800000000000006,4.924999999999999,0,-0.8199999999999998,2.345,5.08
659472.69,5085344.525,-3.120000000000002,0.0800000000000006,4.924999999999999,0,-0.8549999999999998,2.555,5.404999999999999
659472.5700000001,5085344.105,-4.510000000000002,0.1900000000000006,4.869999999999999,0,-0.8599999999999999,2.54,5.25
659472.45,5085343.635,-4.480000000000002,0.0450000000000006,4.839999999999999,0,-0.8799999999999998,2.295,4.98
659472.3300000001,5085343.215,-2.450000000000002,0.1400000000000006,4.924999999999999,0,-0.8549999999999998,2.365,5.095
659472.21,5085342.845000001,-2.450000000000002,0.1400000000000006,4.924999999999999,0,-0.9399999999999996,2.48,5.16
659472.125,5085342.425000001,-2.6350000000000016,0.3800000000000006,4.884999999999999,0,-0.8599999999999998,2.375,5.0
659472.075,5085341.960000001,-3.895000000000002,0.2900000000000006,4.839999999999999,0,-1.0549999999999995,1.63,4.84
659471.99,5085341.54,-3.895000000000002,0.2900000000000006,4.839999999999999,0,-0.7549999999999998,1.6700000000000002,4.98
659471.8700000001,5085341.165,-4.160000000000002,0.1700000000000006,4.844999999999999,0,-0.3799999999999998,2.365,5.109999999999999
659471.785,5085340.75,-2.7150000000000016,0.3600000000000006,4.929999999999999,0,-0.7249999999999999,2.465,5.109999999999999
659471.73,5085340.285,-2.1300000000000017,0.4150000000000006,4.999999999999999,0,-0.7149999999999999,2.525,4.955
659471.6399999999,5085339.91,-2.1300000000000017,0.4150000000000006,4.999999999999999,0,-0.4449999999999998,2.21,4.845
659471.465,5085339.255,-3.8800000000000017,0.1600000000000006,4.965,0,-0.4999999999999998,2.335,5.045
659471.29,5085338.555,-4.065000000000001,0.1900000000000006,4.979999999999999,0,-0.7849999999999997,2.715,5.19
659471.1699999999,5085338.1850000005,-2.390000000000002,0.2850000000000007,5.084999999999999,0,-0.7799999999999998,2.495,5.215
659471.085,5085337.8100000005,-2.9600000000000017,0.4200000000000007,5.02,0,-0.7299999999999998,2.49,5.135
659471.03,5085337.4350000005,-2.745000000000002,0.5500000000000007,4.959999999999999,0,-0.6599999999999997,2.585,5.125
659470.94,5085337.065,-2.745000000000002,0.5500000000000007,4.959999999999999,0,-0.6349999999999998,2.4850000000000003,5.334999999999999
659470.8200000001,5085336.695,-4.025000000000002,0.3400000000000006,4.834999999999999,0,-0.6449999999999998,2.6950000000000003,5.555
659470.7,5085336.275,-4.025000000000002,0.3400000000000006,4.834999999999999,0,-0.7649999999999998,2.62,5.42
659470.585,5085335.805,-4.005000000000002,-0.0199999999999993,4.739999999999998,0,-0.5199999999999998,1.855,5.265
659470.5,5085335.385,-3.3400000000000016,0.3050000000000006,4.924999999999999,0,-0.1849999999999997,1.97,5.344999999999999
659470.4450000001,5085335.015000001,-2.725000000000002,0.5850000000000006,5.194999999999999,0,-0.2949999999999997,2.64,5.539999999999999
659470.3600000001,5085334.645,-2.725000000000002,0.5850000000000006,5.194999999999999,0,-0.3249999999999997,2.8200000000000003,5.775
659470.24,5085334.27,-3.7550000000000017,0.5250000000000007,5.304999999999999,0,-0.2499999999999997,3.125,5.99
659470.15,5085333.895,-3.7550000000000017,0.5250000000000007,5.304999999999999,0,-0.2299999999999998,3.245,6.154999999999999
659470.095,5085333.525,-4.660000000000002,0.3750000000000007,5.299999999999999,0,-0.1749999999999997,3.34,6.15
659470.01,5085333.15,-4.660000000000002,0.3750000000000007,5.299999999999999,0,2.220446049250313e-16,3.575,6.125
659469.8899999999,5085332.775,-3.8550000000000018,0.4200000000000006,5.379999999999999,0,0.0450000000000002,3.43,6.09
659469.8,5085332.359999999,-3.955000000000002,0.6900000000000006,5.604999999999999,0,-0.0849999999999997,3.3600000000000003,6.23
659469.745,5085331.895,-4.475000000000002,0.7400000000000007,5.684999999999999,0,-0.0849999999999997,3.565,6.34
659469.6599999999,5085331.475,-4.475000000000002,0.7400000000000007,5.684999999999999,0,0.0300000000000002,3.59,6.359999999999999
659469.54,5085331.1,-5.480000000000002,0.7500000000000007,5.709999999999999,0,0.0350000000000002,3.675,6.39
659469.4199999999,5085330.725,-3.590000000000002,0.9150000000000006,6.029999999999999,0,-0.0199999999999997,3.665,6.375
659469.3,5085330.355,-3.590000000000002,0.9150000000000006,6.029999999999999,0,-0.0299999999999997,3.585,6.609999999999999
659469.215,5085329.9350000005,-2.330000000000002,1.2050000000000003,6.204999999999999,0,0.0250000000000002,3.865,6.65
659469.165,5085329.470000001,-1.5550000000000015,1.6700000000000008,6.259999999999999,0,0.1050000000000002,3.87,6.534999999999999
659469.0800000001,5085329.005,-1.73,0.99,5.885,0,0.0900000000000002,3.795,6.664999999999999
659468.96,5085328.535,-1.51,1.575,6.15,0,0.03,3.97,6.715
659468.875,5085328.115,-0.2100000000000017,2.2150000000000007,6.664999999999999,0,0.0550000000000002,3.84,6.695
659468.8200000001,5085327.744999999,-2.5700000000000016,1.6550000000000007,6.414999999999999,0,0.1200000000000002,3.78,6.885
659468.73,5085327.324999999,-3.19,1.105,5.914999999999999,0,0.1700000000000002,3.77,7.04
659468.615,5085326.859999999,-2.9400000000000017,1.1800000000000008,6.19,0,0.1150000000000002,3.545,6.789999999999999
659468.53,5085326.395,-2.6750000000000003,1.1350000000000002,5.984999999999999,0,0.0250000000000002,3.76,6.754999999999999
659468.475,5085325.93,-4.350000000000001,1.2850000000000008,6.229999999999999,0,0.0950000000000002,3.81,6.654999999999999
659468.425,5085325.465,-0.985,1.3650000000000002,6.265,0,0.3900000000000002,3.55,6.424999999999999
659468.375,5085325.0,-1.605,1.56,6.334999999999999,0,0.7150000000000003,3.68,6.539999999999999
659468.29,5085324.535,-1.7500000000000018,1.2800000000000011,6.299999999999999,0,0.7500000000000002,3.695,6.539999999999999
659468.1699999999,5085324.07,0.2799999999999982,1.255000000000001,6.349999999999999,0,0.6800000000000002,3.745,6.56
659468.085,5085323.654999999,-2.610000000000002,1.395000000000001,6.434999999999999,0,0.6700000000000002,4.0,6.77
659468.03,5085323.279999999,-3.915000000000002,1.235000000000001,6.254999999999999,0,0.5500000000000003,3.81,6.739999999999999
659467.94,5085322.859999999,-3.915000000000002,1.235000000000001,6.254999999999999,0,0.3950000000000002,3.829999999999999,6.765
659467.825,5085322.395,-1.71,1.485,6.455,0,0.2350000000000002,4.09,6.914999999999999
659467.645,5085322.02,-2.9050000000000016,1.405000000000001,6.389999999999999,0,0.2000000000000002,4.004999999999999,7.025
659467.39,5085321.734999999,-0.7100000000000014,1.1700000000000008,6.484999999999999,0,0.2550000000000002,4.194999999999999,7.215
659467.135,5085321.54,-0.7100000000000014,1.1700000000000008,6.484999999999999,0,0.1800000000000002,4.294999999999999,7.16
659466.88,5085321.44,-0.9300000000000014,1.055000000000001,6.294999999999999,0,0.1200000000000002,3.905,7.1
659466.62,5085321.48,-0.7100000000000014,1.1700000000000008,6.484999999999999,0,0.1200000000000002,3.879999999999999,7.215
659466.36,5085321.66,-0.625,1.9000000000000004,6.395,0,0.2350000000000002,4.364999999999998,7.52
659466.19,5085321.9350000005,-0.625,1.9000000000000004,6.395,0,0.3000000000000002,4.334999999999999,7.58
659466.115,5085322.305,0.03,1.395,6.489999999999999,0,0.3100000000000002,4.139999999999999,7.455
659466.105,5085322.675000001,-1.71,1.485,6.455,0,0.4300000000000002,4.344999999999999,7.389999999999999
659466.1599999999,5085323.045,-2.22,1.4500000000000002,6.449999999999999,0,0.3450000000000002,4.219999999999999,7.264999999999999
659466.215,5085323.415,-5.695,1.455,6.44,0,0.1800000000000002,3.939999999999999,7.17
659466.27,5085323.79,-5.695,1.455,6.44,0,0.1750000000000002,4.15,7.14
659466.325,5085324.210000001,-5.0600000000000005,1.62,6.43,0,0.1700000000000002,4.114999999999999,7.004999999999999
659466.375,5085324.67,-5.0600000000000005,1.62,6.43,0,0.2150000000000002,3.735,6.789999999999999
659466.4299999999,5085325.135,-0.33,1.785,6.43,0,0.3550000000000002,3.8049999999999993,6.785
659466.485,5085325.6,-1.605,1.56,6.334999999999999,0,0.3450000000000002,3.794999999999999,6.799999999999999
659466.5700000001,5085326.02,-0.985,1.3650000000000002,6.265,0,0.2100000000000002,3.5749999999999997,6.654999999999999
659466.69,5085326.395,-4.350000000000001,1.2850000000000008,6.229999999999999,0,0.1650000000000002,3.694999999999999,6.545
659466.775,5085326.815,-2.6750000000000003,1.1350000000000002,5.984999999999999,0,0.2300000000000002,3.689999999999999,6.65
659466.825,5085327.279999999,-2.9400000000000017,1.1800000000000008,6.19,0,0.1400000000000002,3.589999999999999,6.77
659466.88,5085327.695,-3.19,1.105,5.914999999999999,0,0.0250000000000001,3.78,6.685
659466.935,5085328.065,-2.5700000000000016,1.6550000000000007,6.414999999999999,0,0.0550000000000001,3.734999999999999,6.654999999999999
659467.02,5085328.484999999,-0.2100000000000017,2.2150000000000007,6.664999999999999,0,0.0300000000000001,3.684999999999999,6.715
659467.1399999999,5085328.955,-0.0550000000000018,2.4350000000000005,6.579999999999999,0,0.0500000000000002,3.874999999999999,6.705
659467.225,5085329.42,-2.93,0.815,5.879999999999999,0,0.1400000000000001,3.789999999999999,6.709999999999999
659467.275,5085329.885,-6.754999999999999,1.03,5.994999999999999,0,0.1750000000000002,3.859999999999999,6.625
659467.3600000001,5085330.35,-6.754999999999999,1.03,5.994999999999999,0,0.0600000000000002,3.9499999999999993,6.555
659467.48,5085330.815,-5.345,0.985,6.135,0,0.0500000000000001,3.724999999999999,6.574999999999999
659467.6000000001,5085331.285,-3.585,1.035,6.025,0,0.1250000000000002,3.7399999999999993,6.465
659467.7150000001,5085331.75,-3.585,1.035,6.025,0,0.0500000000000002,3.629999999999999,6.369999999999999
659467.8,5085332.165,-3.375,0.87,5.795,0,-0.1849999999999998,3.329999999999999,6.404999999999999
659467.855,5085332.54,-1.245,0.8599999999999999,5.705,0,-0.3949999999999998,3.474999999999999,6.529999999999999
659467.94,5085332.960000001,-1.245,0.8599999999999999,5.705,0,-0.5549999999999997,3.314999999999999,6.174999999999999
659468.06,5085333.425000001,-5.26,1.095,5.51,0,-0.6149999999999998,2.8249999999999997,5.58
659468.145,5085333.845000001,-6.345,0.815,5.265,0,-0.3399999999999998,2.414999999999999,5.69
659468.2,5085334.215,-4.875,0.3399999999999999,5.15,0,-1.045,1.834999999999999,5.705
659468.2849999999,5085334.635,-4.875,0.3399999999999999,5.15,0,-1.11,2.2249999999999988,5.635
659468.3999999999,5085335.1,-5.435,0.1899999999999999,5.039999999999999,0,-0.2449999999999998,2.8199999999999985,5.65
659468.49,5085335.52,-3.725,0.0949999999999999,5.06,0,-0.3949999999999998,2.5799999999999987,5.455
659468.5449999999,5085335.895,-5.465000000000001,0.1699999999999999,5.05,0,-0.5199999999999998,2.3599999999999985,5.359999999999999
659468.6299999999,5085336.3100000005,-4.905,0.2299999999999999,4.945,0,-0.6699999999999999,2.2349999999999985,5.27
659468.75,5085336.775,-4.374999999999999,0.29,4.885,0,-0.8899999999999999,2.139999999999999,5.08
659468.835,5085337.245,-4.374999999999999,0.29,4.885,0,-0.8199999999999998,2.1449999999999987,5.025
659468.885,5085337.710000001,-4.865,-0.3399999999999999,4.324999999999999,0,-0.4349999999999999,2.1999999999999997,5.045
659468.97,5085338.125,0.5449999999999999,-0.965,4.31,0,-0.4099999999999999,2.149999999999999,5.01
659469.0900000001,5085338.5,-0.91,-0.61,4.44,0,-0.8699999999999999,2.249999999999999,5.254999999999999
659469.21,5085338.92,-2.0700000000000003,-0.355,4.6,0,-1.0999999999999996,2.424999999999999,5.444999999999999
659469.3300000001,5085339.385,-3.095,0.01,4.705,0,-1.215,2.129999999999999,5.225
659469.415,5085339.85,-3.385,0.17,5.015,0,-1.17,2.114999999999999,4.98
659469.465,5085340.315,-1.625,0.125,5.21,0,-1.0099999999999998,2.209999999999999,4.85
659469.55,5085340.734999999,-4.105,0.22,5.215,0,-0.9299999999999996,2.114999999999999,4.94
659469.6699999999,5085341.109999999,-4.045,0.05,5.164999999999999,0,-0.7749999999999998,2.404999999999999,5.194999999999999
659469.79,5085341.529999999,-4.045,0.05,5.164999999999999,0,-0.7849999999999998,2.379999999999999,5.219999999999999
659469.9099999999,5085341.995,-3.39,0.15,5.074999999999999,0,-0.9599999999999996,2.404999999999999,5.23
659470.0249999999,5085342.465,-3.2950000000000004,-0.0249999999999999,5.0,0,-0.8799999999999998,2.714999999999999,5.254999999999999
659470.1399999999,5085342.93,-3.16,-0.25,4.904999999999999,0,-0.7849999999999999,2.4849999999999985,5.125
659470.225,5085343.395,-3.56,-0.05,4.8,0,-0.8599999999999999,2.419999999999999,5.125
659470.28,5085343.859999999,-3.2700000000000005,-0.32,4.64,0,-0.9,2.449999999999999,4.989999999999999
659470.335,5085344.324999999,-4.04,-0.6100000000000001,4.494999999999999,0,-0.97,2.029999999999999,4.734999999999999
659470.385,5085344.789999999,-2.725,-0.535,4.414999999999999,0,-1.03,2.124999999999999,4.885
659470.47,5085345.205,-2.725,-0.535,4.414999999999999,0,-1.02,2.304999999999999,4.934999999999999
659470.5900000001,5085345.58,-2.185,-0.7550000000000001,4.395,0,-1.0550000000000002,2.009999999999999,4.654999999999999
659470.675,5085346.0,-2.185,-0.7550000000000001,4.395,0,-1.005,2.0349999999999997,4.609999999999999
659470.73,5085346.465,-4.46,-0.8200000000000001,4.289999999999999,0,-0.91,2.019999999999999,4.855
659470.785,5085346.93,-4.26,-0.6799999999999999,4.215,0,-0.775,1.924999999999999,4.945
659470.835,5085347.395,-2.55,-0.88,4.18,0,-0.8899999999999999,2.089999999999999,4.834999999999999
659470.9199999999,5085347.859999999,-2.55,-0.88,4.18,0,-1.2,1.8099999999999992,4.65
659471.04,5085348.324999999,-2.585,-1.11,3.885,0,-1.35,1.379999999999999,4.35
659471.125,5085348.789999999,-2.97,-1.205,3.74,0,-1.2799999999999998,1.2449999999999992,3.965
659471.175,5085349.255,-2.99,-1.33,3.86,0,-1.36,0.674999999999999,3.605
659471.32,5085349.955,-4.46,-1.14,3.83,0,-1.975,0.1349999999999991,3.725
659471.465,5085350.65,-3.875,-1.025,3.875,0,-2.015,0.5499999999999992,4.074999999999999
659471.515,5085351.115,-2.8600000000000003,-1.185,3.835,0,-1.895,0.9949999999999992,4.055
659471.6000000001,5085351.585,-3.335,-1.06,3.855,0,-2.2,0.7299999999999991,3.86
659471.775,5085352.425000001,-2.6,-1.15,3.995,0,-2.265,0.5749999999999992,3.84
659471.9450000001,5085353.26,-3.055,-1.075,4.02,0,-2.23,0.9199999999999992,4.0
659472.06,5085353.725,-4.705,-1.03,3.945,0,-2.245,1.0249999999999992,4.0
659472.145,5085354.19,-3.985,-0.775,3.895,0,-2.29,0.7599999999999991,3.955
659472.2,5085354.654999999,-3.985,-0.775,3.895,0,-2.095,0.794999999999999,3.905
659472.255,5085355.119999999,-2.16,-0.685,4.105,0,-2.1,0.8749999999999991,3.869999999999999
659472.3049999999,5085355.585,-2.16,-0.685,4.105,0,-2.31,0.7599999999999991,3.9099999999999993
659472.36,5085356.050000001,-2.785,-0.4649999999999999,4.19,0,-2.26,0.9249999999999992,3.869999999999999
659472.415,5085356.515000001,-3.375,-0.6799999999999999,4.025,0,-2.1,0.9299999999999992,3.84
659472.465,5085356.98,-5.24,-1.22,4.04,0,-1.755,0.8249999999999991,3.975
659472.515,5085357.445,-0.6100000000000001,0.105,4.300000000000001,0,-1.825,0.9499999999999992,3.98
659472.5700000001,5085357.91,-10.765,-0.445,4.135,0,-2.0699999999999994,0.9499999999999992,3.84
659472.625,5085358.369999999,-10.785,0.255,4.390000000000001,0,-1.895,1.064999999999999,3.8249999999999993
659472.71,5085358.835,-2.26,-0.27,4.494999999999999,0,-1.525,1.214999999999999,3.945
659472.825,5085359.305,-2.32,0.055,4.38,0,-1.4899999999999998,0.8499999999999992,3.964999999999999
659472.9099999999,5085359.77,-2.32,-0.145,4.5,0,-1.7399999999999998,0.8899999999999992,3.899999999999999
659472.965,5085360.234999999,-3.915,-0.355,4.529999999999999,0,-1.795,1.2999999999999994,4.099999999999999
659473.05,5085360.654999999,-3.915,-0.355,4.529999999999999,0,-1.6249999999999998,1.2899999999999991,4.159999999999998
659473.1699999999,5085361.025,-3.79,-0.3299999999999999,4.52,0,-1.5299999999999998,1.364999999999999,4.049999999999999
659473.255,5085361.49,-2.34,-0.51,4.495,0,-1.6849999999999996,1.3049999999999993,3.834999999999999
659473.3049999999,5085362.05,-3.395,-0.7150000000000001,4.41,0,-1.4999999999999998,0.9399999999999992,3.854999999999999
659473.3899999999,5085362.5600000005,-2.43,-0.665,4.4350000000000005,0,-1.835,0.8099999999999992,3.959999999999999
659473.505,5085363.025,-4.38,-0.37,4.44,0,-1.77,1.1899999999999993,4.009999999999999
659473.5900000001,5085363.49,-3.485,-0.01,4.445,0,-1.16,1.6649999999999991,4.079999999999999
659473.645,5085363.955,-3.845,-0.1649999999999999,4.4,0,0.09,1.5349999999999993,4.199999999999999
659473.72,5085364.655,2.41,-0.235,4.845,0,-0.125,1.4399999999999993,4.319999999999999
659473.8300000001,5085365.305,0.565,0.55,4.869999999999999,0,-1.355,1.739999999999999,4.399999999999999
659473.95,5085365.68,-0.555,0.245,4.93,0,-0.93,1.7149999999999994,4.459999999999999
659474.04,5085366.055,-2.24,0.1699999999999999,5.135,0,-1.0,1.6599999999999993,4.274999999999999
659474.1499999999,5085366.890000001,3.99,1.22,5.27,0,-1.02,1.8749999999999996,4.354999999999999
659474.255,5085367.725,0.8400000000000001,1.37,5.215,0,-0.875,2.01,4.544999999999999
659474.31,5085368.095000001,1.99,1.455,5.465,0,-1.1,1.6099999999999994,4.344999999999999
659474.365,5085368.515000001,2.77,1.35,5.17,0,-1.03,1.7049999999999996,4.469999999999999
659474.4199999999,5085368.98,-3.46,0.5,5.449999999999999,0,-0.775,2.17,4.774999999999999
659474.475,5085369.395,-5.415000000000001,-0.0499999999999999,5.574999999999999,0,-0.7849999999999999,2.04,4.739999999999998
659474.53,5085369.77,-3.96,-0.24,5.205,0,-0.5599999999999999,1.7249999999999996,4.824999999999999
659474.585,5085370.145,-3.655,0.03,5.22,0,-1.22,1.3299999999999996,4.709999999999999
659474.64,5085370.515000001,-3.785,0.035,5.234999999999999,0,-1.355,1.5049999999999994,4.674999999999999
659474.6950000001,5085370.9350000005,-3.485,0.025,5.3100000000000005,0,-0.6499999999999999,2.0849999999999995,5.114999999999998
659474.745,5085371.4,-2.045,0.975,5.975,0,-0.6799999999999999,2.5749999999999997,6.029999999999999
659474.8,5085371.815,-2.045,0.975,5.975,0,-0.5800000000000001,3.62,7.814999999999999
